pathway,pval,padj,log2err,ES,NES,size
1-alkyl-2-acetylglycerophosphocholine esterase complex,0.217699115,0.983649444,0.12210792,-0.444597393,-1.215229576,21
3-methyl-2-oxobutanoate dehydrogenase (lipoamide) complex,0.195505618,0.98228626,0.1482615,0.546375561,1.272104828,10
"3-methylcrotonyl-CoA carboxylase complex, mitochondrial",0.804387569,1,0.051530912,-0.359960877,-0.733646226,7
4-aminobutyrate transaminase complex,0.79787234,1,0.050498304,-0.276164931,-0.759924707,22
5-lipoxygenase complex,0.691588785,1,0.070450085,0.302844897,0.836983359,19
"6-phosphofructo-2-kinase/fructose-2,6-biphosphatase complex",0.570776256,1,0.079131665,0.351481715,0.905159602,14
6-phosphofructokinase complex,0.893617021,1,0.045315244,-0.262606241,-0.645037474,14
A band,0.336917563,1,0.094975153,-0.470022491,-1.115713258,12
ACF complex,0.323076923,1,0.110122264,0.520067831,1.129770694,8
AIM2 inflammasome complex,0.142857143,0.979495798,0.173747839,0.630027647,1.368642184,8
AP-1 adaptor complex,0.774881517,1,0.065532103,0.241531255,0.813532562,43
AP-type membrane coat adaptor complex,0.929078014,1,0.043537824,-0.236954969,-0.582030473,14
ARC complex,0.041629245,0.892889951,0.321775918,0.525915433,1.513139563,21
ASAP complex,0.79787234,1,0.050498304,-0.276212991,-0.760056955,22
ASTRA complex,0.364835165,1,0.102449406,0.50513386,1.097328844,8
ATG1/ULK1 kinase complex,0.412556054,1,0.096240602,0.389531353,1.02733333,15
ATP-sensitive potassium channel complex,0.465882353,1,0.091968614,0.347869761,0.981747247,20
ATPase complex,0.86252354,1,0.049690139,-0.348796299,-0.657493018,5
ATPase dependent transmembrane transport complex,0.86252354,1,0.049690139,-0.348796299,-0.657493018,5
ATPase inhibitor complex,0.689716312,1,0.057246114,-0.303306792,-0.834611128,22
Acetyltransferase complex,0.131826742,0.965763349,0.166933849,-0.724487744,-1.365684309,5
Acid phosphatase complex,0.966981132,1,0.05479395,0.195444352,0.67921565,50
Acidocalcisome,0.40647482,1,0.084555744,-0.458201988,-1.053675665,11
Acrosomal matrix,0.917117117,1,0.044864511,-0.265771814,-0.586554401,9
Acrosomal membrane,0.215722121,0.983649444,0.125033368,-0.641038983,-1.263304986,6
Acrosomal vesicle,0.888501742,1,0.044774889,-0.249520361,-0.667583606,19
Actin cap,0.998266898,1,0.039195634,-0.133457259,-0.362579009,20
Actin cortical patch,0.637647059,1,0.074927882,0.262601932,0.909764377,48
Actin cytoskeleton,0.237024221,0.992246459,0.114750719,-0.358110437,-1.182267579,50
Actin cytoskeleton-regulatory complex,0.942922374,1,0.054455595,0.225469979,0.580645614,14
Actin filament,0.237024221,0.992246459,0.114750719,-0.358110437,-1.182267579,50
Actin filament bundle,0.68457539,1,0.056529953,-0.288072866,-0.838255489,28
Actin filament bundle of actin-based cell projection,0.505307856,1,0.081751558,0.507406872,0.972293787,5
Actin rod,0.933572711,1,0.043887984,-0.257874084,-0.580315942,10
Activin A complex,0.033954606,0.772997822,0.321775918,0.399526079,1.451572679,61
Activin AB complex,0.098557692,0.933099032,0.222056046,0.417739137,1.35630155,38
Activin B complex,0.714539007,1,0.05559471,-0.330109534,-0.810845237,14
Activin complex,0.030885514,0.737708089,0.352487858,0.385788296,1.427243452,70
Activin receptor complex,0.915662651,1,0.042845051,-0.232214673,-0.656489702,24
Actomyosin,0.420138889,1,0.080858915,-0.356404059,-1.0290969,27
Actomyosin contractile ring,0.589788732,1,0.064358337,-0.301733516,-0.91604941,35
Adenylyltransferase complex,0.764595104,1,0.055249566,-0.398267118,-0.750747213,5
Adherens junction,0.002063156,0.62357438,0.431707696,-0.541350802,-1.69494347,39
Aggresome,0.691202873,1,0.057730855,-0.35992727,-0.809974888,10
Amino acid transport complex,0.004276524,0.62357438,0.407017919,0.748498145,1.800094625,11
Amphisome,0.901376147,1,0.056767239,0.222376237,0.712223872,32
Amyloplast,0.708480565,1,0.055826472,-0.275866416,-0.831728252,34
Anchored component of membrane,0.781196581,1,0.049790319,-0.249919022,-0.782484505,39
Anchored component of plasma membrane,0.252747253,0.99527727,0.12687573,0.563211909,1.223494843,8
Anchoring collagen complex,1,1,0.0408229,-0.151451347,-0.377875538,15
Anchoring junction,0.003525673,0.62357438,0.431707696,-0.533115837,-1.674146196,40
Annulate lamellae,0.538812785,1,0.082205492,0.370803284,0.940312219,13
Annuli extracellular matrix,0.886164623,1,0.045134422,-0.25852723,-0.670598215,17
Apical complex,0.997118156,1,0.062800398,0.164229052,0.7554161,327
Apical cytoplasm,0.789099526,1,0.064648457,0.258633154,0.794387306,29
Apical junction complex,0.781690141,1,0.051114795,-0.278127995,-0.773958393,23
Apical part of cell,0.324009324,1,0.113787262,0.285183802,1.081763035,79
Apical plasma membrane,0.137529138,0.968019098,0.183023938,0.3408314,1.237361325,62
Apical recycling endosome,0.401392111,1,0.099927697,0.386634211,1.042669635,17
Apicoplast,0.980496454,1,0.041071328,-0.19743857,-0.543292905,22
Apolipoprotein B mRNA editing enzyme complex,0.391705069,1,0.100990587,0.353453162,1.035221102,23
Apoplast,0.848341232,1,0.061169263,0.229277771,0.786663198,46
Apoptosome,0.361702128,1,0.090263548,-0.391533487,-1.077385057,22
Apoptotic body,0.650234742,1,0.073805272,0.257379859,0.901605099,51
Arbuscule,0.652278177,1,0.074738523,0.270244597,0.881770952,39
Arp2/3 protein complex,0.557586837,1,0.068956735,-0.445025986,-0.942225193,8
Aryl hydrocarbon receptor complex,0.723557692,1,0.069613344,0.256653807,0.833295051,38
Asi complex,0.073756432,0.933099032,0.216542837,-0.44126893,-1.418301115,44
Aster,0.574137931,1,0.064648457,-0.287907403,-0.918278652,43
Astral microtubule,0.291666667,1,0.120433372,0.33956496,1.113380789,37
Autophagosome,0.403587444,1,0.097544922,0.39251485,1.035201876,15
Autosome,0.606635071,1,0.077884011,0.264821988,0.908617139,46
Auxin efflux carrier complex,0.743267504,1,0.054343439,-0.345374321,-0.777225152,10
Axon,0.797909408,1,0.049690139,-0.229381517,-0.835888636,89
Axon collateral,0.029887297,0.737708089,0.352487858,0.537734119,1.562146066,22
Axon cytoplasm,0.838565022,1,0.05909548,0.296627535,0.713372017,11
Axon part,0.543529412,1,0.083363407,0.272167515,0.944519706,49
Axon terminus,0.445407279,1,0.077679856,-0.370886289,-1.007630335,20
Axonal growth cone,0.952919021,1,0.045134422,-0.278431732,-0.52485339,5
Axonemal central apparatus,0.630573248,1,0.070281284,0.442082144,0.847118449,5
Axonemal microtubule,0.682842288,1,0.056648418,-0.319686247,-0.842839596,18
Axonemal outer doublet,0.239488117,0.99527727,0.117765788,-0.585908986,-1.240507801,8
Axoneme,0.009242136,0.651754042,0.380730401,0.75862324,1.703602309,9
Azurophil granule,0.097122302,0.933099032,0.19189224,-0.617201391,-1.419308737,11
B cell receptor complex,0.722797927,1,0.073438141,0.216311325,0.902878507,143
B800-820 antenna complex,0.690140845,1,0.056886416,-0.301352703,-0.838586758,23
B800-850 antenna complex,0.795698925,1,0.051114795,-0.311513989,-0.739454587,12
B875 antenna complex,0.74204947,1,0.05367696,-0.274154868,-0.818249431,32
BAD-BCL-2 complex,0.175131349,0.98228626,0.13725078,-0.499920496,-1.296752347,17
BAK complex,0.967071057,1,0.040657934,-0.194853412,-0.634362791,48
BAT3 complex,0.951724138,1,0.041154402,-0.223949496,-0.656264686,29
BAX complex,0.773615635,1,0.048022042,-0.21530428,-0.8833393,193
BCL-2 complex,0.835654596,1,0.069779252,0.193609096,0.881544085,286
BLOC-3 complex,0.307129799,1,0.101713902,-0.548992225,-1.162346293,8
BMP receptor complex,0.913669065,1,0.058221624,0.21401308,0.698295248,39
BRCA1-B complex,0.860640301,1,0.049790319,-0.351657415,-0.66288632,5
BRCA1-BARD1 complex,0.887912088,1,0.055479331,0.305250806,0.608820619,6
BRCA1-C complex,0.504708098,1,0.075501529,-0.533890846,-1.006402603,5
BRISC complex,0.182815356,0.98228626,0.13725078,-0.638444078,-1.301230547,7
Bacterial nucleoid,0.083140878,0.933099032,0.237793834,0.411723804,1.378663322,41
Bam protein complex,0.04787234,0.933099032,0.276500599,-0.560467449,-1.542241659,22
Banded collagen fibril,0.549450549,1,0.079131665,0.463841425,0.925128512,6
Barr body,0.469214437,1,0.085784441,0.529626061,1.014870229,5
Basal cortex,0.985637343,1,0.041404427,-0.207544431,-0.467054851,10
Basal labyrinth,0.09009009,0.933099032,0.224966094,0.589705835,1.450630194,12
Basal lamina,0.776978417,1,0.052375908,-0.328353646,-0.75507801,11
Basal part of cell,0.568493151,1,0.079343496,0.359627508,0.911971806,13
Basal plasma membrane,0.751648352,1,0.063359701,0.345101679,0.749682522,8
Basement membrane,0.324705882,1,0.114266502,0.30909516,1.072671992,49
Basilar dendrite,0.16043956,0.979495798,0.163180127,0.650921653,1.359378678,7
Basolateral cytoplasm,0.597802198,1,0.074738523,0.405473604,0.880831629,8
Basolateral plasma membrane,0.755294118,1,0.066436414,0.242829816,0.841265387,48
Bcl-2 family protein complex,0.977099237,1,0.034268826,-0.178049294,-0.780339763,327
Bicellular tight junction,0.543554007,1,0.067833826,-0.344285579,-0.921124863,19
Biofilm matrix,0.61097852,1,0.077884011,0.26870046,0.909390579,44
Biofilm matrix component,0.443645084,1,0.095920678,0.307345515,1.002826146,39
Blood microparticle,0.443645084,1,0.095920678,0.257137505,1.000915092,93
Bounding membrane of organelle,0.194029851,0.98228626,0.118287526,-0.245152868,-1.10538264,455
Brahma complex,0.415929204,1,0.082434409,-0.378787182,-1.035348822,21
Brush border,0.829493088,1,0.060903935,0.235894982,0.769637969,35
Brush border membrane,0.947488584,1,0.054231594,0.22309524,0.565742508,13
Bunina body,0.555294118,1,0.082205492,0.327500954,0.924263032,20
C-fiber,0.161290323,0.979495798,0.166933849,0.435913884,1.276738474,23
CAF-1 complex,0.933560477,1,0.04148804,-0.226411341,-0.649904608,25
CBF3 complex,0.201096892,0.98228626,0.130105631,-0.631787451,-1.28766349,7
CBM complex,0.662045061,1,0.058098358,-0.265871788,-0.865569497,48
CGRP receptor complex,0.213186813,0.983649444,0.139599673,0.646107829,1.288657593,6
CHRAC,0.579439252,1,0.079556468,0.328660941,0.908332089,19
CIA complex,0.597647059,1,0.078295525,0.318609519,0.8991699,20
CKM complex,0.914691943,1,0.057609111,0.210471341,0.70891566,43
CMG complex,0.605022831,1,0.076083716,0.344184694,0.886367818,14
COMA complex,0.923743501,1,0.042759143,-0.232539984,-0.631768683,20
COP9 signalosome,0.279279279,1,0.106729884,-0.539147393,-1.189890195,9
COPI vesicle coat,0.917117117,1,0.044864511,-0.26648718,-0.588133201,9
COPI-coated vesicle,0.553763441,1,0.068311086,-0.385008994,-0.913912945,12
COPI-coated vesicle membrane,0.626570916,1,0.062386149,-0.382863937,-0.861591216,10
CORVET complex,0.287769784,1,0.104732822,-0.463147634,-1.155566886,15
CSF1-CSF1R complex,0.416819013,1,0.084074558,-0.515232493,-1.050109604,7
CST complex,0.887871854,1,0.057366743,0.240341374,0.691499087,21
CTDK-1 complex,0.660176991,1,0.059221919,-0.310862055,-0.849687312,21
CVT complex,0.273972603,1,0.123842171,0.458490926,1.180736994,14
CVT vesicle,0.373626374,1,0.100990587,0.563430285,1.123757803,6
Calcineurin complex,0.418563923,1,0.081526514,-0.34536946,-1.037375172,33
Calcitonin family receptor complex,0.013660251,0.651754042,0.380730401,0.755289583,1.640755273,8
Calcium channel complex,0.348920863,1,0.093145458,-0.48770322,-1.121516335,11
Calprotectin complex,0.225255973,0.983649444,0.117249717,-0.378215428,-1.183547972,38
Calyx of Held,0.940639269,1,0.054568065,0.225767244,0.581411151,14
Carboxysome,0.788764045,1,0.062112419,0.315332745,0.734176885,10
Cardiac Troponin complex,0.712765957,1,0.055710423,-0.29860715,-0.821679096,22
Cardiac myofibril,0.141552511,0.979495798,0.178219875,0.52708909,1.336634095,13
Caspase complex,0.907251265,1,0.042331839,-0.20811768,-0.774241038,96
Catalytic complex,0.029778852,0.737708089,0.352487858,-0.327050814,-1.33208457,170
Catalytic step 2 spliceosome,0.424460432,1,0.082205492,-0.410192733,-1.02344286,15
Cation channel complex,0.240901213,0.99527727,0.113787262,-0.453895118,-1.196675748,18
Caveola,0.99086758,1,0.052163031,0.16895782,0.490831406,22
Cdc42 GTPase complex,0.87079646,1,0.046415496,-0.251565851,-0.687611461,21
Cell body,0.998290598,1,0.03855791,-0.167200117,-0.632503591,106
Cell cortex,0.190140845,0.98228626,0.154190967,0.307066837,1.161749373,80
Cell cortex part,0.22985782,0.983649444,0.139599673,0.348747582,1.174661695,43
Cell division site,0.555294118,1,0.082205492,0.327974618,0.925599792,20
Cell division site part,0.560747664,1,0.081302735,0.334241007,0.923753919,19
Cell junction,0.053263884,0.933099032,0.321775918,-0.382166009,-1.360741782,79
Cell leading edge,0.756933116,1,0.049093967,-0.223845935,-0.871849955,125
Cell outer membrane,0.770318021,1,0.051951248,-0.263301048,-0.785854849,32
Cell periphery,0.119565217,0.946774575,0.158514105,-0.270928283,-1.172014688,289
Cell plate,0.826548673,1,0.04879897,-0.264615738,-0.723281054,21
Cell pole,0.982668977,1,0.039921862,-0.191022442,-0.5189731,20
Cell projection,1,1,0.032433069,-0.145302594,-0.649328456,412
Cell projection cytoplasm,0.735426009,1,0.06538342,0.297592852,0.784858659,15
Cell projection membrane,0.996569468,1,0.038796221,-0.15048535,-0.530078913,70
Cell projection part,0.997389034,1,0.058098358,0.164402328,0.711150617,195
Cell septum,0.698823529,1,0.070281284,0.300270469,0.822147175,18
Cell surface,0.921383648,1,0.038399581,-0.193850233,-0.816415493,245
Cell surface furrow,0.719626168,1,0.06847149,0.292716391,0.808990841,19
Cell trailing edge,0.530164534,1,0.071478629,-0.459662498,-0.973214149,8
Cell wall,0.315955766,1,0.091392433,-0.250474142,-1.046684298,227
Cell wall part,0.962085308,1,0.055249566,0.210210741,0.645658695,29
Cell wall-bounded periplasmic space,0.163481953,0.979495798,0.158514105,0.698591149,1.338641377,5
Cellular bud,0.876404494,1,0.057125851,0.283763278,0.66067493,10
Cellular bud neck,0.861538462,1,0.056886416,0.297543221,0.646368784,8
Cellular bud neck septin ring,0.861538462,1,0.056886416,0.297543221,0.646368784,8
Cellular bud neck septin structure,0.861538462,1,0.056886416,0.297543221,0.646368784,8
Cellulose microfibril,0.464991023,1,0.077274697,-0.450009353,-1.012694246,10
Cellulose synthase complex,0.089686099,0.933099032,0.224966094,0.608956393,1.464504804,11
Cellulosome,0.077338129,0.933099032,0.216542837,-0.580650546,-1.448740086,15
Central cylinder,0.487912088,1,0.085535695,0.497432088,0.992124856,6
Central vacuole,0.456110155,1,0.076083716,-0.358661138,-1.013964106,24
Centralspindlin complex,0.689716312,1,0.057246114,-0.337742071,-0.829592973,14
Centriolar satellite,0.203389831,0.98228626,0.131457612,-0.677140741,-1.276433581,5
Centriole,0.605309735,1,0.063359701,-0.323788405,-0.885019238,21
Centrosome,0.807291667,1,0.048995409,-0.239531525,-0.792853385,51
Cerebellar mossy fiber,0.464968153,1,0.086286563,0.53363241,1.0225472,5
Chaperonin ATPase complex,0.72972973,1,0.055364284,-0.358171053,-0.790478131,9
Checkpoint clamp complex,0.36,1,0.107554375,0.345291241,1.056380276,28
Chiasma,0.157534247,0.979495798,0.168238166,0.447301655,1.299434975,22
Chloride channel complex,0.387568556,1,0.088094501,-0.524914397,-1.069842561,7
Chloroplast,0.983870968,1,0.036531493,-0.180870707,-0.726332438,157
Chloroplast ATP synthase complex,0.954296161,1,0.043712583,-0.259096638,-0.548568818,8
Chloroplast envelope,0.619277108,1,0.077679856,0.259454453,0.921599907,57
Chloroplast inner membrane,0.681603774,1,0.071652737,0.252949061,0.879058205,50
Chloroplast membrane,0.873508353,1,0.060118614,0.218484665,0.783831735,58
Chloroplast outer membrane,0.30228471,1,0.100279107,-0.354684679,-1.111579941,41
Chloroplast part,0.745238095,1,0.06767604,0.230892057,0.86623594,73
Chloroplast ribosome,0.134582624,0.965763349,0.156312403,-0.457766457,-1.314000122,25
Chloroplast stroma,0.305172414,1,0.09854998,-0.349050923,-1.113295483,43
Chloroplast thylakoid,0.364273205,1,0.089164712,-0.412129903,-1.069030821,17
Chloroplast thylakoid lumen,0.242937853,0.99527727,0.118815039,-0.652185805,-1.22939267,5
Chloroplast thylakoid membrane,0.525089606,1,0.070960946,-0.395915289,-0.939801702,12
Chloroplast thylakoid membrane protein complex,0.525089606,1,0.070960946,-0.395915289,-0.939801702,12
Cholinergic synapse,0.701906412,1,0.055364284,-0.313171691,-0.82566424,18
Chorion,0.691768827,1,0.056529953,-0.281335612,-0.845038755,33
Chromaffin granule membrane,0.117850953,0.946774575,0.169570644,-0.517166797,-1.363488917,18
Chromatin,0.117039587,0.946774575,0.169570644,-0.466647448,-1.319250154,24
Chromoplast,0.712296984,1,0.068632563,0.304264433,0.811119278,16
Chromosomal part,0.253546099,0.99527727,0.111918316,-0.328522268,-1.133224883,65
Chromosomal region,0.731578947,1,0.054008827,-0.26772155,-0.826784256,37
Chromosome,0.367595819,1,0.088359444,-0.295864414,-1.054779112,77
Chromosome passenger complex,0.176882662,0.98228626,0.136490438,-0.502526327,-1.284358015,16
Chylomicron,0.795698925,1,0.051114795,-0.311545194,-0.739528661,12
Chylomicron remnant,0.852459016,1,0.060378636,0.239373349,0.747190088,30
Ciliary basal body,0.87027027,1,0.047258734,-0.294504624,-0.64996728,9
Ciliary base,0.659963437,1,0.060771945,-0.431883145,-0.851118489,6
Ciliary membrane,0.876681614,1,0.057005953,0.283440379,0.681657672,11
Ciliary part,0.258293839,1,0.130777138,0.331118015,1.136082037,46
Ciliary plasm,0.009242136,0.651754042,0.380730401,0.75862324,1.703602309,9
Ciliary pocket,0.736238532,1,0.066436414,0.2565624,0.821714894,32
Ciliary pocket collar,0.205673759,0.983649444,0.126253988,-0.515121032,-1.247617101,13
Ciliary pocket membrane,0.630769231,1,0.072003314,0.411422756,0.859211427,7
Ciliary shaft,0.557438795,1,0.070450085,-0.497829993,-0.938426655,5
Cilium,0.638297872,1,0.075118164,0.246583111,0.906414095,66
Clathrin adaptor complex,0.93258427,1,0.054231594,0.25472518,0.593066663,10
Clathrin coat,0.965197216,1,0.054120057,0.206713192,0.557461193,17
Clathrin coat of coated pit,0.939670932,1,0.044418115,-0.268836592,-0.569190605,8
Clathrin coat of trans-Golgi network vesicle,0.808917197,1,0.058221624,0.361027765,0.691801929,5
Clathrin complex,0.933161954,1,0.060509299,0.190088214,0.802372933,152
Clathrin vesicle coat,0.513513514,1,0.072357085,-0.434252589,-0.958388938,9
Cleavage apparatus septin structure,0.861538462,1,0.056886416,0.297543221,0.646368784,8
Cleavage furrow,0.719626168,1,0.06847149,0.292716391,0.808990841,19
Climbing fiber,0.316901408,1,0.115734448,0.363084605,1.093223284,27
Cluster of actin-based cell projections,0.997647059,1,0.053238649,0.167344274,0.561756975,42
Coated membrane,0.938380282,1,0.042759143,-0.223050401,-0.677171005,35
Coated vesicle,0.975945017,1,0.039840695,-0.190901355,-0.695407396,86
Coated vesicle membrane,0.622222222,1,0.060378636,-0.273317442,-0.887971117,47
Collagen and cuticulin-based cuticle extracellular matrix,0.878682842,1,0.045044277,-0.258106209,-0.680486368,18
Collagen and cuticulin-based cuticle extracellular matrix part,0.878682842,1,0.045044277,-0.258106209,-0.680486368,18
Collagen beaded filament,0.268630849,1,0.106729884,-0.438581107,-1.156300991,18
Collagen sheet,0.463736264,1,0.088359444,0.485889814,1.014727732,7
Collagen trimer,0.013698318,0.651754042,0.380730401,0.488218226,1.60079177,37
Compact myelin,0.608286252,1,0.06613262,-0.473961487,-0.893433702,5
Complement component C1 complex,0.174061433,0.98228626,0.135740944,-0.398916233,-1.248326913,38
Complex laminated body,0.228110599,0.983649444,0.138022242,0.405218747,1.186836171,23
Complex of collagen trimers,0.118721461,0.946774575,0.195789002,0.54883162,1.391770517,13
Condensed chromosome kinetochore,0.517921147,1,0.071652737,-0.398098816,-0.944984837,12
"Condensed chromosome, centromeric region",0.517921147,1,0.071652737,-0.398098816,-0.944984837,12
Condensed nuclear chromosome outer kinetochore,0.443956044,1,0.090824142,0.475697061,1.033381736,8
Cone cell pedicle,0.894854586,1,0.055942859,0.270631068,0.607742669,9
Conoid,0.223423423,0.983649444,0.121543282,-0.565268482,-1.247539046,9
Contact site,0.681927711,1,0.072714108,0.251415602,0.893045359,57
Contractile actin filament bundle,0.338028169,1,0.093746542,-0.394855233,-1.098780154,23
Contractile fiber,0.217314488,0.983649444,0.12210792,-0.343555256,-1.183199204,63
Contractile fiber part,0.089830508,0.933099032,0.193813303,-0.391553241,-1.339185824,59
Contractile ring,0.554964539,1,0.06767604,-0.376387337,-0.924517009,14
Contractile vacuolar membrane,0.73308958,1,0.055826472,-0.363928136,-0.770521877,8
Contractile vacuole,0.295336788,1,0.100633389,-0.389494845,-1.118423003,26
Copper ion transmembrane transporter complex,0.994800693,1,0.039356196,-0.174215477,-0.459311915,18
Cornified envelope,0.433272395,1,0.08197788,-0.487440053,-1.032025798,8
Cortical Lewy body,0.904936015,1,0.046137916,-0.286554815,-0.60670427,8
Cortical actin cytoskeleton,0.963386728,1,0.053566938,0.211682811,0.609043994,21
Cortical cytoskeleton,0.995391705,1,0.052375908,0.153673909,0.501381055,35
Cortical endoplasmic reticulum,0.511187608,1,0.070281284,-0.342656519,-0.968717751,24
Cortical granule,0.336823735,1,0.093444922,-0.367842691,-1.094560381,31
Cortical layer of collagen and cuticulin-based cuticle extracellular matrix,0.878682842,1,0.045044277,-0.258106209,-0.680486368,18
Cortical microtubule,0.018833086,0.684486699,0.352487858,0.588045512,1.6595638,20
Cortical microtubule cytoskeleton,0.026929353,0.715088587,0.352487858,0.508604127,1.556017949,28
Costamere,0.619686801,1,0.073805272,0.390787788,0.877572612,9
Creatine kinase complex,0.759515571,1,0.051635596,-0.23609967,-0.837887411,74
Crystalloid,0.354609929,1,0.091392433,-0.44095657,-1.083117866,14
Curli,0.395833333,1,0.100633389,0.316538608,1.037880956,37
Cus cation efflux complex,0.984238179,1,0.04032954,-0.183013941,-0.474722999,17
Cuticular plate,0.717647059,1,0.068956735,0.292761965,0.826223736,20
Cyanelle,0.64893617,1,0.060118614,-0.347736725,-0.842214273,13
Cyclin D3-CDK4 complex,0.79472693,1,0.053457214,-0.385437149,-0.726562279,5
Cyst wall,0.673860911,1,0.07307444,0.265921422,0.867665027,39
Cytochrome b6f complex,0.55393053,1,0.069283647,-0.458016977,-0.933497077,7
Cytochrome complex,0.564748201,1,0.067518895,-0.40302118,-0.926782556,11
Cytolytic granule,0.828638498,1,0.061840604,0.257279209,0.774650364,27
Cytoneme,0.634703196,1,0.073621274,0.338300711,0.857889631,13
Cytoplasmic chromatin,0.292993631,1,0.114266502,0.629166843,1.20561042,5
Cytoplasmic chromosome,0.376590331,1,0.109684062,0.255148382,1.037749415,120
Cytoplasmic dynein complex,0.146892655,0.979495798,0.157402899,-0.715730445,-1.349176501,5
Cytoplasmic mRNA processing body,0.817757009,1,0.062249043,0.263293079,0.727672572,19
Cytoplasmic membrane-bounded vesicle lumen,0.35915493,1,0.107554375,0.278473704,1.053570795,80
Cytoplasmic microtubule,0.78994614,1,0.051530912,-0.328349918,-0.738913691,10
Cytoplasmic region,0.282238443,1,0.126253988,0.281071625,1.094331728,94
Cytoplasmic ribonucleoprotein granule,0.638596491,1,0.060378636,-0.286180843,-0.883790698,37
Cytoplasmic side of membrane,0.951048951,1,0.055021112,0.200965245,0.729588361,62
Cytoplasmic side of plasma membrane,0.839622642,1,0.061436411,0.227112416,0.804762575,55
Cytoplasmic stress granule,0.610603291,1,0.064503125,-0.413849269,-0.876216714,8
Cytoplasmic vesicle,0.856927711,1,0.039759648,-0.195863931,-0.88182144,451
Cytoplasmic vesicle membrane,0.033925596,0.772997822,0.321775918,-0.332722944,-1.32190791,143
Cytoplasmic vesicle part,0.467614534,1,0.070450085,-0.239038895,-0.997951391,225
Cytoproct,0.572504708,1,0.069119846,-0.491946245,-0.927335588,5
Cytoskeletal part,0.257234727,1,0.104732822,-0.272049347,-1.102361966,165
Cytoskeleton,0.212560386,0.983649444,0.117249717,-0.268268743,-1.1117576,208
Cytoskeleton of presynaptic active zone,0.991166078,1,0.040411448,-0.181041669,-0.540341464,32
Cytosolic aryl hydrocarbon receptor complex,0.187387387,0.98228626,0.134273453,-0.583776976,-1.288387014,9
Cytosolic large ribosomal subunit,0.015321323,0.651754042,0.380730401,-0.560881481,-1.585657405,24
Cytosolic part,0.015508168,0.651754042,0.380730401,-0.406984497,-1.45093065,77
Cytosolic proteasome complex,0.131627057,0.965763349,0.164405756,-0.642277321,-1.359852889,8
Cytosolic ribosome,0.009176194,0.651754042,0.380730401,-0.493096801,-1.572728805,43
Cytosolic small ribosomal subunit,0.791593695,1,0.050294806,-0.295545834,-0.755356765,16
Cytostome,0.174496644,0.98228626,0.157402899,0.582624652,1.308371074,9
DASH complex,0.443956044,1,0.090824142,0.475697061,1.033381736,8
DNA bending complex,0.042285111,0.892889951,0.321775918,0.444680253,1.44377307,38
DNA ligase IV complex,0.469835466,1,0.077679856,-0.493908275,-1.006648125,7
DNA polymerase III complex,0.431460674,1,0.093746542,0.443007578,1.031437199,10
DNA polymerase processivity factor complex,0.855263158,1,0.065831196,0.20053576,0.855371503,177
DNA recombinase complex,0.495429616,1,0.074927882,-0.47043433,-0.996020663,8
DNA replication preinitiation complex,0.311151079,1,0.099927697,-0.453842574,-1.132350488,15
DNA replication termination region,0.998207885,1,0.040740353,-0.164618656,-0.390762614,12
DNA-dependent protein kinase complex,0.263529412,1,0.128788713,0.407929456,1.151245856,20
DPS complex,0.00181378,0.62357438,0.455059867,-0.664789521,-1.778622732,19
DRM complex,0.766743649,1,0.064794337,0.245132695,0.820830499,41
DSIF complex,0.212314225,0.983649444,0.13725078,0.668292041,1.280582182,5
Dbf4-dependent protein kinase complex,0.818996416,1,0.049790319,-0.304471002,-0.722736338,12
Delta1 complex,0.996539792,1,0.039195634,-0.160676673,-0.549356937,60
Dendrite,0.916267943,1,0.057975476,0.205208799,0.786274086,87
Dendritic branch,0.940972222,1,0.041992622,-0.219334858,-0.633317205,27
Dendritic branch point,0.508474576,1,0.075118164,-0.528768634,-0.996747058,5
Dendritic filopodium,0.993067591,1,0.039436651,-0.182719643,-0.531690979,28
Dendritic growth cone,0.958568738,1,0.044864511,-0.270697658,-0.510274394,5
Dendritic knob,0.666666667,1,0.067518895,0.42707657,0.818364744,5
Dendritic lamellar body,0.946987952,1,0.056767239,0.21695399,0.642950901,25
Dendritic microtubule,0.122302158,0.952409639,0.169570644,-0.602442711,-1.385369859,11
Dendritic shaft,0.188764045,0.98228626,0.151148761,0.550553701,1.281832628,10
Dendritic spine,0.720070423,1,0.05490737,-0.294190041,-0.818654919,23
Dendritic spine neck,0.36443662,1,0.089436683,-0.307310943,-1.047785493,61
Dendritic tree,0.495305164,1,0.088359444,0.323368572,0.973640983,27
Dense fibrillar component,0.712328767,1,0.067833826,0.306543329,0.789431217,14
Dentate gyrus mossy fiber,0.888127854,1,0.057246114,0.252788356,0.650997755,14
Desmosome,0.66427289,1,0.059603704,-0.365826213,-0.823249779,10
Diamine N-acetyltransferase complex,0.685557587,1,0.058969447,-0.421407925,-0.830474818,6
Dinoflagellate cingulum,0.754716981,1,0.06658921,0.242226771,0.841795696,50
Dinoflagellate epicone,0.509433962,1,0.087051587,0.272497226,0.965581596,55
Dinoflagellate sulcus,0.892655367,1,0.048118399,-0.323838949,-0.610447555,5
Discoidal high-density lipoprotein particle,0.914489311,1,0.057730855,0.223911592,0.659618715,24
DnaB helicase complex,0.736730361,1,0.062661823,0.395173526,0.757232086,5
Dom34-Hbs1 complex,0.337099812,1,0.097877328,-0.600702358,-1.132344601,5
Dosage compensation complex,0.859340659,1,0.057005953,0.319267608,0.636777035,6
Dsl1p complex,0.657718121,1,0.070789909,0.374526909,0.841056369,9
Dynactin complex,0.21978022,0.983649444,0.13725078,0.604403848,1.262231329,7
Dynein complex,0.161870504,0.979495798,0.145516146,-0.575806688,-1.324117988,11
Dystrobrevin complex,0.962352941,1,0.05490737,0.198533543,0.543589225,18
EFF-1 complex,0.949450549,1,0.052375908,0.245982517,0.534360755,8
EGO complex,0.826923077,1,0.063079041,0.240349741,0.780359552,38
EMILIN complex,0.797169811,1,0.063927193,0.234079297,0.829449403,55
ER membrane insertion complex,0.731958763,1,0.053021251,-0.254318906,-0.821756066,45
ER to Golgi transport vesicle,0.775862069,1,0.050498304,-0.265502668,-0.778032675,29
ER to Golgi transport vesicle membrane,0.417677643,1,0.081080206,-0.390666719,-1.029976684,18
ERMES complex,0.410071942,1,0.084074558,-0.455304894,-1.047013543,11
ESCRT II complex,0.82300885,1,0.048995409,-0.266967998,-0.729710548,21
ESCRT complex,0.224862888,0.983649444,0.12210792,-0.611927099,-1.247185557,7
ESCRT-0 complex,0.372212693,1,0.086794976,-0.334152333,-1.04934016,40
Early endosome,0.841849148,1,0.062800398,0.21242851,0.829297279,95
Early endosome membrane,0.954782609,1,0.041404427,-0.213924435,-0.630929973,30
Ectoplasm,0.302120141,1,0.100633389,-0.368594305,-1.111299817,34
Efflux pump complex,0.144804089,0.979495798,0.150169802,-0.376409343,-1.277592378,57
Egg coat,0.941696113,1,0.042759143,-0.219072831,-0.660497446,34
Eisosome,0.198198198,0.98228626,0.130105631,-0.57478616,-1.268544417,9
Elastic fiber,0.936619718,1,0.056059588,0.198445728,0.750892363,78
Electron transfer flavoprotein complex,0.973913043,1,0.040493483,-0.205007359,-0.60463073,30
EmrE multidrug transporter complex,0.981167608,1,0.043800203,-0.252231066,-0.475464233,5
Endocytic patch,0.908235294,1,0.057609111,0.214069617,0.741627871,48
Endocytic vesicle,0.622673435,1,0.059860312,-0.246427928,-0.913879215,95
Endocytic vesicle lumen,0.411347518,1,0.083129129,-0.428075962,-1.036794964,13
Endocytic vesicle membrane,0.477508651,1,0.073990144,-0.296286331,-0.978161166,50
Endolysosome,0.995525727,1,0.051011413,0.20488604,0.460102345,9
Endolysosome membrane,0.906764168,1,0.046045768,-0.300395238,-0.591993329,6
Endomembrane system,0.188888889,0.98228626,0.169570644,0.243478813,1.107654053,273
Endoplasmic reticulum,0.743648961,1,0.066284219,0.233534576,0.857664394,64
Endoplasmic reticulum chaperone complex,0.663736264,1,0.069448144,0.397035214,0.829164618,7
Endoplasmic reticulum exit site,0.859232176,1,0.048505984,-0.311699457,-0.659941421,8
Endoplasmic reticulum lumen,0.799065421,1,0.063359701,0.220399273,0.849782239,89
Endoplasmic reticulum membrane,0.610248447,1,0.056767239,-0.224575275,-0.944893006,234
Endoplasmic reticulum part,0.504297994,1,0.098890301,0.214085333,0.981086646,316
Endoplasmic reticulum subcompartment,0.05734767,0.933099032,0.252961123,-0.648974535,-1.540499671,12
Endoplasmic reticulum tubular network,0.151351351,0.979495798,0.151148761,-0.599911765,-1.323996251,9
Endoplasmic reticulum-Golgi intermediate compartment,0.223198594,0.983649444,0.119887845,-0.38117076,-1.194587182,41
Endoplasmic reticulum-Golgi intermediate compartment membrane,0.534513274,1,0.069448144,-0.341057059,-0.932220098,21
Endosomal part,0.798969072,1,0.068151344,0.212399656,0.870127049,128
Endosomal scaffold complex,0.80941704,1,0.060771945,0.276641786,0.729603214,15
Endosome,0.890756303,1,0.066896628,0.192684378,0.85421996,232
Endosome lumen,0.418018018,1,0.083129129,-0.478082489,-1.055120869,9
Endosome membrane,0.730279898,1,0.072003314,0.218937338,0.889627938,121
Endothelial microparticle,0.765017668,1,0.052269332,-0.265322554,-0.791888289,32
Enhanceosome,0.283105023,1,0.121543282,0.450725604,1.16073921,14
Ensheathing process,0.101123596,0.933099032,0.211400189,0.609471843,1.41900943,10
Epididymosome,0.174460432,0.98228626,0.139599673,-0.569724528,-1.310131527,11
Epsilon DNA polymerase complex,0.657706093,1,0.05998925,-0.358121746,-0.85008949,12
Etioplast,0.069892473,0.933099032,0.227987203,-0.625080301,-1.483780866,12
Eukaryotic 43S preinitiation complex,0.34470377,1,0.093746542,-0.495463269,-1.114983052,10
Eukaryotic 48S preinitiation complex,0.687640449,1,0.06879431,0.35206726,0.819704417,10
Eukaryotic translation elongation factor 1 complex,0.210992908,0.983649444,0.124434169,-0.510731766,-1.236986351,13
Eukaryotic translation initiation factor 2 complex,0.110915493,0.946774575,0.176694269,-0.382610057,-1.304519989,61
Eukaryotic translation initiation factor 2B complex,0.838709677,1,0.060378636,0.23199582,0.756916447,35
Eukaryotic translation initiation factor 3 complex,0.778026906,1,0.062661823,0.317411192,0.763355506,11
"Eukaryotic translation initiation factor 3 complex, eIF3m",0.532956685,1,0.072714108,-0.519678469,-0.979611785,5
Eukaryotic translation initiation factor 4F complex,0.912087912,1,0.054231594,0.278822593,0.582290489,7
Excitatory synapse,0.01620078,0.651754042,0.352487858,0.469723848,1.576813124,42
Exine,0.851598174,1,0.059221919,0.270570657,0.686134418,13
Exocytic vesicle,0.570698467,1,0.064358337,-0.321079483,-0.921645686,25
External encapsulating structure part,0.712941176,1,0.069283647,0.248898177,0.86228876,48
External side of plasma membrane,0.401408451,1,0.100633389,0.271366567,1.026681822,80
Extracellular core region of desmosome,0.614259598,1,0.064214088,-0.434478118,-0.885521877,7
Extracellular exosome complex,0.76142132,1,0.050498304,-0.22789429,-0.869898158,115
Extracellular ferritin complex,0.176470588,0.98228626,0.160801401,0.367040446,1.232115837,42
Extracellular matrix,0.942307692,1,0.063219117,0.184044247,0.820663859,238
Extracellular matrix component,0.304556355,1,0.119887845,0.295805619,1.090614089,69
Extracellular non-membrane-bounded organelle,0.563258232,1,0.065831196,-0.34666504,-0.913968071,18
Extrachromosomal DNA,0.299539171,1,0.118287526,0.381636564,1.117766841,23
Extrachromosomal circular DNA,0.009406822,0.651754042,0.380730401,0.811578542,1.618687786,6
Extrinsic component of cytoplasmic side of plasma membrane,0.055652174,0.933099032,0.252961123,-0.504681599,-1.488463656,30
Extrinsic component of external side of plasma membrane,0.549893843,1,0.077274697,0.484004199,0.927449551,5
Extrinsic component of membrane,0.867241379,1,0.045405923,-0.217214409,-0.781551876,81
Extrinsic component of organelle membrane,0.824497258,1,0.050396432,-0.349210008,-0.688193317,6
Extrinsic component of plasma membrane,0.427586207,1,0.079556468,-0.309609966,-1.002489529,46
Eyespot apparatus,0.710992908,1,0.055826472,-0.299888228,-0.825204246,22
F-actin capping protein complex,0.73857404,1,0.055479331,-0.383376324,-0.781369896,7
FACT complex,0.316384181,1,0.101713902,-0.609243365,-1.148444693,5
FAR/SIN/STRIPAK complex,0.728695652,1,0.053787281,-0.276229651,-0.814687513,30
FHF complex,0.873873874,1,0.057366743,0.276634038,0.68049808,12
Fatty acid beta-oxidation multienzyme complex,0.859857482,1,0.060640401,0.24568411,0.723758138,24
Fatty acid elongase complex,0.468131868,1,0.087831263,0.48282686,1.008331087,7
Fatty acid synthase complex,0.5625,1,0.087051587,0.225369965,0.956449139,164
Fc receptor complex,0.765957447,1,0.065981614,0.232845445,0.855915853,66
Fc-epsilon receptor I complex,0.971631206,1,0.04148804,-0.207492501,-0.570958368,22
Fc-gamma receptor I complex,0.622183709,1,0.061036373,-0.321462485,-0.873354884,20
Fc-gamma receptor III complex,0.771276596,1,0.052057003,-0.312111334,-0.766636411,14
Female germ cell nucleus,0.099056604,0.933099032,0.219250347,0.373183113,1.296900161,50
Ferritin complex,0.653465347,1,0.076279718,0.234817106,0.917909817,98
Fertilization envelope,0.887387387,1,0.056648418,0.269072515,0.661897326,12
Fibril,0.720292505,1,0.056648418,-0.393773409,-0.802560484,7
Fibrillar collagen trimer,0.586813187,1,0.075694631,0.428180912,0.894209003,7
Fibrillary inclusion,0.290676417,1,0.105125132,-0.583058709,-1.188348092,7
Fibrinogen complex,0.057142857,0.933099032,0.28201335,0.742901309,1.55146813,7
Filamentous actin,0.887912088,1,0.055479331,0.302502213,0.60333857,6
Filopodium,0.823665893,1,0.061570676,0.243458737,0.780682956,33
Filopodium membrane,0.540659341,1,0.07998588,0.450182006,0.940155881,7
Filtration diaphragm,0.465160075,1,0.079770592,-0.546666667,-1.030485465,5
Flotillin complex,0.883227176,1,0.054120057,0.324828337,0.622436533,5
Focal adhesion,0.002252144,0.62357438,0.431707696,-0.538754462,-1.686814454,39
Food vacuole,0.784853701,1,0.049890736,-0.268956046,-0.760360539,24
Formate dehydrogenase complex,0.187719298,0.98228626,0.132147261,-0.399176227,-1.232745815,37
Fumarate reductase complex,0.337899543,1,0.109684062,0.433952644,1.117544344,14
Fusome,0.857142857,1,0.057125851,0.298164966,0.647719432,8
G-protein coupled receptor complex,0.162352941,0.979495798,0.168238166,0.303950001,1.173046396,90
GABA-ergic synapse,0.171232877,0.98228626,0.160801401,0.438053171,1.272567638,22
GAIT complex,1,1,0.054455595,0.164986431,0.655782583,104
GARP complex,0.870855148,1,0.045770446,-0.244876618,-0.72865997,31
GCH1 complex,0.959507042,1,0.041739703,-0.210675996,-0.643695021,36
GET complex,0.938738739,1,0.043800203,-0.250437177,-0.552711087,9
GID complex,0.655913978,1,0.060118614,-0.359108296,-0.852431308,12
GINS complex,0.020923172,0.684486699,0.352487858,-0.762891268,-1.554869809,7
GMP reductase complex,0.736486486,1,0.065532103,0.323148653,0.794920392,12
GO:0000793,0.77672209,1,0.065532103,0.267663448,0.78850683,24
GO:0000794,0.118681319,0.946774575,0.19189224,0.672673904,1.404805875,7
GO:0000805,0.977351916,1,0.040411448,-0.186391186,-0.618364522,52
GO:0000806,0.539759036,1,0.085042746,0.317292938,0.940308955,25
GO:0005667,0.874113475,1,0.046322779,-0.271262284,-0.656994072,13
GO:0031975,0.44266055,1,0.093444922,0.307621946,0.99837822,34
GO:0042603,0.762672811,1,0.064940768,0.270473157,0.792182811,23
GO:0043657,0.548022599,1,0.071305299,-0.503655092,-0.949407168,5
GO:0097525,0.636197441,1,0.062523741,-0.424472883,-0.865129931,7
GO:0098791,0.267015707,1,0.107554375,-0.304617371,-1.109316458,88
GO:0098796,0.432389937,1,0.074175897,-0.235529563,-1.010643329,278
GO:0098798,0.757647059,1,0.066284219,0.241678715,0.837277486,48
GO:0098800,0.811455847,1,0.063642408,0.238985038,0.788404994,40
GO:0098803,0.886164623,1,0.045134422,-0.236325804,-0.709844239,33
GPI-anchor transamidase complex,0.224105461,0.983649444,0.124434169,-0.66370321,-1.251103374,5
GTPase activator complex,0.879432624,1,0.046045768,-0.260293988,-0.630428988,13
Galectin complex,0.943181818,1,0.038796221,-0.194494858,-0.772727869,143
Gas vesicle,0.360861759,1,0.091107313,-0.487866093,-1.097886481,10
Germ tube,0.423670669,1,0.079770592,-0.316486342,-1.017232126,44
Germinal vesicle,0.099056604,0.933099032,0.219250347,0.373183113,1.296900161,50
Giant axon,0.571428571,1,0.06538342,-0.339469475,-0.908239535,19
Gin4 complex,0.861538462,1,0.056886416,0.297543221,0.646368784,8
Glial cell projection,0.29566855,1,0.105920293,-0.620912078,-1.170440619,5
Glial cytoplasmic inclusion,0.988179669,1,0.053897903,0.182852789,0.549587972,26
Glial filament,0.587521664,1,0.063784539,-0.328577273,-0.892684463,20
Glucose transporter complex,0.439588689,1,0.100633389,0.247663689,1.007176715,124
Glucosidase II complex,0.69775475,1,0.055479331,-0.294765891,-0.846411595,26
Glucosidase complex,0.998239437,1,0.039921862,-0.143163047,-0.437417371,36
Glutamate decarboxylase complex,0.654255319,1,0.059731798,-0.346616885,-0.839502034,13
Glutamate dehydrogenase complex,0.041802086,0.892889951,0.321775918,0.347043467,1.338077797,89
Glutamate synthase complex,0.505319149,1,0.072357085,-0.388521156,-0.954321205,14
Glutamatergic synapse,0.485915493,1,0.089436683,0.32654189,0.98319563,27
Glutaminase complex,0.847926267,1,0.059860312,0.250225667,0.732880387,23
Glutathione hydrolase complex,0.387470998,1,0.102080108,0.39533981,1.053911357,16
Glutathione synthase complex,0.178907721,0.98228626,0.14122512,-0.689297651,-1.299349775,5
Glycine cleavage complex,0.948006932,1,0.04157179,-0.226201828,-0.596371786,18
Glycocalyx,0.956120092,1,0.054343439,0.194562065,0.714536402,64
Glycolate oxidase complex,0.971223022,1,0.042161943,-0.217260589,-0.499609782,11
Glycoprotein Ib-IX-V complex,0.243902439,0.99527727,0.113312908,-0.351814976,-1.167168382,52
Glycoprotein network,0.857885615,1,0.046137916,-0.266200362,-0.701826268,18
Glycosome,0.395759717,1,0.085042746,-0.350680412,-1.046649471,32
Glyoxysomal membrane,0.691891892,1,0.057852976,-0.371185147,-0.819200042,9
Glyoxysome,0.704861111,1,0.055249566,-0.289091087,-0.834734436,27
Golgi apparatus,0.152284264,0.979495798,0.181383128,0.266308709,1.147591149,184
Golgi apparatus part,0.135220126,0.965763349,0.149207542,-0.269083751,-1.154622351,278
Golgi cisterna,0.072916667,0.933099032,0.219250347,-0.498676926,-1.439901891,27
Golgi cisterna membrane,0.384751773,1,0.086794976,-0.382071326,-1.051347971,22
Golgi lumen,0.252144082,0.99527727,0.110122264,-0.36676255,-1.178827013,44
Golgi membrane,0.46485623,1,0.071305299,-0.241478509,-0.998061822,203
Golgi stack,0.082746479,0.933099032,0.206587923,-0.461015757,-1.408577877,36
Golgi to ER transport vesicle,0.298206278,1,0.116739205,0.473618387,1.13902475,11
Golgi trans cisterna,0.904679376,1,0.043712583,-0.2169134,-0.706181064,48
Golgi-associated vesicle,0.521201413,1,0.070619625,-0.316504606,-0.944647511,32
Golgi-associated vesicle membrane,0.597560976,1,0.063219117,-0.333430541,-0.892082563,19
Granular component,0.909722222,1,0.043537824,-0.23293517,-0.67258735,27
Granular vesicle,0.316483516,1,0.111462667,0.524443609,1.139276427,8
Granulocyte macrophage colony-stimulating factor receptor complex,0.912087912,1,0.054231594,0.277592776,0.579722151,7
Granum,0.653243848,1,0.07113274,0.377885825,0.848599318,9
Grb2-EGFR complex,0.919020716,1,0.046788297,-0.311119551,-0.586471051,5
Grb2-Shc complex,0.405850091,1,0.085535695,-0.503580182,-1.066198264,8
Grb2-Sos complex,0.506849315,1,0.085535695,0.326202256,0.947634812,22
GroEL-GroES complex,0.73308958,1,0.055826472,-0.363850979,-0.770358517,8
Growing cell tip,0.170786517,0.98228626,0.159646702,0.559453587,1.302553884,10
Growth cone,0.389084507,1,0.085784441,-0.336658239,-1.028618524,36
Growth cone filopodium,0.858885017,1,0.046322779,-0.262480496,-0.702258026,19
Growth cone lamellipodium,0.195340502,0.98228626,0.130777138,-0.53358821,-1.266602027,12
Growth hormone receptor complex,0.499136442,1,0.071652737,-0.33795379,-0.97042438,26
Gut granule,0.301645338,1,0.102821843,-0.552152151,-1.169036603,8
H zone,0.092342342,0.933099032,0.222056046,0.58842472,1.447478752,12
H-NS complex,0.221153846,0.983649444,0.143758989,0.367099022,1.191884906,38
HCN channel complex,0.798198198,1,0.051218435,-0.331699665,-0.732056177,9
HDA1 complex,0.648994516,1,0.061570676,-0.395575693,-0.837527234,8
HICS complex,0.024429175,0.684486699,0.352487858,0.6492753,1.597166416,12
HIR complex,0.523474178,1,0.085288469,0.318534466,0.959085815,27
HOPS complex,0.073883162,0.933099032,0.216542837,-0.436577224,-1.41066973,45
HSP90-CDC37 chaperone complex,0.137111517,0.968019098,0.160801401,-0.682059064,-1.344143865,6
HULC complex,0.747252747,1,0.063642408,0.355746803,0.742938289,7
Haustorium,0.837647059,1,0.061436411,0.228265102,0.790807046,48
Heavy chain immunoglobulin complex,0.57752809,1,0.077679856,0.391882117,0.912403791,10
Hedgehog signaling complex,0.716814159,1,0.055364284,-0.297315439,-0.812659996,21
Heparanase complex,0.5795053,1,0.06538342,-0.306583153,-0.915035696,32
Herring body,0.371428571,1,0.101350744,0.566722931,1.130324963,6
Heterotrimeric G-protein complex,0.03481998,0.78050325,0.321775918,-0.702477129,-1.580843913,10
Hippocampal mossy fiber,0.594149909,1,0.065831196,-0.421756456,-0.892958097,8
Histone H3-K14 acetyltransferase complex,0.008503397,0.651754042,0.380730401,0.535913651,1.695380516,31
Histone acetyltransferase complex,0.996233522,1,0.043103683,-0.213400297,-0.402266898,5
Histone locus body,0.352402746,1,0.107140237,0.371122675,1.067777,21
Histone methyltransferase complex,0.341573034,1,0.10797236,0.472292381,1.099619861,10
Host,0.548022599,1,0.071305299,-0.503655092,-0.949407168,5
Hyaline inclusion,0.629116118,1,0.060509299,-0.320245042,-0.870047314,20
Hyaluranon cable,0.462230216,1,0.077679856,-0.439035628,-1.009600938,11
Hydrogenosome,0.665486726,1,0.058843817,-0.308794812,-0.844036861,21
Hyphal cell wall,0.612431444,1,0.064358337,-0.453577456,-0.893871788,6
Hyphal tip,0.095923261,0.933099032,0.224966094,0.417156054,1.361122832,39
Hypolemmal cisterna,0.15819209,0.979495798,0.151148761,-0.702887339,-1.324966803,5
I band,0.083333333,0.933099032,0.204294757,-0.487137029,-1.406581081,27
IHF-DNA complex,0.014799646,0.651754042,0.380730401,0.607247175,1.662656176,18
INA complex,0.865470852,1,0.057609111,0.286959552,0.690121078,11
IgA B cell receptor complex,0.76043956,1,0.062800398,0.346034624,0.722655466,7
IgA immunoglobulin complex,0.571428571,1,0.077073673,0.420063314,0.912525624,8
IgD B cell receptor complex,0.494061758,1,0.089164712,0.329223523,0.969855983,24
IgD immunoglobulin complex,0.695961995,1,0.070960946,0.287220649,0.846120175,24
IgE B cell receptor complex,0.134751773,0.965763349,0.159646702,-0.558257283,-1.37124261,14
IgE immunoglobulin complex,0.108581436,0.946774575,0.178219875,-0.55033435,-1.406545879,16
IgG B cell receptor complex,0.597254005,1,0.076873673,0.309688107,0.891020301,21
IgG immunoglobulin complex,0.729166667,1,0.073255866,0.213772486,0.907230519,164
IgM B cell receptor complex,0.697435897,1,0.055021112,-0.268675669,-0.841210671,39
IgM immunoglobulin complex,0.971764706,1,0.054455595,0.180455138,0.605768756,42
"Immunoglobulin complex, circulating",0.631455399,1,0.075309376,0.293185755,0.882762555,27
Immunological synapse,0.814360771,1,0.048995409,-0.281203585,-0.729418802,17
Inclusion body,0.715827338,1,0.056176659,-0.350360766,-0.805685313,11
Inhibin A complex,0.366972477,1,0.104732822,0.323915639,1.037433017,32
Inhibin B complex,0.164705882,0.979495798,0.166933849,0.456499809,1.288319599,20
Inhibin complex,0.175644028,0.98228626,0.160801401,0.339421433,1.198888431,53
Inner acrosomal membrane,0.237410072,0.992246459,0.117249717,-0.485617468,-1.211629778,15
Inner dynein arm,0.021743677,0.684486699,0.352487858,-0.782623927,-1.542328525,6
Inner membrane complex,0.696095076,1,0.05479395,-0.23455528,-0.884732752,104
Inner mucus layer,0.099787686,0.933099032,0.206587923,0.743636364,1.424957082,5
Insulin receptor complex,0.647058824,1,0.074175897,0.259796001,0.900043443,48
Integral component of Golgi membrane,0.919210054,1,0.044596162,-0.268892261,-0.60511108,10
Integral component of endoplasmic reticulum membrane,0.693735499,1,0.069945874,0.263676048,0.845512461,33
Integral component of lumenal side of endoplasmic reticulum membrane,0.84494382,1,0.058843817,0.301365706,0.701657974,10
Integral component of mitochondrial inner membrane,0.55626327,1,0.076674687,0.480949663,0.921596444,5
Integral component of mitochondrial membrane,0.520179372,1,0.083129129,0.395452098,0.951039359,11
Integral component of mitochondrial outer membrane,0.626326964,1,0.070619625,0.443733762,0.850283281,5
Integral component of organelle membrane,0.943005181,1,0.041655677,-0.222343026,-0.638451465,26
Integral component of plasma membrane,0.280373832,1,0.097544922,-0.249020108,-1.067556003,273
Integrin alpha1-beta1 complex,0.228110599,0.983649444,0.138022242,0.358806119,1.174693208,36
Integrin alpha2-beta1 complex,1,1,0.053129805,0.127408905,0.450976757,54
Integrin alpha3-beta1 complex,0.710296684,1,0.055135176,-0.247675071,-0.85030997,62
Integrin alpha4-beta1 complex,0.903780069,1,0.043363699,-0.216862728,-0.769212748,73
Integrin alpha4-beta7 complex,0.195294118,0.98228626,0.152144922,0.439311627,1.239811645,20
Integrin alpha5-beta1 complex,0.661214953,1,0.072714108,0.23959801,0.905788873,77
Integrin alpha6-beta1 complex,0.894988067,1,0.058969447,0.212663072,0.762946288,58
Integrin alpha6-beta4 complex,0.861575179,1,0.060771945,0.226032673,0.764985602,44
Integrin alpha7-beta1 complex,0.739823009,1,0.053897903,-0.289914227,-0.792430069,21
Integrin alpha8-beta1 complex,0.787934186,1,0.052482762,-0.377373012,-0.743694565,6
Integrin alpha9-beta1 complex,0.845884413,1,0.047258734,-0.275834676,-0.715492297,17
Integrin alphaE-beta7 complex,0.580717489,1,0.077274697,0.375284511,0.902537482,11
Integrin alphaIIb-beta3 complex,0.467128028,1,0.075118164,-0.279078359,-0.990413259,74
Integrin alphaL-beta2 complex,0.950963222,1,0.041908175,-0.226430162,-0.578710761,16
Integrin alphaM-beta2 complex,0.963855422,1,0.040493483,-0.209960009,-0.593573963,24
Integrin alphaX-beta2 complex,0.727472527,1,0.064940768,0.356433005,0.774298159,8
Integrin alphav-beta1 complex,0.807899461,1,0.050498304,-0.319223169,-0.718374995,10
Integrin alphav-beta3 complex,0.957264957,1,0.040493483,-0.197903569,-0.695615557,69
Integrin alphav-beta5 complex,0.667844523,1,0.058593757,-0.287294574,-0.857466524,32
Integrin alphav-beta6 complex,0.605954466,1,0.062800398,-0.343749612,-0.891658013,17
Integrin complex,0.778823529,1,0.064940768,0.277575351,0.76000744,18
Intercalated disc,0.858143608,1,0.046601507,-0.272924515,-0.697541143,16
Interchromatin granule,0.180385289,0.98228626,0.135002034,-0.494272754,-1.282102573,17
Interferon regulatory factor 3 complex,0.695652174,1,0.069119846,0.289530647,0.83302419,21
Interferon regulatory factor 5 complex,0.226691042,0.983649444,0.121543282,-0.636556445,-1.254471182,6
Interferon regulatory factor 7 complex,0.004279852,0.62357438,0.407017919,0.619691691,1.782948277,21
Interferon regulatory factor complex,0.712305026,1,0.054680849,-0.280976518,-0.817606019,28
Intermediate filament,0.910550459,1,0.056294075,0.216325463,0.702078098,34
Intermediate filament cytoskeleton,0.695726496,1,0.055135176,-0.26100041,-0.847954756,47
Internode region of axon,0.668949772,1,0.070960946,0.327120552,0.842423079,14
Interphotoreceptor matrix,0.743267504,1,0.054343439,-0.346092476,-0.778841276,10
Interstitial matrix,0.857142857,1,0.057125851,0.322122216,0.642470531,6
Intracellular canaliculus,0.813063063,1,0.060771945,0.297904646,0.732822111,12
Intracellular ferritin complex,0.399543379,1,0.099233334,0.412374653,1.045732175,13
Intracellular immature spore,0.087443946,0.933099032,0.227987203,0.56474123,1.489424365,15
Intracellular non-membrane-bounded organelle,0.354545455,1,0.082664645,-0.233816392,-1.036310254,374
Intracellular organelle lumen,0.105670103,0.933099032,0.222056046,0.27531733,1.191355472,190
Intracellular organelle part,0.422727273,1,0.073438141,-0.226817782,-1.006486707,368
Intracellular ribonucleoprotein complex,0.228896104,0.983649444,0.112843356,-0.282002967,-1.120397494,143
Intracellular vesicle,0.838323353,1,0.040493483,-0.197315649,-0.888612563,452
Intramolecular phosphotransferase complex,0.527145359,1,0.069613344,-0.362674663,-0.940748027,17
Intrinsic component of Golgi membrane,0.899280576,1,0.045679041,-0.268973892,-0.618529058,11
Intrinsic component of cell outer membrane,0.04787234,0.933099032,0.276500599,-0.560467449,-1.542241659,22
Intrinsic component of endoplasmic reticulum membrane,0.783410138,1,0.063642408,0.244579962,0.797973841,35
Intrinsic component of external side of plasma membrane,0.701098901,1,0.066742613,0.379535323,0.79261801,7
Intrinsic component of mitochondrial inner membrane,0.55626327,1,0.076674687,0.480949663,0.921596444,5
Intrinsic component of mitochondrial membrane,0.520179372,1,0.083129129,0.396271145,0.953009119,11
Intrinsic component of mitochondrial outer membrane,0.712087912,1,0.065981614,0.394683752,0.787194011,6
Intrinsic component of organelle membrane,0.970537262,1,0.040493483,-0.209351705,-0.609186898,28
Intrinsic component of periplasmic side of cell outer membrane,0.04787234,0.933099032,0.276500599,-0.560467449,-1.542241659,22
Intrinsic component of plasma membrane,0.443234837,1,0.072357085,-0.231877804,-1.001898858,288
Intrinsic component of the cytoplasmic side of the plasma membrane,0.639065817,1,0.069613344,0.438787879,0.840805972,5
Inward rectifier potassium channel complex,0.886894075,1,0.046230252,-0.287859125,-0.647793824,10
Ion channel complex,0.100869565,0.933099032,0.184706471,-0.459199051,-1.354321419,30
Ire1 complex,0.656410256,1,0.057852976,-0.277175063,-0.867821865,39
Iridosome,0.573170732,1,0.065235306,-0.338511974,-0.905677773,19
Isoamylase complex,0.851224105,1,0.050294806,-0.359263383,-0.677223831,5
Isw1 complex,0.589453861,1,0.06767604,-0.48372025,-0.911829306,5
Katanin complex,0.644144144,1,0.072179797,0.353803988,0.870330115,12
Keratin filament,0.974885845,1,0.052912985,0.203908009,0.525117764,14
Keratohyalin granule,0.303529412,1,0.118815039,0.412247542,1.128742874,18
Kibra-Ex-Mer complex,0.048964218,0.933099032,0.28201335,-0.802543179,-1.512821489,5
Kinesin I complex,0.023475606,0.684486699,0.352487858,-0.635505272,-1.560986187,14
Kinesin II complex,0.06294964,0.933099032,0.241339977,-0.642527233,-1.477547733,11
Kinesin complex,0.063063063,0.933099032,0.241339977,-0.689996727,-1.522812407,9
Kinetochore,0.655112652,1,0.058593757,-0.313321478,-0.851237254,20
Kinetochore microtubule,0.457943925,1,0.092552886,0.358223709,0.990035778,19
Kinetoplast,0.882629108,1,0.058843817,0.242078167,0.728881051,27
Kir2 inward rectifier potassium channel complex,0.886894075,1,0.046230252,-0.287859125,-0.647793824,10
L-cysteine desulfurase complex,0.986135182,1,0.039759648,-0.186527973,-0.506762449,20
L-type voltage-gated calcium channel complex,0.051993068,0.933099032,0.261663522,-0.57151681,-1.552706833,20
LUBAC complex,0.67921147,1,0.058469321,-0.350928099,-0.83301361,12
LYSP100-associated nuclear domain,0.951834862,1,0.054231594,0.207134034,0.663406333,32
Lamellar body,0.327472527,1,0.109250039,0.587439897,1.171644809,6
Lamellipodium,0.587328767,1,0.063219117,-0.260501828,-0.914699008,68
Lamellipodium membrane,0.789709172,1,0.061840604,0.326855525,0.734003123,9
Lamin filament,0.138702461,0.971584065,0.178219875,0.60259008,1.353206437,9
Lamina densa,0.164383562,0.979495798,0.164405756,0.443852783,1.289415818,22
Lamina lucida,0.229698376,0.983649444,0.138022242,0.443833431,1.196923674,17
Lamina reticularis,0.732876712,1,0.066436414,0.298783962,0.769448767,14
Laminated body,0.276595745,1,0.125639921,0.373956623,1.123975539,26
Laminin complex,0.626326964,1,0.070619625,0.447359946,0.85723178,5
Large latent transforming growth factor-beta complex,0.631336406,1,0.074362538,0.301794175,0.883918245,23
Large ribosomal subunit,0.078364566,0.933099032,0.208955028,-0.494002585,-1.418014464,25
Late endosome,0.863961814,1,0.060640401,0.220110484,0.814309948,70
Late endosome membrane,0.364273205,1,0.089164712,-0.3581188,-1.075669955,33
Lateral loop,0.147196262,0.979495798,0.176694269,0.48523273,1.341055188,19
Lateral plasma membrane,0.840182648,1,0.059860312,0.274154185,0.695221809,13
Leading edge membrane,0.994880546,1,0.038637237,-0.158591492,-0.496279697,38
Leaflet of membrane bilayer,0.416666667,1,0.082434409,-0.418480412,-1.027909871,14
Leucoplast,0.970749543,1,0.042931109,-0.233545648,-0.494471334,8
Lewy body-like hyaline inclusion,0.75,1,0.054008827,-0.31143476,-0.777038831,15
Lewy neurite,0.80141844,1,0.050294806,-0.300988012,-0.739314291,14
Lipid particle,0.996460177,1,0.040247757,-0.160766622,-0.439427574,21
Lipid tube,0.92967033,1,0.053347785,0.266699116,0.556971933,7
Lipopolysaccharide receptor complex,0.151079137,0.979495798,0.151148761,-0.532540483,-1.328704073,15
Lipoprotein particle,0.342756184,1,0.093145458,-0.355605591,-1.072139266,34
Lobed nucleus,0.876957494,1,0.056886416,0.283303865,0.636201335,9
Lsd1/2 complex,0.013670318,0.651754042,0.380730401,0.828145618,1.586893839,5
Lumenal side of endoplasmic reticulum membrane,0.970852018,1,0.052269332,0.218275653,0.524940284,11
Lysosomal lumen,0.055172414,0.933099032,0.252961123,-0.451252063,-1.439265304,43
Lysosomal matrix,0.654676259,1,0.060378636,-0.371128986,-0.853443658,11
Lysosomal membrane,0.440207972,1,0.078295525,-0.277320059,-1.003303555,84
Lysosome,0.157284768,0.979495798,0.14122512,-0.282500712,-1.152531717,187
Lytic vacuole,0.157284768,0.979495798,0.14122512,-0.282500712,-1.152531717,187
Lytic vacuole membrane,0.452830189,1,0.076279718,-0.274955009,-1.000237839,85
M band,0.781981982,1,0.052163031,-0.336657477,-0.742997993,9
MAD1 complex,0.397482014,1,0.085784441,-0.41581621,-1.0374736,15
MECO complex,0.438356164,1,0.093746542,0.402092084,1.019656826,13
MHC class I peptide loading complex,0.69124424,1,0.069779252,0.291292308,0.853159559,23
MHC class I protein complex,0.715630885,1,0.058345278,-0.427093564,-0.805086054,5
MHC protein complex,0.876923077,1,0.056059588,0.301091571,0.628796813,7
MIS complex,0.295138889,1,0.100990587,-0.388161897,-1.120795892,27
MSL complex,0.414414414,1,0.096240602,0.41783158,1.02783298,12
Macrolide transmembrane transporter complex,0.542961609,1,0.070281284,-0.484031695,-0.953888407,6
Macronucleus,0.093971631,0.933099032,0.193813303,-0.508365213,-1.398871622,22
Macropinocytic cup,0.861702128,1,0.046975873,-0.278149945,-0.673675906,13
Macropinosome,0.991423671,1,0.03903553,-0.174957233,-0.562337437,44
Main axon,0.185614849,0.98228626,0.155241966,0.476054203,1.269082744,16
Male pronucleus,0.913120567,1,0.044329345,-0.238726349,-0.656904735,22
Maltose transport complex,0.832967033,1,0.058469321,0.332515209,0.663199282,6
Manchette,0.215456674,0.983649444,0.143758989,0.382524288,1.19402748,30
Mannosyltransferase complex,0.488495575,1,0.073990144,-0.357330348,-0.976700302,21
Mast cell granule,0.560143627,1,0.067833826,-0.408528724,-0.919346865,10
Mating projection,0.369955157,1,0.102821843,0.406414391,1.071859933,15
Mating projection tip,0.203603604,0.98228626,0.128142917,-0.571424723,-1.261125777,9
Medial cortex,0.862612613,1,0.057975476,0.283788087,0.698096481,12
Median body,0.548693587,1,0.083363407,0.318511194,0.938298648,24
Megasome,0.120527307,0.94923398,0.175204048,-0.732231287,-1.380281154,5
Melanosome,0.200342466,0.98228626,0.125639921,-0.33720795,-1.184036901,68
Membrane,0.151376147,0.979495798,0.138022242,-0.259780198,-1.133992684,318
Membrane attack complex,0.020923172,0.684486699,0.352487858,-0.784224505,-1.545482809,6
Membrane coat,0.957746479,1,0.041823869,-0.211391881,-0.645882321,36
Membrane microdomain,0.939172749,1,0.057609111,0.189906334,0.752363411,102
Membrane raft,0.939172749,1,0.057609111,0.189906334,0.752363411,102
Membrane region,0.770992366,1,0.069283647,0.212537707,0.876417438,132
Membrane stack,0.621716287,1,0.061570676,-0.340954836,-0.871413203,16
Meprin A complex,0.901176471,1,0.057975476,0.240521209,0.65855238,18
Mesaxon,0.076233184,0.933099032,0.245041785,0.615930703,1.481277614,11
Messenger ribonucleoprotein complex,0.495327103,1,0.088094501,0.259594069,0.981383025,77
Metallochaperone complex,0.589010989,1,0.075501529,0.446486899,0.890515029,6
Metaphase plate,0.256097561,1,0.110122264,-0.442401008,-1.183629501,19
Methane monooxygenase complex,0.738853503,1,0.062523741,0.394754301,0.756428766,5
Methionine adenosyltransferase complex,0.228571429,0.983649444,0.134273453,0.595067285,1.242732939,7
Methyl accepting chemotaxis protein complex,0.12797075,0.961099908,0.166933849,-0.645183203,-1.366005327,8
Methyltransferase complex,0.517730496,1,0.07113274,-0.384766546,-0.94509879,14
Microbody,0.393442623,1,0.101713902,0.330265482,1.030904635,30
Microbody lumen,0.062921348,0.933099032,0.271288555,0.65766567,1.531217231,10
Microbody membrane,0.5456621,1,0.081526514,0.367310743,0.931455558,13
Microbody part,0.178823529,0.98228626,0.159646702,0.446330832,1.259621026,20
Microfibril,0.589453861,1,0.06767604,-0.483994383,-0.912346054,5
Microneme,0.894366197,1,0.044954307,-0.234141069,-0.710841775,35
Micronucleus,0.067590988,0.933099032,0.227987203,-0.554862093,-1.507459008,20
Microprocessor complex,0.410989011,1,0.095287985,0.511161621,1.067505137,7
Micropyle,0.149769585,0.979495798,0.173747839,0.444217536,1.301058857,23
Microspike,0.953206239,1,0.041320951,-0.201427548,-0.655765483,48
Microtubule,0.218309859,0.983649444,0.142901149,0.332153768,1.163539106,51
Microtubule associated complex,0.387614679,1,0.101350744,0.320976775,1.041720937,34
Microtubule bundle,0.300458716,1,0.117765788,0.33746539,1.095234264,34
Microtubule cytoskeleton,0.612416107,1,0.060248409,-0.24254359,-0.928234533,116
Microtubule end,0.006006834,0.651754042,0.407017919,0.778753758,1.748808409,9
Microtubule minus-end,0.998266898,1,0.039195634,-0.163073679,-0.443041414,20
Microtubule organizing center,0.437943262,1,0.079770592,-0.290400885,-1.001726646,65
Microtubule organizing center part,0.151832461,0.979495798,0.1482615,-0.424270041,-1.262466781,31
Microtubule plus-end,0.651600753,1,0.062800398,-0.452355011,-0.852704751,5
Microvesicle,0.47260274,1,0.073990144,-0.271443158,-0.992215755,87
Microvillar actin bundle,0.520879121,1,0.08197788,0.479555567,0.956470258,6
Microvillus,1,1,0.039115525,-0.142803456,-0.415539938,28
Microvillus membrane,0.883516484,1,0.055710423,0.295330503,0.616765454,7
Midbody,0.720070423,1,0.05490737,-0.275737608,-0.837126999,35
Middle lamella,0.161870504,0.979495798,0.145516146,-0.576096593,-1.32478465,11
Mitochondrial chromosome,0.399491094,1,0.105920293,0.25294375,1.027809275,121
Mitochondrial cloud,0.345707657,1,0.109250039,0.41185461,1.097937116,16
Mitochondrial creatine kinase complex,0.832746479,1,0.048214971,-0.265102018,-0.737710461,23
Mitochondrial crista,0.110843373,0.946774575,0.208955028,0.4628869,1.371781862,25
Mitochondrial crista junction,0.650549451,1,0.070450085,0.416762923,0.831230765,6
Mitochondrial envelope,0.443005181,1,0.100633389,0.241483661,1.007947258,143
Mitochondrial fatty acid beta-oxidation multienzyme complex,0.961187215,1,0.053566938,0.206754533,0.600632858,22
Mitochondrial inner membrane,0.54939759,1,0.084074558,0.243245635,0.958733715,100
Mitochondrial inner membrane peptidase complex,0.474137931,1,0.074175897,-0.280147103,-0.979962154,67
Mitochondrial inner membrane protein insertion complex,0.883239171,1,0.048603425,-0.331056632,-0.624053135,5
Mitochondrial intermembrane space,0.098823529,0.933099032,0.219250347,0.504111319,1.422687327,20
Mitochondrial matrix,0.029886097,0.737708089,0.352487858,0.348573094,1.350371856,91
Mitochondrial membrane,0.765463918,1,0.070281284,0.214047572,0.888912012,137
Mitochondrial membrane part,0.607981221,1,0.077274697,0.262754662,0.920433105,51
Mitochondrial nucleoid,0.20323741,0.98228626,0.128142917,-0.504208808,-1.258015715,15
Mitochondrial outer membrane,0.96882494,1,0.055479331,0.187259387,0.611001624,39
Mitochondrial part,0.028449331,0.737708089,0.352487858,0.297424654,1.286065602,199
Mitochondrial permeability transition pore complex,0.612903226,1,0.07588869,0.253350385,0.920481831,61
Mitochondrial processing peptidase complex,0.551971326,1,0.06847149,-0.386394437,-0.917201632,12
Mitochondrial pyruvate dehydrogenase complex,0.812048193,1,0.064070375,0.257747943,0.763845237,25
Mitochondrial respiratory chain,0.88869258,1,0.045405923,-0.238571119,-0.719284148,34
Mitochondrial respiratory chain complex I,0.985840708,1,0.040740353,-0.183913792,-0.502696335,21
Mitochondrial respiratory chain complex III,0.263653484,1,0.113312908,-0.635348809,-1.197654353,5
Mitochondrial respiratory chain complex IV,0.447983015,1,0.088359444,0.545255582,1.04481954,5
Mitochondrial ribonuclease P complex,0.397802198,1,0.097215081,0.520858245,1.087755476,7
Mitochondrial sorting and assembly machinery complex,0.906028369,1,0.04468544,-0.243284584,-0.669447657,22
Mitochondrion,0.136950904,0.968019098,0.193813303,0.272493169,1.168516309,182
Mitosome,0.714539007,1,0.05559471,-0.332970193,-0.806449906,13
Mitotic checkpoint complex,0.340425532,1,0.093746542,-0.447100392,-1.098208884,14
Mitotic spindle,0.253424658,0.99527727,0.129442888,0.475832747,1.206654216,13
Mitotic spindle microtubule,0.14573991,0.979495798,0.173747839,0.552360828,1.328395752,11
Mitotic spindle pole body,0.689265537,1,0.060118614,-0.434720534,-0.819463156,5
Motile cilium,0.822429907,1,0.061976274,0.261883593,0.723777127,19
Mre11 complex,0.22614841,0.983649444,0.119348441,-0.393349345,-1.185935456,34
Mst2 histone acetyltransferase complex,0.012464151,0.651754042,0.380730401,0.545137067,1.701613883,30
Mucin granule,0.219858156,0.983649444,0.121543282,-0.505039769,-1.240524884,14
Mucus layer,0.923599321,1,0.041823869,-0.203635641,-0.76810516,104
Multimerin complex,0.573459716,1,0.080858915,0.275175496,0.926854069,43
Multivesicular body,0.957446809,1,0.042161943,-0.216468358,-0.531709384,14
Muscle cell projection,0.868008949,1,0.057366743,0.287350386,0.645288406,9
Muscle myosin complex,0.323583181,1,0.09854998,-0.583242718,-1.149405034,6
Muscle tendon junction,1,1,0.039195634,-0.123858953,-0.409975221,51
MutLalpha complex,0.374771481,1,0.089986079,-0.563899307,-1.111284688,6
MutS complex,0.665919283,1,0.070281284,0.319391308,0.842348975,15
MutSalpha complex,0.131627057,0.965763349,0.164405756,-0.663812952,-1.35293555,7
Myb complex,1,1,0.038955648,-0.164887742,-0.573949967,66
Mycolate outer membrane,0.918439716,1,0.044064035,-0.235211395,-0.647232614,22
Myelin sheath,1,1,0.037536291,-0.152214538,-0.568433734,97
Myofibril,0.160211268,0.979495798,0.144630528,-0.363465961,-1.239247642,61
Myofilament,0.186516854,0.98228626,0.152144922,0.552197287,1.285659325,10
Myosin I complex,0.376760563,1,0.087569712,-0.38329461,-1.066609927,23
Myosin II complex,0.282882883,1,0.105920293,-0.537229081,-1.185656508,9
Myosin II filament,0.274725275,1,0.120985142,0.56600116,1.182031517,7
Myosin III complex,0.099811676,0.933099032,0.193813303,-0.74887709,-1.411659066,5
Myosin V complex,0.253940455,0.99527727,0.111011492,-0.461106739,-1.196072677,17
Myosin VI complex,0.342857143,1,0.111462667,0.312318607,1.060884197,45
Myosin VII complex,0.336380256,1,0.096240602,-0.530559981,-1.123320876,8
Myosin X complex,0.690140845,1,0.056886416,-0.301355029,-0.838593231,23
Myosin complex,0.187175043,0.98228626,0.131457612,-0.474140453,-1.250051738,18
Myosin filament,0.161958569,0.979495798,0.149207542,-0.697575758,-1.31495429,5
Myosin phosphatase complex,0.161347518,0.979495798,0.144630528,-0.461036485,-1.268636877,22
NADH dehydrogenase complex,0.981693364,1,0.052697309,0.195992849,0.563901562,21
NELF complex,0.980215827,1,0.041739703,-0.199194507,-0.458065242,11
NF-kappaB complex,0.708860759,1,0.050702794,-0.218587325,-0.911718064,226
NF-kappaB p50/p65 complex,0.608617594,1,0.063784539,-0.391300403,-0.880576511,10
NMS complex,0.216470588,0.983649444,0.143758989,0.428043535,1.208011186,20
NPHP complex,0.904504505,1,0.045496781,-0.276717898,-0.610712242,9
NSL complex,0.226373626,0.983649444,0.135002034,0.598145854,1.249162194,7
Nascent polypeptide-associated complex,0.920930233,1,0.056411839,0.205656995,0.783257188,83
NatA complex,0.017861621,0.684486699,0.352487858,-0.735400601,-1.654934397,10
NatB complex,0.026993735,0.715088587,0.352487858,-0.717833099,-1.615400757,10
NatC complex,0.54787234,1,0.068311086,-0.383650028,-0.929195872,13
Ndc80 complex,0.023813384,0.684486699,0.352487858,-0.622522881,-1.553212786,15
Nematocyst,0.202925046,0.98228626,0.129442888,-0.629385529,-1.282768067,7
Neurofibrillary tangle,0.644549763,1,0.074738523,0.257932398,0.88497862,46
Neuromuscular junction,0.874429224,1,0.057975476,0.258280158,0.665140617,14
Neuron part,0.938202247,1,0.064503125,0.182333593,0.825980946,266
Neuron projection,0.619422572,1,0.082205492,0.214278596,0.93804689,211
Neuron projection terminus,0.526595745,1,0.070281284,-0.345025362,-0.94940837,22
Neuron spine,0.726950355,1,0.05479395,-0.294571751,-0.810574863,22
Neuronal cell body,0.958833619,1,0.040575645,-0.196765532,-0.715798307,85
Neurosecretory vesicle,0.730941704,1,0.06568136,0.331404556,0.797008735,11
Nitrate reductase complex,0.995515695,1,0.051114795,0.179382773,0.473096453,15
Nitrogenase complex,0.71942446,1,0.055942859,-0.326725837,-0.815190515,15
NoRC complex,0.116521739,0.946774575,0.170932335,-0.448000404,-1.321293111,30
Noc complex,0.024113254,0.684486699,0.352487858,0.575495839,1.624146504,20
Nodal receptor complex,0.561243144,1,0.068632563,-0.442838497,-0.937593762,8
Nonmotile primary cilium,0.887912088,1,0.055479331,0.291691935,0.609166701,7
Nrd1 complex,0.515260323,1,0.072003314,-0.426123309,-0.958941453,10
Nuclear MIS12/MIND complex,0.399299475,1,0.084074558,-0.399653948,-1.036669229,17
Nuclear RNA export factor complex,0.303201507,1,0.104343953,-0.61619613,-1.161550894,5
Nuclear RNA-directed RNA polymerase complex,0.384288747,1,0.097215081,0.578662051,1.108833064,5
Nuclear aryl hydrocarbon receptor complex,0.195604396,0.98228626,0.146416238,0.624751302,1.304724761,7
Nuclear body,0.019044198,0.684486699,0.352487858,0.473703053,1.537389699,34
Nuclear cap binding complex,0.833333333,1,0.059603704,0.290809944,0.715369698,12
Nuclear chromatin,0.066549912,0.933099032,0.23112671,-0.577909945,-1.47702365,16
Nuclear chromosome,0.395759717,1,0.085042746,-0.344929303,-1.039950606,34
Nuclear chromosome part,0.170434783,0.98228626,0.138805109,-0.420936526,-1.241473283,30
"Nuclear chromosome, telomeric region",0.522522523,1,0.071478629,-0.430124883,-0.949279154,9
Nuclear envelope,0.44266055,1,0.093444922,0.307621946,0.99837822,34
Nuclear envelope lumen,0.843956044,1,0.057852976,0.326323994,0.650850947,6
Nuclear inner membrane,0.159550562,0.979495798,0.165656695,0.56793015,1.322289533,10
Nuclear lumen,0.105670103,0.933099032,0.222056046,0.27531733,1.191355472,190
Nuclear matrix,0.07424594,0.933099032,0.252961123,0.550863911,1.485561949,17
Nuclear membrane,0.436194896,1,0.094975153,0.31191297,1.000190595,33
Nuclear outer membrane,0.42462845,1,0.091392433,0.559295202,1.071722279,5
Nuclear outer membrane-endoplasmic reticulum membrane network,0.611727417,1,0.057609111,-0.224845966,-0.945457823,241
Nuclear part,0.07277628,0.933099032,0.276500599,0.274240147,1.209369758,221
Nuclear pericentric heterochromatin,0.000186822,0.272199963,0.518848078,-0.894804803,-1.823726436,7
Nuclear periphery,0.093975904,0.933099032,0.227987203,0.472190428,1.3993532,25
Nuclear pore,0.428076256,1,0.079770592,-0.387780923,-1.022368401,18
Nuclear pore cytoplasmic filaments,0.988700565,1,0.043450683,-0.233030303,-0.439270134,5
Nuclear pore inner ring,0.033127319,0.772997822,0.321775918,-0.810104161,-1.5270742,5
Nuclear pore linkers,0.248628885,0.99527727,0.115240003,-0.599321832,-1.221494413,7
Nuclear pore transmembrane ring,0.007552531,0.651754042,0.407017919,-0.782742795,-1.657251496,8
Nuclear proteasome complex,0.329067642,1,0.097544922,-0.582466546,-1.147875421,6
Nuclear speck,0.315420561,1,0.115734448,0.401430012,1.109446594,19
Nucleocytoplasmic shuttling complex,0.572649573,1,0.064358337,-0.282170223,-0.916732593,47
Nucleoid,0.20323741,0.98228626,0.128142917,-0.504208808,-1.258015715,15
Nucleolar chromatin,0.062780269,0.933099032,0.271288555,0.588709889,1.552638282,15
Nucleolar preribosome,0.549905838,1,0.07113274,-0.501683074,-0.945689845,5
Nucleolus,0.105670103,0.933099032,0.222056046,0.27531733,1.191355472,190
Nucleolus organizer region,0.030692956,0.737708089,0.352487858,0.597761412,1.576510381,15
Nucleomorph,0.949640288,1,0.0431902,-0.229700635,-0.528216758,11
Nucleoplasm,0.124624625,0.955674095,0.152144922,-0.254810437,-1.137509309,409
Nucleoplasm part,0.079625293,0.933099032,0.245041785,0.373323959,1.318637339,53
Nucleoplasmic reticulum,0.022711143,0.684486699,0.352487858,0.803035152,1.538777126,5
Occluding junction,0.540727903,1,0.067833826,-0.341156721,-0.926860526,20
Oligosaccharyltransferase complex,0.756043956,1,0.063079041,0.352498336,0.73615422,7
Omega speckle,0.469214437,1,0.085784441,0.528732186,1.013157384,5
Omegasome,0.374100719,1,0.089164712,-0.477174566,-1.097304772,11
Ooplasm,0.287215412,1,0.103197467,-0.375813504,-1.128818972,33
Oral apparatus,0.227598566,0.983649444,0.119887845,-0.516154403,-1.225218626,12
Organelle envelope,0.44266055,1,0.093444922,0.307621946,0.99837822,34
Organelle envelope lumen,0.122891566,0.952409639,0.197822021,0.451471836,1.337952914,25
Organelle inner membrane,0.182481752,0.98228626,0.160801401,0.283207741,1.137744968,111
Organelle lumen,0.105670103,0.933099032,0.222056046,0.27531733,1.191355472,190
Organelle membrane,0.44266055,1,0.093444922,0.307621946,0.99837822,34
Organelle outer membrane,0.914285714,1,0.057852976,0.215122776,0.73072929,45
Organelle part,0.422727273,1,0.073438141,-0.226817782,-1.006486707,368
Organelle subcompartment,0.115059222,0.946774575,0.169570644,-0.328240079,-1.227181775,99
Ornithine carbamoyltransferase complex,0.386524823,1,0.086539974,-0.428797321,-1.053251207,14
Orthogonal array,0.582733813,1,0.065981614,-0.363536181,-0.907033397,15
Other organism,0.073126143,0.933099032,0.224966094,-0.705384237,-1.493465145,8
Other organism cell,0.111517367,0.946774575,0.179782316,-0.677029897,-1.379873372,7
Other organism part,0.091407678,0.933099032,0.199915231,-0.688300243,-1.402843777,7
Outer acrosomal membrane,0.332755633,1,0.093746542,-0.407906914,-1.108208616,20
Outer dynein arm,0.215827338,0.983649444,0.123842171,-0.542404646,-1.247307062,11
Outer membrane,0.791366906,1,0.065087757,0.234432262,0.807030218,47
Oxidoreductase complex,0.616470588,1,0.076674687,0.264766776,0.917264315,48
P-TEFb complex,0.656179775,1,0.07113274,0.365690483,0.851422834,10
PAN complex,0.813528336,1,0.051011413,-0.332072677,-0.703076343,8
PAS complex,0.72972973,1,0.065981614,0.32716942,0.804811163,12
PCNA complex,0.855263158,1,0.065831196,0.20053576,0.855371503,177
PCSK9-LDLR complex,0.709323583,1,0.057366743,-0.375102579,-0.794180815,8
PET complex,0.622413793,1,0.060771945,-0.310329179,-0.909392901,29
PHA granule,0.361702128,1,0.090263548,-0.450055985,-1.090030322,13
PML body,0.012767641,0.651754042,0.380730401,0.706500057,1.699091657,11
PSI associated light-harvesting complex I,0.491773309,1,0.075309376,-0.470990547,-0.997198306,8
PSII associated light-harvesting complex II,0.396396396,1,0.086034724,-0.486578843,-1.073872194,9
PTEN phosphatase complex,0.119158879,0.946774575,0.197822021,0.35702683,1.261545187,52
Parallel actin filament bundle,0.472527473,1,0.087309826,0.50739589,1.011997591,6
Parallel fiber,0.378472222,1,0.086539974,-0.366369228,-1.057870773,27
Paranodal junction,0.656612529,1,0.072714108,0.320790847,0.855175998,16
Pellicle,0.445595855,1,0.077476755,-0.266193848,-1.005674466,107
Peptidase inhibitor complex,0.934142114,1,0.042246819,-0.209390478,-0.681689517,48
Peribacteroid membrane,0.183856502,0.98228626,0.153158809,0.526976335,1.26734752,11
Pericentriolar material,0.963906582,1,0.050092287,0.27,0.517374393,5
Perichromatin fibrils,0.52165725,1,0.073805272,-0.524447156,-0.988600923,5
Perikaryon,0.923423423,1,0.05479395,0.246297173,0.605871766,12
Perineuronal net,0.611764706,1,0.077073673,0.296222034,0.906258478,28
Perinuclear endoplasmic reticulum,0.772823779,1,0.060378636,0.383244749,0.734374146,5
Perinuclear region of cytoplasm,0.889256198,1,0.042331839,-0.202592329,-0.826486739,188
Perinuclear theca,0.069892473,0.933099032,0.227987203,-0.625128129,-1.483894397,12
Perinucleolar compartment,0.301615799,1,0.101713902,-0.515669773,-1.160455462,10
Periplasmic side of cell outer membrane,0.04787234,0.933099032,0.276500599,-0.560467449,-1.542241659,22
Periplasmic space,0.805510535,1,0.045953808,-0.219001633,-0.856079811,127
Perisynaptic space,0.812080537,1,0.060509299,0.318861338,0.716050976,9
Perivitelline space,0.550827423,1,0.082896213,0.310681044,0.933792512,26
Peroxisomal importomer complex,0.711469534,1,0.056294075,-0.340512876,-0.808290534,12
Peroxisomal matrix,0.026273347,0.715088587,0.352487858,0.70001868,1.571996976,9
Peroxisomal membrane,0.646118721,1,0.072714108,0.331725975,0.854283276,14
Peroxisomal part,0.178823529,0.98228626,0.159646702,0.446330832,1.259621026,20
Peroxisome,0.393442623,1,0.101713902,0.330265482,1.030904635,30
Pex17p-Pex14p docking complex,0.711469534,1,0.056294075,-0.340512876,-0.808290534,12
Phagocytic cup,0.693512304,1,0.068151344,0.358009709,0.803964517,9
Phagocytic vesicle,0.384615385,1,0.08479851,-0.335572654,-1.05066193,39
Phagocytic vesicle membrane,0.241908007,0.99527727,0.112378519,-0.412678682,-1.184577485,25
Phagolysosome,0.495755518,1,0.07113274,-0.271033808,-0.96286677,72
Phagolysosome membrane,0.396709324,1,0.086794976,-0.548595467,-1.081125184,6
Phosphatase complex,0.069892473,0.933099032,0.227987203,-0.623973399,-1.481153363,12
"Phosphatidylinositol 3-kinase complex, class I",0.084309133,0.933099032,0.237793834,0.445511286,1.390637759,30
"Phosphatidylinositol 3-kinase complex, class IA",0.016087223,0.651754042,0.352487858,0.594116794,1.641982001,19
"Phosphatidylinositol 3-kinase complex, class IB",0.680089485,1,0.069119846,0.366020404,0.821953736,9
"Phosphatidylinositol 3-kinase complex, class II",0.253932584,0.99527727,0.128142917,0.513358533,1.195232575,10
Phosphatidylinositol phosphate phosphatase complex,0.011694696,0.651754042,0.380730401,0.429045356,1.568259174,63
Phospholamban complex,0.890814558,1,0.044418115,-0.220981131,-0.719423928,48
Phosphomannomutase complex,0.46234676,1,0.076279718,-0.383340488,-0.994353465,17
Phosphopyruvate hydratase complex,0.70754717,1,0.069779252,0.234113389,0.882166692,74
Phosphorylase kinase complex,0.76618705,1,0.053021251,-0.330443966,-0.759884886,11
Photoreceptor inner segment,0.263653484,1,0.113312908,-0.635621333,-1.19816807,5
Photoreceptor outer segment,0.907692308,1,0.054455595,0.291603516,0.581601195,6
Photosynthetic membrane,0.191850594,0.98228626,0.128142917,-0.337397867,-1.198629783,72
Photosystem,0.328719723,1,0.094356364,-0.316852558,-1.083325583,60
Photosystem I,0.809199319,1,0.048022042,-0.260872957,-0.748825285,25
Photosystem II,0.527874564,1,0.069283647,-0.288065764,-0.95567635,52
Photosystem II oxygen evolving complex,0.049557522,0.933099032,0.271288555,-0.569767336,-1.557359826,21
Photosystem II reaction center,0.958707361,1,0.042673386,-0.230876093,-0.519560069,10
Phragmoplast,0.083526682,0.933099032,0.237793834,0.539274436,1.454307618,17
Phycobilisome,0.251141553,0.99527727,0.130105631,0.476300625,1.207840699,13
Pick body,0.96,1,0.055021112,0.207914764,0.586770597,20
Pigment granule,0.200342466,0.98228626,0.125639921,-0.33720795,-1.184036901,68
Pilus,0.851211073,1,0.046415496,-0.224502828,-0.796731707,74
Pilus part,0.297723292,1,0.100990587,-0.455473605,-1.164100554,16
Pilus tip,0.903107861,1,0.046230252,-0.301303425,-0.593783108,6
Pinosome,0.771764706,1,0.06538342,0.241675249,0.811278172,42
Pituitary gonadotropin complex,0.767241379,1,0.051011413,-0.248676387,-0.805192018,46
Plasma lipoprotein particle,0.366024518,1,0.088894529,-0.356677894,-1.071341954,33
Plasma membrane,0.118195956,0.946774575,0.159646702,-0.271459584,-1.172924023,288
Plasma membrane light-harvesting complex,0.325900515,1,0.094356364,-0.350077218,-1.099349152,40
Plasma membrane protein complex,0.57096248,1,0.062249043,-0.245055171,-0.946541724,119
Plasma membrane raft,0.981034483,1,0.039759648,-0.196616746,-0.576168421,29
Plasma membrane receptor complex,0.446300716,1,0.095287985,0.30316461,1.000131617,40
Plasma membrane region,0.693266833,1,0.073621274,0.211701987,0.916130608,186
Plasma membrane-derived chromatophore,0.463247863,1,0.074927882,-0.316939849,-0.99232351,39
Plasmodesma,0.742907801,1,0.053787281,-0.323588723,-0.783728095,13
Plastid,0.738410596,1,0.050908287,-0.220378367,-0.898487452,185
Plastid chromosome,0.098720293,0.933099032,0.19189224,-0.704235542,-1.387847379,6
Plastid envelope,0.700913242,1,0.068632563,0.238781232,0.880937742,65
Plastid inner membrane,0.809859155,1,0.062939469,0.232682673,0.815090525,51
Plastid membrane,0.95631068,1,0.056648418,0.193063138,0.690479535,59
Plastid nucleoid,0.098720293,0.933099032,0.19189224,-0.704235542,-1.387847379,6
Plastid outer membrane,0.31542461,1,0.09688777,-0.348756158,-1.103603774,42
Plastid part,0.795121951,1,0.06568136,0.212880161,0.860117157,113
Plastid ribosome,0.189655172,0.98228626,0.130105631,-0.417089872,-1.222245907,29
Plastid stroma,0.30862069,1,0.097877328,-0.345740591,-1.119477277,46
Plastid thylakoid,0.364273205,1,0.089164712,-0.412129903,-1.069030821,17
Plastid thylakoid membrane,0.525089606,1,0.070960946,-0.395915289,-0.939801702,12
Plastoglobule,0.977578475,1,0.051951248,0.21250759,0.511068427,11
Platelet alpha granule,0.676674365,1,0.070960946,0.243156092,0.892999766,64
Platelet alpha granule lumen,0.211764706,0.983649444,0.145516146,0.337622947,1.169668963,48
Platelet alpha granule membrane,0.135135135,0.965763349,0.160801401,-0.611722837,-1.35006311,9
Platelet dense granule,0.571942446,1,0.066896628,-0.365800355,-0.912682579,15
Platelet dense granule lumen,0.242152466,0.99527727,0.131457612,0.503793702,1.211594632,11
Platelet dense tubular network,0.854990584,1,0.050092287,-0.356060606,-0.671186486,5
Podocyte foot,0.184652278,0.98228626,0.158514105,0.350543643,1.206742241,47
Podosome,0.315068493,1,0.114266502,0.446488068,1.132239664,13
Polar microtubule,0.111517367,0.946774575,0.179782316,-0.693544016,-1.366777431,6
Polar tube,0.632541133,1,0.062800398,-0.425502412,-0.867228242,7
Polarisome,0.005819824,0.651754042,0.407017919,0.78258201,1.700044047,8
Pollen coat,0.98630137,1,0.052375908,0.188699547,0.485951898,14
Pollen tube,0.838028169,1,0.061302608,0.254164201,0.765271285,27
Pollen tube tip,0.312359551,1,0.113787262,0.485676359,1.130781253,10
Pollen wall,0.946188341,1,0.053457214,0.24073724,0.578959099,11
Polycystin complex,0.944344704,1,0.043363699,-0.247271992,-0.556457154,10
Polyhedral organelle,0.77852349,1,0.062523741,0.330479926,0.742142258,9
Polyketide synthase complex,0.939446367,1,0.041908175,-0.209127592,-0.715011651,60
Polymeric cytoskeletal fiber,0.340101523,1,0.091107313,-0.282473305,-1.06047243,102
Polysome,0.844748858,1,0.059603704,0.269345099,0.693635806,14
Polytene chromosome,0.37521815,1,0.087309826,-0.355514117,-1.057875221,31
Pore complex,0.011138735,0.651754042,0.380730401,-0.691671714,-1.641851861,12
Postsynapse,0.154761905,0.979495798,0.173747839,0.315471619,1.183552426,73
Postsynaptic cytoskeleton,0.804308797,1,0.050702794,-0.322247923,-0.725181856,10
Postsynaptic density,0.016551064,0.651754042,0.352487858,0.469212106,1.575095263,42
Postsynaptic membrane,0.989637306,1,0.039436651,-0.191887798,-0.551000173,26
Postsynaptic specialization,0.713625866,1,0.068311086,0.256730188,0.859664877,41
Potassium channel complex,0.478976234,1,0.076674687,-0.517394639,-1.019637252,6
Preprophase band,0.001613655,0.62357438,0.455059867,0.779704594,1.875144324,11
Preribosome,0.554954955,1,0.06847149,-0.417750881,-0.921969916,9
Presynapse,0.948542024,1,0.041071328,-0.203692464,-0.654696558,44
Presynaptic active zone cytoplasmic component,0.991166078,1,0.040411448,-0.181041669,-0.540341464,32
Presynaptic cytoskeleton,0.994764398,1,0.03967872,-0.162435762,-0.483347242,31
Presynaptic density,0.445035461,1,0.078920964,-0.365784167,-1.006530498,22
Presynaptic periactive zone,0.215722121,0.983649444,0.125033368,-0.619767621,-1.263165542,7
Primary cell wall,0.943201377,1,0.04148804,-0.219275594,-0.619909876,24
Primary cilium,0.887912088,1,0.055479331,0.291691935,0.609166701,7
Primary lysosome,0.116487455,0.946774575,0.173747839,-0.586926533,-1.393213574,12
Primosome complex,0.371428571,1,0.101350744,0.569298672,1.135462261,6
Proplastid,0.240901213,0.99527727,0.113787262,-0.453637191,-1.195995733,18
Prospore contractile ring,0.253456221,0.99527727,0.130105631,0.350423141,1.147248226,36
Prospore membrane,0.089686099,0.933099032,0.224966094,0.563122772,1.485155912,15
Protease inhibitor complex,0.972222222,1,0.057730855,0.185254988,0.773698997,141
Proteasome accessory complex,0.093309859,0.933099032,0.193813303,-0.494455039,-1.375940696,23
Proteasome activator complex,0.510452962,1,0.070960946,-0.290196897,-0.962746517,52
Proteasome complex,0.321367521,1,0.094975153,-0.339502931,-1.102998749,47
Proteasome core complex,0.610208817,1,0.076476705,0.323236143,0.871698626,17
"Proteasome core complex, alpha-subunit complex",0.589010989,1,0.075501529,0.445892695,0.889329893,6
Proteasome regulatory particle,0.116117851,0.946774575,0.170932335,-0.504298321,-1.37008647,20
"Proteasome regulatory particle, base subcomplex",0.199268739,0.98228626,0.130777138,-0.603726908,-1.278232553,8
"Proteasome regulatory particle, lid subcomplex",0.55393053,1,0.069283647,-0.476228564,-0.93851066,6
Proteasome storage granule,0.143847487,0.979495798,0.152144922,-0.504023139,-1.328836207,18
Protein C inhibitor-thrombin complex,0.593220339,1,0.067362387,-0.478455979,-0.901905974,5
Protein N-acetylglucosaminyltransferase complex,0.072072072,0.933099032,0.224966094,-0.681719142,-1.504543903,9
Protein acetyltransferase complex,0.089579525,0.933099032,0.202071709,-0.718037435,-1.415046972,6
Protein body,0.476303318,1,0.091107313,0.320580398,0.984657208,29
Protein complex involved in cell adhesion,0.778823529,1,0.064940768,0.277575351,0.76000744,18
Protein complex involved in cell-cell adhesion,0.934533552,1,0.039597912,-0.196617195,-0.780501364,142
Protein complex involved in cell-matrix adhesion,0.641025641,1,0.074175897,0.241409639,0.915718291,79
Protein farnesyltransferase complex,0.215384615,0.983649444,0.138805109,0.606957836,1.267565054,7
Protein kinase CK2 complex,0.938461538,1,0.041404427,-0.205610507,-0.72270484,69
Protein kinase complex,0.844086022,1,0.048408762,-0.296358688,-0.703479777,12
Protein phosphatase 4 complex,0.766606822,1,0.052912985,-0.336358062,-0.7569351,10
Protein serine/threonine phosphatase complex,0.069892473,0.933099032,0.227987203,-0.623973399,-1.481153363,12
Protein storage vacuole,0.795045045,1,0.061840604,0.304631366,0.749369315,12
Protein tyrosine phosphatase complex,0.484265734,1,0.073805272,-0.273292506,-0.984331899,83
Proteinaceous extracellular matrix,0.303896104,1,0.125639921,0.251936323,1.060612306,153
Proximal dendrite,0.536057692,1,0.085288469,0.294415417,0.955898192,38
Pseudopodium,0.938738739,1,0.043800203,-0.251326038,-0.55467279,9
Puncta adhaerentia,0.904936015,1,0.046137916,-0.286416557,-0.606411546,8
Pyrenoid,0.228571429,0.983649444,0.134273453,0.636415765,1.269326839,6
Pyruvate kinase complex,0.507109005,1,0.087569712,0.257221461,0.970678244,81
R2TP complex,0.781544256,1,0.054231594,-0.392121212,-0.739161969,5
RAVE complex,0.008588859,0.651754042,0.380730401,0.813360061,1.622241011,6
RENT complex,0.806593407,1,0.05998925,0.334194324,0.697928293,7
RES complex,0.847222222,1,0.060118614,0.230398808,0.755441923,37
RITS complex,0.934977578,1,0.054008827,0.254120544,0.611145169,11
RNA nuclear export complex,0.795604396,1,0.060640401,0.329973654,0.716819118,8
RNA polymerase II transcription repressor complex,0.76498801,1,0.066742613,0.252232685,0.823000561,39
RNA-directed RNA polymerase complex,0.127472527,0.961099908,0.184706471,0.700564401,1.397270849,6
RPAP3/R2TP/prefoldin-like complex,0.768577495,1,0.060640401,0.386822971,0.741230739,5
RQC complex,0.562637363,1,0.077884011,0.422818651,0.918511186,8
RSC complex,0.552083333,1,0.066896628,-0.328259185,-0.947830143,27
RSF complex,0.172259508,0.98228626,0.158514105,0.58400859,1.311478915,9
Rab-protein geranylgeranyltransferase complex,0.011178802,0.651754042,0.380730401,-0.723458154,-1.663655486,11
Rad51B-Rad51C complex,0.224862888,0.983649444,0.12210792,-0.592026948,-1.253460973,8
Rad51C-XRCC3 complex,0.353765324,1,0.090824142,-0.41681132,-1.081174029,17
Radial spoke,0.80941704,1,0.060771945,0.276708904,0.729780228,15
Ragulator complex,0.739054291,1,0.053457214,-0.299169573,-0.776021086,17
Receptor complex,0.589201878,1,0.078920964,0.247548661,0.936691364,78
Recycling endosome,0.6875,1,0.070281284,0.264131343,0.866045668,37
Recycling endosome membrane,0.922374429,1,0.055479331,0.239671932,0.607778992,13
Region of cytosol,0.36346516,1,0.093444922,-0.589619905,-1.111453796,5
Respiratory chain,0.910211268,1,0.044152306,-0.230435985,-0.704069276,36
Respiratory chain complex I,0.988584475,1,0.052269332,0.190083469,0.552202533,22
Respiratory chain complex III,0.263653484,1,0.113312908,-0.635348809,-1.197654353,5
Respiratory chain complex IV,0.503296703,1,0.083836106,0.490437319,0.978173838,6
Retromer complex,0.11409396,0.946774575,0.197822021,0.6189992,1.390055579,9
Retrotransposon nucleocapsid,0.723809524,1,0.069119846,0.25027464,0.85013318,45
Rhabdomere,0.192941176,0.98228626,0.153158809,0.463791302,1.269870827,18
Rhino-Deadlock-Cutoff Complex,0.86443662,1,0.046508405,-0.253564322,-0.705604032,23
Rhoptry,0.6,1,0.079343496,0.306406311,0.908046049,25
Ribbon synapse,0.419410745,1,0.080858915,-0.390298708,-1.029006437,18
Ribonuclease III complex,0.465934066,1,0.088094501,0.465873425,1.012041336,8
Ribonucleoprotein complex,0.228896104,0.983649444,0.112843356,-0.282002967,-1.120397494,143
Ribonucleoprotein granule,0.638596491,1,0.060378636,-0.286180843,-0.883790698,37
Ribose phosphate diphosphokinase complex,0.565217391,1,0.079770592,0.320154065,0.921132472,21
Ribosomal subunit,0.147512864,0.979495798,0.149207542,-0.414058272,-1.300269159,40
Ribosome,0.055555556,0.933099032,0.252961123,-0.430004531,-1.423322244,51
Ribulose bisphosphate carboxylase complex,0.797235023,1,0.062800398,0.263043197,0.770421367,23
Rix1 complex,0.068493151,0.933099032,0.261663522,0.584122558,1.504272112,14
Rod spherule,0.161797753,0.979495798,0.164405756,0.565047372,1.315577675,10
Root hair,0.087677725,0.933099032,0.234392647,0.394329266,1.35296292,46
Root hair tip,0.414312618,1,0.086034724,-0.569952765,-1.074380561,5
Rough endoplasmic reticulum,0.38028169,1,0.087051587,-0.380608467,-1.059135083,23
Rough endoplasmic reticulum lumen,0.23381295,0.991434175,0.118287526,-0.536119318,-1.232853398,11
Rough endoplasmic reticulum membrane,0.442413163,1,0.080858915,-0.506785569,-1.032893695,7
Rpd3L complex,0.348195329,1,0.103197467,0.596193318,1.142426504,5
Ruffle,0.998269896,1,0.039115525,-0.146871288,-0.502156033,60
Ruffle membrane,0.992907801,1,0.05367696,0.170959791,0.513842012,26
Ryanodine receptor complex,0.448873484,1,0.077274697,-0.310940165,-0.983938869,42
S-layer,0.392605634,1,0.085288469,-0.336222175,-1.027286185,36
S100A8 complex,0.306688418,1,0.094975153,-0.276413222,-1.067664261,119
S100A9 complex,0.566326531,1,0.064648457,-0.249365826,-0.947013709,109
SC5b-7 complex,0.731868132,1,0.064648457,0.36327601,0.758662213,7
SCAR complex,0.953846154,1,0.052163031,0.255835102,0.510261339,6
SLIK (SAGA-like) complex,0.141856392,0.979495798,0.154190967,-0.523606103,-1.358190848,17
SMAD2 protein complex,0.860215054,1,0.047543419,-0.287897618,-0.683395358,12
SMAD3 protein complex,0.836879433,1,0.048311758,-0.28988026,-0.712030414,14
SMC loading complex,0.184615385,0.98228626,0.151148761,0.663923538,1.324190901,6
SNARE complex,0.180385289,0.98228626,0.135002034,-0.500703414,-1.27969901,16
SPOTS complex,0.099787686,0.933099032,0.206587923,0.742774348,1.423305287,5
STING complex,0.102739726,0.933099032,0.211400189,0.481659733,1.399247007,22
SUMO activating enzyme complex,0.236036036,0.992246459,0.117765788,-0.558820036,-1.233307422,9
SUMO-targeted ubiquitin ligase complex,0.312087912,1,0.112378519,0.55456587,1.158150164,7
SWI/SNF superfamily-type complex,0.627118644,1,0.064648457,-0.460853517,-0.868724726,5
Sarcolemma,0.355633803,1,0.090824142,-0.348943016,-1.059375334,35
Sarcomere,0.109756098,0.946774575,0.176694269,-0.395725726,-1.312845066,52
Sarcoplasm,0.096385542,0.933099032,0.188204146,-0.481010633,-1.359856043,24
Sarcoplasmic reticulum,0.065486726,0.933099032,0.234392647,-0.55062101,-1.505026677,21
Sarcoplasmic reticulum membrane,0.158273381,0.979495798,0.147331214,-0.579726602,-1.333132174,11
Scaffoldin complex,0.126142596,0.957238346,0.168238166,-0.648523641,-1.373077825,8
Sec61 translocon complex,0.756756757,1,0.05367696,-0.345032873,-0.761482366,9
Secondary cell wall,0.945035461,1,0.042759143,-0.22407096,-0.616577411,22
Secondary lysosome,0.36043956,1,0.103197467,0.535340395,1.117999862,7
Secretory granule,0.97398374,1,0.037380649,-0.185001366,-0.743862151,159
Secretory granule lumen,0.118483412,0.946774575,0.199915231,0.338176087,1.245821292,67
Secretory granule membrane,0.012033385,0.651754042,0.380730401,-0.527574696,-1.574612548,32
Secretory vesicle,0.975767367,1,0.036993252,-0.185892246,-0.760301026,176
Semaphorin receptor complex,0.852747253,1,0.057366743,0.324037587,0.646290725,6
Sensory dendrite,0.747645951,1,0.056294075,-0.405536489,-0.764450226,5
Septate junction,0.950934579,1,0.055135176,0.219154994,0.605686557,19
Septin complex,0.066820276,0.933099032,0.266350657,0.441891692,1.446706569,36
Septin ring,0.022389125,0.684486699,0.352487858,0.599846976,1.599094055,16
Serine protease inhibitor complex,0.655660377,1,0.073621274,0.238315936,0.899199876,75
Set3 complex,0.036124686,0.797479814,0.321775918,0.531122115,1.528119989,21
Sexine,0.908108108,1,0.045315244,-0.273665669,-0.603976019,9
Shc-Grb2-Sos complex,0.595323741,1,0.064940768,-0.362108841,-0.903472145,15
Shu complex,0.07032967,0.933099032,0.252961123,0.747242595,1.490370184,6
Side of membrane,0.524675325,1,0.090824142,0.231012156,0.97252485,153
Sieve plate,0.182417582,0.98228626,0.152144922,0.602206189,1.308204167,8
Signal peptidase complex,0.230215827,0.983649444,0.140406239,0.324076711,1.146183275,56
Signal recognition particle receptor complex,0.535377358,1,0.084314432,0.267918601,0.962214336,60
Silver ion transmembrane transporter complex,0.984238179,1,0.04032954,-0.190356441,-0.493768836,17
Site of polarized growth,0.389084507,1,0.085784441,-0.336658239,-1.028618524,36
Skeletal muscle myofibril,0.857657658,1,0.047925897,-0.301310324,-0.664987358,9
Ski complex,0.396270396,1,0.100990587,0.322733532,1.020978176,31
Slit-Robo signaling complex,0.750561798,1,0.064503125,0.329783051,0.767820967,10
Small nuclear ribonucleoprotein complex,0.692870201,1,0.058469321,-0.383103234,-0.811120092,8
Small ribosomal subunit,0.791593695,1,0.050294806,-0.295545834,-0.755356765,16
Smooth endoplasmic reticulum,0.34929078,1,0.092259726,-0.457029843,-1.106920924,13
Smooth muscle contractile fiber,0.259597806,1,0.112378519,-0.612266218,-1.206602074,6
Somatic spine,0.439490446,1,0.089436683,0.550644187,1.055145192,5
Somatodendritic compartment,0.915171289,1,0.040411448,-0.200331546,-0.780264557,125
Sorting endosome,0.851415094,1,0.060771945,0.225902795,0.800476337,55
Specific granule,0.872072072,1,0.047164246,-0.294390928,-0.649716354,9
Specific granule membrane,0.540394973,1,0.069613344,-0.414339483,-0.93242331,10
Spectrin,0.707006369,1,0.064648457,0.409465438,0.784618267,5
Sperm flagellum,0.706278027,1,0.067362387,0.339395644,0.816226839,11
Sperm individualization complex,0.259597806,1,0.112378519,-0.614125493,-1.210266173,6
Sperm part,0.934628975,1,0.043103683,-0.215954217,-0.644542321,32
Sperm plasma membrane,0.06360424,0.933099032,0.237793834,-0.480922457,-1.449965532,34
Spherical high-density lipoprotein particle,0.34369287,1,0.094975153,-0.55603818,-1.133276805,7
Spindle,0.754216867,1,0.06767604,0.24111301,0.856449849,57
Spindle matrix,0.617582418,1,0.07307444,0.395361379,0.858864311,8
Spindle microtubule,0.55393053,1,0.069283647,-0.459699308,-0.936925883,7
Spindle midzone,0.124314442,0.955674095,0.169570644,-0.68890709,-1.35763937,6
Spindle pole,0.531516184,1,0.067833826,-0.32805534,-0.941669601,25
Spindle pole body,0.264976959,1,0.12687573,0.347851716,1.138829653,36
Spine apparatus,0.393103448,1,0.084074558,-0.353900087,-1.037073691,29
Spliceosomal complex,0.446337308,1,0.076674687,-0.349712582,-1.00383584,25
Spliceosomal tri-snRNP complex,0.539305302,1,0.070619625,-0.485936383,-0.957642004,6
Spore wall,0.71395881,1,0.067833826,0.286161308,0.823330082,21
Starch grain,0.539007092,1,0.069119846,-0.342900207,-0.943560567,22
Stereocilium,0.588665448,1,0.066284219,-0.427950435,-0.906072216,8
Stereocilium bundle,0.583783784,1,0.065981614,-0.408132251,-0.900741744,9
Storage vacuole,0.674176776,1,0.057246114,-0.322915633,-0.851353741,18
Stress fiber,0.234079174,0.991434175,0.115240003,-0.421677882,-1.192117548,24
Striated muscle thin filament,0.201342282,0.98228626,0.145516146,0.570451045,1.281033412,9
Stromule,0.939670932,1,0.044418115,-0.280392419,-0.552573478,6
Subapical complex,0.696347032,1,0.068956735,0.239479844,0.88351514,65
Sublamina densa,0.413870246,1,0.095920678,0.467125668,1.049000775,9
Subpellicular microtubule,0.487912088,1,0.085535695,0.495850541,0.988970472,6
Subrhabdomeral cisterna,0.825539568,1,0.049590196,-0.309681164,-0.712139,11
Subsarcolemmal mitochondrion,0.860986547,1,0.057852976,0.251952143,0.664487806,15
Subsynaptic reticulum,0.88966725,1,0.044954307,-0.254305526,-0.659647464,17
Succinate dehydrogenase complex,0.892086331,1,0.059348768,0.21777557,0.770221084,56
Sulfurtransferase complex,0.867579909,1,0.058345278,0.261470465,0.673356512,14
Superoxide dismutase complex,0.413194444,1,0.081751558,-0.28728368,-1.025755161,78
Supramolecular fiber,0.340101523,1,0.091107313,-0.282473305,-1.06047243,102
Survivin complex,0.883211679,1,0.060509299,0.20486054,0.822996744,111
Symbiosome,0.247139588,0.99527727,0.131457612,0.405775397,1.167478208,21
Symmetric synapse,0.472035794,1,0.088359444,0.448248716,1.006609747,9
Symplast,0.745132743,1,0.053566938,-0.288378318,-0.788231931,21
Synapse,0.884318766,1,0.063079041,0.201121799,0.841888087,145
Synapse part,0.489260143,1,0.089986079,0.246055497,0.989747538,110
Synaptic membrane,0.981651376,1,0.052805005,0.184015839,0.589363664,32
Synaptic vesicle,0.497345133,1,0.07307444,-0.356146517,-0.973464504,21
Synaptic vesicle protein transport vesicle,0.888489209,1,0.046230252,-0.268124583,-0.668978673,15
"Synaptic vesicle, readily releasable pool",0.023187814,0.684486699,0.352487858,-0.612827065,-1.589622632,17
Syntrophin complex,1,1,0.038955648,-0.14713791,-0.422502184,26
Syp1 complex,0.585687382,1,0.067992259,-0.485635951,-0.915440467,5
T-bar,0.621978022,1,0.072714108,0.415437433,0.867595641,7
T-tubule,0.46953405,1,0.076674687,-0.419711067,-0.996286796,12
TAP complex,0.711670481,1,0.067992259,0.286784343,0.825122651,21
TAT protein transport complex,0.952914798,1,0.053129805,0.226168792,0.543922826,11
TCR signalosome,0.541811847,1,0.067992259,-0.344891259,-0.922745341,19
TORC1 complex,0.342723005,1,0.110564716,0.280631944,1.061874126,78
TRAIL death-inducing signaling complex,0.83014862,1,0.057005953,0.35205461,0.674607556,5
TRAMP complex,0.638596491,1,0.060378636,-0.285980216,-0.883171119,37
TRC complex,0.56432247,1,0.065235306,-0.287268825,-0.923322872,44
TSC1-TSC2 complex,0.602112676,1,0.063359701,-0.322858299,-0.898431278,23
Taste receptor complex,0.467561521,1,0.088894529,0.449082091,1.008481216,9
Tectum,0.853747715,1,0.04879897,-0.31392756,-0.66465884,8
Terminal bouton,0.85483871,1,0.047829963,-0.289663882,-0.68758802,12
Terminal loop,0.080701754,0.933099032,0.208955028,-0.458209535,-1.415053924,37
Terminal web,0.121559633,0.952217125,0.193813303,0.410051414,1.313307617,32
Thioglucosidase complex,0.014906154,0.651754042,0.380730401,-0.775770735,-1.581119806,7
Thrombospondin complex,1,1,0.057975476,0.166480994,0.696940026,147
Thylakoid,0.247877759,0.99527727,0.110564716,-0.32475193,-1.153704197,72
Thylakoid light-harvesting complex,0.427289048,1,0.081751558,-0.461343259,-1.038199896,10
Thylakoid lumen,0.393884892,1,0.086286563,-0.416860152,-1.040078265,15
Thylakoid membrane,0.095726496,0.933099032,0.188204146,-0.443752896,-1.389369095,39
Thylakoid part,0.173010381,0.98228626,0.13725078,-0.338808356,-1.202387349,74
Tic complex,0.837264151,1,0.061570676,0.229021748,0.795905096,50
Toc complex,0.365553603,1,0.089164712,-0.339272177,-1.063277241,41
Transcription export complex 2,0.171985816,0.98228626,0.139599673,-0.546827624,-1.324410096,13
Transcriptional preinitiation complex,0.695876289,1,0.055364284,-0.260527496,-0.841817282,45
Transcriptional repressor complex,0.736730361,1,0.062661823,0.395852602,0.758533333,5
Transferase complex,0.083333333,0.933099032,0.204294757,-0.364543571,-1.299282267,76
"Transferase complex, transferring phosphorus-containing groups",0.652173913,1,0.072357085,0.297775278,0.85674526,21
Transforming growth factor beta activated kinase 1 complex,0.303944316,1,0.117765788,0.34420697,1.103745619,33
Transforming growth factor beta receptor homodimeric complex,0.983529412,1,0.053897903,0.179493593,0.622907683,49
Transforming growth factor beta type I receptor homodimeric complex,0.987632509,1,0.040575645,-0.188144502,-0.561540755,32
Transforming growth factor beta type II receptor homodimeric complex,0.815668203,1,0.061705405,0.238460291,0.77800762,35
Transforming growth factor beta1-type II receptor complex,0.874100719,1,0.046975873,-0.283029891,-0.650852061,11
Translation initiation complex,0.551724138,1,0.06658921,-0.266688325,-0.932882983,67
Translation preinitiation complex,0.588129496,1,0.065532103,-0.392262846,-0.902042823,11
Translation repressor complex,0.770197487,1,0.052697309,-0.334700284,-0.75320446,10
Translocon complex,0.987931034,1,0.039436651,-0.177993796,-0.576328077,46
Transmembrane transporter complex,0.061511424,0.933099032,0.241339977,-0.459954981,-1.441496521,41
Transport vesicle,0.195911414,0.98228626,0.12687573,-0.306003605,-1.153777101,105
Transport vesicle membrane,0.286219081,1,0.103958472,-0.376017537,-1.133680617,34
Transporter complex,0.061511424,0.933099032,0.241339977,-0.459954981,-1.441496521,41
Tricarboxylic acid cycle enzyme complex,0.832271762,1,0.056886416,0.351732385,0.673990109,5
Trichocyst,0.927927928,1,0.044329345,-0.258208793,-0.569862925,9
Tubular endosome,0.742788462,1,0.068311086,0.253839809,0.824158656,38
Tubulin complex,0.99844479,1,0.034120454,-0.169339778,-0.718711378,256
Tubulin folding cofactor complex,0.637837838,1,0.061705405,-0.386874197,-0.853825538,9
Tubulobulbar complex,0.741767764,1,0.052805005,-0.252362681,-0.821589385,48
Tumor necrosis factor receptor superfamily complex,0.167539267,0.98228626,0.140406239,-0.416504578,-1.239359707,31
Type I interferon receptor complex,0.569230769,1,0.077274697,0.455565419,0.908622076,6
Type I terminal bouton,0.88966725,1,0.044954307,-0.254305526,-0.659647464,17
Type II polyketide synthase complex,0.698901099,1,0.066896628,0.385008966,0.804049116,7
Type III intermediate filament,0.753709199,1,0.078295525,0.199912822,0.924419809,339
Type III polyketide synthase complex,0.991507431,1,0.04879897,0.236521747,0.453223317,5
Type III protein secretion system complex,0.237676056,0.992246459,0.115734448,-0.385478144,-1.170294342,35
Type IV pilus,0.889929742,1,0.058345278,0.227024232,0.708643033,30
Type IV secretion system complex,0.735849057,1,0.052697309,-0.252994461,-0.813160187,44
Type VI protein secretion system complex,0.328545781,1,0.096562955,-0.504662276,-1.135684358,10
U2AF,0.46234676,1,0.076279718,-0.382966718,-0.993383936,17
UBC13-MMS2 complex,0.825902335,1,0.057246114,0.355963193,0.682097188,5
UBC13-UEV1A complex,0.371633752,1,0.089436683,-0.482334078,-1.085437319,10
UDP-N-acetylglucosamine-lysosomal-enzyme N-acetylglucosaminephosphotransferase complex,0.126142596,0.957238346,0.168238166,-0.649567079,-1.37528703,8
UFD1-NPL4 complex,0.744308231,1,0.053129805,-0.29799061,-0.772962953,17
Ubiquitin ligase complex,0.177816901,0.98228626,0.136490438,-0.446431208,-1.242302775,23
Ubisch body,0.930337079,1,0.054343439,0.256963874,0.598278926,10
Uniplex complex,0.298206278,1,0.116739205,0.47453061,1.141218592,11
Urease complex,0.8735363,1,0.059221919,0.231179601,0.721613777,30
Uropod,0.608775137,1,0.064648457,-0.436420331,-0.889480356,7
VEGF-A complex,0.918848168,1,0.062112419,0.195314252,0.825272588,156
Vacuolar HOPS complex,0.414990859,1,0.084314432,-0.516375667,-1.05243954,7
Vacuolar lumen,0.012254707,0.651754042,0.380730401,-0.447943779,-1.486081755,52
Vacuolar membrane,0.987117552,1,0.036301846,-0.178918944,-0.731656366,174
Vacuolar part,0.705229794,1,0.051011413,-0.220069349,-0.918021288,223
Vacuolar transporter chaperone complex,0.965827338,1,0.042417005,-0.219402218,-0.504534646,11
Vacuole,0.704374057,1,0.04879897,-0.207375672,-0.919166683,364
Ventral disc,0.843956044,1,0.057852976,0.303966858,0.660323189,8
Vesicle,0.314763231,1,0.128142917,0.227774654,1.037107258,286
Vesicle coat,0.853097345,1,0.047353425,-0.257243555,-0.703130475,21
Vesicle lumen,0.337995338,1,0.111011492,0.282640893,1.07211724,79
Vesicle membrane,0.02066466,0.684486699,0.352487858,-0.333853132,-1.336629547,150
Viral assembly compartment,0.164623468,0.979495798,0.142056644,-0.508449464,-1.318875783,17
Viral integration complex,0.88869258,1,0.045405923,-0.238261428,-0.71835044,34
Vitelline envelope,0.944315545,1,0.055135176,0.218411174,0.582248515,16
W chromosome,0.134703196,0.965763349,0.183023938,0.527056951,1.357312883,14
WICH complex,0.544658494,1,0.067992259,-0.362243328,-0.925822383,16
Weibel-Palade body,0.868965517,1,0.045315244,-0.228320567,-0.739281685,46
Whole membrane,0.903129657,1,0.036838961,-0.192959671,-0.857398297,391
XPC complex,0.24738676,0.99527727,0.112378519,-0.445551899,-1.192059609,19
XRCC2-RAD51D complex,0.097297297,0.933099032,0.19189224,-0.65391908,-1.443189582,9
Xanthine dehydrogenase complex,0.075539568,0.933099032,0.219250347,-0.587471069,-1.46575749,15
Xanthophore,0.36043956,1,0.103197467,0.535857253,1.119079264,7
Xylanosome,0.267504488,1,0.109250039,-0.53293304,-1.199304458,10
Yolk,0.233796296,0.991434175,0.136490438,0.357455161,1.172039981,37
Yolk granule,0.779334501,1,0.051011413,-0.297695565,-0.760851052,16
Yolk plasma,0.36346516,1,0.093444922,-0.589547786,-1.111317848,5
Z chromosome,0.644705882,1,0.074362538,0.315381889,0.863522575,18
Z disc,0.092013889,0.933099032,0.193813303,-0.470042501,-1.357221583,27
Zona pellucida receptor complex,0.903107861,1,0.046230252,-0.301606547,-0.594380475,6
Zymogen granule,0.080438757,0.933099032,0.213927855,-0.729258367,-1.437160228,6
Zymogen granule membrane,0.510357815,1,0.074927882,-0.52838203,-0.996018296,5
[Ni-Fe] hydrogenase complex,0.627383016,1,0.060640401,-0.3316971,-0.874505717,18
acetyl-CoA carboxylase complex,0.250591017,0.99527727,0.132846301,0.382426908,1.14943409,26
actin-based cell projection,0.989778535,1,0.038796221,-0.172504886,-0.585508654,57
"alpha,alpha-trehalose-phosphate synthase complex (UDP-forming)",0.881170018,1,0.047353425,-0.319125902,-0.628906125,6
"alpha-1,6-mannosyltransferase complex",0.254113346,0.99527727,0.113787262,-0.618886564,-1.219648886,6
alpha-beta T cell receptor complex,0.792626728,1,0.063079041,0.264965924,0.776052798,23
aminoacyl-tRNA synthetase multienzyme complex,0.639084507,1,0.060509299,-0.315259328,-0.877285304,23
ascospore-type prospore,0.089686099,0.933099032,0.224966094,0.563122772,1.485155912,15
bacterial-type flagellum,0.245045045,0.99527727,0.115240003,-0.554966182,-1.224802023,9
bacterial-type flagellum filament,0.88700565,1,0.048408762,-0.326540255,-0.615539608,5
bacterial-type flagellum hook,0.045045045,0.933099032,0.287857117,-0.710994433,-1.569154029,9
bacterial-type flagellum part,0.052158273,0.933099032,0.266350657,-0.655472401,-1.507316281,11
bacteroid-containing symbiosome,0.183856502,0.98228626,0.153158809,0.526976335,1.26734752,11
beta-galactosidase complex,0.976415094,1,0.054343439,0.180767569,0.682061713,75
calcium- and calmodulin-dependent protein kinase complex,0.320422535,1,0.09688777,-0.400652929,-1.114913644,23
carbamoyl-phosphate synthase complex,0.464351005,1,0.078295525,-0.480232142,-1.016764946,8
cell-cell adherens junction,0.717073171,1,0.051426492,-0.220682973,-0.902995356,182
cell-cell contact zone,0.765957447,1,0.052375908,-0.28294858,-0.778591313,22
cell-cell junction,0.60371517,1,0.057125851,-0.221647991,-0.942801129,260
cell-substrate adherens junction,0.003525673,0.62357438,0.431707696,-0.533115837,-1.674146196,40
cell-substrate junction,0.003525673,0.62357438,0.431707696,-0.533115837,-1.674146196,40
chaperone-mediated autophagy translocation complex,0.495291902,1,0.076476705,-0.538398662,-1.014899992,5
chaperonin-containing T-complex,0.879341865,1,0.047448319,-0.301789506,-0.63895971,8
"chromosome, centromeric region",0.927083333,1,0.042673386,-0.225469813,-0.651031546,27
"chromosome, telomeric region",0.660071942,1,0.05998925,-0.369470703,-0.849630291,11
cis-Golgi network,0.20609319,0.983649444,0.12687573,-0.524199865,-1.244316495,12
clathrin-coated endocytic vesicle,0.96,1,0.055021112,0.200437102,0.548801212,18
clathrin-coated endocytic vesicle membrane,0.993150685,1,0.052057003,0.183288653,0.472017397,14
clathrin-coated pit,0.461358314,1,0.092259726,0.317644282,0.991508288,30
clathrin-coated vesicle,0.988207547,1,0.053787281,0.183050434,0.636143835,50
clathrin-coated vesicle membrane,0.894366197,1,0.044954307,-0.244649412,-0.680796139,23
cullin-RING ubiquitin ligase complex,0.05734767,0.933099032,0.252961123,-0.650140417,-1.543267176,12
cyclic-nucleotide phosphodiesterase complex,0.429223744,1,0.094975153,0.396449732,1.020964295,14
cyclin-dependent protein kinase activating kinase holoenzyme complex,0.687912088,1,0.06767604,0.370963147,0.805862749,8
cyclin/CDK positive transcription elongation factor complex,0.665893271,1,0.072003314,0.318150266,0.848136641,16
"cytoplasmic, membrane-bounded vesicle",0.57443609,1,0.058098358,-0.213450461,-0.957977987,426
follicle-stimulating hormone complex,0.747008547,1,0.051845762,-0.250712512,-0.814530779,47
fungal-type cell wall,0.625235405,1,0.064794337,-0.46499826,-0.87653771,5
gamma-delta T cell receptor complex,0.736238532,1,0.066436414,0.257346339,0.824225685,32
gamma-secretase complex,0.548926014,1,0.08359906,0.255060736,0.943610185,70
glutamate-cysteine ligase complex,0.08777969,0.933099032,0.197822021,-0.491459404,-1.389395565,24
glutamyl-tRNA(Gln) amidotransferase complex,0.249406176,0.99527727,0.133554955,0.393157634,1.158198781,24
glycerol-3-phosphate dehydrogenase complex,0.996491228,1,0.039840695,-0.182863609,-0.564723881,37
haptoglobin-hemoglobin complex,0.509009009,1,0.084555744,0.390411398,0.960381478,12
high-density lipoprotein particle,0.543889845,1,0.067206509,-0.333543116,-0.942953421,24
horsetail-astral microtubule array,0.506849315,1,0.085535695,0.372218738,0.958562992,14
i-AAA complex,0.905617978,1,0.05559471,0.270841094,0.630588715,10
interleukin-1 receptor complex,0.201769912,0.98228626,0.127505315,-0.44907823,-1.227477165,21
interleukin-12 complex,0.770408163,1,0.050193425,-0.227862852,-0.853362553,101
interleukin-12 receptor complex,0.858744395,1,0.057975476,0.253242418,0.667890721,15
interleukin-13 receptor complex,0.389010989,1,0.09854998,0.554794012,1.106532817,6
interleukin-18 receptor complex,0.639065817,1,0.069613344,0.440645135,0.84436485,5
interleukin-2 receptor complex,0.317241379,1,0.096240602,-0.340246602,-1.10168823,46
interleukin-23 complex,0.293103448,1,0.100990587,-0.305581647,-1.099503069,81
interleukin-23 receptor complex,0.785234899,1,0.062112419,0.32915484,0.739166581,9
interleukin-27 complex,0.936206897,1,0.041908175,-0.210687798,-0.67198726,43
interleukin-3 receptor complex,0.779279279,1,0.062800398,0.309172259,0.760539555,12
interleukin-35 complex,0.175043328,0.98228626,0.136490438,-0.38129386,-1.248637771,49
interleukin-4 receptor complex,0.507194245,1,0.072893856,-0.418386261,-0.962115908,11
interleukin-5 receptor complex,0.804387569,1,0.051530912,-0.359054731,-0.731799385,7
interleukin-6 receptor complex,0.416376307,1,0.081526514,-0.387307799,-1.036229415,19
interleukin-9 receptor complex,0.624175824,1,0.072535186,0.392519455,0.852690651,8
intermediate-density lipoprotein particle,0.342756184,1,0.093145458,-0.363843767,-1.085937148,32
iron-sulfur cluster assembly complex,0.945882353,1,0.055710423,0.215740475,0.608856075,20
iron-sulfur cluster transfer complex,0.943262411,1,0.042845051,-0.22523476,-0.553242222,14
laminin-1 complex,0.998287671,1,0.038637237,-0.17494267,-0.614275486,68
laminin-10 complex,0.983451537,1,0.054120057,0.185635711,0.557952408,26
laminin-11 complex,0.965265082,1,0.0431902,-0.249848393,-0.509222925,7
laminin-2 complex,0.428571429,1,0.095603149,0.342181819,1.002208714,23
laminin-5 complex,0.820330969,1,0.062661823,0.223788312,0.822622765,66
laminin-6 complex,0.59447983,1,0.073255866,0.467396838,0.895626501,5
laminin-8 complex,0.762831858,1,0.052482762,-0.28276587,-0.772891282,21
light-harvesting complex,0.716981132,1,0.053897903,-0.264933922,-0.831973255,40
"light-harvesting complex, core complex",0.74204947,1,0.05367696,-0.274154868,-0.818249431,32
"light-harvesting complex, peripheral complex",0.303819444,1,0.099233334,-0.385911876,-1.114299083,27
low-density lipoprotein particle,0.330341113,1,0.096240602,-0.503940638,-1.134060395,10
m-AAA complex,0.972157773,1,0.053787281,0.204743822,0.545813586,16
mRNA cleavage stimulating factor complex,0.146171694,0.979495798,0.176694269,0.489862088,1.321053102,17
mRNA editing complex,0.493955095,1,0.072179797,-0.339260884,-0.97417766,26
membrane-enclosed lumen,0.105670103,0.933099032,0.222056046,0.27531733,1.191355472,190
methylcrotonoyl-CoA carboxylase complex,0.804387569,1,0.051530912,-0.359960877,-0.733646226,7
micropexophagy-specific membrane apparatus,0.98018018,1,0.041823869,-0.213548828,-0.471299055,9
monolayer-surrounded lipid storage body,0.426914153,1,0.096240602,0.377338256,1.017600434,17
nitric-oxide synthase complex,0.070921986,0.933099032,0.261663522,0.363128736,1.334823799,66
non-membrane-bounded organelle,0.354545455,1,0.082664645,-0.233816392,-1.036310254,374
nucleolus-like body,0.068100358,0.933099032,0.23112671,-0.627323108,-1.489104718,12
nucleotide-excision repair factor 2 complex,0.539278132,1,0.078295525,0.492032813,0.942833993,5
nucleotide-excision repair factor 3 complex,0.211235955,0.983649444,0.142056644,0.536280533,1.248600969,10
piccolo-bassoon transport vesicle,0.679849341,1,0.060771945,-0.445051763,-0.838937877,5
plant-type cell wall,0.863741339,1,0.05909548,0.218551563,0.802638724,64
plant-type vacuole,0.55042735,1,0.066284219,-0.295870737,-0.926357128,39
plant-type vacuole membrane,0.46819788,1,0.076083716,-0.335328149,-1.000828725,32
plastid-encoded plastid RNA polymerase complex,0.769053118,1,0.064648457,0.230056695,0.844891747,64
plastid-encoded plastid RNA polymerase complex A,0.09047619,0.933099032,0.23112671,0.396690432,1.347478506,45
plastid-encoded plastid RNA polymerase complex B,0.898584906,1,0.058221624,0.214940867,0.761633242,55
platelet-derived growth factor complex,0.86492891,1,0.060248409,0.206497248,0.827897376,108
post-anaphase microtubule array,0.641552511,1,0.07307444,0.298664976,0.867637557,22
pre-B cell receptor complex,0.442708333,1,0.078089231,-0.348974011,-1.007643051,27
pre-T cell receptor complex,0.922535211,1,0.056767239,0.225756433,0.679737408,27
pre-autophagosomal structure,0.771428571,1,0.062112419,0.361653697,0.721315795,6
pre-primosome complex,0.421146953,1,0.082434409,-0.436540966,-1.036236675,12
pre-replicative complex,0.445993031,1,0.077884011,-0.37739317,-1.009703147,19
"preribosome, large subunit precursor",0.531992687,1,0.071305299,-0.457726314,-0.969114789,8
procollagen-proline 4-dioxygenase complex,0.005087272,0.651754042,0.407017919,0.835029552,1.665460663,6
protein-DNA complex,0.630630631,1,0.062249043,-0.389545787,-0.859721697,9
protein-carbohydrate complex,0.784172662,1,0.065532103,0.235088917,0.809290745,47
protein-lipid complex,0.397887324,1,0.084555744,-0.339073424,-1.029411694,35
proton-transporting V-type ATPase complex,0.349177331,1,0.094050347,-0.552724832,-1.126523779,7
proton-transporting two-sector ATPase complex,0.407678245,1,0.085288469,-0.500792976,-1.060297092,8
"proton-transporting two-sector ATPase complex, catalytic domain",0.576271186,1,0.06879431,-0.489786055,-0.923263557,5
pyrophosphate-dependent phosphofructokinase complex,0.453448276,1,0.076476705,-0.338622771,-0.992304833,29
"retromer, cargo-selective complex",0.134065934,0.965763349,0.179782316,0.637315043,1.384472976,8
ribonucleoside-diphosphate reductase complex,0.103529412,0.933099032,0.213927855,0.392350715,1.317079725,42
senescence-associated heterochromatin focus,0.861702128,1,0.046975873,-0.277946537,-0.673183255,13
serine-type peptidase complex,0.093235832,0.933099032,0.197822021,-0.71343723,-1.40598128,6
serine/threonine protein kinase complex,0.692446043,1,0.057730855,-0.357137612,-0.821269266,11
serotonin-activated cation-selective channel complex,0.507692308,1,0.083363407,0.486751762,0.970823021,6
single-stranded DNA-binding protein complex,0.101754386,0.933099032,0.184706471,-0.447849584,-1.383060069,37
skein-like inclusion,0.652466368,1,0.071305299,0.359198165,0.863850752,11
spectrin-associated cytoskeleton,0.455743879,1,0.080858915,-0.548726536,-1.03436839,5
sub-surface cisterna,0.15819209,0.979495798,0.151148761,-0.702887339,-1.324966803,5
succinate-CoA ligase complex,0.380255941,1,0.089164712,-0.530287027,-1.080792668,7
sucrase-isomaltase complex,0.938823529,1,0.056059588,0.219045348,0.618182987,20
tRNA-intron endonuclease complex,0.367458867,1,0.091107313,-0.540670054,-1.101954602,7
tetraspanin-enriched microdomain,0.019581428,0.684486699,0.352487858,-0.828143016,-1.561078062,5
trans-Golgi network,0.935560859,1,0.056886416,0.197484493,0.708491888,58
trans-Golgi network membrane,0.13317757,0.965763349,0.186432558,0.489388015,1.352539299,19
trans-Golgi network transport vesicle,0.863013699,1,0.058593757,0.264130039,0.680205627,14
trans-Golgi network transport vesicle membrane,0.581352834,1,0.066896628,-0.465768297,-0.917896457,6
triglyceride-rich lipoprotein particle,0.852889667,1,0.046881986,-0.272838551,-0.707720596,17
very-low-density lipoprotein particle,0.851138354,1,0.046975873,-0.274296283,-0.711501831,17
voltage-gated calcium channel complex,0.919020716,1,0.046788297,-0.309594576,-0.583596423,5
voltage-gated potassium channel complex,0.478976234,1,0.076674687,-0.517394639,-1.019637252,6
voltage-gated sodium channel complex,0.709382151,1,0.068151344,0.287472932,0.827103826,21