pathway,pval,padj,log2err,ES,NES,size
1-alkyl-2-acetylglycerophosphocholine esterase complex,0.459143969,0.960671121,0.082205492,-0.355422904,-0.997432199,21
3-methyl-2-oxobutanoate dehydrogenase (lipoamide) complex,0.002479813,0.144523523,0.431707696,0.783365884,1.773993688,10
"3-methylcrotonyl-CoA carboxylase complex, mitochondrial",0.26640159,0.85873256,0.116234149,0.583610715,1.198743192,7
4-aminobutyrate transaminase complex,0.263581489,0.85873256,0.117765788,0.402161715,1.134078381,22
5-lipoxygenase complex,0.280163599,0.864557346,0.114750719,0.421024048,1.142417906,19
"6-phosphofructo-2-kinase/fructose-2,6-biphosphatase complex",0.12992126,0.730462436,0.172324345,0.538546204,1.349006095,14
6-phosphofructokinase complex,0.208661417,0.831289379,0.132846301,0.499781349,1.251903886,14
A band,0.087221095,0.712172151,0.216542837,-0.587926375,-1.4260017,12
ACF complex,0.078156313,0.712172151,0.227987203,0.694137072,1.459505851,8
AIM2 inflammasome complex,0.30417495,0.890825681,0.107554375,-0.527578265,-1.151417195,8
AP-1 adaptor complex,0.305084746,0.890825681,0.111462667,0.335536079,1.099155544,43
AP-type membrane coat adaptor complex,0.05465587,0.704722153,0.276500599,-0.607252434,-1.527018486,14
ARC complex,0.657786885,1,0.066436414,0.312167748,0.86591948,21
ASAP complex,0.120724346,0.730462436,0.181383128,0.46225807,1.303547463,22
ASTRA complex,0.284569138,0.864557346,0.112378519,0.564519918,1.18697035,8
ATG1/ULK1 kinase complex,0.072,0.712172151,0.237793834,-0.577422374,-1.475143455,15
ATP-sensitive potassium channel complex,0.641393443,1,0.06767604,0.321962077,0.883613292,20
ATPase complex,0.420118343,0.943162444,0.087831263,0.558414791,1.052204745,5
ATPase dependent transmembrane transport complex,0.420118343,0.943162444,0.087831263,0.558414791,1.052204745,5
ATPase inhibitor complex,0.722334004,1,0.061036373,0.29454844,0.830613669,22
Acetyltransferase complex,0.076767677,0.712172151,0.23112671,-0.769465923,-1.464371277,5
Acid phosphatase complex,0.095137421,0.722792947,0.211400189,0.38985436,1.33334236,50
Acidocalcisome,0.879759519,1,0.051635596,0.292935779,0.679992666,11
Acrosomal matrix,0.675456389,1,0.064648457,-0.382791057,-0.852341753,9
Acrosomal membrane,0.841683367,1,0.05367696,-0.350857866,-0.696401989,6
Acrosomal vesicle,0.473684211,0.963907674,0.08063885,-0.357484067,-0.978470662,19
Actin cap,0.045288769,0.659857367,0.321775918,0.540265695,1.482739686,20
Actin cortical patch,0.936305732,1,0.051426492,0.20273774,0.683129729,48
Actin cytoskeleton,0.02361477,0.505981181,0.352487858,-0.469840499,-1.587836223,50
Actin cytoskeleton-regulatory complex,0.25984252,0.85873256,0.117249717,0.477376571,1.195782088,14
Actin filament,0.02361477,0.505981181,0.352487858,-0.469840499,-1.587836223,50
Actin filament bundle,0.761904762,1,0.055942859,-0.269496603,-0.805679809,28
Actin filament bundle of actin-based cell projection,0.321212121,0.897559826,0.105125132,-0.599936008,-1.141738746,5
Actin rod,0.483300589,0.967057919,0.07998588,0.434249275,0.983391654,10
Activin A complex,0.96049896,1,0.049291766,0.190079228,0.676363688,61
Activin AB complex,0.966165414,1,0.044418115,-0.205150943,-0.652047607,38
Activin B complex,0.801619433,1,0.056411839,-0.300111068,-0.754669925,14
Activin complex,0.883333333,1,0.053238649,0.208165635,0.765474471,70
Activin receptor complex,0.905737705,1,0.051322333,0.235249109,0.680909327,24
Actomyosin,0.514619883,0.971296402,0.076279718,-0.329315703,-0.966328632,27
Actomyosin contractile ring,0.994219653,1,0.044240742,-0.162559797,-0.50623189,35
Adenylyltransferase complex,0.086868687,0.712172151,0.216542837,-0.759383763,-1.445183909,5
Adherens junction,0.031037614,0.565272539,0.352487858,-0.472691134,-1.508485596,39
Aggresome,0.658153242,1,0.064358337,0.378810246,0.857845612,10
Amino acid transport complex,0.100200401,0.722792947,0.199915231,0.60440013,1.402995759,11
Amphisome,0.892703863,1,0.054120057,0.233851906,0.713538777,32
Amyloplast,0.44952381,0.959956076,0.082205492,-0.323377974,-1.007978379,34
Anchored component of membrane,0.995780591,1,0.048311758,0.16296747,0.526272554,39
Anchored component of plasma membrane,0.448897796,0.959956076,0.085042746,0.481037239,1.011438075,8
Anchoring collagen complex,0.988,1,0.046230252,-0.188910616,-0.482610775,15
Anchoring junction,0.026124158,0.514363481,0.352487858,-0.472378944,-1.512756862,40
Annulate lamellae,0.050290135,0.695239731,0.28201335,0.61553173,1.514564425,13
Annuli extracellular matrix,0.442,0.955977139,0.085784441,-0.381670477,-0.999651814,17
Apical complex,0.243107769,0.855066398,0.139599673,0.239536938,1.070049418,327
Apical cytoplasm,0.398760331,0.93107981,0.093444922,0.345461431,1.043464619,29
Apical junction complex,0.873210634,1,0.052912985,0.249911146,0.714272428,23
Apical part of cell,0.331941545,0.898560504,0.105125132,0.282738898,1.058840855,79
Apical plasma membrane,0.051759834,0.695239731,0.287857117,0.387027443,1.383111379,62
Apical recycling endosome,0.282868526,0.864557346,0.112378519,0.433805841,1.144650906,17
Apicoplast,0.374257426,0.92135883,0.094664622,-0.374775729,-1.062674093,22
Apolipoprotein B mRNA editing enzyme complex,0.312883436,0.893316983,0.107554375,0.385715109,1.102414483,23
Apoplast,0.637898687,1,0.063642408,-0.269105553,-0.893371095,46
Apoptosome,0.724752475,1,0.060118614,-0.289981172,-0.822239691,22
Apoptotic body,0.131524008,0.731414046,0.176694269,0.370280094,1.270135269,51
Arbuscule,0.14556962,0.760196906,0.168238166,0.388617609,1.254966904,39
Arp2/3 protein complex,0.006197267,0.257983368,0.407017919,0.784224767,1.648925956,8
Aryl hydrocarbon receptor complex,0.323404255,0.897559826,0.10797236,0.341312156,1.09644057,38
Asi complex,0.560229446,0.987006411,0.070960946,-0.285165155,-0.933381294,44
Aster,0.169811321,0.792927708,0.145516146,-0.381026276,-1.241478842,43
Astral microtubule,0.066037736,0.712172151,0.241339977,-0.44831752,-1.412441605,37
Autophagosome,0.118,0.730462436,0.183023938,-0.527521925,-1.347662562,15
Autosome,0.277673546,0.864557346,0.109684062,-0.33550088,-1.113788938,46
Auxin efflux carrier complex,0.353634578,0.902349169,0.097544922,0.486817711,1.102437016,10
Axon,0.284369115,0.864557346,0.108394256,-0.29147669,-1.081035531,89
Axon collateral,0.914851485,1,0.049291766,-0.229435254,-0.65056214,22
Axon cytoplasm,0.282306163,0.864557346,0.112378519,-0.493475148,-1.168624765,11
Axon part,0.694339623,1,0.059860312,-0.257122058,-0.864977379,49
Axon terminus,0.373540856,0.92135883,0.093746542,-0.381207326,-1.056297235,20
Axonal growth cone,0.949494949,1,0.048505984,-0.30399733,-0.578537587,5
Axonemal central apparatus,0.244444444,0.855066398,0.123257226,-0.642072511,-1.221928762,5
Axonemal microtubule,0.640562249,1,0.066742613,-0.327744399,-0.87412987,18
Axonemal outer doublet,0.719681909,1,0.060640401,-0.366844912,-0.800623466,8
Axoneme,0.322200393,0.897559826,0.103197467,0.516486576,1.127610802,9
Azurophil granule,0.735470942,1,0.05998925,0.343571909,0.797534459,11
B cell receptor complex,0.48372093,0.967057919,0.089164712,0.247815009,0.990478258,143
B800-820 antenna complex,0.091617934,0.720595963,0.206587923,-0.492640977,-1.410118175,23
B800-850 antenna complex,0.821218075,1,0.053897903,0.300169508,0.718008254,12
B875 antenna complex,0.083690987,0.712172151,0.227987203,0.444175004,1.355285463,32
BAD-BCL-2 complex,0.005666387,0.24282133,0.407017919,-0.662915402,-1.736274153,17
BAK complex,0.664543524,1,0.06767604,0.263527941,0.887963789,48
BAT3 complex,0.154440154,0.771445539,0.155241966,-0.42083199,-1.259407699,29
BAX complex,0.621908127,1,0.061976274,-0.230211143,-0.943175117,193
BCL-2 complex,0.960784314,1,0.056886416,0.182148701,0.803313911,286
BLOC-3 complex,0.666003976,1,0.064358337,-0.390245671,-0.851694631,8
BMP receptor complex,0.582278481,0.999269431,0.073990144,0.283379237,0.91511953,39
BRCA1-B complex,0.448484848,0.959956076,0.085535695,-0.544900847,-1.037001283,5
BRCA1-BARD1 complex,0.845691383,1,0.053457214,-0.346848084,-0.688443154,6
BRCA1-C complex,0.211045365,0.831289379,0.132147261,0.653725441,1.23179583,5
BRISC complex,0.078156313,0.712172151,0.227987203,-0.698447955,-1.441991986,7
Bacterial nucleoid,0.568376068,0.991090314,0.07588869,0.286624667,0.933193621,41
Bam protein complex,0.099009901,0.722792947,0.199915231,-0.491860681,-1.394667699,22
Banded collagen fibril,0.745526839,1,0.058969447,0.387208037,0.773271488,6
Barr body,0.437869822,0.954303397,0.085535695,0.54889878,1.034274002,5
Basal cortex,0.190669371,0.816887194,0.142056644,-0.556913311,-1.278889834,10
Basal labyrinth,0.805500982,1,0.05479395,0.307406137,0.735318337,12
Basal lamina,0.502982107,0.969659564,0.078502905,-0.404534756,-0.958000289,11
Basal part of cell,0.083172147,0.712172151,0.216542837,0.581656188,1.431210981,13
Basal plasma membrane,0.320641283,0.897559826,0.104732822,0.542461354,1.140589592,8
Basement membrane,0.052966102,0.695239731,0.287857117,0.419958996,1.419882605,49
Basilar dendrite,0.216699801,0.837960494,0.130777138,0.612749487,1.258594569,7
Basolateral cytoplasm,0.324649299,0.897559826,0.103958472,0.540586989,1.136648516,8
Basolateral plasma membrane,0.917197452,1,0.052375908,0.213606208,0.719751298,48
Bcl-2 family protein complex,1,1,0.037070539,-0.170124187,-0.734326276,327
Bicellular tight junction,0.948875256,1,0.049093967,0.230009866,0.624114918,19
Biofilm matrix,0.100208768,0.722792947,0.204294757,0.401591478,1.329229811,44
Biofilm matrix component,0.099156118,0.722792947,0.206587923,0.41748751,1.348196779,39
Blood microparticle,0.375690608,0.92135883,0.090263548,-0.276584802,-1.038576169,93
Bounding membrane of organelle,1,1,0.058469321,0.162200524,0.740713375,455
Brahma complex,0.097276265,0.722792947,0.199915231,-0.491348992,-1.378884984,21
Brush border,0.380952381,0.921461634,0.096240602,0.33340624,1.051870766,35
Brush border membrane,0.121856867,0.730462436,0.176694269,0.563858237,1.387417717,13
Bunina body,0.130350195,0.730462436,0.170932335,-0.482680836,-1.337472806,20
C-fiber,0.840490798,1,0.054680849,0.265360523,0.758428376,23
CAF-1 complex,0.081027668,0.712172151,0.222056046,-0.496887657,-1.430756154,25
CBF3 complex,0.473161034,0.963907674,0.081751558,0.488272372,1.002917127,7
CBM complex,0.531073446,0.971296402,0.072893856,-0.285025951,-0.952317339,48
CGRP receptor complex,0.5250501,0.971296402,0.076674687,-0.485467422,-0.963582439,6
CHRAC,0.648261759,1,0.067051258,0.320851642,0.870607422,19
CIA complex,0.529182879,0.971296402,0.074738523,-0.342576658,-0.949254517,20
CKM complex,0.951271186,1,0.050600424,0.19744345,0.646789053,43
CMG complex,0.688259109,1,0.063642408,-0.330597215,-0.831331469,14
COMA complex,0.928278689,1,0.050193425,0.236718859,0.649666359,20
COP9 signalosome,2.02E-05,0.003673578,0.575610261,-0.900350075,-2.004764605,9
COPI vesicle coat,0.993914807,1,0.046601507,-0.195816349,-0.436014497,9
COPI-coated vesicle,0.39148073,0.924452875,0.093444922,-0.434867898,-1.054761936,12
COPI-coated vesicle membrane,0.37525355,0.92135883,0.095920678,-0.468731748,-1.076390626,10
CORVET complex,0.591633466,1,0.070281284,0.355936763,0.913822273,15
CSF1-CSF1R complex,0.691848907,1,0.062523741,0.407286431,0.836571062,7
CST complex,0.590163934,1,0.071827629,0.325665603,0.903361067,21
CTDK-1 complex,0.523346304,0.971296402,0.075309376,-0.341936229,-0.959584205,21
CVT complex,0.000857522,0.089243554,0.477270815,0.740396001,1.854620293,14
CVT vesicle,0.208747515,0.831289379,0.133554955,0.628776704,1.255694743,6
Calcineurin complex,0.898089172,1,0.053347785,0.232400773,0.716648953,33
Calcitonin family receptor complex,0.803607214,1,0.055826472,0.349405684,0.734667056,8
Calcium channel complex,0.254509018,0.855066398,0.119887845,0.516558826,1.199089488,11
Calprotectin complex,0.116541353,0.730462436,0.178219875,-0.41409171,-1.316140711,38
Calyx of Held,0.354251012,0.902349169,0.099233334,-0.437977479,-1.101353687,14
Carboxysome,0.616895874,1,0.067518895,0.391317478,0.886169221,10
Cardiac Troponin complex,0.467326733,0.963907674,0.082205492,-0.349912115,-0.992173481,22
Cardiac myofibril,0.439071567,0.954303397,0.084314432,0.408795752,1.005874228,13
Caspase complex,0.957494407,1,0.052805005,0.191588823,0.733605295,96
Catalytic complex,0.394097222,0.926137808,0.084314432,-0.252457183,-1.023085784,170
Catalytic step 2 spliceosome,0.219123506,0.837960494,0.130105631,0.47998521,1.232300848,15
Cation channel complex,0.646825397,1,0.06568136,0.318530772,0.859290715,18
Caveola,0.512871287,0.971296402,0.077274697,-0.335674913,-0.95180399,22
Cdc42 GTPase complex,0.469262295,0.963907674,0.083836106,0.356522847,0.988955715,21
Cell body,0.998230088,1,0.040166098,-0.167915639,-0.639109277,106
Cell cortex,0.278937381,0.864557346,0.110122264,-0.299409448,-1.095125915,80
Cell cortex part,0.050943396,0.695239731,0.276500599,-0.438026849,-1.427200955,43
Cell division site,0.813229572,1,0.053897903,-0.272283708,-0.754477965,20
Cell division site part,0.740740741,1,0.058345278,-0.289737794,-0.793042144,19
Cell junction,0.008610723,0.309490872,0.380730401,-0.42427484,-1.546754214,79
Cell leading edge,0.974418605,1,0.053787281,0.179564931,0.713353406,125
Cell outer membrane,0.407725322,0.941867001,0.094356364,0.335500794,1.02369414,32
Cell periphery,0.262435678,0.85873256,0.107554375,-0.252222692,-1.075425054,289
Cell plate,0.645914397,1,0.064794337,-0.312549846,-0.877116463,21
Cell pole,0.883268482,1,0.050092287,-0.248372078,-0.688220611,20
Cell projection,0.997461929,1,0.056767239,0.166119988,0.755004103,412
Cell projection cytoplasm,0.596,1,0.070113216,-0.350537415,-0.895519463,15
Cell projection membrane,0.720833333,1,0.062800398,0.238004487,0.875199016,70
Cell projection part,0.977116705,1,0.052912985,0.181161085,0.76393685,195
Cell septum,0.220238095,0.838733553,0.129442888,0.453240863,1.222694004,18
Cell surface,0.124401914,0.730462436,0.195789002,0.267859465,1.155105156,245
Cell surface furrow,0.73294347,1,0.058843817,-0.292055661,-0.799386386,19
Cell trailing edge,0.892644135,1,0.050600424,-0.292698953,-0.638803054,8
Cell wall,0.75059952,1,0.06767604,0.212221964,0.909085957,227
Cell wall part,0.16023166,0.783414527,0.152144922,-0.419466992,-1.255322722,29
Cell wall-bounded periplasmic space,0.715976331,1,0.060509299,0.437492986,0.824355306,5
Cellular bud,0.724137931,1,0.061302608,-0.345010861,-0.792279291,10
Cellular bud neck,0.755467197,1,0.058345278,-0.35577604,-0.776466123,8
Cellular bud neck septin ring,0.755467197,1,0.058345278,-0.35577604,-0.776466123,8
Cellular bud neck septin structure,0.755467197,1,0.058345278,-0.35577604,-0.776466123,8
Cellulose microfibril,0.915520629,1,0.048897077,0.272212,0.616445495,10
Cellulose synthase complex,0.066132265,0.712172151,0.248911114,0.628126093,1.458070905,11
Cellulosome,0.037586709,0.615323982,0.321775918,-0.639186794,-1.632933289,15
Central cylinder,0.88667992,1,0.050908287,0.311692375,0.622463388,6
Central vacuole,0.266393443,0.85873256,0.118287526,0.391988249,1.134577959,24
Centralspindlin complex,0.811740891,1,0.055826472,-0.297201375,-0.747353107,14
Centriolar satellite,0.068686869,0.712172151,0.245041785,-0.770480733,-1.466302563,5
Centriole,0.254863813,0.855066398,0.117765788,-0.415625903,-1.166381383,21
Centrosome,0.984703633,1,0.044329345,-0.175317103,-0.593531462,51
Cerebellar mossy fiber,0.706114398,1,0.061169263,0.443125178,0.834967881,5
Chaperonin ATPase complex,0.342799189,0.898560504,0.101350744,-0.497147824,-1.106974263,9
Checkpoint clamp complex,0.948571429,1,0.045862034,-0.212686069,-0.635840561,28
Chiasma,0.08249497,0.712172151,0.222056046,0.49371787,1.392262718,22
Chloride channel complex,0.904572565,1,0.049991391,0.29315405,0.602141825,7
Chloroplast,0.989361702,1,0.040657934,-0.18046731,-0.719109905,157
Chloroplast ATP synthase complex,0.422845691,0.944324197,0.088359444,0.499955921,1.051216857,8
Chloroplast envelope,0.944656489,1,0.046137916,-0.200286198,-0.689664048,57
Chloroplast inner membrane,0.990548204,1,0.043537824,-0.171741453,-0.580403989,50
Chloroplast membrane,0.885496183,1,0.049093967,-0.21968519,-0.757234939,58
Chloroplast outer membrane,0.833333333,1,0.051011413,-0.239027234,-0.772389974,41
Chloroplast part,0.962546816,1,0.044418115,-0.19076014,-0.693673425,73
Chloroplast ribosome,0.839920949,1,0.053129805,-0.264451691,-0.761471691,25
Chloroplast stroma,0.896186441,1,0.053347785,0.222649166,0.729358423,43
Chloroplast thylakoid,0.802,1,0.055826472,-0.288827428,-0.756482043,17
Chloroplast thylakoid lumen,0.997979798,1,0.046230252,-0.22576341,-0.429650545,5
Chloroplast thylakoid membrane,0.748478702,1,0.059731798,-0.329228162,-0.798535221,12
Chloroplast thylakoid membrane protein complex,0.748478702,1,0.059731798,-0.329228162,-0.798535221,12
Cholinergic synapse,0.415662651,0.941867001,0.089436683,-0.385124844,-1.02716974,18
Chorion,0.539278132,0.976389121,0.078295525,0.305853564,0.943153646,33
Chromaffin granule membrane,0.883534137,1,0.051530912,-0.259804116,-0.692925763,18
Chromatin,0.937743191,1,0.047353425,-0.224890418,-0.646762867,24
Chromoplast,0.613682093,1,0.068956735,0.343600272,0.893246454,16
Chromosomal part,0.260038241,0.85873256,0.115240003,-0.319809913,-1.126799013,65
Chromosomal region,0.071698113,0.712172151,0.23112671,-0.4459403,-1.404952083,37
Chromosome,0.086042065,0.712172151,0.211400189,-0.356425346,-1.296818006,77
Chromosome passenger complex,0.58019802,0.999269431,0.070960946,-0.352992213,-0.907770337,16
Chylomicron,0.504911591,0.970522676,0.077679856,0.402497359,0.962777424,12
Chylomicron remnant,0.297131148,0.883510371,0.111011492,0.36780699,1.120020397,30
Ciliary basal body,0.977687627,1,0.047353425,-0.22427651,-0.499385318,9
Ciliary base,0.957915832,1,0.04773424,-0.27250682,-0.540886525,6
Ciliary membrane,0.765531062,1,0.058098358,0.330511014,0.767216167,11
Ciliary part,0.850746269,1,0.056059588,0.228941038,0.761723541,46
Ciliary plasm,0.322200393,0.897559826,0.103197467,0.516486576,1.127610802,9
Ciliary pocket,0.401287554,0.934767253,0.095287985,0.336578386,1.026982133,32
Ciliary pocket collar,0.412371134,0.941867001,0.091392433,-0.42988267,-1.052123321,13
Ciliary pocket membrane,0.387673956,0.922942736,0.092848121,0.527683204,1.083867434,7
Ciliary shaft,0.437869822,0.954303397,0.085535695,0.548985244,1.034436923,5
Cilium,0.981171548,1,0.048603425,0.178195799,0.64663485,66
Clathrin adaptor complex,0.223123732,0.839240952,0.130105631,-0.537026605,-1.233222212,10
Clathrin coat,0.244,0.855066398,0.12267919,-0.455431304,-1.192842403,17
Clathrin coat of coated pit,0.264413519,0.85873256,0.116739205,-0.540304205,-1.17919102,8
Clathrin coat of trans-Golgi network vesicle,0.301010101,0.890825681,0.109250039,-0.611825765,-1.164366154,5
Clathrin complex,0.960923623,1,0.042077211,-0.193247309,-0.769592907,152
Clathrin vesicle coat,0.515212982,0.971296402,0.078295525,-0.439981982,-0.979685934,9
Cleavage apparatus septin structure,0.755467197,1,0.058345278,-0.35577604,-0.776466123,8
Cleavage furrow,0.73294347,1,0.058843817,-0.292055661,-0.799386386,19
Climbing fiber,0.151329243,0.771445539,0.161978949,0.431605112,1.29103009,27
Cluster of actin-based cell projections,0.396963124,0.928371222,0.096562955,0.31730031,1.032308593,42
Coated membrane,0.265895954,0.85873256,0.114266502,-0.367365386,-1.144022553,35
Coated vesicle,0.998109641,1,0.0431902,-0.160277579,-0.592503454,86
Coated vesicle membrane,0.968164794,1,0.044152306,-0.187123102,-0.624041713,47
Collagen and cuticulin-based cuticle extracellular matrix,0.47188755,0.963907674,0.082434409,-0.367836536,-0.981059949,18
Collagen and cuticulin-based cuticle extracellular matrix part,0.47188755,0.963907674,0.082434409,-0.367836536,-0.981059949,18
Collagen beaded filament,0.307228916,0.890825681,0.107554375,-0.418449313,-1.116049714,18
Collagen sheet,0.135188867,0.732231148,0.169570644,0.668034613,1.372150859,7
Collagen trimer,0.078389831,0.712172151,0.234392647,0.430502111,1.371520399,37
Compact myelin,0.220907298,0.838733553,0.128788713,0.648660419,1.222251956,5
Complement component C1 complex,0.139097744,0.738534435,0.161978949,-0.398195995,-1.265618095,38
Complex laminated body,0.887525562,1,0.052163031,0.24561251,0.70198647,23
Complex of collagen trimers,0.435203095,0.954303397,0.08479851,0.409576937,1.007796396,13
Condensed chromosome kinetochore,0.07505071,0.712172151,0.234392647,-0.602060351,-1.460283328,12
"Condensed chromosome, centromeric region",0.07505071,0.712172151,0.234392647,-0.602060351,-1.460283328,12
Condensed nuclear chromosome outer kinetochore,0.389662028,0.923260341,0.092552886,-0.487378431,-1.063682762,8
Cone cell pedicle,0.787819253,1,0.055826472,0.339930933,0.742148605,9
Conoid,0.993914807,1,0.046601507,-0.196601942,-0.437763738,9
Contact site,0.650627615,1,0.067992259,0.252346779,0.886830921,57
Contractile actin filament bundle,0.686159844,1,0.061976274,-0.298714683,-0.855030385,23
Contractile fiber,0.247619048,0.855066398,0.118287526,-0.322390522,-1.133315108,63
Contractile fiber part,0.372360845,0.92135883,0.093145458,-0.300799258,-1.041942625,59
Contractile ring,0.875984252,1,0.051011413,0.271840711,0.680934659,14
Contractile vacuolar membrane,0.825049702,1,0.054231594,-0.324756092,-0.708766402,8
Contractile vacuole,0.553149606,0.984052474,0.07307444,-0.323986158,-0.941157426,26
Copper ion transmembrane transporter complex,0.198412698,0.821270743,0.13725078,0.464205152,1.252272031,18
Cornified envelope,0.102204409,0.72947263,0.197822021,0.67986804,1.429503512,8
Cortical Lewy body,0.381709742,0.921461634,0.093746542,-0.491656234,-1.073018885,8
Cortical actin cytoskeleton,0.142023346,0.74434538,0.163180127,-0.464718554,-1.304151319,21
Cortical cytoskeleton,0.08477842,0.712172151,0.213927855,-0.440477114,-1.371701774,35
Cortical endoplasmic reticulum,0.943579767,1,0.047069959,-0.222162805,-0.638918521,24
Cortical granule,0.690721649,1,0.064358337,0.280380344,0.858142982,31
Cortical layer of collagen and cuticulin-based cuticle extracellular matrix,0.47188755,0.963907674,0.082434409,-0.367836536,-0.981059949,18
Cortical microtubule,0.256147541,0.855066398,0.120985142,0.424131282,1.164012983,20
Cortical microtubule cytoskeleton,0.322851153,0.897559826,0.107140237,0.365153537,1.088183238,28
Costamere,0.352941176,0.902349169,0.09957912,-0.491675423,-1.094789141,9
Creatine kinase complex,0.714285714,1,0.058345278,-0.236341599,-0.858207627,74
Crystalloid,0.896761134,1,0.051218435,-0.250171928,-0.629091193,14
Curli,0.06779661,0.712172151,0.252961123,0.437267421,1.393073745,37
Cus cation efflux complex,0.147410359,0.761620186,0.161978949,0.503535341,1.328640903,17
Cuticular plate,0.992217899,1,0.044774889,-0.172117888,-0.476925905,20
Cyanelle,0.690721649,1,0.064358337,-0.341288834,-0.835292897,13
Cyclin D3-CDK4 complex,0.881656805,1,0.050805414,0.33654103,0.634134472,5
Cyst wall,0.000323194,0.039241182,0.498493109,0.602206644,1.944712206,39
Cytochrome b6f complex,0.829025845,1,0.054008827,0.338735904,0.695767485,7
Cytochrome complex,0.190380762,0.816887194,0.14122512,0.552522999,1.282573225,11
Cytolytic granule,0.857699805,1,0.051530912,-0.250919751,-0.736287207,27
Cytoneme,0.618955513,1,0.06658921,0.361285092,0.888970496,13
Cytoplasmic chromatin,0.435897436,0.954303397,0.085784441,0.550893711,1.038032993,5
Cytoplasmic chromosome,0.212814645,0.831289379,0.142901149,0.281671381,1.118104372,120
Cytoplasmic dynein complex,0.519191919,0.971296402,0.077679856,-0.516422963,-0.982804996,5
Cytoplasmic mRNA processing body,0.043081714,0.640563463,0.321775918,-0.574269239,-1.571833974,19
Cytoplasmic membrane-bounded vesicle lumen,0.005340876,0.237050031,0.407017919,0.423134426,1.579632731,80
Cytoplasmic microtubule,0.713995943,1,0.061976274,-0.347635022,-0.798305385,10
Cytoplasmic region,0.249070632,0.855066398,0.116234149,-0.294895881,-1.106855426,94
Cytoplasmic ribonucleoprotein granule,0.067924528,0.712172151,0.237793834,-0.447115025,-1.4086531,37
Cytoplasmic side of membrane,0.499036609,0.969659564,0.077274697,-0.279744591,-0.975676876,62
Cytoplasmic side of plasma membrane,0.281853282,0.864557346,0.110564716,-0.322875768,-1.10485404,55
Cytoplasmic stress granule,0.827037773,1,0.054120057,-0.323235143,-0.705446995,8
Cytoplasmic vesicle,0.378666667,0.92135883,0.112378519,0.222431901,1.015253299,451
Cytoplasmic vesicle membrane,0.968531469,1,0.040988387,-0.184794726,-0.734418585,143
Cytoplasmic vesicle part,0.154394299,0.771445539,0.173747839,0.263128828,1.126379731,225
Cytoproct,0.795959596,1,0.056648418,-0.382031011,-0.727043554,5
Cytoskeletal part,0.221052632,0.838733553,0.120433372,-0.275481741,-1.110489908,165
Cytoskeleton,0.090909091,0.720595963,0.195789002,-0.291914804,-1.202930155,208
Cytoskeleton of presynaptic active zone,0.35261194,0.902349169,0.094664622,-0.347423936,-1.079389703,32
Cytosolic aryl hydrocarbon receptor complex,0.882352941,1,0.052057003,-0.291665682,-0.649437428,9
Cytosolic large ribosomal subunit,0.20233463,0.830426919,0.134273453,-0.425256927,-1.222997372,24
Cytosolic part,4.44E-06,0.001294834,0.610526878,-0.568639365,-2.068937508,77
Cytosolic proteasome complex,5.98E-05,0.008706576,0.557332239,-0.902638763,-1.969970829,8
Cytosolic ribosome,0.096226415,0.722792947,0.197822021,-0.414590785,-1.350840401,43
Cytosolic small ribosomal subunit,0.77029703,1,0.057246114,-0.302735752,-0.778528605,16
Cytostome,0.640471513,1,0.06568136,0.395834296,0.8641987,9
DASH complex,0.389662028,0.923260341,0.092552886,-0.487378431,-1.063682762,8
DNA bending complex,0.75106383,1,0.061840604,0.255970578,0.822286935,38
DNA ligase IV complex,0.624254473,1,0.067518895,0.433900172,0.891235996,7
DNA polymerase III complex,0.905697446,1,0.049391011,0.280181457,0.634492957,10
DNA polymerase processivity factor complex,0.035086426,0.594429333,0.321775918,0.31485645,1.298889136,177
DNA recombinase complex,0.572564612,0.995497184,0.071827629,-0.424206121,-0.925811874,8
DNA replication preinitiation complex,0.636,1,0.066896628,-0.34297159,-0.876191015,15
DNA replication termination region,0.196463654,0.816995463,0.13725078,0.540290613,1.292380168,12
DNA-dependent protein kinase complex,0.161478599,0.783610642,0.152144922,-0.466913545,-1.293782811,20
DPS complex,0.061349693,0.712172151,0.261663522,0.53005843,1.438274711,19
DRM complex,0.758426966,1,0.055364284,-0.252200369,-0.814957497,41
DSIF complex,0.75959596,1,0.058843817,-0.399139512,-0.759602758,5
Dbf4-dependent protein kinase complex,0.807465619,1,0.054680849,0.304477284,0.728312494,12
Delta1 complex,0.994241843,1,0.044064035,-0.168421143,-0.583722946,60
Dendrite,0.631086142,1,0.064070375,-0.243748752,-0.904845967,87
Dendritic branch,0.431492843,0.954303397,0.088359444,0.339547928,1.015665894,27
Dendritic branch point,0.865877712,1,0.051635596,0.346552055,0.652997954,5
Dendritic filopodium,0.809224319,1,0.057609111,0.261166822,0.778295511,28
Dendritic growth cone,0.051330287,0.695239731,0.321775918,-0.786481155,-1.49675298,5
Dendritic knob,0.36969697,0.92135883,0.096562955,-0.579393939,-1.102645117,5
Dendritic lamellar body,0.85483871,1,0.053238649,0.252963226,0.743602621,25
Dendritic microtubule,0.49304175,0.969449162,0.079556468,-0.407385275,-0.964750755,11
Dendritic shaft,0.659229209,1,0.065831196,-0.367070139,-0.842935983,10
Dendritic spine,0.948875256,1,0.049093967,0.221522885,0.633135782,23
Dendritic spine neck,0.514395393,0.971296402,0.075501529,-0.276095922,-0.961473744,61
Dendritic tree,0.206543967,0.831289379,0.136490438,0.399205987,1.194116862,27
Dense fibrillar component,0.366141732,0.92135883,0.095603149,0.425523701,1.065895668,14
Dentate gyrus mossy fiber,0.734817814,1,0.060509299,-0.317320759,-0.797946023,14
Desmosome,0.253549696,0.855066398,0.120985142,-0.524154967,-1.20366392,10
Diamine N-acetyltransferase complex,0.196392786,0.816995463,0.138805109,-0.638326289,-1.266985127,6
Dinoflagellate cingulum,0.498942918,0.969659564,0.082205492,0.286048281,0.978314801,50
Dinoflagellate epicone,0.492277992,0.969449162,0.078089231,-0.284205005,-0.972525902,55
Dinoflagellate sulcus,0.009616534,0.333602134,0.380730401,0.853570258,1.608357603,5
Discoidal high-density lipoprotein particle,0.904669261,1,0.048995409,-0.238705967,-0.686495037,24
DnaB helicase complex,0.451676529,0.960318328,0.083836106,0.54414424,1.02531516,5
Dom34-Hbs1 complex,0.889546351,1,0.050396432,0.331818182,0.625235346,5
Dosage compensation complex,0.579158317,0.999269431,0.071652737,-0.462179082,-0.917358461,6
Dsl1p complex,0.210953347,0.831289379,0.134273453,-0.552717532,-1.230708561,9
Dynactin complex,0.046098164,0.665000254,0.321775918,-0.730750246,-1.508682203,7
Dynein complex,0.689860835,1,0.062661823,-0.350805776,-0.830761831,11
Dystrobrevin complex,0.985943775,1,0.046508405,-0.201210941,-0.536651409,18
EFF-1 complex,0.507014028,0.971296402,0.078502905,0.459339729,0.965816478,8
EGO complex,0.121276596,0.730462436,0.186432558,0.402938068,1.294409349,38
EMILIN complex,0.797520661,1,0.057609111,0.232280497,0.811127123,55
ER membrane insertion complex,0.271510516,0.864557346,0.112378519,-0.339883702,-1.113288099,45
ER to Golgi transport vesicle,0.526859504,0.971296402,0.078089231,0.315718001,0.953624729,29
ER to Golgi transport vesicle membrane,0.462301587,0.963624339,0.082896213,0.363586897,0.980837244,18
ERMES complex,0.070140281,0.712172151,0.241339977,0.623285578,1.446834603,11
ESCRT II complex,0.924124514,1,0.048022042,-0.229570029,-0.644248124,21
ESCRT complex,0.769539078,1,0.057852976,-0.374665642,-0.773521992,7
ESCRT-0 complex,0.089694656,0.720595963,0.206587923,-0.4187681,-1.341072301,40
Early endosome,0.129385965,0.730462436,0.183023938,0.31616458,1.20760088,95
Early endosome membrane,0.182377049,0.802789609,0.146416238,0.403743218,1.229450912,30
Ectoplasm,0.735238095,1,0.057609111,-0.265948342,-0.828968577,34
Efflux pump complex,0.517175573,0.971296402,0.074927882,-0.278544375,-0.959137689,57
Egg coat,0.442348008,0.955977139,0.088359444,0.32360949,1.009320892,34
Eisosome,0.925343811,1,0.048408762,0.27103801,0.591739266,9
Elastic fiber,0.036147304,0.598809752,0.321775918,0.371813664,1.387479669,78
Electron transfer flavoprotein complex,0.827868852,1,0.055479331,0.252355801,0.768456424,30
EmrE multidrug transporter complex,0.714003945,1,0.060640401,0.43851945,0.826289441,5
Endocytic patch,0.932059448,1,0.051635596,0.204321766,0.688467145,48
Endocytic vesicle,0.826007326,1,0.050396432,-0.220958833,-0.831874241,95
Endocytic vesicle lumen,0.055670103,0.705316002,0.276500599,-0.625643426,-1.53124116,13
Endocytic vesicle membrane,0.775047259,1,0.05479395,-0.243014342,-0.821272276,50
Endolysosome,0.957403651,1,0.048311758,-0.24285051,-0.540743118,9
Endolysosome membrane,0.346693387,0.899969818,0.099927697,-0.566396024,-1.124213981,6
Endomembrane system,0.82788296,1,0.047448319,-0.209167355,-0.883613608,273
Endoplasmic reticulum,0.993723849,1,0.048022042,0.167217276,0.598259556,64
Endoplasmic reticulum chaperone complex,0.592445328,1,0.070113216,0.445387093,0.914830266,7
Endoplasmic reticulum exit site,0.833667335,1,0.054120057,0.334563312,0.703459203,8
Endoplasmic reticulum lumen,0.295116773,0.879315211,0.113787262,0.280911353,1.077476255,89
Endoplasmic reticulum membrane,0.764285714,1,0.066436414,0.209630966,0.901367944,234
Endoplasmic reticulum part,0.59047619,1,0.079556468,0.217115332,0.968946179,316
Endoplasmic reticulum subcompartment,0.716024341,1,0.061840604,-0.338176195,-0.820238467,12
Endoplasmic reticulum tubular network,0.724137931,1,0.061302608,-0.357617671,-0.79628943,9
Endoplasmic reticulum-Golgi intermediate compartment,0.286324786,0.865508742,0.116234149,0.344504719,1.121639699,41
Endoplasmic reticulum-Golgi intermediate compartment membrane,0.821011673,1,0.053457214,-0.263690435,-0.740001074,21
Endosomal part,0.948853616,1,0.042331839,-0.193587818,-0.758014206,128
Endosomal scaffold complex,0.932,1,0.048897077,-0.239088306,-0.610799937,15
Endosome,0.998293515,1,0.038478692,-0.172375082,-0.718551205,232
Endosome lumen,0.614931238,1,0.06767604,0.407960479,0.89067299,9
Endosome membrane,0.818671454,1,0.049890736,-0.2170271,-0.84110229,121
Endothelial microparticle,0.89055794,1,0.054231594,0.234709926,0.716156801,32
Enhanceosome,0.017413926,0.430035427,0.352487858,-0.657889837,-1.654353093,14
Ensheathing process,0.785854617,1,0.055942859,0.327824402,0.742384156,10
Epididymosome,0.196819085,0.816995463,0.138022242,-0.529283214,-1.253423753,11
Epsilon DNA polymerase complex,0.06693712,0.712172151,0.248911114,-0.61504598,-1.491779668,12
Etioplast,0.931034483,1,0.049590196,-0.249087594,-0.604156146,12
Eukaryotic 43S preinitiation complex,0.622718053,1,0.068632563,-0.38179796,-0.876756794,10
Eukaryotic 48S preinitiation complex,0.06693712,0.712172151,0.248911114,-0.651719068,-1.496600772,10
Eukaryotic translation elongation factor 1 complex,0.502901354,0.969659564,0.077073673,0.392619488,0.966071253,13
Eukaryotic translation initiation factor 2 complex,0.616122841,1,0.066436414,-0.262911153,-0.915559232,61
Eukaryotic translation initiation factor 2B complex,0.092485549,0.720595963,0.204294757,-0.435651195,-1.35667325,35
Eukaryotic translation initiation factor 3 complex,0.135188867,0.732231148,0.169570644,-0.573109506,-1.357211127,11
"Eukaryotic translation initiation factor 3 complex, eIF3m",0.068686869,0.712172151,0.245041785,-0.77284675,-1.470805332,5
Eukaryotic translation initiation factor 4F complex,0.130260521,0.730462436,0.173747839,-0.654204524,-1.350648498,7
Excitatory synapse,0.540130152,0.976389121,0.079343496,0.291025421,0.946825556,42
Exine,0.789690722,1,0.057975476,-0.311760158,-0.763022459,13
Exocytic vesicle,0.177865613,0.802789609,0.145516146,-0.430491703,-1.239573263,25
External encapsulating structure part,0.452229299,0.960318328,0.087831263,0.295158163,0.994542588,48
External side of plasma membrane,0.000936303,0.090946272,0.477270815,0.464463415,1.73392087,80
Extracellular core region of desmosome,0.609218437,1,0.069119846,-0.428506388,-0.884679772,7
Extracellular exosome complex,0.695067265,1,0.068151344,0.226573181,0.896862398,115
Extracellular ferritin complex,0.382624769,0.921461634,0.089436683,-0.317792692,-1.036778329,42
Extracellular matrix,0.114832536,0.730462436,0.204294757,0.266908313,1.150896747,238
Extracellular matrix component,0.133611691,0.731850503,0.175204048,0.331961343,1.215333899,69
Extracellular non-membrane-bounded organelle,0.168674699,0.792927708,0.151148761,-0.480327121,-1.281084541,18
Extrachromosomal DNA,0.791411043,1,0.057487741,0.278513938,0.796022225,23
Extrachromosomal circular DNA,0.459244533,0.960671121,0.083363407,0.516975252,1.032422324,6
Extrinsic component of cytoplasmic side of plasma membrane,0.26459144,0.85873256,0.115240003,-0.376871817,-1.140177677,30
Extrinsic component of external side of plasma membrane,0.715976331,1,0.060509299,0.436536129,0.822552328,5
Extrinsic component of membrane,0.717267552,1,0.058593757,-0.237208701,-0.86865954,81
Extrinsic component of organelle membrane,0.948310139,1,0.047829963,0.257363781,0.513966794,6
Extrinsic component of plasma membrane,0.806754221,1,0.052589895,-0.239294292,-0.794404282,46
Eyespot apparatus,0.92555332,1,0.049490487,0.233140806,0.657446838,22
F-actin capping protein complex,0.855711423,1,0.052912985,-0.336233285,-0.694175849,7
FACT complex,0.954635108,1,0.047164246,0.281212121,0.529879819,5
FAR/SIN/STRIPAK complex,0.692607004,1,0.061436411,-0.286050272,-0.86540866,30
FHF complex,0.981744422,1,0.047164246,-0.196528659,-0.476675675,12
Fatty acid beta-oxidation multienzyme complex,0.953307393,1,0.046601507,-0.211069932,-0.607016502,24
Fatty acid elongase complex,0.453280318,0.960318328,0.084074558,0.496644136,1.020112828,7
Fatty acid synthase complex,0.256292906,0.855066398,0.128788713,0.264067076,1.085120021,164
Fc receptor complex,0.841004184,1,0.055710423,0.218394102,0.792505985,66
Fc-epsilon receptor I complex,0.334004024,0.898560504,0.102449406,0.385618302,1.087426681,22
Fc-gamma receptor I complex,0.717213115,1,0.062249043,0.300504083,0.824722602,20
Fc-gamma receptor III complex,0.413385827,0.941867001,0.088626113,0.407772149,1.02142975,14
Female germ cell nucleus,0.536862004,0.975310638,0.072535186,-0.281985187,-0.952975097,50
Ferritin complex,0.619589977,1,0.074738523,0.242065699,0.924589755,98
Fertilization envelope,0.516699411,0.971296402,0.076476705,0.39618703,0.947683059,12
Fibril,0.543086172,0.978719207,0.074927882,-0.460085347,-0.949876621,7
Fibrillar collagen trimer,0.815109344,1,0.05479395,0.347420817,0.713606395,7
Fibrillary inclusion,0.21242485,0.831289379,0.132846301,-0.598609215,-1.235868307,7
Fibrinogen complex,0.002179699,0.141244033,0.431707696,0.838896784,1.723103744,7
Filamentous actin,0.196819085,0.816995463,0.138022242,0.635349193,1.268820293,6
Filopodium,0.205944798,0.831289379,0.139599673,0.385172451,1.187747484,33
Filopodium membrane,0.88667992,1,0.050908287,0.304185606,0.62480077,7
Filtration diaphragm,0.984220907,1,0.045770446,0.24123512,0.454552319,5
Flotillin complex,0.934911243,1,0.048118399,0.297575758,0.560713343,5
Focal adhesion,0.021676089,0.489541555,0.352487858,-0.485025634,-1.547848331,39
Food vacuole,0.118852459,0.730462436,0.184706471,0.454299722,1.314933428,24
Formate dehydrogenase complex,0.975471698,1,0.044152306,-0.196292075,-0.618425739,37
Fumarate reductase complex,0.651574803,1,0.064940768,0.342249515,0.857301896,14
Fusome,0.827037773,1,0.054120057,-0.323230498,-0.705436858,8
G-protein coupled receptor complex,0.769722814,1,0.060771945,0.221998741,0.849315593,90
GABA-ergic synapse,1,1,0.045224744,-0.140624766,-0.398740592,22
GAIT complex,0.636363636,1,0.061302608,-0.241144691,-0.917941207,104
GARP complex,0.647969052,1,0.064358337,-0.287971152,-0.882794197,31
GCH1 complex,0.599229287,1,0.067992259,-0.295664074,-0.920373378,36
GET complex,0.253438114,0.855066398,0.118815039,0.549884221,1.200525659,9
GID complex,0.148073022,0.762340613,0.163180127,-0.548502151,-1.330379163,12
GINS complex,0.124248497,0.730462436,0.178219875,-0.655872763,-1.354092688,7
GMP reductase complex,0.032196189,0.572852638,0.321775918,0.645968107,1.545161715,12
GO:0000793,0.070038911,0.712172151,0.237793834,-0.504540307,-1.451008624,24
GO:0000794,0.250497018,0.855066398,0.120433372,0.594156684,1.220404734,7
GO:0000805,0.649895178,1,0.068151344,0.259214727,0.894831425,52
GO:0000806,0.415322581,0.941867001,0.089710465,0.349152957,1.026358884,25
GO:0005667,0.84139265,1,0.052057003,0.284029133,0.69887611,13
GO:0031975,0.413333333,0.941867001,0.086794976,-0.331950126,-1.03469802,34
GO:0042603,0.126789366,0.730462436,0.178219875,0.449870261,1.285776677,23
GO:0043657,0.917171717,1,0.050092287,-0.318763986,-0.606640023,5
GO:0097525,0.855711423,1,0.052912985,-0.336619264,-0.694972728,7
GO:0098791,0.704672897,1,0.058718588,-0.234875255,-0.872246482,88
GO:0098796,0.010723907,0.349407434,0.380730401,0.303728747,1.334722385,278
GO:0098798,0.012880135,0.380198815,0.380730401,0.45386194,1.529298813,48
GO:0098800,0.064853556,0.712172151,0.257206466,0.429030531,1.396417445,40
GO:0098803,0.078556263,0.712172151,0.234392647,0.445144936,1.372683268,33
GPI-anchor transamidase complex,0.731313131,1,0.060640401,-0.40939144,-0.77911321,5
GTPase activator complex,0.498969072,0.969659564,0.080858915,-0.400400863,-0.979967593,13
Galectin complex,0.776744186,1,0.064503125,0.219997549,0.879296175,143
Gas vesicle,0.385395538,0.922942736,0.094356364,-0.461259332,-1.059231048,10
Germ tube,0.503131524,0.969659564,0.081080206,0.29328504,0.970745746,44
Germinal vesicle,0.536862004,0.975310638,0.072535186,-0.281985187,-0.952975097,50
Giant axon,0.656441718,1,0.066436414,0.318877417,0.865250505,19
Gin4 complex,0.755467197,1,0.058345278,-0.35577604,-0.776466123,8
Glial cell projection,0.459566075,0.960671121,0.082896213,0.539734176,1.017005405,5
Glial cytoplasmic inclusion,0.232283465,0.848213052,0.125033368,-0.404623105,-1.17540219,26
Glial filament,0.362704918,0.914292501,0.09854998,0.388967228,1.067506509,20
Glucose transporter complex,0.126168224,0.730462436,0.19189224,0.298826467,1.183729843,124
Glucosidase II complex,0.970472441,1,0.046322779,-0.207924558,-0.604006489,26
Glucosidase complex,0.567287785,0.99105312,0.074362538,0.290869338,0.924707468,36
Glutamate decarboxylase complex,0.661508704,1,0.063359701,0.340633164,0.838154797,13
Glutamate dehydrogenase complex,0.032240162,0.572852638,0.321775918,0.367945231,1.411307324,89
Glutamate synthase complex,0.785425101,1,0.057366743,-0.306156911,-0.769873016,14
Glutamatergic synapse,0.951267057,1,0.046788297,-0.21719531,-0.637327783,27
Glutaminase complex,0.394683027,0.926137808,0.093444922,0.366339659,1.047037404,23
Glutathione hydrolase complex,0.126760563,0.730462436,0.176694269,0.519728471,1.351121206,16
Glutathione synthase complex,0.997979798,1,0.046230252,-0.224466338,-0.427182086,5
Glycine cleavage complex,0.900793651,1,0.050092287,0.254387647,0.686253769,18
Glycocalyx,0.211297071,0.831289379,0.136490438,0.323216454,1.156383702,64
Glycolate oxidase complex,0.442885772,0.955977139,0.085784441,0.43503429,1.009846347,11
Glycoprotein Ib-IX-V complex,0.826666667,1,0.052163031,-0.233111923,-0.790880539,52
Glycoprotein network,0.829317269,1,0.054455595,-0.276948489,-0.738651667,18
Glycosome,0.525751073,0.971296402,0.080202344,0.313806868,0.957500721,32
Glyoxysomal membrane,0.190569745,0.816887194,0.139599673,0.589237478,1.286443007,9
Glyoxysome,0.867446394,1,0.051011413,-0.248623241,-0.729548435,27
Golgi apparatus,0.576388889,0.999269431,0.064794337,-0.233628776,-0.956747663,184
Golgi apparatus part,0.998302207,1,0.038241682,-0.166216666,-0.705590414,278
Golgi cisterna,0.614035088,1,0.067362387,-0.30345477,-0.890443517,27
Golgi cisterna membrane,0.467326733,0.963907674,0.082205492,-0.349939067,-0.992249904,22
Golgi lumen,0.895615866,1,0.052697309,0.21926523,0.725747173,44
Golgi membrane,0.949565217,1,0.041655677,-0.19256137,-0.793649917,203
Golgi stack,0.554913295,0.985986184,0.071827629,-0.304188573,-0.946909308,36
Golgi to ER transport vesicle,0.751491054,1,0.058593757,-0.334088307,-0.791172303,11
Golgi trans cisterna,0.581740977,0.999269431,0.074362538,0.276728663,0.93244394,48
Golgi-associated vesicle,0.369402985,0.92135883,0.091968614,-0.343697353,-1.067811814,32
Golgi-associated vesicle membrane,0.522417154,0.971296402,0.075501529,-0.345302403,-0.945128195,19
Granular component,0.756646217,1,0.059603704,0.270261127,0.808413147,27
Granular vesicle,0.28256513,0.864557346,0.112843356,0.566177034,1.190454634,8
Granulocyte macrophage colony-stimulating factor receptor complex,0.95991984,1,0.047638726,-0.270163736,-0.557770896,7
Granum,0.870182556,1,0.052697309,-0.299557251,-0.66700919,9
Grb2-EGFR complex,0.565656566,0.990889016,0.073255866,-0.488143436,-0.928986203,5
Grb2-Shc complex,0.013096601,0.380198815,0.380730401,-0.766875146,-1.673672492,8
Grb2-Sos complex,0.957746479,1,0.047925897,0.221211005,0.623805322,22
GroEL-GroES complex,0.34194831,0.898560504,0.100279107,-0.508752033,-1.110329742,8
Growing cell tip,0.550098232,0.982221965,0.073255866,0.412683566,0.934554411,10
Growth cone,0.921001927,1,0.04773424,-0.226134314,-0.703934026,36
Growth cone filopodium,0.376278119,0.92135883,0.096240602,0.387469562,1.051370266,19
Growth cone lamellipodium,0.85801217,1,0.053347785,-0.28081615,-0.681113016,12
Growth hormone receptor complex,0.114173228,0.730462436,0.184706471,-0.459009688,-1.333391461,26
Gut granule,0.248508946,0.855066398,0.120985142,-0.546526492,-1.192770897,8
H zone,0.455795678,0.960671121,0.083129129,0.417680602,0.999095883,12
H-NS complex,0.761702128,1,0.061169263,0.254311574,0.816957505,38
HCN channel complex,0.870182556,1,0.052697309,-0.299872314,-0.667710724,9
HDA1 complex,0.958250497,1,0.047353425,-0.248093534,-0.541453619,8
HICS complex,0.151277014,0.771445539,0.158514105,0.558423918,1.335755202,12
HIR complex,0.492842536,0.969449162,0.081080206,0.32584243,0.9746696,27
HOPS complex,0.720250522,1,0.062939469,0.257592228,0.856419127,45
HSP90-CDC37 chaperone complex,0.066132265,0.712172151,0.248911114,-0.732449304,-1.453805663,6
HULC complex,0.131212724,0.731414046,0.172324345,0.671611704,1.379498246,7
Haustorium,0.239915074,0.855066398,0.128142917,0.335450312,1.130307959,48
Heavy chain immunoglobulin complex,0.69979716,1,0.062939469,-0.354262959,-0.81352571,10
Hedgehog signaling complex,0.972762646,1,0.045679041,-0.198985764,-0.558418734,21
Heparanase complex,0.894849785,1,0.054008827,0.232395599,0.709095231,32
Herring body,0.635270541,1,0.067051258,-0.433857685,-0.861144596,6
Heterotrimeric G-protein complex,0.539553753,0.976389121,0.07588869,-0.412829735,-0.948017834,10
Hippocampal mossy fiber,0.821073559,1,0.054455595,-0.329569839,-0.719272201,8
Histone H3-K14 acetyltransferase complex,0.001640311,0.133529535,0.455059867,-0.597936457,-1.833012892,31
Histone acetyltransferase complex,0.234343434,0.848623355,0.126253988,-0.64892324,-1.234966391,5
Histone locus body,0.172131148,0.797210033,0.151148761,0.455436857,1.263332451,21
Histone methyltransferase complex,0.610547667,1,0.069613344,-0.385538741,-0.885347085,10
Host,0.917171717,1,0.050092287,-0.318763986,-0.606640023,5
Hyaline inclusion,0.137295082,0.73815105,0.170932335,0.46970406,1.289085826,20
Hyaluranon cable,0.982107356,1,0.046230252,-0.202693065,-0.480008236,11
Hydrogenosome,0.5,0.969659564,0.080419997,0.347581889,0.964154467,21
Hyphal cell wall,0.306163022,0.890825681,0.107140237,0.5820611,1.162401627,6
Hyphal tip,0.801687764,1,0.058345278,0.245754136,0.793616399,39
Hypolemmal cisterna,0.548323471,0.981458597,0.073621274,0.508371145,0.957908957,5
I band,0.107212476,0.730462436,0.190023305,-0.458607966,-1.345717816,27
IHF-DNA complex,0.307539683,0.890825681,0.106729884,0.419689995,1.132184856,18
INA complex,0.520874751,0.971296402,0.076674687,-0.39879075,-0.944397602,11
IgA B cell receptor complex,0.681908549,1,0.063219117,0.410446508,0.843061898,7
IgA immunoglobulin complex,0.414829659,0.941867001,0.089436683,0.504621283,1.061026337,8
IgD B cell receptor complex,0.785992218,1,0.055479331,-0.277531788,-0.798154304,24
IgD immunoglobulin complex,0.791828794,1,0.055135176,-0.275607527,-0.792620319,24
IgE B cell receptor complex,0.63562753,1,0.067518895,-0.345416854,-0.86859746,14
IgE immunoglobulin complex,0.702970297,1,0.061570676,-0.320888924,-0.825212103,16
IgG B cell receptor complex,0.729508197,1,0.061436411,0.293873815,0.815174095,21
IgG immunoglobulin complex,0.832951945,1,0.060378636,0.210622756,0.865503467,164
IgM B cell receptor complex,0.990530303,1,0.043625124,-0.166034711,-0.529861791,39
IgM immunoglobulin complex,0.998151571,1,0.042161943,-0.147191773,-0.480203745,42
"Immunoglobulin complex, circulating",0.522417154,0.971296402,0.075501529,-0.327249912,-0.960266871,27
Immunological synapse,0.866,1,0.052269332,-0.268463386,-0.703145586,17
Inclusion body,0.645290581,1,0.066284219,0.372784155,0.865344929,11
Inhibin A complex,0.251072961,0.855066398,0.125639921,0.3781107,1.153707278,32
Inhibin B complex,0.108606557,0.730462436,0.193813303,0.488710914,1.341249452,20
Inhibin complex,0.325726141,0.897764936,0.105920293,0.307539503,1.066428371,53
Inner acrosomal membrane,0.094,0.722792947,0.206587923,-0.545102239,-1.392575065,15
Inner dynein arm,0.839679359,1,0.053787281,-0.352562704,-0.699785846,6
Inner membrane complex,0.458049887,0.960671121,0.090824142,0.25834684,1.000414309,104
Inner mucus layer,0.955555556,1,0.048214971,-0.292659772,-0.55696107,5
Insulin receptor complex,0.082802548,0.712172151,0.227987203,0.406826426,1.370811507,48
Integral component of Golgi membrane,0.546168959,0.980010065,0.073621274,0.416297582,0.942738633,10
Integral component of endoplasmic reticulum membrane,0.087048832,0.712172151,0.222056046,0.439378242,1.354900643,33
Integral component of lumenal side of endoplasmic reticulum membrane,0.68172888,1,0.062661823,0.368149673,0.833703905,10
Integral component of mitochondrial inner membrane,0.487179487,0.967057919,0.079770592,0.52825636,0.995378091,5
Integral component of mitochondrial membrane,0.965931864,1,0.047353425,0.227924039,0.529080727,11
Integral component of mitochondrial outer membrane,0.901010101,1,0.050908287,-0.330493263,-0.628962021,5
Integral component of organelle membrane,0.394736842,0.926137808,0.092848121,0.352534615,1.045834643,26
Integral component of plasma membrane,0.394299287,0.926137808,0.102449406,0.233234566,1.0237255,273
Integrin alpha1-beta1 complex,0.078674948,0.712172151,0.23112671,0.425531306,1.352813535,36
Integrin alpha2-beta1 complex,0.926160338,1,0.051635596,0.209443119,0.724336996,54
Integrin alpha3-beta1 complex,0.886128364,1,0.052805005,0.210547384,0.75242851,62
Integrin alpha4-beta1 complex,0.952991453,1,0.050908287,0.192024862,0.704999916,73
Integrin alpha4-beta7 complex,0.182377049,0.802789609,0.146416238,0.452544226,1.241991281,20
Integrin alpha5-beta1 complex,0.580375783,0.999269431,0.073621274,0.252300251,0.939785081,77
Integrin alpha6-beta1 complex,0.981171548,1,0.048603425,0.177702683,0.625918597,58
Integrin alpha6-beta4 complex,0.100208768,0.722792947,0.204294757,0.402525815,1.332322381,44
Integrin alpha7-beta1 complex,0.586065574,1,0.072179797,0.326742345,0.906347832,21
Integrin alpha8-beta1 complex,0.157057654,0.775571589,0.156312403,0.668842733,1.335708366,6
Integrin alpha9-beta1 complex,0.884462151,1,0.051114795,0.262954929,0.693839431,17
Integrin alphaE-beta7 complex,0.120240481,0.730462436,0.181383128,0.590455292,1.370625565,11
Integrin alphaIIb-beta3 complex,0.827659574,1,0.057246114,0.221205817,0.814528166,74
Integrin alphaL-beta2 complex,0.413861386,0.941867001,0.088894529,-0.40361608,-1.037956905,16
Integrin alphaM-beta2 complex,0.56352459,0.990889016,0.074175897,0.322333656,0.932968432,24
Integrin alphaX-beta2 complex,0.865731463,1,0.052375908,0.318164578,0.668978912,8
Integrin alphav-beta1 complex,0.582150101,0.999269431,0.072003314,-0.401279464,-0.921493914,10
Integrin alphav-beta3 complex,0.544885177,0.980010065,0.076873673,0.262452446,0.960856924,69
Integrin alphav-beta5 complex,0.675965665,1,0.067362387,0.29003185,0.884957384,32
Integrin alphav-beta6 complex,0.352,0.902349169,0.098890301,-0.410771902,-1.075872779,17
Integrin complex,0.033112195,0.574338908,0.321775918,0.562586117,1.517671349,18
Intercalated disc,0.861386139,1,0.052057003,-0.273986037,-0.704594572,16
Interchromatin granule,0.360557769,0.910455233,0.097215081,0.40488342,1.068335485,17
Interferon regulatory factor 3 complex,0.091439689,0.720595963,0.206587923,-0.49992798,-1.402960414,21
Interferon regulatory factor 5 complex,0.254473161,0.855066398,0.119348441,0.60798617,1.214175133,6
Interferon regulatory factor 7 complex,0.534836066,0.975310638,0.076873673,0.341330171,0.946812879,21
Interferon regulatory factor complex,0.104761905,0.72947263,0.190023305,-0.455086092,-1.360513164,28
Intermediate filament,2.76E-07,0.000142814,0.67496286,0.737172145,2.299200954,34
Intermediate filament cytoskeleton,0.280898876,0.864557346,0.108820127,-0.334096273,-1.114186371,47
Internode region of axon,0.311023622,0.893316983,0.105520937,0.452840367,1.134321271,14
Interphotoreceptor matrix,0.925343811,1,0.048408762,0.261997078,0.593313,10
Interstitial matrix,0.333996024,0.898560504,0.101713902,0.570371929,1.139057839,6
Intracellular canaliculus,0.141453831,0.744036938,0.164405756,0.568096709,1.358892608,12
Intracellular ferritin complex,0.657640232,1,0.063642408,0.343351106,0.844842509,13
Intracellular immature spore,0.796,1,0.056176659,-0.293786542,-0.750537759,15
Intracellular non-membrane-bounded organelle,0.139344262,0.738534435,0.150169802,-0.258623516,-1.132600212,374
Intracellular organelle lumen,0.342013889,0.898560504,0.092259726,-0.253265692,-1.039084417,190
Intracellular organelle part,0.069692058,0.712172151,0.216542837,-0.271644782,-1.189680024,368
Intracellular ribonucleoprotein complex,0.021839534,0.489541555,0.352487858,-0.358342696,-1.424139862,143
Intracellular vesicle,0.418230563,0.943162444,0.106323256,0.220645421,1.00654643,452
Intramolecular phosphotransferase complex,0.166,0.792927708,0.152144922,-0.490223485,-1.283968307,17
Intrinsic component of Golgi membrane,0.621242485,1,0.068151344,0.379436107,0.880786125,11
Intrinsic component of cell outer membrane,0.099009901,0.722792947,0.199915231,-0.491860681,-1.394667699,22
Intrinsic component of endoplasmic reticulum membrane,0.062111801,0.712172151,0.261663522,0.447841076,1.412903777,35
Intrinsic component of external side of plasma membrane,0.055666004,0.705316002,0.271288555,0.729456488,1.498312104,7
Intrinsic component of mitochondrial inner membrane,0.487179487,0.967057919,0.079770592,0.52825636,0.995378091,5
Intrinsic component of mitochondrial membrane,0.916500994,1,0.049391011,-0.265361666,-0.628417087,11
Intrinsic component of mitochondrial outer membrane,0.511022044,0.971296402,0.078089231,-0.49609716,-0.984680928,6
Intrinsic component of organelle membrane,0.559748428,0.987006411,0.075694631,0.31559886,0.940506814,28
Intrinsic component of periplasmic side of cell outer membrane,0.099009901,0.722792947,0.199915231,-0.491860681,-1.394667699,22
Intrinsic component of plasma membrane,0.345410628,0.899635139,0.111918316,0.234672906,1.035903348,288
Intrinsic component of the cytoplasmic side of the plasma membrane,0.307070707,0.890825681,0.10797236,-0.605356698,-1.152054865,5
Inward rectifier potassium channel complex,0.028951471,0.535168238,0.352487858,0.672284942,1.522442155,10
Ion channel complex,0.836065574,1,0.055021112,0.246576406,0.75085741,30
Ire1 complex,0.378787879,0.92135883,0.091392433,-0.326272176,-1.041222997,39
Iridosome,0.169734151,0.792927708,0.152144922,0.469633637,1.274316464,19
Isoamylase complex,0.274747475,0.864557346,0.115240003,-0.625017033,-1.189470467,5
Isw1 complex,0.412121212,0.941867001,0.090263548,-0.557349196,-1.060691747,5
Katanin complex,0.809330629,1,0.056059588,-0.306162514,-0.742590031,12
Keratin filament,5.39E-06,0.001308377,0.610526878,0.836247952,2.094720147,14
Keratohyalin granule,0.000638066,0.071512526,0.477270815,0.715551416,1.930321156,18
Kibra-Ex-Mer complex,0.025841262,0.514363481,0.352487858,-0.819415688,-1.559430718,5
Kinesin I complex,0.017413926,0.430035427,0.352487858,-0.65754943,-1.653497095,14
Kinesin II complex,0.559118236,0.987006411,0.073438141,0.398069932,0.924040876,11
Kinesin complex,0.152129817,0.771445539,0.160801401,-0.591152801,-1.316290457,9
Kinetochore,0.217898833,0.837960494,0.128788713,-0.430868958,-1.193905933,20
Kinetochore microtubule,0.588693957,1,0.069448144,-0.333011434,-0.911486547,19
Kinetoplast,0.194274029,0.816995463,0.14122512,0.407691092,1.21949776,27
Kir2 inward rectifier potassium channel complex,0.028951471,0.535168238,0.352487858,0.672284942,1.522442155,10
L-cysteine desulfurase complex,0.840466926,1,0.052375908,-0.261473749,-0.724524371,20
L-type voltage-gated calcium channel complex,0.778210117,1,0.055942859,-0.286544465,-0.793993466,20
LUBAC complex,0.54969574,0.982221965,0.074927882,-0.380232294,-0.922244553,12
LYSP100-associated nuclear domain,0.916309013,1,0.052912985,0.225014477,0.686573642,32
Lamellar body,0.701789264,1,0.061840604,0.410090815,0.818969401,6
Lamellipodium,0.45,0.959956076,0.087051587,0.27598183,1.007385205,68
Lamellipodium membrane,0.245579568,0.855066398,0.120985142,0.555196213,1.212122977,9
Lamin filament,0.190569745,0.816887194,0.139599673,0.589763408,1.287591235,9
Lamina densa,0.104627767,0.72947263,0.195789002,0.476482285,1.343659125,22
Lamina lucida,0.014457187,0.390076327,0.380730401,0.627209395,1.654970345,17
Lamina reticularis,0.708661417,1,0.060903935,0.324533032,0.812923821,14
Laminated body,0.669291339,1,0.063642408,-0.29900726,-0.868595451,26
Laminin complex,0.952662722,1,0.047258734,0.282727273,0.532734775,5
Large latent transforming growth factor-beta complex,0.750511247,1,0.05998925,0.287541012,0.821822556,23
Large ribosomal subunit,0.116600791,0.730462436,0.183023938,-0.464184222,-1.336588709,25
Late endosome,0.516666667,0.971296402,0.079556468,0.265081631,0.974768104,70
Late endosome membrane,0.777070064,1,0.060118614,0.258716903,0.797799401,33
Lateral loop,0.137014315,0.73815105,0.170932335,0.483565111,1.312118496,19
Lateral plasma membrane,0.609284333,1,0.067362387,0.363169168,0.893606415,13
Leading edge membrane,0.919172932,1,0.046694804,-0.222780012,-0.708079483,38
Leaflet of membrane bilayer,0.423228346,0.944324197,0.087309826,0.405125518,1.014800195,14
Leucoplast,0.324649299,0.897559826,0.103958472,0.541339127,1.138229976,8
Lewy body-like hyaline inclusion,0.726,1,0.060509299,-0.314850084,-0.804348882,15
Lewy neurite,0.085020243,0.712172151,0.219250347,-0.554235882,-1.393701186,14
Lipid particle,0.331967213,0.898560504,0.103958472,0.397968066,1.103920257,21
Lipid tube,0.637274549,1,0.066896628,-0.419063997,-0.865185331,7
Lipopolysaccharide receptor complex,0.53,0.971296402,0.076083716,-0.372362493,-0.951276083,15
Lipoprotein particle,0.234285714,0.848623355,0.12210792,-0.375565406,-1.170648093,34
Lobed nucleus,0.675456389,1,0.064648457,-0.382451685,-0.851586091,9
Lsd1/2 complex,0.842209073,1,0.052912985,0.364530757,0.686874701,5
Lumenal side of endoplasmic reticulum membrane,0.751503006,1,0.058969447,0.338569226,0.785921716,11
Lysosomal lumen,0.966037736,1,0.044596162,-0.195886137,-0.638245996,43
Lysosomal matrix,0.054108216,0.703889923,0.276500599,0.642816174,1.492171033,11
Lysosomal membrane,0.774058577,1,0.059603704,0.225856679,0.855312696,84
Lysosome,0.993006993,1,0.053021251,0.157943618,0.656850885,187
Lytic vacuole,0.993006993,1,0.053021251,0.157943618,0.656850885,187
Lytic vacuole membrane,0.797040169,1,0.058718588,0.222872842,0.844386781,85
M band,0.338742394,0.898560504,0.102080108,-0.504676374,-1.123737711,9
MAD1 complex,0.254,0.855066398,0.119887845,-0.470134386,-1.201054364,15
MECO complex,0.649903288,1,0.064214088,0.344528757,0.847740212,13
MHC class I peptide loading complex,0.425357873,0.945589833,0.089164712,0.35854037,1.024746212,23
MHC class I protein complex,0.61010101,1,0.069448144,-0.46969697,-0.893880717,5
MHC protein complex,0.745526839,1,0.058969447,0.381927409,0.784483337,7
MIS complex,0.185185185,0.809131737,0.14122512,-0.417717669,-1.225731235,27
MSL complex,0.249492901,0.855066398,0.12210792,-0.489352075,-1.186912035,12
Macrolide transmembrane transporter complex,0.769539078,1,0.057852976,-0.380740578,-0.75571484,6
Macronucleus,0.118811881,0.730462436,0.181383128,-0.482544877,-1.368252799,22
Macropinocytic cup,0.997938144,1,0.047164246,-0.165166576,-0.404239619,13
Macropinosome,0.133611691,0.731850503,0.175204048,0.38354831,1.269508632,44
Main axon,0.908910891,1,0.049590196,-0.255572378,-0.657241194,16
Male pronucleus,0.128712871,0.730462436,0.173747839,-0.47138459,-1.336607879,22
Maltose transport complex,0.161033797,0.783610642,0.154190967,0.665522192,1.329077101,6
Manchette,0.108606557,0.730462436,0.193813303,0.440302352,1.340778258,30
Mannosyltransferase complex,0.280155642,0.864557346,0.111462667,-0.405856587,-1.138965506,21
Mast cell granule,0.866404715,1,0.051426492,0.30126382,0.682235628,10
Mating projection,0.521912351,0.971296402,0.076674687,0.368908919,0.947126629,15
Mating projection tip,0.470588235,0.963907674,0.083129129,-0.449093582,-0.999974281,9
Medial cortex,0.933202358,1,0.048022042,0.248955484,0.595503832,12
Median body,0.476653696,0.964915581,0.080202344,-0.338854334,-0.974511955,24
Megasome,0.859960552,1,0.051951248,0.352983059,0.665115708,5
Melanosome,0.98125,1,0.048408762,0.182667351,0.666769935,68
Membrane,0.172354949,0.797210033,0.136490438,-0.261220619,-1.123764558,318
Membrane attack complex,0.070140281,0.712172151,0.241339977,-0.728139167,-1.445250667,6
Membrane coat,0.263969171,0.85873256,0.114750719,-0.362251815,-1.127654509,36
Membrane microdomain,1,1,0.040166098,-0.115583129,-0.440190803,102
Membrane raft,1,1,0.040166098,-0.115583129,-0.440190803,102
Membrane region,0.995485327,1,0.051426492,0.157226968,0.630706496,132
Membrane stack,0.311871227,0.893316983,0.106729884,0.430808248,1.119958195,16
Meprin A complex,0.888888889,1,0.050702794,0.257421703,0.694438649,18
Mesaxon,0.819639279,1,0.05490737,0.311675683,0.723493658,11
Messenger ribonucleoprotein complex,0.275574113,0.864557346,0.117249717,0.295471835,1.100593527,77
Metallochaperone complex,0.147117296,0.761620186,0.161978949,0.670939269,1.339895241,6
Metaphase plate,0.074074074,0.712172151,0.23112671,-0.538066149,-1.472742394,19
Methane monooxygenase complex,0.201183432,0.828034634,0.135740944,0.666443769,1.255760604,5
Methionine adenosyltransferase complex,0.74749499,1,0.059221919,-0.382926937,-0.790577982,7
Methyl accepting chemotaxis protein complex,0.640159046,1,0.066284219,-0.397317027,-0.867127566,8
Methyltransferase complex,0.37854251,0.92135883,0.095287985,-0.427452291,-1.074886677,14
Microbody,0.006868195,0.26947844,0.407017919,0.561150973,1.708778117,30
Microbody lumen,0.012357268,0.375094569,0.380730401,0.72625134,1.644653309,10
Microbody membrane,0.079303675,0.712172151,0.222056046,0.584990754,1.439415944,13
Microbody part,0.001888083,0.133529535,0.455059867,0.677491153,1.859349999,20
Microfibril,0.958579882,1,0.046975873,0.274786988,0.517773127,5
Microneme,0.902691511,1,0.051951248,0.222767382,0.702813771,35
Micronucleus,0.309338521,0.892487576,0.105125132,-0.395941257,-1.097123863,20
Microprocessor complex,0.837675351,1,0.053897903,-0.3462557,-0.714867789,7
Micropyle,0.18200409,0.802789609,0.146416238,0.428063214,1.223449835,23
Microspike,0.825902335,1,0.057246114,0.232820321,0.784493718,48
Microtubule,0.235908142,0.848623355,0.128142917,0.327550772,1.123565095,51
Microtubule associated complex,0.579047619,0.999269431,0.069119846,-0.295748656,-0.921857003,34
Microtubule bundle,0.87047619,1,0.049790319,-0.240415053,-0.749380584,34
Microtubule cytoskeleton,0.777777778,1,0.064214088,0.217240241,0.857383383,116
Microtubule end,0.062880325,0.712172151,0.257206466,-0.667577105,-1.486460643,9
Microtubule minus-end,0.624513619,1,0.066436414,-0.320806209,-0.888930217,20
Microtubule organizing center,0.854684512,1,0.050805414,-0.22154616,-0.780582416,65
Microtubule organizing center part,0.116054159,0.730462436,0.181383128,-0.425260002,-1.303662048,31
Microtubule plus-end,0.254545455,0.855066398,0.120433372,-0.636754893,-1.211808799,5
Microvesicle,0.094017094,0.722792947,0.213927855,0.337103755,1.282821825,87
Microvillar actin bundle,0.643286573,1,0.066436414,-0.430886549,-0.855247322,6
Microvillus,0.167714885,0.792927708,0.155241966,0.419849537,1.251181169,28
Microvillus membrane,0.95991984,1,0.047638726,-0.270770164,-0.559022907,7
Midbody,0.709055877,1,0.059860312,-0.272754217,-0.849391335,35
Middle lamella,0.941883768,1,0.048505984,0.257096838,0.596799628,11
Mitochondrial chromosome,0.208988764,0.831289379,0.142901149,0.280772832,1.119190358,121
Mitochondrial cloud,0.126760563,0.730462436,0.176694269,0.519623611,1.350848605,16
Mitochondrial creatine kinase complex,0.435582822,0.954303397,0.087831263,0.356480938,1.018860138,23
Mitochondrial crista,0.185483871,0.809131737,0.143758989,0.415069657,1.22012551,25
Mitochondrial crista junction,0.479125249,0.964915581,0.081080206,0.51269467,1.023873815,6
Mitochondrial envelope,0.125581395,0.730462436,0.19189224,0.297028671,1.187177653,143
Mitochondrial fatty acid beta-oxidation multienzyme complex,0.910891089,1,0.049490487,-0.230374468,-0.653225277,22
Mitochondrial inner membrane,0.02746834,0.533618294,0.352487858,0.357534331,1.363517305,100
Mitochondrial inner membrane peptidase complex,0.784200385,1,0.055135176,-0.235159298,-0.833519828,67
Mitochondrial inner membrane protein insertion complex,0.381818182,0.921461634,0.094664622,-0.572206985,-1.088967619,5
Mitochondrial intermembrane space,0.612704918,1,0.069945874,0.327205866,0.898004681,20
Mitochondrial matrix,0.377398721,0.92135883,0.09854998,0.269391898,1.030468395,91
Mitochondrial membrane,0.090069284,0.720595963,0.227987203,0.307699567,1.23197449,137
Mitochondrial membrane part,0.154488518,0.771445539,0.161978949,0.357938616,1.227801516,51
Mitochondrial nucleoid,0.81,1,0.055364284,-0.284544752,-0.726927719,15
Mitochondrial outer membrane,0.455696203,0.960671121,0.087051587,0.307944982,0.994449949,39
Mitochondrial part,0.009919031,0.336093688,0.380730401,0.325544987,1.374288878,199
Mitochondrial permeability transition pore complex,0.787941788,1,0.058469321,0.234759848,0.835351862,61
Mitochondrial processing peptidase complex,0.111984283,0.730462436,0.186432558,0.575931106,1.377632558,12
Mitochondrial pyruvate dehydrogenase complex,0.370967742,0.92135883,0.096240602,0.357502613,1.050903266,25
Mitochondrial respiratory chain,0.155136268,0.771445539,0.161978949,0.403266907,1.257768166,34
Mitochondrial respiratory chain complex I,0.075819672,0.712172151,0.234392647,0.503964696,1.397943415,21
Mitochondrial respiratory chain complex III,0.694280079,1,0.061976274,0.447097183,0.842452215,5
Mitochondrial respiratory chain complex IV,0.435897436,0.954303397,0.085784441,0.55111779,1.038455218,5
Mitochondrial ribonuclease P complex,0.324055666,0.897559826,0.103576327,0.551979733,1.133772787,7
Mitochondrial sorting and assembly machinery complex,0.718811881,1,0.060509299,-0.292024322,-0.828033027,22
Mitochondrion,0.065268065,0.712172151,0.271288555,0.297488353,1.238007236,182
Mitosome,0.849484536,1,0.054568065,-0.285219173,-0.698064296,13
Mitotic checkpoint complex,0.785425101,1,0.057366743,-0.305982077,-0.769433373,14
Mitotic spindle,0.210831721,0.831289379,0.130777138,0.511971263,1.259745719,13
Mitotic spindle microtubule,0.280561122,0.864557346,0.113312908,0.50538739,1.173157202,11
Mitotic spindle pole body,0.519191919,0.971296402,0.077679856,-0.518486353,-0.986731837,5
Motile cilium,0.695906433,1,0.061302608,-0.300770185,-0.823238933,19
Mre11 complex,0.014390951,0.390076327,0.380730401,-0.521771126,-1.626375497,34
Mst2 histone acetyltransferase complex,0.004143066,0.211709482,0.407017919,-0.588483339,-1.780381381,30
Mucin granule,0.757874016,1,0.057730855,0.309400257,0.775017684,14
Mucus layer,0.097505669,0.722792947,0.216542837,0.320228888,1.240044436,104
Multimerin complex,0.711320755,1,0.058718588,-0.262244275,-0.854457393,43
Multivesicular body,0.62992126,1,0.06658921,0.35122895,0.879794511,14
Muscle cell projection,0.902636917,1,0.051011413,-0.278597752,-0.620339719,9
Muscle myosin complex,0.575150301,0.998800939,0.072003314,-0.464421722,-0.921809778,6
Muscle tendon junction,0.33611691,0.898560504,0.104343953,0.312623211,1.072360553,51
MutLalpha complex,0.635270541,1,0.067051258,-0.435953046,-0.865303583,6
MutS complex,0.484,0.967057919,0.080858915,-0.385327099,-0.984396818,15
MutSalpha complex,0.482965932,0.967057919,0.081080206,-0.48132701,-0.993731439,7
Myb complex,0.129707113,0.730462436,0.178219875,0.340437583,1.235375952,66
Mycolate outer membrane,0.247484909,0.855066398,0.12210792,0.410395025,1.157295953,22
Myelin sheath,0.774049217,1,0.062800398,0.223026597,0.854660551,97
Myofibril,0.103646833,0.72947263,0.19189224,-0.372531262,-1.29729923,61
Myofilament,0.882352941,1,0.052057003,-0.27442291,-0.630181865,10
Myosin I complex,0.881091618,1,0.050294806,-0.242648104,-0.694547385,23
Myosin II complex,0.200811359,0.828034634,0.138022242,-0.561966838,-1.25130353,9
Myosin II filament,0.274353877,0.864557346,0.114266502,0.576221056,1.183564746,7
Myosin III complex,0.139393939,0.738534435,0.168238166,-0.707878788,-1.347164746,5
Myosin V complex,0.284860558,0.864557346,0.111918316,0.432659722,1.141626729,17
Myosin VI complex,0.254302103,0.855066398,0.116739205,-0.345099026,-1.130370877,45
Myosin VII complex,0.476953908,0.964915581,0.081751558,0.470554301,0.989396451,8
Myosin X complex,0.98245614,1,0.045315244,-0.189149949,-0.541416149,23
Myosin complex,0.224899598,0.840201833,0.128788713,-0.452524516,-1.206931978,18
Myosin filament,0.109090909,0.730462436,0.19189224,-0.734894252,-1.398577899,5
Myosin phosphatase complex,0.957746479,1,0.047925897,0.221499981,0.624620221,22
NADH dehydrogenase complex,0.112704918,0.730462436,0.190023305,0.479558299,1.330242717,21
NELF complex,0.210420842,0.831289379,0.133554955,0.537825344,1.248455516,11
NF-kappaB complex,0.754684838,1,0.051218435,-0.216153493,-0.899226252,226
NF-kappaB p50/p65 complex,0.302554028,0.890825681,0.107140237,0.512810292,1.161299261,10
NMS complex,0.04035946,0.640563463,0.321775918,0.547105691,1.501511808,20
NPHP complex,0.967545639,1,0.047829963,-0.230921891,-0.514182257,9
NSL complex,0.419483101,0.943162444,0.088359444,0.510694495,1.048972427,7
Nascent polypeptide-associated complex,0.52,0.971296402,0.079770592,0.257236167,0.971562112,83
NatA complex,0.021394206,0.489541555,0.352487858,-0.714899146,-1.641686834,10
NatB complex,0.052738337,0.695239731,0.28201335,-0.670738308,-1.540276353,10
NatC complex,0.072164948,0.712172151,0.241339977,-0.588693841,-1.440808297,13
Ndc80 complex,0.278,0.864557346,0.113787262,-0.459760253,-1.174551523,15
Nematocyst,0.55666004,0.987006411,0.073255866,0.459210445,0.943223591,7
Neurofibrillary tangle,0.405253283,0.939444415,0.087051587,-0.303551267,-1.007723268,46
Neuromuscular junction,0.921052632,1,0.049991391,-0.238519726,-0.599790154,14
Neuron part,0.984899329,1,0.038320578,-0.179523309,-0.761479145,266
Neuron projection,0.949211909,1,0.041992622,-0.192138488,-0.793157295,211
Neuron projection terminus,0.453465347,0.960318328,0.083836106,-0.355328608,-1.007531912,22
Neuron spine,0.957746479,1,0.047925897,0.222730461,0.62809012,22
Neuronal cell body,0.945031712,1,0.050805414,0.192084017,0.727738755,85
Neurosecretory vesicle,0.761523046,1,0.058345278,0.331738083,0.770064565,11
Nitrate reductase complex,0.336653386,0.898560504,0.101350744,0.424543165,1.089960465,15
Nitrogenase complex,0.675298805,1,0.063784539,0.33082986,0.8493635,15
NoRC complex,0.597276265,1,0.068632563,-0.302834123,-0.916186064,30
Noc complex,0.014414348,0.390076327,0.380730401,0.601678604,1.651285195,20
Nodal receptor complex,0.903807615,1,0.050396432,0.296587286,0.623610085,8
Nonmotile primary cilium,0.854870775,1,0.052589895,0.323425262,0.664319246,7
Nrd1 complex,0.677799607,1,0.062939469,0.369251794,0.836199744,10
Nuclear MIS12/MIND complex,0.478,0.964915581,0.081526514,-0.374103566,-0.979832948,17
Nuclear RNA export factor complex,0.153846154,0.771445539,0.157402899,0.702472907,1.323649262,5
Nuclear RNA-directed RNA polymerase complex,0.996055227,1,0.045224744,0.210223552,0.396118122,5
Nuclear aryl hydrocarbon receptor complex,0.210735586,0.831289379,0.132846301,0.615039784,1.263298865,7
Nuclear body,0.064989518,0.712172151,0.257206466,0.452420125,1.411074457,34
Nuclear cap binding complex,0.448275862,0.959956076,0.085784441,-0.412382438,-1.000223977,12
Nuclear chromatin,0.736633663,1,0.059348768,-0.311317897,-0.800598829,16
Nuclear chromosome,0.942857143,1,0.046137916,-0.209807075,-0.653974644,34
Nuclear chromosome part,0.605058366,1,0.067992259,-0.300193043,-0.908195813,30
"Nuclear chromosome, telomeric region",0.223123732,0.839240952,0.130105631,-0.547131701,-1.218270869,9
Nuclear envelope,0.413333333,0.941867001,0.086794976,-0.331950126,-1.03469802,34
Nuclear envelope lumen,0.997995992,1,0.045862034,-0.20218248,-0.401302906,6
Nuclear inner membrane,0.424361493,0.945404733,0.087051587,0.456523289,1.033832912,10
Nuclear lumen,0.342013889,0.898560504,0.092259726,-0.253265692,-1.039084417,190
Nuclear matrix,0.416334661,0.941924847,0.088894529,0.385510755,1.017218289,17
Nuclear membrane,0.389830508,0.923260341,0.089436683,-0.337813121,-1.051456083,33
Nuclear outer membrane,0.367676768,0.92135883,0.09688777,-0.580093514,-1.103976478,5
Nuclear outer membrane-endoplasmic reticulum membrane network,0.726161369,1,0.070281284,0.21533761,0.927496991,241
Nuclear part,0.194395797,0.816995463,0.129442888,-0.269344348,-1.114787467,221
Nuclear pericentric heterochromatin,0.236472946,0.848623355,0.125033368,-0.584664885,-1.207079316,7
Nuclear periphery,0.177419355,0.802789609,0.147331214,0.418700354,1.230798189,25
Nuclear pore,0.417670683,0.943162444,0.089164712,-0.383306619,-1.022320338,18
Nuclear pore cytoplasmic filaments,0.543434343,0.978719207,0.075309376,-0.499683256,-0.950947645,5
Nuclear pore inner ring,0.347140039,0.899969818,0.098890301,0.589651221,1.11106264,5
Nuclear pore linkers,0.288270378,0.869585798,0.111011492,0.570832246,1.172496067,7
Nuclear pore transmembrane ring,0.011320811,0.358574386,0.380730401,-0.77376561,-1.688710637,8
Nuclear proteasome complex,0.00133203,0.12129796,0.455059867,-0.902091543,-1.79052091,6
Nuclear speck,0.073619632,0.712172151,0.237793834,0.519723087,1.410230514,19
Nucleocytoplasmic shuttling complex,0.613247863,1,0.072003314,0.271349828,0.909354402,47
Nucleoid,0.81,1,0.055364284,-0.284544752,-0.726927719,15
Nucleolar chromatin,0.073705179,0.712172151,0.234392647,0.555270803,1.425587014,15
Nucleolar preribosome,0.81010101,1,0.055826472,-0.371734915,-0.707449045,5
Nucleolus,0.342013889,0.898560504,0.092259726,-0.253265692,-1.039084417,190
Nucleolus organizer region,0.167330677,0.792927708,0.151148761,0.507011998,1.301688683,15
Nucleomorph,0.565130261,0.990889016,0.072893856,0.395933047,0.91908052,11
Nucleoplasm,1.55E-05,0.003234838,0.575610261,-0.359174919,-1.581396875,409
Nucleoplasm part,0.22406639,0.839240952,0.131457612,0.329462414,1.142448571,53
Nucleoplasmic reticulum,0.386587771,0.922942736,0.092552886,0.57141776,1.076705861,5
Occluding junction,0.950819672,1,0.049093967,0.227093472,0.623249831,20
Oligosaccharyltransferase complex,0.522862823,0.971296402,0.076476705,0.471167076,0.96778265,7
Omega speckle,0.949494949,1,0.048505984,-0.30639148,-0.583093895,5
Omegasome,0.51888668,0.971296402,0.076873673,-0.39975959,-0.946691963,11
Ooplasm,0.439490446,0.954303397,0.089436683,0.322950024,0.99587361,33
Oral apparatus,0.559837728,0.987006411,0.073990144,-0.376232111,-0.912542203,12
Organelle envelope,0.413333333,0.941867001,0.086794976,-0.331950126,-1.03469802,34
Organelle envelope lumen,0.635080645,1,0.067362387,0.301684946,0.886823433,25
Organelle inner membrane,0.010791582,0.349407434,0.380730401,0.364484884,1.426181312,111
Organelle lumen,0.342013889,0.898560504,0.092259726,-0.253265692,-1.039084417,190
Organelle membrane,0.413333333,0.941867001,0.086794976,-0.331950126,-1.03469802,34
Organelle outer membrane,0.586638831,1,0.07307444,0.277015347,0.920995342,45
Organelle part,0.069692058,0.712172151,0.216542837,-0.271644782,-1.189680024,368
Organelle subcompartment,0.596802842,1,0.064214088,-0.243632517,-0.924947729,99
Ornithine carbamoyltransferase complex,0.382591093,0.921461634,0.094664622,-0.424643755,-1.067824233,14
Orthogonal array,0.071713147,0.712172151,0.237793834,0.562540882,1.444252015,15
Other organism,0.103379722,0.72947263,0.195789002,-0.632075177,-1.379477275,8
Other organism cell,0.025034496,0.514363481,0.352487858,-0.75867409,-1.566332826,7
Other organism part,0.170340681,0.792927708,0.150169802,-0.626043756,-1.292508731,7
Outer acrosomal membrane,0.704280156,1,0.060640401,-0.302567694,-0.838392646,20
Outer dynein arm,0.93638171,1,0.048408762,-0.252784386,-0.598632159,11
Outer membrane,0.527777778,0.971296402,0.079770592,0.287411398,0.96318034,47
Oxidoreductase complex,0.02429931,0.513102827,0.352487858,0.434316214,1.463439015,48
P-TEFb complex,0.84086444,1,0.052805005,0.312380185,0.707409511,10
PAN complex,0.923847695,1,0.049391011,0.280583622,0.589960477,8
PAS complex,0.447937132,0.959956076,0.084074558,0.422452759,1.010510926,12
PCNA complex,0.035086426,0.594429333,0.321775918,0.31485645,1.298889136,177
PCSK9-LDLR complex,0.889779559,1,0.051114795,0.305648762,0.642662918,8
PET complex,0.351351351,0.902349169,0.09688777,-0.359079872,-1.07460451,29
PHA granule,0.67311412,1,0.062523741,0.336130056,0.827074545,13
PML body,0.147117296,0.761620186,0.161978949,-0.563593932,-1.334676791,11
PSI associated light-harvesting complex I,0.725646123,1,0.060248409,-0.364671147,-0.795879316,8
PSII associated light-harvesting complex II,0.789046653,1,0.057246114,-0.335315068,-0.746629339,9
PTEN phosphatase complex,0.310272537,0.893316983,0.109684062,0.312777569,1.079734941,52
Parallel actin filament bundle,0.206412826,0.831289379,0.135002034,-0.629849886,-1.250160695,6
Parallel fiber,0.642126789,1,0.067518895,0.296923596,0.888166722,27
Paranodal junction,0.611881188,1,0.068311086,-0.34458266,-0.88614396,16
Pellicle,0.451388889,0.960318328,0.092848121,0.26024294,1.011025859,107
Peptidase inhibitor complex,0.322717622,0.897559826,0.10797236,0.320371832,1.079500656,48
Peribacteroid membrane,0.043085257,0.640563463,0.321775918,0.653961189,1.518041986,11
Pericentriolar material,0.984220907,1,0.045770446,0.240503535,0.453173815,5
Perichromatin fibrils,0.218934911,0.837960494,0.129442888,0.65030303,1.225347081,5
Perikaryon,0.308447937,0.891683818,0.105920293,0.471880223,1.12874188,12
Perineuronal net,0.903563941,1,0.052482762,0.231904732,0.691092422,28
Perinuclear endoplasmic reticulum,0.591715976,1,0.069779252,0.494673706,0.932099273,5
Perinuclear region of cytoplasm,0.468531469,0.963907674,0.091107313,0.239008422,0.996188393,188
Perinuclear theca,0.604462475,1,0.070113216,-0.365942757,-0.887585616,12
Perinucleolar compartment,0.002709798,0.151852898,0.431707696,-0.788589328,-1.810908189,10
Periplasmic side of cell outer membrane,0.099009901,0.722792947,0.199915231,-0.491860681,-1.394667699,22
Periplasmic space,0.755656109,1,0.064503125,0.221678175,0.883697046,127
Perisynaptic space,0.874263261,1,0.051011413,0.29971378,0.654345169,9
Perivitelline space,0.151821862,0.771445539,0.160801401,0.429265572,1.273465887,26
Peroxisomal importomer complex,0.304518664,0.890825681,0.106729884,0.474860539,1.135870823,12
Peroxisomal matrix,0.022191296,0.489889675,0.352487858,0.727441604,1.588174888,9
Peroxisomal membrane,0.084645669,0.712172151,0.216542837,0.566955664,1.42016904,14
Peroxisomal part,0.001888083,0.133529535,0.455059867,0.677491153,1.859349999,20
Peroxisome,0.006868195,0.26947844,0.407017919,0.561150973,1.708778117,30
Pex17p-Pex14p docking complex,0.304518664,0.890825681,0.106729884,0.474860539,1.135870823,12
Phagocytic cup,0.74459725,1,0.058469321,0.358256907,0.782158486,9
Phagocytic vesicle,0.774261603,1,0.05998925,0.252494126,0.815381919,39
Phagocytic vesicle membrane,0.869565217,1,0.051530912,-0.255980543,-0.737079563,25
Phagolysosome,0.016329433,0.424856868,0.352487858,0.413944006,1.526890699,72
Phagolysosome membrane,0.435387674,0.954303397,0.086286563,0.52455737,1.047564149,6
Phosphatase complex,0.31643002,0.896962139,0.106323256,-0.462881197,-1.122707539,12
"Phosphatidylinositol 3-kinase complex, class I",0.709016393,1,0.062800398,0.271495009,0.826737818,30
"Phosphatidylinositol 3-kinase complex, class IA",0.689161554,1,0.064070375,0.310677516,0.843000676,19
"Phosphatidylinositol 3-kinase complex, class IB",0.815324165,1,0.054231594,0.333754367,0.728663719,9
"Phosphatidylinositol 3-kinase complex, class II",0.355599214,0.902627274,0.097215081,0.484583763,1.097378063,10
Phosphatidylinositol phosphate phosphatase complex,0.241090147,0.855066398,0.12687573,0.316782105,1.129863724,63
Phospholamban complex,0.329087049,0.898560504,0.106729884,0.318383144,1.072799724,48
Phosphomannomutase complex,0.194,0.816995463,0.139599673,-0.480097474,-1.257446775,17
Phosphopyruvate hydratase complex,0.385106383,0.922942736,0.097215081,0.280473319,1.032764059,74
Phosphorylase kinase complex,0.892644135,1,0.050600424,-0.272791015,-0.646010924,11
Photoreceptor inner segment,0.777777778,1,0.057730855,-0.392424242,-0.746822922,5
Photoreceptor outer segment,0.904572565,1,0.049991391,0.288991333,0.577128407,6
Photosynthetic membrane,0.790786948,1,0.054568065,-0.227908617,-0.823099197,72
Photosystem,0.880998081,1,0.049590196,-0.219822559,-0.761872702,60
Photosystem I,0.514112903,0.971296402,0.078089231,0.327424729,0.962487276,25
Photosystem II,0.641904762,1,0.064070375,-0.264439029,-0.897164242,52
Photosystem II oxygen evolving complex,0.39688716,0.928371222,0.090263548,-0.37249651,-1.045346287,21
Photosystem II reaction center,0.557956778,0.987006411,0.072535186,0.409438901,0.927206611,10
Phragmoplast,0.448207171,0.959956076,0.08479851,0.376695652,0.993958537,17
Phycobilisome,0.754639175,1,0.060118614,-0.328183213,-0.803217333,13
Pick body,0.589494163,1,0.069283647,-0.328642989,-0.910645355,20
Pigment granule,0.98125,1,0.048408762,0.182667351,0.666769935,68
Pilus,0.104255319,0.72947263,0.202071709,0.342761018,1.26212098,74
Pilus part,0.312871287,0.893316983,0.105520937,-0.438821365,-1.128492367,16
Pilus tip,0.523046092,0.971296402,0.076873673,-0.487234753,-0.967090336,6
Pinosome,0.119305857,0.730462436,0.190023305,0.401186672,1.305225478,42
Pituitary gonadotropin complex,0.771855011,1,0.060640401,0.244847427,0.814646649,46
Plasma lipoprotein particle,0.229755179,0.848213052,0.12267919,-0.380857198,-1.185432396,33
Plasma membrane,0.294217687,0.879315211,0.099927697,-0.248725534,-1.060632192,288
Plasma membrane light-harvesting complex,0.336820084,0.898560504,0.104343953,0.33336789,1.085052703,40
Plasma membrane protein complex,0.789351852,1,0.063500797,0.21834063,0.863806805,119
Plasma membrane raft,0.955598456,1,0.046137916,-0.207620462,-0.621337765,29
Plasma membrane receptor complex,0.223849372,0.839240952,0.132147261,0.363561869,1.18332869,40
Plasma membrane region,0.105140187,0.72947263,0.211400189,0.285546759,1.188174464,186
Plasma membrane-derived chromatophore,0.282700422,0.864557346,0.116234149,0.351979683,1.136651669,39
Plasmodesma,0.779497099,1,0.05559471,0.30290973,0.745333308,13
Plastid,0.962264151,1,0.055021112,0.183099049,0.7622619,185
Plastid chromosome,0.743538767,1,0.05909548,0.387903092,0.774659543,6
Plastid envelope,0.988527725,1,0.044152306,-0.174545636,-0.614983594,65
Plastid inner membrane,0.974947808,1,0.04879897,0.185661891,0.636857664,51
Plastid membrane,0.729366603,1,0.058345278,-0.246221192,-0.852888924,59
Plastid nucleoid,0.743538767,1,0.05909548,0.387903092,0.774659543,6
Plastid outer membrane,0.84103512,1,0.049991391,-0.235582916,-0.768574193,42
Plastid part,0.958525346,1,0.054120057,0.191287853,0.750422235,113
Plastid ribosome,0.909266409,1,0.048408762,-0.232496995,-0.695784807,29
Plastid stroma,0.641651032,1,0.063359701,-0.268085373,-0.889984321,46
Plastid thylakoid,0.802,1,0.055826472,-0.288827428,-0.756482043,17
Plastid thylakoid membrane,0.748478702,1,0.059731798,-0.329228162,-0.798535221,12
Plastoglobule,0.987975952,1,0.046322779,0.186090113,0.431971515,11
Platelet alpha granule,0.0412038,0.640563463,0.321775918,0.3917464,1.401565876,64
Platelet alpha granule lumen,0.001722653,0.133529535,0.455059867,0.516898627,1.741702456,48
Platelet alpha granule membrane,0.050709939,0.695239731,0.287857117,-0.685508881,-1.526388434,9
Platelet dense granule,0.175298805,0.802789609,0.147331214,0.500093117,1.283925338,15
Platelet dense granule lumen,0.092184369,0.720595963,0.208955028,0.610086442,1.416195412,11
Platelet dense tubular network,0.485207101,0.967057919,0.07998588,0.529319298,0.997380953,5
Podocyte foot,0.040799234,0.640563463,0.321775918,0.434959102,1.457645937,47
Podosome,0.878350515,1,0.053021251,-0.270788294,-0.662745208,13
Polar microtubule,0.294589178,0.879315211,0.110122264,-0.593688043,-1.178384682,6
Polar tube,0.703777336,1,0.061705405,0.39812373,0.817750768,7
Polarisome,0.75944334,1,0.058098358,-0.352236929,-0.768742163,8
Pollen coat,0.98582996,1,0.046881986,-0.196890567,-0.495107996,14
Pollen tube,0.994152047,1,0.044774889,-0.158108843,-0.463947211,27
Pollen tube tip,0.864440079,1,0.051530912,0.302113477,0.684159741,10
Pollen wall,0.825049702,1,0.054231594,-0.30051246,-0.711659552,11
Polycystin complex,0.302231237,0.890825681,0.109250039,-0.501769458,-1.152258073,10
Polyhedral organelle,0.402750491,0.935897074,0.089986079,0.490116474,1.070038711,9
Polyketide synthase complex,0.343570058,0.898560504,0.097877328,-0.304127706,-1.054061958,60
Polymeric cytoskeletal fiber,0.129432624,0.730462436,0.163180127,-0.32178809,-1.225508935,102
Polysome,0.344129555,0.898560504,0.100990587,-0.441598792,-1.110459968,14
Polytene chromosome,0.241779497,0.855066398,0.120985142,-0.379710833,-1.164028125,31
Pore complex,0.070993915,0.712172151,0.241339977,-0.610960654,-1.481870805,12
Postsynapse,0.949438202,1,0.045044277,-0.194262103,-0.706407842,73
Postsynaptic cytoskeleton,0.955375254,1,0.048408762,-0.240158449,-0.551497321,10
Postsynaptic density,0.566160521,0.990889016,0.076873673,0.286737238,0.932874331,42
Postsynaptic membrane,0.988188976,1,0.045496781,-0.173259683,-0.503307419,26
Postsynaptic specialization,0.994382022,1,0.042931109,-0.173671308,-0.561199554,41
Potassium channel complex,0.503006012,0.969659564,0.078920964,-0.498863389,-0.990171492,6
Preprophase band,0.412825651,0.941867001,0.089710465,0.445471846,1.034075076,11
Preribosome,0.350912779,0.902349169,0.099927697,-0.492787661,-1.097265707,9
Presynapse,0.175908222,0.802789609,0.143758989,-0.375143006,-1.227890077,44
Presynaptic active zone cytoplasmic component,0.35261194,0.902349169,0.094664622,-0.347423936,-1.079389703,32
Presynaptic cytoskeleton,0.371373308,0.92135883,0.093746542,-0.347544329,-1.065419626,31
Presynaptic density,0.58019802,0.999269431,0.070960946,-0.325051974,-0.921682717,22
Presynaptic periactive zone,0.941883768,1,0.048505984,-0.28911423,-0.596895446,7
Primary cell wall,0.643968872,1,0.064940768,-0.302807221,-0.870843981,24
Primary cilium,0.854870775,1,0.052589895,0.323425262,0.664319246,7
Primary lysosome,0.432220039,0.954303397,0.086034724,0.42649499,1.020179981,12
Primosome complex,0.166332665,0.792927708,0.152144922,-0.660456535,-1.310910456,6
Proplastid,0.541666667,0.977953325,0.074550078,0.343185038,0.925799772,18
Prospore contractile ring,0.169772257,0.792927708,0.153158809,0.388706407,1.235742896,36
Prospore membrane,0.812749004,1,0.055021112,0.288229143,0.739991589,15
Protease inhibitor complex,0.139908257,0.73857366,0.179782316,0.292925914,1.177063254,141
Proteasome accessory complex,2.94E-07,0.000142814,0.67496286,-0.813017361,-2.327152248,23
Proteasome activator complex,0.019520253,0.466246052,0.352487858,-0.441755278,-1.498746388,52
Proteasome complex,1.03E-09,1.50E-06,0.788186811,-0.742588206,-2.47647677,47
Proteasome core complex,0.008709077,0.309490872,0.380730401,-0.646728075,-1.693877132,17
"Proteasome core complex, alpha-subunit complex",0.017839056,0.433191732,0.352487858,-0.814792361,-1.617244693,6
Proteasome regulatory particle,7.14E-07,0.000259935,0.659444398,-0.821167299,-2.275393696,20
"Proteasome regulatory particle, base subcomplex",4.86E-05,0.007872014,0.557332239,-0.906278435,-1.97791426,8
"Proteasome regulatory particle, lid subcomplex",0.112224449,0.730462436,0.188204146,-0.693081223,-1.37566573,6
Proteasome storage granule,0.976190476,1,0.046415496,0.197363998,0.532422817,18
Protein C inhibitor-thrombin complex,0.163708087,0.789810207,0.152144922,0.696077528,1.311598634,5
Protein N-acetylglucosaminyltransferase complex,0.235756385,0.848623355,0.123842171,0.562289291,1.227608823,9
Protein acetyltransferase complex,0.028932039,0.535168238,0.352487858,-0.790373407,-1.568776609,6
Protein body,0.812741313,1,0.053566938,-0.258792629,-0.774478741,29
Protein complex involved in cell adhesion,0.033112195,0.574338908,0.321775918,0.562586117,1.517671349,18
Protein complex involved in cell-cell adhesion,0.748858447,1,0.06538342,0.222241074,0.892302701,142
Protein complex involved in cell-matrix adhesion,1,1,0.047638726,0.149812458,0.561039008,79
Protein farnesyltransferase complex,0.17693837,0.802789609,0.146416238,0.644879774,1.324590552,7
Protein kinase CK2 complex,0.101338432,0.727340372,0.193813303,-0.362567298,-1.295026566,69
Protein kinase complex,0.401622718,0.934767253,0.091968614,-0.432613692,-1.049294412,12
Protein phosphatase 4 complex,0.478701826,0.964915581,0.082205492,-0.431247803,-0.990312891,10
Protein serine/threonine phosphatase complex,0.31643002,0.896962139,0.106323256,-0.462881197,-1.122707539,12
Protein storage vacuole,0.320235756,0.897559826,0.103576327,0.468303415,1.12018612,12
Protein tyrosine phosphatase complex,0.865263158,1,0.054680849,0.212519639,0.80267107,83
Proteinaceous extracellular matrix,0.109131403,0.730462436,0.202071709,0.295587021,1.202621991,153
Proximal dendrite,0.052781096,0.695239731,0.321775918,0.454380612,1.459664791,38
Pseudopodium,0.838899804,1,0.052912985,0.319171964,0.696826927,9
Puncta adhaerentia,0.552683897,0.984052474,0.073621274,-0.431684729,-0.942133619,8
Pyrenoid,0.376753507,0.92135883,0.094975153,-0.552282251,-1.096200187,6
Pyruvate kinase complex,0.181052632,0.802789609,0.149207542,0.310816047,1.166951778,81
R2TP complex,0.115151515,0.730462436,0.186432558,-0.724848485,-1.379459791,5
RAVE complex,0.071570577,0.712172151,0.237793834,0.734768112,1.467364248,6
RENT complex,0.888667992,1,0.050805414,0.303308116,0.622998395,7
RES complex,0.974576271,1,0.049490487,0.183002841,0.583021833,37
RITS complex,0.879759519,1,0.051635596,0.292336305,0.678601104,11
RNA nuclear export complex,0.114228457,0.730462436,0.186432558,0.670880779,1.410606726,8
RNA polymerase II transcription repressor complex,0.719409283,1,0.063500797,0.263873662,0.852129974,39
RNA-directed RNA polymerase complex,0.799204771,1,0.055710423,0.365874331,0.730667136,6
RPAP3/R2TP/prefoldin-like complex,0.798816568,1,0.055364284,0.392584549,0.739735644,5
RQC complex,0.837675351,1,0.053897903,0.328551118,0.690817849,8
RSC complex,0.261208577,0.85873256,0.116234149,-0.387183176,-1.136132245,27
RSF complex,0.58546169,1,0.070113216,0.420425355,0.917886724,9
Rab-protein geranylgeranyltransferase complex,0.972166998,1,0.046694804,-0.213630507,-0.505909775,11
Rad51B-Rad51C complex,0.292246521,0.877590208,0.110122264,-0.531075384,-1.159049509,8
Rad51C-XRCC3 complex,0.647410359,1,0.065831196,0.327148755,0.863222859,17
Radial spoke,0.737051793,1,0.059603704,0.309937802,0.795725803,15
Ragulator complex,0.165338645,0.792927708,0.152144922,0.49423982,1.30411351,17
Receptor complex,0.191489362,0.816887194,0.145516146,0.311292842,1.161636944,78
Recycling endosome,0.279661017,0.864557346,0.117249717,0.35354306,1.126339468,37
Recycling endosome membrane,0.82205029,1,0.053129805,0.290704739,0.715301965,13
Region of cytosol,0.355555556,0.902627274,0.098890301,-0.583015738,-1.109537766,5
Respiratory chain,0.111801242,0.730462436,0.19189224,0.412523254,1.311459424,36
Respiratory chain complex I,0.132796781,0.731850503,0.172324345,0.456482224,1.287259829,22
Respiratory chain complex III,0.694280079,1,0.061976274,0.447097183,0.842452215,5
Respiratory chain complex IV,0.123260437,0.730462436,0.178219875,0.684758797,1.367493447,6
Retromer complex,0.314341847,0.894523576,0.104732822,0.522286407,1.140273186,9
Retrotransposon nucleocapsid,0.96749522,1,0.045134422,-0.195510335,-0.640393545,45
Rhabdomere,0.08531746,0.712172151,0.216542837,0.527860457,1.423992999,18
Rhino-Deadlock-Cutoff Complex,0.386503067,0.922942736,0.094664622,0.36750899,1.050379473,23
Rhoptry,0.760869565,1,0.057730855,-0.281498485,-0.810556843,25
Ribbon synapse,0.975903614,1,0.046975873,-0.217466704,-0.580007292,18
Ribonuclease III complex,0.77755511,1,0.057366743,0.358449927,0.753683654,8
Ribonucleoprotein complex,0.021839534,0.489541555,0.352487858,-0.358342696,-1.424139862,143
Ribonucleoprotein granule,0.067924528,0.712172151,0.237793834,-0.447115025,-1.4086531,37
Ribose phosphate diphosphokinase complex,0.825819672,1,0.05559471,0.271581604,0.753337918,21
Ribosomal subunit,0.125954198,0.730462436,0.172324345,-0.406729485,-1.302519572,40
Ribosome,0.016162285,0.424856868,0.352487858,-0.459065205,-1.554153229,51
Ribulose bisphosphate carboxylase complex,0.869120654,1,0.053129805,0.251623339,0.719166054,23
Rix1 complex,0.56496063,0.990889016,0.072003314,0.370396392,0.927807098,14
Rod spherule,0.634577603,1,0.06613262,0.386615852,0.875522021,10
Root hair,0.699360341,1,0.06538342,0.259744351,0.864211102,46
Root hair tip,0.468686869,0.963907674,0.083129129,-0.537352536,-1.022636085,5
Rough endoplasmic reticulum,0.715746421,1,0.062249043,0.294746146,0.842415588,23
Rough endoplasmic reticulum lumen,0.613226453,1,0.06879431,0.381869202,0.886434077,11
Rough endoplasmic reticulum membrane,0.122244489,0.730462436,0.179782316,-0.668211201,-1.37956621,7
Rpd3L complex,0.063116371,0.712172151,0.252961123,0.783953957,1.477181633,5
Ruffle,0.958419958,1,0.049391011,0.189920209,0.673887642,60
Ruffle membrane,0.951417004,1,0.048505984,0.204268631,0.60598648,26
Ryanodine receptor complex,0.837310195,1,0.057609111,0.240457773,0.78230817,42
S-layer,0.157996146,0.775571589,0.153158809,-0.394490079,-1.228009075,36
S100A8 complex,0.051855573,0.695239731,0.321775918,0.335191904,1.326097885,119
S100A9 complex,0.210161663,0.831289379,0.144630528,0.292896682,1.139672244,109
SC5b-7 complex,0.489065606,0.968163843,0.07998588,0.482981823,0.992050278,7
SCAR complex,0.497017893,0.969659564,0.079131665,0.505859541,1.01022376,6
SLIK (SAGA-like) complex,0.086,0.712172151,0.216542837,-0.545843498,-1.429645403,17
SMAD2 protein complex,0.492900609,0.969449162,0.08063885,-0.400146445,-0.970545861,12
SMAD3 protein complex,0.734251969,1,0.059221919,0.315272656,0.789727476,14
SMC loading complex,0.72745491,1,0.060509299,-0.397962508,-0.789897874,6
SNARE complex,0.496981891,0.969659564,0.079770592,0.371348664,0.965383046,16
SPOTS complex,0.927021696,1,0.048505984,0.306138976,0.576848766,5
STING complex,0.354124748,0.902349169,0.098890301,0.379861867,1.071193786,22
SUMO activating enzyme complex,0.41453831,0.941867001,0.088359444,0.48555371,1.06007713,9
SUMO-targeted ubiquitin ligase complex,0.216699801,0.837960494,0.130777138,0.61219167,1.257448805,7
SWI/SNF superfamily-type complex,0.290909091,0.875732532,0.111462667,-0.61787906,-1.175886185,5
Sarcolemma,0.98265896,1,0.044774889,-0.187367405,-0.583485939,35
Sarcomere,0.095238095,0.722792947,0.199915231,-0.396219286,-1.344256093,52
Sarcoplasm,0.942622951,1,0.049490487,0.218036668,0.631089322,24
Sarcoplasmic reticulum,0.972762646,1,0.045679041,-0.197742299,-0.554929167,21
Sarcoplasmic reticulum membrane,0.97995992,1,0.046694804,0.21488653,0.49881672,11
Scaffoldin complex,0.003939162,0.211709482,0.407017919,-0.80751343,-1.762363824,8
Sec61 translocon complex,0.671905697,1,0.063359701,0.382622185,0.835353576,9
Secondary cell wall,0.720792079,1,0.060378636,-0.2915419,-0.826665125,22
Secondary lysosome,0.821643287,1,0.05479395,-0.349761779,-0.722106321,7
Secretory granule,0.007028264,0.26947844,0.407017919,0.347468561,1.422014457,159
Secretory granule lumen,0.000100616,0.013327049,0.538434096,0.535246023,1.952379881,67
Secretory granule membrane,0.479477612,0.964915581,0.077679856,-0.318106296,-0.98830456,32
Secretory vesicle,0.041487279,0.640563463,0.321775918,0.307489207,1.270784069,176
Semaphorin receptor complex,0.500994036,0.969659564,0.078711381,0.500561272,0.999642885,6
Sensory dendrite,0.531313131,0.971296402,0.076476705,-0.509779774,-0.970162337,5
Septate junction,0.458089669,0.960671121,0.082434409,-0.362618695,-0.992524666,19
Septin complex,0.457556936,0.960671121,0.085784441,0.315475584,1.002933588,36
Septin ring,0.822937626,1,0.05490737,0.284522702,0.739664417,16
Serine protease inhibitor complex,0.080508475,0.712172151,0.23112671,0.354436394,1.307788344,75
Set3 complex,0.332684825,0.898560504,0.100633389,-0.388159665,-1.089302192,21
Sexine,0.111561866,0.730462436,0.190023305,-0.621914161,-1.384785242,9
Shc-Grb2-Sos complex,0.184,0.807493976,0.143758989,-0.495051278,-1.264709657,15
Shu complex,0.036166958,0.598809752,0.321775918,0.768574876,1.534877844,6
Side of membrane,0.120267261,0.730462436,0.19189224,0.291366974,1.185452354,153
Sieve plate,0.889779559,1,0.051114795,0.304220209,0.639659216,8
Signal peptidase complex,0.5041841,0.970404537,0.081080206,0.275308947,0.966506184,56
Signal recognition particle receptor complex,0.821205821,1,0.056529953,0.225459453,0.799990374,60
Silver ion transmembrane transporter complex,0.284860558,0.864557346,0.111918316,0.432331099,1.140759615,17
Site of polarized growth,0.921001927,1,0.04773424,-0.226134314,-0.703934026,36
Skeletal muscle myofibril,0.31827112,0.897559826,0.103958472,0.517687778,1.130233306,9
Ski complex,0.742746615,1,0.057852976,-0.266766291,-0.817789323,31
Slit-Robo signaling complex,0.436149312,0.954303397,0.085535695,0.449871182,1.018768692,10
Small nuclear ribonucleoprotein complex,0.82306163,1,0.054343439,-0.325008673,-0.70931765,8
Small ribosomal subunit,0.77029703,1,0.057246114,-0.302735752,-0.778528605,16
Smooth endoplasmic reticulum,0.975257732,1,0.048214971,-0.213904658,-0.523524427,13
Smooth muscle contractile fiber,0.88667992,1,0.050908287,0.30980082,0.618685868,6
Somatic spine,0.386587771,0.922942736,0.092552886,0.571283709,1.076453273,5
Somatodendritic compartment,0.811188811,1,0.049093967,-0.216465337,-0.847046562,125
Sorting endosome,0.241735537,0.855066398,0.125639921,0.323168397,1.12850909,55
Specific granule,0.227897839,0.848213052,0.126253988,0.566487009,1.236773421,9
Specific granule membrane,0.944990177,1,0.047448319,0.241979792,0.547982281,10
Spectrin,0.013308263,0.380198815,0.380730401,-0.850701466,-1.61897071,5
Sperm flagellum,0.359840954,0.910222692,0.097215081,-0.460707873,-1.091026836,11
Sperm individualization complex,0.781563126,1,0.057125851,-0.375058573,-0.744436885,6
Sperm part,0.380597015,0.921461634,0.090263548,-0.339639366,-1.055204309,32
Sperm plasma membrane,0.158095238,0.775571589,0.152144922,-0.397242995,-1.238217758,34
Spherical high-density lipoprotein particle,0.122244489,0.730462436,0.179782316,-0.66425975,-1.371408178,7
Spindle,0.84351145,1,0.051322333,-0.230356446,-0.793207723,57
Spindle matrix,0.75751503,1,0.058593757,0.366705582,0.771042153,8
Spindle microtubule,0.352705411,0.902349169,0.098890301,-0.532861469,-1.100127738,7
Spindle midzone,0.206412826,0.831289379,0.135002034,-0.630492026,-1.251435251,6
Spindle pole,0.249011858,0.855066398,0.120433372,-0.404443707,-1.164569726,25
Spindle pole body,0.842650104,1,0.055135176,0.241860467,0.768902567,36
Spine apparatus,0.370656371,0.92135883,0.093746542,-0.353440228,-1.057726965,29
Spliceosomal complex,0.608870968,1,0.069448144,0.306996666,0.902437597,25
Spliceosomal tri-snRNP complex,0.536779324,0.975310638,0.075118164,0.485588719,0.969742038,6
Spore wall,0.161885246,0.783610642,0.156312403,0.45737331,1.268703962,21
Starch grain,0.485148515,0.967057919,0.080202344,-0.345226305,-0.978886898,22
Stereocilium,0.531062124,0.971296402,0.076083716,0.452866759,0.952206288,8
Stereocilium bundle,0.461689587,0.963624339,0.082434409,0.46488923,1.014961745,9
Storage vacuole,0.436507937,0.954303397,0.086034724,0.371925481,1.003331986,18
Stress fiber,0.449416342,0.959956076,0.083363407,-0.344929122,-0.991982453,24
Striated muscle thin filament,0.853955375,1,0.053566938,-0.304690113,-0.678438277,9
Stromule,0.624254473,1,0.067518895,0.445708892,0.890100267,6
Subapical complex,0.070981211,0.712172151,0.245041785,0.3701224,1.334058797,65
Sublamina densa,0.178781925,0.802789609,0.144630528,0.597914331,1.305386604,9
Subpellicular microtubule,0.500994036,0.969659564,0.078711381,0.502879661,1.004272808,6
Subrhabdomeral cisterna,0.944333996,1,0.048022042,-0.24511177,-0.58046223,11
Subsarcolemmal mitochondrion,0.002294158,0.141244033,0.431707696,0.727286128,1.867214437,15
Subsynaptic reticulum,0.743027888,1,0.059221919,0.298679834,0.788104056,17
Succinate dehydrogenase complex,0.640167364,1,0.06879431,0.255445843,0.896774298,56
Sulfurtransferase complex,0.584645669,1,0.070281284,0.366493831,0.918031561,14
Superoxide dismutase complex,0.526315789,0.971296402,0.073255866,-0.261315411,-0.95367522,78
Supramolecular fiber,0.129432624,0.730462436,0.163180127,-0.32178809,-1.225508935,102
Survivin complex,0.340182648,0.898560504,0.109250039,0.267177853,1.045431722,111
Symbiosome,0.011973849,0.371189315,0.380730401,0.595959508,1.653127047,21
Symmetric synapse,0.776031434,1,0.056529953,0.347066689,0.757727625,9
Symplast,0.86381323,1,0.051114795,-0.249971971,-0.701502604,21
Synapse,0.934280639,1,0.043363699,-0.197020086,-0.782178724,145
Synapse part,0.959507042,1,0.041739703,-0.190565364,-0.727896538,110
Synaptic membrane,0.997854077,1,0.048995409,0.155377549,0.474094514,32
Synaptic vesicle,0.134241245,0.732231148,0.168238166,-0.469304546,-1.317021105,21
Synaptic vesicle protein transport vesicle,0.456175299,0.960671121,0.083836106,0.388121617,0.996452782,15
"Synaptic vesicle, readily releasable pool",0.28,0.864557346,0.113312908,-0.440980244,-1.154992925,17
Syntrophin complex,0.787449393,1,0.057246114,0.264311163,0.784109586,26
Syp1 complex,0.236363636,0.848623355,0.125639921,-0.644936704,-1.227379611,5
T-bar,0.264413519,0.85873256,0.116739205,0.585886506,1.203417693,7
T-tubule,0.622718053,1,0.068632563,-0.362998159,-0.88044356,12
TAP complex,0.270491803,0.864557346,0.117249717,0.412644574,1.1446313,21
TAT protein transport complex,0.687872763,1,0.062800398,-0.351205335,-0.831708049,11
TCR signalosome,0.651072125,1,0.064503125,-0.315534907,-0.863651495,19
TORC1 complex,0.509398496,0.971296402,0.074927882,-0.263808778,-0.96277481,78
TRAIL death-inducing signaling complex,0.678500986,1,0.063079041,0.459887493,0.866552624,5
TRAMP complex,0.997881356,1,0.048408762,0.166449647,0.530285637,37
TRC complex,0.619502868,1,0.065981614,-0.276920143,-0.906394335,44
TSC1-TSC2 complex,0.991820041,1,0.047069959,0.165204089,0.47217072,23
Taste receptor complex,0.190569745,0.816887194,0.139599673,0.59023678,1.288624718,9
Tectum,0.248508946,0.855066398,0.120985142,-0.547057765,-1.193930378,8
Terminal bouton,0.231237323,0.848213052,0.127505315,-0.500411887,-1.213737352,12
Terminal loop,0.079245283,0.712172151,0.219250347,-0.441475525,-1.39088564,37
Terminal web,0.087982833,0.712172151,0.222056046,0.442970162,1.351609198,32
Thioglucosidase complex,0.4055666,0.939444415,0.090263548,0.51883781,1.065698893,7
Thrombospondin complex,0.552511416,0.984052474,0.080858915,0.238360944,0.959040623,147
Thylakoid,0.802303263,1,0.053897903,-0.226016641,-0.816266267,72
Thylakoid light-harvesting complex,0.606490872,1,0.069945874,-0.389424715,-0.894270793,10
Thylakoid lumen,0.896,1,0.050702794,-0.255327341,-0.65228587,15
Thylakoid membrane,0.181818182,0.802789609,0.140406239,-0.377751495,-1.205507462,39
Thylakoid part,0.834586466,1,0.051114795,-0.219848533,-0.798317725,74
Tic complex,0.982986767,1,0.043887984,-0.181234675,-0.612486542,50
Toc complex,0.764957265,1,0.061169263,0.253654443,0.825849044,41
Transcription export complex 2,0.189690722,0.816887194,0.143758989,-0.511902992,-1.252865288,13
Transcriptional preinitiation complex,0.154875717,0.771445539,0.154190967,-0.387707301,-1.269934162,45
Transcriptional repressor complex,0.896969697,1,0.051114795,-0.33184655,-0.631537462,5
Transferase complex,0.047080979,0.672519479,0.287857117,-0.390883015,-1.423756706,76
"Transferase complex, transferring phosphorus-containing groups",0.643968872,1,0.064940768,-0.313146011,-0.878789495,21
Transforming growth factor beta activated kinase 1 complex,0.065913371,0.712172151,0.241339977,-0.45132961,-1.404780436,33
Transforming growth factor beta receptor homodimeric complex,0.017274716,0.430035427,0.352487858,0.440268671,1.488549678,49
Transforming growth factor beta type I receptor homodimeric complex,0.313304721,0.893316983,0.110564716,0.355567452,1.084922371,32
Transforming growth factor beta type II receptor homodimeric complex,0.217391304,0.837960494,0.133554955,0.378689823,1.194736952,35
Transforming growth factor beta1-type II receptor complex,0.783300199,1,0.056648418,-0.320513587,-0.759025285,11
Translation initiation complex,0.277456647,0.864557346,0.111462667,-0.311310879,-1.10343836,67
Translation preinitiation complex,0.477137177,0.964915581,0.081302735,-0.414190658,-0.980866945,11
Translation repressor complex,0.215010142,0.837619724,0.132846301,-0.540587991,-1.241400543,10
Translocon complex,0.931769723,1,0.051845762,0.206489116,0.687022395,46
Transmembrane transporter complex,0.728632479,1,0.063500797,0.260354574,0.847663355,41
Transport vesicle,0.808219178,1,0.061705405,0.216350774,0.838823714,105
Transport vesicle membrane,0.285115304,0.864557346,0.115240003,0.359618961,1.121632531,34
Transporter complex,0.728632479,1,0.063500797,0.260354574,0.847663355,41
Tricarboxylic acid cycle enzyme complex,0.854043393,1,0.052269332,0.358052031,0.674667026,5
Trichocyst,0.609037328,1,0.068151344,0.409746438,0.894572155,9
Tubular endosome,0.636170213,1,0.069945874,0.276554428,0.888411061,38
Tubulin complex,0.972972973,1,0.056411839,0.182715021,0.792803707,256
Tubulin folding cofactor complex,0.345776031,0.899635139,0.098890301,0.505475688,1.103571462,9
Tubulobulbar complex,0.233545648,0.848623355,0.130105631,0.33752202,1.137288632,48
Tumor necrosis factor receptor superfamily complex,0.174081238,0.80264672,0.145516146,-0.403209549,-1.236064959,31
Type I interferon receptor complex,0.00821319,0.306836357,0.380730401,0.837331434,1.672187716,6
Type I terminal bouton,0.743027888,1,0.059221919,0.298679834,0.788104056,17
Type II polyketide synthase complex,0.896620278,1,0.050396432,0.299238997,0.614640378,7
Type III intermediate filament,0.001924585,0.133529535,0.455059867,0.309273811,1.382182889,339
Type III polyketide synthase complex,0.911111111,1,0.050396432,-0.323448834,-0.615555762,5
Type III protein secretion system complex,0.17805383,0.802789609,0.149207542,0.391638784,1.235589916,35
Type IV pilus,0.924124514,1,0.048022042,-0.224694939,-0.679785917,30
Type IV secretion system complex,0.495219885,0.969659564,0.077274697,-0.297487172,-0.973712802,44
Type VI protein secretion system complex,0.292730845,0.877590208,0.109250039,0.517384131,1.171657079,10
U2AF,0.282868526,0.864557346,0.112378519,0.433832338,1.144720822,17
UBC13-MMS2 complex,0.637080868,1,0.06613262,0.480050518,0.904545226,5
UBC13-UEV1A complex,0.537525355,0.975310638,0.076083716,-0.413658501,-0.949921005,10
UDP-N-acetylglucosamine-lysosomal-enzyme N-acetylglucosaminephosphotransferase complex,0.685370741,1,0.063359701,0.395379929,0.831333383,8
UFD1-NPL4 complex,0.004851625,0.234794733,0.407017919,-0.667260541,-1.74765472,17
Ubiquitin ligase complex,0.029017358,0.535168238,0.352487858,-0.548660405,-1.570466211,23
Ubisch body,0.196463654,0.816995463,0.13725078,0.568264835,1.286880435,10
Uniplex complex,0.304609218,0.890825681,0.10797236,0.496969222,1.153616083,11
Urease complex,0.887295082,1,0.052269332,0.231173484,0.7039535,30
Uropod,0.735586481,1,0.059603704,0.385081868,0.790962632,7
VEGF-A complex,0.123006834,0.730462436,0.19189224,0.28957571,1.177171565,156
Vacuolar HOPS complex,0.530815109,0.971296402,0.075694631,0.466634411,0.958472504,7
Vacuolar lumen,1,1,0.047829963,0.135914385,0.469188091,52
Vacuolar membrane,0.979345955,1,0.039759648,-0.183189631,-0.74707869,174
Vacuolar part,1,1,0.05367696,0.1601478,0.686385453,223
Vacuolar transporter chaperone complex,0.486973948,0.967057919,0.08063885,0.417327282,0.968743018,11
Vacuole,0.995169082,1,0.035920866,-0.168402709,-0.738180096,364
Ventral disc,0.441351889,0.955977139,0.085535695,-0.472775493,-1.03181247,8
Vesicle,0.708333333,1,0.071652737,0.212307245,0.936319402,286
Vesicle coat,0.977459016,1,0.047829963,0.20271545,0.562310674,21
Vesicle lumen,0.004213847,0.211709482,0.407017919,0.423881956,1.587413464,79
Vesicle membrane,0.987566607,1,0.0408229,-0.174811555,-0.696452261,150
Viral assembly compartment,0.622,1,0.067992259,-0.334712049,-0.876660698,17
Viral integration complex,0.420952381,0.943292625,0.085784441,-0.330495299,-1.030163282,34
Vitelline envelope,0.519114688,0.971296402,0.077476755,0.365720897,0.950752725,16
W chromosome,0.949392713,1,0.048603425,-0.224671415,-0.564966701,14
WICH complex,0.425742574,0.945589833,0.087309826,-0.398403842,-1.024552884,16
Weibel-Palade body,0.902439024,1,0.047448319,-0.217450103,-0.721886389,46
Whole membrane,0.984732824,1,0.057487741,0.182147863,0.820671913,391
XPC complex,0.044253988,0.651293539,0.321775918,-0.572560274,-1.567156363,19
XRCC2-RAD51D complex,0.434077079,0.954303397,0.087569712,-0.459942943,-1.024132012,9
Xanthine dehydrogenase complex,0.438247012,0.954303397,0.086034724,0.392983598,1.0089353,15
Xanthophore,0.387673956,0.922942736,0.092848121,0.52742907,1.08334544,7
Xylanosome,0.343811395,0.898560504,0.099233334,0.493226555,1.116950346,10
Yolk,0.072033898,0.712172151,0.245041785,0.433427647,1.380840754,37
Yolk granule,0.569416499,0.991206498,0.072714108,0.354607794,0.921862352,16
Yolk plasma,0.82020202,1,0.055249566,-0.367426988,-0.699250624,5
Z chromosome,0.918650794,1,0.049192752,0.245491518,0.662254954,18
Z disc,0.124756335,0.730462436,0.175204048,-0.449549967,-1.319138443,27
Zona pellucida receptor complex,0.470941884,0.963907674,0.082434409,-0.513633687,-1.019488393,6
Zymogen granule,0.228456914,0.848213052,0.127505315,-0.621973282,-1.23452678,6
Zymogen granule membrane,0.121212121,0.730462436,0.181383128,-0.721525588,-1.373135983,5
[Ni-Fe] hydrogenase complex,0.607142857,1,0.06879431,0.32920884,0.888096612,18
acetyl-CoA carboxylase complex,0.473684211,0.963907674,0.082664645,0.333010107,0.987912935,26
actin-based cell projection,0.119246862,0.730462436,0.186432558,0.357605821,1.256746374,57
"alpha,alpha-trehalose-phosphate synthase complex (UDP-forming)",0.230616302,0.848213052,0.126253988,0.617971414,1.234116105,6
"alpha-1,6-mannosyltransferase complex",0.180360721,0.802789609,0.145516146,-0.646391337,-1.282993078,6
alpha-beta T cell receptor complex,0.609406953,1,0.070113216,0.314399439,0.898586774,23
aminoacyl-tRNA synthetase multienzyme complex,0.521472393,0.971296402,0.078089231,0.334579334,0.956263042,23
ascospore-type prospore,0.812749004,1,0.055021112,0.288229143,0.739991589,15
bacterial-type flagellum,0.703853955,1,0.062661823,-0.365535506,-0.81391968,9
bacterial-type flagellum filament,0.860606061,1,0.053021251,-0.347780957,-0.661862245,5
bacterial-type flagellum hook,0.507099391,0.971296402,0.079131665,-0.441949929,-0.984067865,9
bacterial-type flagellum part,0.326043738,0.897764936,0.103197467,-0.474613493,-1.123957477,11
bacteroid-containing symbiosome,0.043085257,0.640563463,0.321775918,0.653961189,1.518041986,11
beta-galactosidase complex,0.478813559,0.964915581,0.084555744,0.267806233,0.98814308,75
calcium- and calmodulin-dependent protein kinase complex,0.46588694,0.963907674,0.081526514,-0.346768434,-0.992577747,23
carbamoyl-phosphate synthase complex,0.339960239,0.898560504,0.100633389,-0.509621464,-1.112227238,8
cell-cell adherens junction,0.993019197,1,0.039759648,-0.175641321,-0.717210649,182
cell-cell contact zone,0.984158416,1,0.045953808,-0.180893434,-0.512922131,22
cell-cell junction,0.996615905,1,0.038162891,-0.171341961,-0.723961839,260
cell-substrate adherens junction,0.026124158,0.514363481,0.352487858,-0.472378944,-1.512756862,40
cell-substrate junction,0.026124158,0.514363481,0.352487858,-0.472378944,-1.512756862,40
chaperone-mediated autophagy translocation complex,0.358974359,0.90960981,0.09688777,0.58590334,1.104000617,5
chaperonin-containing T-complex,0.246520875,0.855066398,0.121543282,-0.549250219,-1.198715317,8
"chromosome, centromeric region",0.157894737,0.775571589,0.154190967,-0.430034903,-1.261874351,27
"chromosome, telomeric region",0.222664016,0.839240952,0.128788713,-0.514065784,-1.217386546,11
cis-Golgi network,0.748526523,1,0.058221624,0.331273253,0.7924087,12
clathrin-coated endocytic vesicle,0.983935743,1,0.046601507,-0.203868368,-0.543739054,18
clathrin-coated endocytic vesicle membrane,0.368421053,0.92135883,0.09688777,-0.432048095,-1.086443449,14
clathrin-coated pit,0.760245902,1,0.059476029,0.265515288,0.808528785,30
clathrin-coated vesicle,0.882797732,1,0.04879897,-0.221101751,-0.747218194,50
clathrin-coated vesicle membrane,0.337231969,0.898560504,0.099927697,-0.376828337,-1.078620155,23
cullin-RING ubiquitin ligase complex,0.004995633,0.234794733,0.407017919,-0.738382516,-1.790929557,12
cyclic-nucleotide phosphodiesterase complex,0.876518219,1,0.052269332,-0.262838043,-0.660941856,14
cyclin-dependent protein kinase activating kinase holoenzyme complex,0.666003976,1,0.064358337,-0.390552825,-0.852364982,8
cyclin/CDK positive transcription elongation factor complex,0.390342052,0.923260341,0.093145458,0.404881133,1.052556316,16
"cytoplasmic, membrane-bounded vesicle",0.375979112,0.92135883,0.111462667,0.225230324,1.022744663,426
follicle-stimulating hormone complex,0.961538462,1,0.050498304,0.192471984,0.645016978,47
fungal-type cell wall,0.005369012,0.237050031,0.407017919,0.873724068,1.646332842,5
gamma-delta T cell receptor complex,0.886266094,1,0.054455595,0.237071232,0.723361719,32
gamma-secretase complex,0.908333333,1,0.051951248,0.202852634,0.745937305,70
glutamate-cysteine ligase complex,0.507782101,0.971296402,0.076873673,-0.330407727,-0.950220338,24
glutamyl-tRNA(Gln) amidotransferase complex,0.307377049,0.890825681,0.108820127,0.379955792,1.099750998,24
glycerol-3-phosphate dehydrogenase complex,0.529661017,0.971296402,0.079131665,0.299936267,0.955555613,37
haptoglobin-hemoglobin complex,0.46653144,0.963907674,0.08359906,-0.407950576,-0.9894746,12
high-density lipoprotein particle,0.328793774,0.898560504,0.101350744,-0.382341726,-1.099577446,24
horsetail-astral microtubule array,0.170040486,0.792927708,0.151148761,-0.508600591,-1.278945067,14
i-AAA complex,0.231827112,0.848213052,0.125033368,0.550894558,1.247544076,10
interleukin-1 receptor complex,0.079766537,0.712172151,0.222056046,-0.509862596,-1.430840175,21
interleukin-12 complex,0.19212963,0.816887194,0.152144922,0.302959218,1.159799665,101
interleukin-12 receptor complex,0.802,1,0.055826472,-0.288449848,-0.736904084,15
interleukin-13 receptor complex,0.176352705,0.802789609,0.147331214,-0.648197041,-1.286577138,6
interleukin-18 receptor complex,0.804733728,1,0.055021112,0.388817823,0.732638112,5
interleukin-2 receptor complex,0.786780384,1,0.059731798,0.240355639,0.79970175,46
interleukin-23 complex,0.229473684,0.848213052,0.130777138,0.298791886,1.121807338,81
interleukin-23 receptor complex,0.545638945,0.980010065,0.075309376,-0.42976301,-0.95693186,9
interleukin-27 complex,0.469811321,0.963907674,0.079343496,-0.303246633,-0.988053324,43
interleukin-3 receptor complex,0.950884086,1,0.047164246,0.231290344,0.553248653,12
interleukin-35 complex,0.790566038,1,0.053787281,-0.2417465,-0.813252881,49
interleukin-4 receptor complex,0.320079523,0.897559826,0.104343953,-0.478046576,-1.132087542,11
interleukin-5 receptor complex,0.372745491,0.92135883,0.095603149,-0.523908771,-1.0816443,7
interleukin-6 receptor complex,0.179337232,0.802789609,0.143758989,-0.467455522,-1.279473845,19
interleukin-9 receptor complex,0.284294235,0.864557346,0.111918316,-0.534203256,-1.165875957,8
intermediate-density lipoprotein particle,0.568669528,0.991090314,0.076083716,0.305408375,0.931874884,32
iron-sulfur cluster assembly complex,0.536964981,0.975310638,0.073990144,-0.341241258,-0.945554224,20
iron-sulfur cluster transfer complex,0.192307692,0.816887194,0.14122512,-0.498150164,-1.252666052,14
laminin-1 complex,0.285416667,0.864557346,0.114750719,0.299214426,1.092188519,68
laminin-10 complex,0.840080972,1,0.054231594,0.250586341,0.743393316,26
laminin-11 complex,0.256461233,0.855066398,0.118815039,0.591300073,1.214537222,7
laminin-2 complex,0.986354776,1,0.045134422,-0.184525942,-0.528180555,23
laminin-5 complex,0.776150628,1,0.059476029,0.23275895,0.844632979,66
laminin-6 complex,0.743589744,1,0.058718588,0.415263342,0.782468634,5
laminin-8 complex,0.661885246,1,0.06613262,0.309827829,0.859428798,21
light-harvesting complex,0.849372385,1,0.055249566,0.23241691,0.756475364,40
"light-harvesting complex, core complex",0.083690987,0.712172151,0.227987203,0.444175004,1.355285463,32
"light-harvesting complex, peripheral complex",0.111111111,0.730462436,0.186432558,-0.456818734,-1.340467576,27
low-density lipoprotein particle,0.578093306,0.999269431,0.072357085,-0.40189193,-0.922900376,10
m-AAA complex,0.952475248,1,0.047448319,-0.237248471,-0.610118628,16
mRNA cleavage stimulating factor complex,0.24501992,0.855066398,0.12210792,0.455815679,1.202726613,17
mRNA editing complex,0.491902834,0.969449162,0.08063885,0.330996006,0.981937873,26
membrane-enclosed lumen,0.342013889,0.898560504,0.092259726,-0.253265692,-1.039084417,190
methylcrotonoyl-CoA carboxylase complex,0.26640159,0.85873256,0.116234149,0.583610715,1.198743192,7
micropexophagy-specific membrane apparatus,0.825147348,1,0.05367696,0.327462988,0.714928168,9
monolayer-surrounded lipid storage body,0.472111554,0.963907674,0.08197788,0.372089538,0.98180473,17
nitric-oxide synthase complex,0.986641221,1,0.044152306,-0.176450054,-0.624642992,66
non-membrane-bounded organelle,0.139344262,0.738534435,0.150169802,-0.258623516,-1.132600212,374
nucleolus-like body,0.709233792,1,0.060771945,0.344103914,0.823099761,12
nucleotide-excision repair factor 2 complex,0.486868687,0.967057919,0.081080206,-0.528242285,-1.005298359,5
nucleotide-excision repair factor 3 complex,0.337917485,0.898560504,0.100279107,0.496862104,1.125183333,10
piccolo-bassoon transport vesicle,0.230769231,0.848213052,0.125639921,0.642423804,1.210500483,5
plant-type cell wall,0.935146444,1,0.050805414,0.197573897,0.706867586,64
plant-type vacuole,0.510548523,0.971296402,0.080858915,0.295119286,0.953031794,39
plant-type vacuole membrane,0.770386266,1,0.061036373,0.263794801,0.804901798,32
plastid-encoded plastid RNA polymerase complex,0.042461907,0.640563463,0.321775918,0.391352916,1.400158092,64
plastid-encoded plastid RNA polymerase complex A,0.087682672,0.712172151,0.219250347,0.407356936,1.354343158,45
plastid-encoded plastid RNA polymerase complex B,0.328512397,0.898560504,0.105125132,0.303702283,1.060533116,55
platelet-derived growth factor complex,0.566513761,0.990889016,0.079770592,0.245237134,0.953392993,108
post-anaphase microtubule array,0.336633663,0.898560504,0.100990587,-0.383423919,-1.087195979,22
pre-B cell receptor complex,0.588693957,1,0.069448144,-0.312391509,-0.916667066,27
pre-T cell receptor complex,0.990253411,1,0.044954307,-0.172724231,-0.506833923,27
pre-autophagosomal structure,0.038867192,0.629216659,0.321775918,-0.780421503,-1.549023523,6
pre-primosome complex,0.326572008,0.897764936,0.104343953,-0.458565564,-1.112240072,12
pre-replicative complex,0.557504873,0.987006411,0.072179797,-0.337307727,-0.923245942,19
"preribosome, large subunit precursor",0.421471173,0.943292625,0.088094501,-0.475721541,-1.038242094,8
procollagen-proline 4-dioxygenase complex,0.868787276,1,0.051845762,0.326696272,0.65242683,6
protein-DNA complex,0.685598377,1,0.063927193,-0.373015818,-0.830575716,9
protein-carbohydrate complex,0.72659176,1,0.057366743,-0.254874164,-0.849986495,47
protein-lipid complex,0.260115607,0.85873256,0.115734448,-0.367950773,-1.145845523,35
proton-transporting V-type ATPase complex,0.260437376,0.85873256,0.117765788,0.589193326,1.21020994,7
proton-transporting two-sector ATPase complex,0.132264529,0.731850503,0.172324345,0.652557217,1.372079254,8
"proton-transporting two-sector ATPase complex, catalytic domain",0.74556213,1,0.058593757,0.413727715,0.779575097,5
pyrophosphate-dependent phosphofructokinase complex,0.72972973,1,0.058593757,-0.281087934,-0.841201039,29
"retromer, cargo-selective complex",0.208416834,0.831289379,0.134273453,0.600199014,1.261989897,8
ribonucleoside-diphosphate reductase complex,0.715835141,1,0.065087757,0.26483725,0.861624651,42
senescence-associated heterochromatin focus,0.988394584,1,0.04468544,0.197481912,0.485919839,13
serine-type peptidase complex,0.218436874,0.837960494,0.130777138,-0.626564255,-1.243639194,6
serine/threonine protein kinase complex,0.332007952,0.898560504,0.102080108,-0.470740475,-1.114785575,11
serotonin-activated cation-selective channel complex,0.844930417,1,0.053129805,0.341808074,0.682605763,6
single-stranded DNA-binding protein complex,0.273584906,0.864557346,0.111011492,-0.354430632,-1.116647352,37
skein-like inclusion,0.713717694,1,0.061036373,-0.344615836,-0.816103105,11
spectrin-associated cytoskeleton,0.0023266,0.141244033,0.431707696,-0.900190983,-1.713154254,5
sub-surface cisterna,0.548323471,0.981458597,0.073621274,0.508371145,0.957908957,5
succinate-CoA ligase complex,0.489065606,0.968163843,0.07998588,0.483007615,0.992103255,7
sucrase-isomaltase complex,0.256147541,0.855066398,0.120985142,0.423620759,1.162611871,20
tRNA-intron endonuclease complex,0.917835671,1,0.049690139,-0.312524935,-0.645228395,7
tetraspanin-enriched microdomain,0.212121212,0.831289379,0.133554955,-0.659393939,-1.254893188,5
trans-Golgi network,0.912133891,1,0.051951248,0.209963705,0.739550945,58
trans-Golgi network membrane,0.645224172,1,0.064940768,-0.318188451,-0.870914518,19
trans-Golgi network transport vesicle,0.949392713,1,0.048603425,-0.224855667,-0.565430027,14
trans-Golgi network transport vesicle membrane,0.917835671,1,0.049690139,-0.309341199,-0.613997426,6
triglyceride-rich lipoprotein particle,0.501992032,0.969659564,0.078711381,0.361637973,0.954226971,17
very-low-density lipoprotein particle,0.647410359,1,0.065831196,0.327293973,0.863606037,17
voltage-gated calcium channel complex,0.071005917,0.712172151,0.237793834,0.779302332,1.468416712,5
voltage-gated potassium channel complex,0.503006012,0.969659564,0.078920964,-0.498863389,-0.990171492,6
voltage-gated sodium channel complex,0.768442623,1,0.058969447,0.283569215,0.786590252,21