"pathway","pval.t","padj.t","log2err.t","ES.t","NES.t","size.t","pval.s","padj.s","log2err.s","ES.s","NES.s","size.s"
"1-alkyl-2-acetylglycerophosphocholine esterase complex",0.507905138339921,0.836036293006261,0.0776798560117236,-0.290025498349474,-0.947568281047444,20,0.357142857142857,0.680257542310522,0.102821842840815,-0.318025498847993,-1.07195137975633,20
"3-methyl-2-oxobutanoate dehydrogenase (lipoamide) complex",0.374207188160677,0.747893921261324,0.0985499803531691,0.398032605857386,1.05974470827313,10,0.322134387351779,0.652901431064183,0.103576326612592,0.42289456425833,1.12570373752237,10
"3-methylcrotonyl-CoA carboxylase complex, mitochondrial",0.514,0.841958813037133,0.0776798560117236,0.387118719165106,0.940125172523151,7,0.408366533864542,0.726434355828221,0.0899860794997137,0.438822152985235,1.03533015393242,7
"4-aminobutyrate transaminase complex",0.862704918032787,0.983049920989078,0.0535669384770951,0.214490190289625,0.719152000492887,22,0.477797513321492,0.76924736337488,0.0753093764172773,0.295907972158837,0.98358548724745,22
"5-lipoxygenase complex",0.907114624505929,0.988150627999489,0.0495901956956338,-0.216644457780515,-0.681180704756468,18,0.0569620253164557,0.26925799467022,0.276500599254472,-0.462321259550847,-1.52234177606834,18
"6-phosphofructo-2-kinase/fructose-2,6-biphosphatase complex",0.75609756097561,0.959996793330127,0.0593487680335629,0.263286448264932,0.783982263256737,14,0.567510548523207,0.81864587106121,0.0753093764172773,-0.308437576677165,-0.9230776100402,14
"6-phosphofructokinase complex",0.762745098039216,0.962701309082332,0.0572461135202884,-0.266013304011688,-0.785935960718579,14,0.143459915611814,0.419861300884271,0.169570644405628,-0.430031105331562,-1.28697705781772,14
"A band",0.360078277886497,0.736034829762299,0.096240602328129,-0.376871919541172,-1.05652696547711,12,0.564315352697095,0.81864587106121,0.0747385227439092,-0.320241727765015,-0.919333706014778,12
"ACF complex",0.215885947046843,0.584422012223898,0.132846300606183,0.492623225756726,1.23518997867599,8,0.355555555555556,0.680257542310522,0.0988903007520636,0.439156616742958,1.08220291135267,8
"AIM2 inflammasome complex",0.61839530332681,0.896704390394174,0.0672065093710464,-0.359599745914668,-0.878344894351805,8,0.85207100591716,0.969063828296511,0.0523759084097997,-0.275090100883008,-0.69916265511717,8
"AP-1 adaptor complex",0.551383399209486,0.864708873633359,0.0734381410838857,0.238594129855654,0.948348006293867,43,0.722703639514731,0.898259068517689,0.0540088272801684,0.217185534681252,0.841522218351154,43
"AP-type membrane coat adaptor complex",0.119607843137255,0.452883706271667,0.179782316298324,-0.462702428089062,-1.36705372198609,14,0.970464135021097,1,0.0494904866135495,-0.183764388422728,-0.549961500486361,14
"ARC complex",0.566532258064516,0.870050689946494,0.0730744399126987,0.280918785143509,0.925191310579179,20,0.722222222222222,0.898259068517689,0.0571258510018113,0.25302961540502,0.818225565613636,20
"ASAP complex",0.100409836065574,0.435918230894953,0.20207170902116,0.405146642346433,1.35839321109739,22,0.4874715261959,0.777465686063827,0.0875697115548511,-0.286557279453088,-0.988951650842939,22
"ASTRA complex",0.34826883910387,0.726680227137893,0.100633389423036,0.436911043249898,1.09549877873938,8,0.14949494949495,0.427085969034279,0.161978948883402,0.549173924527396,1.35331587252476,8
"ATG1/ULK1 kinase complex",0.00780855958108059,0.106865715409646,0.407017918923954,-0.593204315377237,-1.75262137824479,14,0.0244611403622091,0.164255414488292,0.352487857583619,-0.559311073834173,-1.67388012467837,14
"ATP-sensitive potassium channel complex",0.810276679841897,0.97673423916287,0.0547939500773363,-0.23032628351473,-0.752519629453795,20,0.205555555555556,0.500649717514124,0.129442887745046,0.366081517483546,1.18380315373048,20
"ATPase complex",0.553606237816764,0.864708873633359,0.0725351864394589,-0.44989788287986,-0.929958441741926,5,0.207243460764588,0.502207172206935,0.135002033828631,-0.588430759881487,-1.23772540521884,5
"ATPase dependent transmembrane transport complex",0.553606237816764,0.864708873633359,0.0725351864394589,-0.44989788287986,-0.929958441741926,5,0.207243460764588,0.502207172206935,0.135002033828631,-0.588430759881487,-1.23772540521884,5
"ATPase inhibitor complex",0.824596774193548,0.983049920989078,0.0549073703290958,0.223475840495098,0.736005979966131,20,0.742424242424242,0.909515190232822,0.0632191170859458,-0.243708022649041,-0.821453474902632,20
"Acetyltransferase complex",0.378167641325536,0.751627801638721,0.0931454575337804,-0.524173581101018,-1.08348953225272,5,0.498993963782696,0.782465757169806,0.0795564677235957,-0.473852984633701,-0.99671859020087,5
"Acid phosphatase complex",0.111776447105788,0.445893112027577,0.188204146308491,0.319241652859345,1.31375003922462,49,0.286689419795222,0.616725593182236,0.101713902282311,0.280656347372093,1.12418982934583,49
"Acidocalcisome",0.74896265560166,0.956674965421853,0.0607719451853533,0.282838309547563,0.783338427496368,11,0.391393442622951,0.707462109495824,0.0940503465727813,-0.376744606142827,-1.0582625394457,11
"Acrosomal matrix",0.334012219959267,0.704809926698189,0.103197466945307,0.443688294049465,1.11249187170153,8,0.474747474747475,0.76924736337488,0.0824344091527096,0.389951017623766,0.960946756733896,8
"Acrosomal membrane",0.225469728601253,0.592116359939463,0.131457611642763,0.543872612140218,1.22837208899626,6,0.49800796812749,0.782465757169806,0.0791316651768349,0.436838685480703,0.977124175727787,6
"Acrosomal vesicle",0.346232179226069,0.724890829694323,0.100990587455923,0.335446827325676,1.08887535874611,19,0.289424860853432,0.619826415866441,0.106323255932708,0.345984857828193,1.10478704982474,19
"Actin cap",0.875494071146245,0.987059745528305,0.051218434854034,-0.213659454027266,-0.698065938113466,20,0.00171652279340611,0.0333675923928111,0.45505986738723,-0.553904778265309,-1.86701693249736,20
"Actin cortical patch",0.58498023715415,0.878048780487805,0.0704500850658419,-0.232420439609362,-0.937903377717261,47,0.00537187277625233,0.0654184845718187,0.407017918923954,-0.405268629479377,-1.71397060303859,47
"Actin cytoskeleton",0.143418467583497,0.490039124604261,0.163180127180689,-0.307536992925762,-1.26019539111842,50,0.0985221674876847,0.339609264219316,0.224966093540314,-0.302945337625964,-1.28669759694994,50
"Actin cytoskeleton-regulatory complex",0.195121951219512,0.559711121028928,0.140406238523342,0.411594379171981,1.2255955255331,14,0.734177215189873,0.902491581033232,0.0625237414724762,-0.271883873411063,-0.813681389863342,14
"Actin filament",0.143418467583497,0.490039124604261,0.163180127180689,-0.307536992925762,-1.26019539111842,50,0.0985221674876847,0.339609264219316,0.224966093540314,-0.302945337625964,-1.28669759694994,50
"Actin filament bundle",0.0261010666333073,0.226662040543023,0.352487857583619,-0.453370094901416,-1.58846792568164,27,0.172018348623853,0.458665815512289,0.160801401070022,-0.335136223611611,-1.23468461657704,27
"Actin rod",0.233962264150943,0.602233255908113,0.121543282035469,-0.44796881790843,-1.18956693356606,10,0.0260907867733964,0.167237741749552,0.352487857583619,-0.606120438693677,-1.65240568575196,10
"Activin A complex",0.290721649484536,0.673983396651189,0.112843355675562,0.256109994629088,1.08542404254091,58,0.807432432432432,0.947167677881964,0.0477342401407188,0.19491832793289,0.803102066535787,58
"Activin AB complex",0.540322580645161,0.8588977305167,0.0755015292281669,0.247245843963249,0.944558374193285,36,0.580817051509769,0.823923102684638,0.0655321029282414,0.244722634474363,0.916926196993355,36
"Activin B complex",0.98422090729783,1,0.04577044581081,-0.182979092971346,-0.529013758543966,13,0.219959266802444,0.522981272272348,0.131457611642763,-0.408720346542219,-1.21126354662489,13
"Activin complex",0.204166666666667,0.567480657640232,0.13880510939114,0.267032392180851,1.16323161334199,66,0.503344481605351,0.782465757169806,0.0696133438850965,0.229570906877738,0.976428664190734,66
"Activin receptor complex",0.837944664031621,0.983049920989078,0.0532386494755899,-0.223366822353656,-0.72978175058816,20,0.794372294372294,0.939472560244575,0.059989249649033,-0.233727175669331,-0.787811572823103,20
"Actomyosin",0.0110846801867102,0.137316253692264,0.380730400722792,-0.484641096749865,-1.67035259229435,26,0.0254017653720041,0.167237741749552,0.352487857583619,-0.447698813019442,-1.62493916800713,26
"Actomyosin contractile ring",0.257668711656442,0.632694463542425,0.120433371642259,-0.307865699317982,-1.13388501569748,33,0.0170018498938546,0.136489711159045,0.352487857583619,-0.401066801496286,-1.5645216631426,33
"Adenylyltransferase complex",0.0818713450292398,0.402036500862097,0.219250346703755,-0.676758825422048,-1.39888985183921,5,0.0281454125050885,0.171646905660191,0.352487857583619,-0.75788533212224,-1.59416195373495,5
"Adherens junction",0.0201165894774059,0.199362338476085,0.352487857583619,-0.424707825005479,-1.64350952889306,39,0.00361428409217622,0.0535435694892498,0.431707695803346,-0.430790844838739,-1.75596583315959,39
"Aggresome",0.513207547169811,0.841958813037133,0.0747385227439092,-0.357575444150486,-0.949530207487706,10,0.639112903225806,0.857521234300172,0.0670512579829467,-0.319984446118622,-0.872341673971862,10
"Amino acid transport complex",0.0684647302904564,0.371551362683438,0.248911114434702,0.527904878441,1.46206565159835,11,0.848249027237354,0.967407819158792,0.0519512476197082,0.251385378784545,0.695555668294863,11
"Amphisome",0.172199170124481,0.524258914128982,0.152144922367565,-0.345574727135982,-1.2510408872455,31,0.0247104698810046,0.164393264902794,0.352487857583619,-0.415168876803028,-1.58242756916085,31
"Amyloplast",0.104294478527607,0.436532403240324,0.197822021315103,-0.355310707941034,-1.30862739351512,33,0.225,0.52917348608838,0.138022242496643,-0.300641025777954,-1.17277071027625,33
"Anchored component of membrane",0.492,0.835349480968858,0.0799858801499946,0.251438359088727,0.973471849557552,39,0.836007130124777,0.95798479389216,0.0486034247259069,0.204275395747407,0.771539755259954,39
"Anchored component of plasma membrane",0.912423625254583,0.988150627999489,0.0507027937029348,0.250980897569398,0.629302625836644,8,0.469428007889546,0.765342435906747,0.0817515582532145,-0.38475238074841,-0.97787777612948,8
"Anchoring collagen complex",0.248091603053435,0.617862042136729,0.118287526124085,-0.384561744649511,-1.16279651040062,15,0.0537640333506298,0.261733254994125,0.321775918075361,-0.503059958846859,-1.54542649341976,15
"Anchoring junction",0.0091010796575248,0.115736738653656,0.380730400722792,-0.431849655194872,-1.6838074459438,40,0.0113532512379121,0.101333056079998,0.380730400722792,-0.408592627677329,-1.67242900858885,40
"Annulate lamellae",0.157575757575758,0.5057875320787,0.157402899305283,0.433930566847582,1.26852681703562,13,0.0665362035225049,0.281105323025872,0.245041785430996,0.516491649094123,1.47268274513175,13
"Annuli extracellular matrix",0.784431137724551,0.974267540976819,0.0567672387487446,-0.245703520661208,-0.762231001030043,17,0.990458015267176,1,0.0439759278026345,0.163290674295393,0.49694177444449,17
"Apical complex",0.0855949895615866,0.409279682066567,0.222056046145248,0.210540568053968,1.16643462852217,319,0.375912408759124,0.695471344569133,0.135002033828631,-0.176174263835492,-1.01871832582767,319
"Apical cytoplasm",0.00529611630273858,0.0839727385158887,0.407017918923954,0.497896916102555,1.75989847256884,28,0.0263773835291664,0.167237741749552,0.352487857583619,0.429510955790166,1.5090918125257,28
"Apical junction complex",0.765531062124248,0.962858092942057,0.0580983576873206,-0.237437427671371,-0.797928532436605,23,0.204597701149425,0.499162812481705,0.14641623786055,-0.339260589416351,-1.18722519576154,23
"Apical part of cell",0.433145009416196,0.802099714601899,0.0835990603684159,-0.222526305032679,-1.01121962969387,79,0.599483204134367,0.833130913289251,0.083129129135339,-0.195142398970935,-0.928221917605227,79
"Apical plasma membrane",0.473794549266247,0.827450553438577,0.0845557442441281,0.231391288862284,0.992730987614435,62,0.492537313432836,0.778560371517028,0.0702812841717392,0.232215308819195,0.978718343380157,62
"Apical recycling endosome",0.0447137875177653,0.308912080110715,0.321775918075361,0.497733248323755,1.54907747910506,16,0.0897196261682243,0.327226149248067,0.204294756516886,0.459213869760707,1.38832015219147,16
"Apicoplast",0.225296442687747,0.592116359939463,0.127505315300183,-0.366244227808142,-1.19658931839687,20,0.82034632034632,0.955297943547538,0.0584693210386381,-0.225917048908728,-0.761486400195665,20
"Apolipoprotein B mRNA editing enzyme complex",0.770491803278688,0.962858092942057,0.0588438169595807,0.236509819468955,0.792980366969903,22,0.632326820603908,0.851596664674616,0.0614364107201271,0.263134896234404,0.874649179730772,22
"Apoplast",0.325396825396825,0.696025910364146,0.103197466945307,0.269876017178434,1.07982868198653,45,0.649913344887348,0.864495474415483,0.0589694466690997,0.224274785295803,0.877763672588946,45
"Apoptosome",0.14591439688716,0.493362325474937,0.160801401070022,-0.387257769171327,-1.3002228400545,22,0.680284191829485,0.872828913981223,0.0579754757571486,0.255559882370484,0.84947015650983,22
"Apoptotic body",0.626436781609195,0.905623395545688,0.0655321029282414,-0.222472284224924,-0.922340775739418,51,0.362282878411911,0.685000652997257,0.110564716336619,-0.245959847508267,-1.04898775953433,51
"Arbuscule",0.172,0.524258914128982,0.149207542435322,-0.319697069248508,-1.22095509047475,38,0.037586834917372,0.205049543457414,0.321775918075361,-0.375096611056636,-1.50910222452042,38
"Arp2/3 protein complex",0.663405088062622,0.923657011308754,0.0637845390312975,-0.343399750933997,-0.838775392311129,8,0.00259862715161012,0.0433758269032088,0.431707695803346,-0.75903500198666,-1.92914585298565,8
"Aryl hydrocarbon receptor complex",0.436,0.804747633343392,0.0865399737444125,-0.265863121523436,-1.01535785847703,38,0.360091743119266,0.682654135702355,0.105920292736253,-0.264422906270908,-1.06383578071659,38
"Asi complex",0.5,0.835349480968858,0.0791316651768349,-0.247681144974875,-0.97312283124224,41,0.677494199535963,0.871318960821951,0.0711327399327894,-0.212834141544542,-0.875749396774754,41
"Aster",0.214,0.581319470699433,0.132147260608774,-0.301349273599204,-1.18398135775494,41,0.4430823117338,0.744748079789063,0.0785029047348687,0.262365132057406,1.00510763355972,41
"Astral microtubule",0.00162174546125485,0.0435527627516305,0.45505986738723,-0.512210459916428,-1.88649715336712,33,0.00425067080393801,0.0576246598609332,0.407017918923954,-0.453998360318621,-1.77100240433707,33
"Autophagosome",0.0843137254901961,0.407942166765696,0.216542836735348,-0.489865807157832,-1.44730789011536,14,0.971590909090909,1,0.0445070537769277,0.186849194146694,0.546945073671525,14
"Autosome",0.194059405940594,0.559711121028928,0.13880510939114,-0.299460488904416,-1.20165303052085,46,0.829383886255924,0.956866272189349,0.062249042949858,-0.188645920471585,-0.793926525157463,46
"Auxin efflux carrier complex",0.572938689217759,0.874607218683652,0.0749278818393739,0.345938461864596,0.921046288555834,10,0.903162055335968,0.985855554066729,0.0497903187820785,0.247295062952253,0.658275135610704,10
"Axon",0.493307839388145,0.835349480968858,0.0774767547848578,-0.212909488955222,-0.98018916118577,88,0.167979002624672,0.451244859813084,0.175204047558551,-0.247556137399562,-1.19344517318379,88
"Axon collateral",0.966403162055336,1,0.0466948041282054,-0.181770511346185,-0.593878717428749,20,0.761904761904762,0.921389479778125,0.0619762736001998,-0.240815302174813,-0.811703138169158,20
"Axon cytoplasm",0.986538461538462,1,0.0445070537769277,-0.193158421675765,-0.527278096918511,11,0.184824902723735,0.474273902167871,0.141225119642531,0.452922030581663,1.25318539681936,11
"Axon part",0.926147704590818,0.991764783519668,0.0490939668192139,-0.173269976105923,-0.700366709926254,49,0.600961538461538,0.834378483835005,0.0791316651768349,-0.218458770179894,-0.927611932602709,49
"Axon terminus",0.0573122529644269,0.338920607036549,0.266350657088526,-0.460241010308528,-1.50369462508461,20,0.000597340610715256,0.0165152423411676,0.477270815362862,-0.586067103367787,-1.97542474537607,20
"Axonal growth cone",0.856850715746421,0.983049920989078,0.05378728077603,0.325681259476106,0.689463283603092,5,0.803960396039604,0.945314489432137,0.0552495663125249,0.34103254709836,0.729551170125788,5
"Axonemal central apparatus",0.795501022494888,0.97673423916287,0.0572461135202884,0.346055360823714,0.732595009506451,5,0.20990099009901,0.506937349197105,0.132846300606183,0.5846623471079,1.25073428647863,5
"Axonemal microtubule",0.265469061876248,0.640801647695921,0.116739204791222,-0.374174508503548,-1.16077868729381,17,0.977099236641221,1,0.0445961615888961,0.18732037529735,0.570071255395014,17
"Axonemal outer doublet",0.24847250509165,0.617862042136729,0.122679189568808,0.475099572156882,1.19125164977754,8,0.945454545454545,0.9937119471716,0.048701086452153,0.2488854210057,0.61332225665463,8
"Axoneme",0.402464065708419,0.77009435742077,0.0925528864684773,0.406162420263142,1.05166033555728,9,0.254545454545455,0.577854373115037,0.120433371642259,0.462511085930145,1.19456214362085,9
"Azurophil granule",0.159615384615385,0.51082340174746,0.152144922367565,-0.467699563661606,-1.27671231581641,11,0.0298907645320267,0.176037002592305,0.352487857583619,-0.607401617629138,-1.70617008937867,11
"B cell receptor complex",0.838532110091743,0.983049920989078,0.0497903187820785,-0.167066078651,-0.834910403496378,142,0.00232083666616084,0.040181232400881,0.431707695803346,-0.293162139690533,-1.5379989544816,142
"B800-820 antenna complex",0.220440881763527,0.58677224950508,0.130105630751129,-0.358904641140092,-1.2061293638422,23,0.285714285714286,0.616124647956396,0.103958471559957,0.33328867349764,1.12247300269525,23
"B800-850 antenna complex",0.174168297455969,0.526904933566794,0.14641623786055,-0.457439227791444,-1.28239026090636,12,0.0663900414937759,0.281105323025872,0.252961123069611,-0.521980474465886,-1.49847506571721,12
"B875 antenna complex",0.0480769230769231,0.321332737030411,0.287857117255149,0.392157946327822,1.44417126239506,31,0.242696629213483,0.55800808988764,0.131457611642763,-0.303233240498185,-1.15578181906436,31
"BAD-BCL-2 complex",0.00498978339784818,0.0824174568127338,0.407017918923954,-0.586485634927386,-1.81941850648875,17,0.523012552301255,0.795645342312009,0.0791316651768349,-0.293945287355267,-0.949781802434562,17
"BAK complex",0.940239043824701,0.999351705603621,0.0483117581055019,-0.171012373370953,-0.690629891616284,48,0.0176113037341113,0.139846088277027,0.352487857583619,-0.363229089988452,-1.54213939855261,48
"BAT3 complex",0.00418376430687437,0.0761021431516262,0.407017918923954,-0.512679980385225,-1.82564927392116,28,0.0690423162583519,0.281105323025872,0.257206466468838,-0.372909474841524,-1.38751937062201,28
"BAX complex",0.148217636022514,0.496477256327162,0.156312403073186,-0.225609813706692,-1.16333968932715,192,0.00978171874576359,0.0901046784465531,0.380730400722792,-0.258631843086264,-1.41673337183444,192
"BCL-2 complex",0.970425138632163,1,0.0434506826723125,-0.14559932467071,-0.787791383309032,284,0.00110358868733176,0.0254849204684914,0.45505986738723,-0.254133140868528,-1.45479513583069,284
"BLOC-3 complex",0.651663405088063,0.91640523273965,0.0646484568421928,-0.349119492122421,-0.852746218283453,8,0.234714003944773,0.543130472896359,0.124434168630393,-0.471062129313845,-1.19724064224427,8
"BMP receptor complex",0.311244979919679,0.686638307790921,0.106729884364606,0.286896516462576,1.09878172109704,37,0.780269058295964,0.931887550529434,0.0625237414724762,-0.200674674949603,-0.807572302536197,37
"BRCA1-B complex",0.814814814814815,0.97673423916287,0.0538979025357319,-0.356806831768333,-0.737535200544075,5,0.187122736418511,0.475921012802479,0.142901149386948,-0.602501877557597,-1.26732307586245,5
"BRCA1-BARD1 complex",0.323590814196242,0.696025910364146,0.106729884364606,0.495587841748648,1.11931775724898,6,0.862,0.976118203309693,0.0524827622635459,-0.295270690728065,-0.670343872020054,6
"BRCA1-C complex",0.689161554192229,0.938475396914762,0.0640703750499722,0.38591089250235,0.816968687577772,5,0.148893360160966,0.426214658468741,0.161978948883402,-0.629283745939771,-1.32365697469282,5
"BRISC complex",0.0816733067729084,0.402036500862097,0.222056046145248,-0.618566486054205,-1.41861134141054,7,0.0258820604792092,0.167237741749552,0.352487857583619,-0.674439633366509,-1.62390446522568,7
"Bacterial nucleoid",0.56,0.870050689946494,0.0732558655828455,0.239719844780852,0.928102305154309,39,0.0265345895051481,0.167237741749552,0.352487857583619,0.394769590452469,1.49102848185591,39
"Bam protein complex",0.298039215686275,0.679205938777212,0.107972360317345,-0.339193004629944,-1.1200526267694,21,0.521739130434783,0.795645342312009,0.0813027345384498,-0.281509059094037,-0.966886984759732,21
"Banded collagen fibril",0.996175908221797,1,0.0438002031299891,-0.216107987946429,-0.474712936174808,6,0.32,0.651951720595788,0.104732821580651,-0.504738550990098,-1.1458922448219,6
"Barr body",0.942740286298569,1,0.0493910105981501,0.286504063444728,0.606525633885062,5,0.58019801980198,0.823923102684638,0.0709609456938284,0.423823732521978,0.906661556556094,5
"Basal cortex",0.164150943396226,0.515032545109994,0.148261500475107,-0.48280536877738,-1.28207428527567,10,0.971774193548387,1,0.0473534245254193,-0.201148310913921,-0.548370573594111,10
"Basal labyrinth",0.14867617107943,0.49685501823521,0.163180127180689,0.456948242998179,1.30947118821484,12,0.144230769230769,0.420047277718469,0.160801401070022,0.465770720127526,1.32167766774923,12
"Basal lamina",0.0865384615384615,0.409279682066567,0.211400189384923,-0.542834654948878,-1.48181384647736,11,0.532786885245902,0.801690841987812,0.0770736734944102,-0.332485641051931,-0.933940640666945,11
"Basal part of cell",0.293279022403259,0.676471838191786,0.11146266692298,0.390753327728418,1.1197772005909,12,0.588461538461538,0.828367718446602,0.0687943095604775,0.31773259417644,0.901602560856662,12
"Basal plasma membrane",0.364562118126273,0.740229312063809,0.0978773277424561,0.427332155088593,1.07148093701962,8,0.723232323232323,0.898259068517689,0.0611692626746689,0.321390033263622,0.791993599589093,8
"Basement membrane",0.231536926147705,0.599492906079732,0.126253987849115,0.282572099618733,1.16284671386993,49,0.430034129692833,0.734790778083949,0.0787113806986485,0.254414373440176,1.01907565511657,49
"Basilar dendrite",0.471816283924843,0.827450553438577,0.0845557442441281,0.433727740813439,0.979602648020957,6,0.326,0.656109243697479,0.103576326612592,-0.502177002524961,-1.14007684095552,6
"Basolateral cytoplasm",0.164,0.515032545109994,0.153158808683073,0.546507127218775,1.32720295306245,7,0.354581673306773,0.680257542310522,0.0982123351217438,0.464296815313942,1.09543351446409,7
"Basolateral plasma membrane",0.348605577689243,0.726680227137893,0.099233334377119,-0.26344340756739,-1.06391068920276,48,0.624708624708625,0.846892729911598,0.0755015292281669,-0.213559331355451,-0.906695713226779,48
"Bcl-2 family protein complex",0.601145038167939,0.888762790027381,0.0673623868166279,-0.174678635373101,-0.952390650486982,322,0.000324749086862311,0.0111110580433605,0.49849310876659,-0.258804393291309,-1.49718232339999,322
"Bicellular tight junction",0.945205479452055,1,0.0472587336673259,-0.192488421303068,-0.618508934456918,19,0.455723542116631,0.751308265959419,0.0883594442500905,-0.300609699664241,-1.00077869607763,19
"Biofilm matrix",4.20274567132688e-06,0.000301967276484836,0.610526878385931,0.555297470222505,2.21793483494707,44,0.00196743216067813,0.0353400001861808,0.431707695803346,0.449768427939318,1.75167688827234,44
"Biofilm matrix component",1.23580860473117e-06,9.8658720277705e-05,0.643551836150722,0.600524793441974,2.32499919063994,39,0.00059762881123223,0.0165152423411676,0.477270815362862,0.500732810415975,1.8912471988388,39
"Blood microparticle",6.79386674946764e-07,6.10174157436562e-05,0.659444398037935,0.460969438003893,2.13820535561971,90,5.00764377520433e-08,9.18095263788154e-06,0.719512826338911,0.502997896649271,2.28235357479374,90
"Bounding membrane of organelle",0.99445471349353,1,0.042331839351853,-0.134499146979616,-0.757854625494699,447,1.57327025053564e-07,2.51198816668857e-05,0.690132458796796,-0.283874983568822,-1.68756521618909,447
"Brahma complex",0.917647058823529,0.988150627999489,0.048701086452153,-0.199403923826486,-0.658453699284409,21,0.85239852398524,0.969063828296511,0.0492917662312669,0.224800506941468,0.735457799808165,21
"Brush border",0.0219923181940941,0.207479704358137,0.352487857583619,-0.410951590086524,-1.54554109392408,35,0.0353957126842234,0.196384707054938,0.321775918075361,-0.367279039739926,-1.44954865223353,35
"Brush border membrane",0.268244575936884,0.641723701054902,0.115240003147781,-0.396312329997028,-1.14578486451387,13,0.215885947046843,0.516389804047096,0.132846300606183,-0.410414453204032,-1.21628411792971,13
"Bunina body",0.395256916996047,0.765477344640593,0.0913924325943768,-0.318507648270038,-1.04062486398362,20,0.162962962962963,0.446253010770606,0.147331213699377,0.391568729715977,1.26622152444734,20
"C-fiber",0.994163424124514,1,0.0446854397644147,-0.149468417761101,-0.501842096171895,22,0.906605922551253,0.986964174777387,0.0561766586307176,-0.205186899511116,-0.708130407261501,22
"CAF-1 complex",0.118811881188119,0.452883706271667,0.181383128498408,-0.392290350909244,-1.33424750037401,25,0.659722222222222,0.864620938628159,0.0583452776743612,0.25549991585595,0.874847968643169,25
"CBF3 complex",0.456175298804781,0.817460848614643,0.0838361057159929,-0.441205056739193,-1.01185323079895,7,0.42,0.728913043478261,0.0886261133285098,-0.424085012541354,-1.0211047978655,7
"CBM complex",0.608870967741935,0.893336849838931,0.0694481442003175,0.22120443864833,0.894778249144566,47,0.922169811320755,0.99188474466162,0.0570059526582387,-0.172183192642914,-0.728200776128177,47
"CGRP receptor complex",0.502868068833652,0.835349480968858,0.0764767053228531,-0.43301951155587,-0.951190956451938,6,0.569721115537849,0.81864587106121,0.0721797965581253,0.409172871338073,0.915241067069021,6
"CHRAC",0.429735234215886,0.800793053230169,0.0883594442500905,0.314459669005578,1.02075010704215,19,0.476808905380334,0.76924736337488,0.0776798560117236,0.30940218200013,0.987972496851304,19
"CIA complex",0.407258064516129,0.774699213627009,0.0908241419007155,0.314774779713506,1.0366942560699,20,0.357407407407407,0.680257542310522,0.0934449219410994,0.329295826829899,1.06484872820448,20
"CKM complex",0.609561752988048,0.893336849838931,0.0687943095604775,0.231979696390892,0.909512858321602,41,0.48491879350348,0.774253673627224,0.088894528862045,-0.238565278065386,-0.981625395441733,41
"CMG complex",0.377777777777778,0.751627801638721,0.0952879846194844,0.360414970502124,1.0536156940141,13,0.0276670758561127,0.16990422224459,0.352487857583619,0.572438527607564,1.63220517453644,13
"COMA complex",0.860887096774194,0.983049920989078,0.0529129848430583,0.215784775681397,0.710675860689478,20,0.588888888888889,0.828367718446602,0.0668966276500666,0.280662906573263,0.907583743152303,20
"COP9 signalosome",3.54366301553783e-07,3.39482916888524e-05,0.674962860011025,-0.907154690094708,-2.29904573876638,9,0.0596045681270507,0.27003479260123,0.321775918075361,-0.586517913817692,-1.54573933781624,9
"COPI vesicle coat",0.904854368932039,0.988150627999489,0.0488970772260102,-0.254149283509947,-0.64410274636079,9,0.0690335305719921,0.281105323025872,0.241339976815091,-0.54172093664717,-1.42767909072675,9
"COPI-coated vesicle",0.577299412915851,0.876933674799237,0.070619624712259,-0.323377043882968,-0.906558831166258,12,0.0684647302904564,0.281105323025872,0.248911114434702,-0.521651220155528,-1.49752985914631,12
"COPI-coated vesicle membrane",0.660377358490566,0.922217943781286,0.062249042949858,-0.323440008629092,-0.858884645261482,10,0.0645161290322581,0.277573884489086,0.252961123069611,-0.534384114030797,-1.45683810020185,10
"CORVET complex",0.33969465648855,0.713656756394804,0.0982123351217438,-0.348618833572258,-1.0541161953257,15,0.274089935760171,0.604090855348721,0.119348440591015,-0.378169024390883,-1.16175501350583,15
"CSF1-CSF1R complex",0.400398406374502,0.769214585508234,0.0911073131586733,-0.460660264989493,-1.05647152114545,7,0.022590739512797,0.160707389504403,0.352487857583619,-0.680140527317778,-1.63763098230036,7
"CST complex",0.382113821138211,0.757856886012226,0.0949751525905595,0.314035226895172,1.04453835827192,21,0.666051660516605,0.864620938628159,0.0607719451853533,0.263834468139958,0.863161387364189,21
"CTDK-1 complex",0.796078431372549,0.97673423916287,0.0552495663125249,-0.231294919403595,-0.763761276029402,21,0.345652173913043,0.678460943011411,0.105125131597001,-0.313588366667216,-1.07706839445373,21
"CVT complex",0.101626016260163,0.436532403240324,0.199915231309662,0.464220528247541,1.3822992515723,14,0.666666666666667,0.864620938628159,0.0619762736001998,0.290419452115502,0.85011599519263,14
"CVT vesicle",0.866156787762906,0.983926722541736,0.0501934252649434,-0.313006825841963,-0.687565465534889,6,0.98605577689243,1,0.0461379160269737,0.222465058420067,0.497611576222328,6
"Calcineurin complex",0.863070539419087,0.983049920989078,0.0541200569620232,-0.20039640150042,-0.725469984485407,31,0.0591248507008103,0.27003479260123,0.321775918075361,-0.375618882656629,-1.43168168093497,31
"Calcitonin family receptor complex",0.386965376782077,0.759445161495929,0.0943563635421779,0.417583855760937,1.04703831838312,8,0.0666666666666667,0.281105323025872,0.248911114434702,0.595943286234749,1.46856846686613,8
"Calcium channel complex",0.300829875518672,0.681154565679037,0.11101149245045,0.408499243467853,1.13136426081543,11,0.305327868852459,0.634958245355982,0.109250039480711,-0.400537461323469,-1.12509584490936,11
"Calprotectin complex",0.097609561752988,0.4296845684803,0.20207170902116,0.345268715456792,1.33272284651485,38,0.0600706713780919,0.27003479260123,0.245041785430996,0.369903472098599,1.3982566833299,38
"Calyx of Held",0.104536489151874,0.436532403240324,0.193813302725311,-0.489922299069555,-1.41642213116595,13,0.917808219178082,0.990901886520589,0.0486034247259069,0.222326161521671,0.633922934550049,13
"Carboxysome",0.175471698113208,0.528881915388192,0.142901149386948,-0.47534150630054,-1.26225423610218,10,0.768145161290323,0.921389479778125,0.0582216241124161,-0.288820122744424,-0.787381488093419,10
"Cardiac Troponin complex",0.0118765004936632,0.144553978639955,0.380730400722792,0.514903213154513,1.71266186362235,21,0.431734317343173,0.736270529463853,0.0826646449123753,0.309993736118545,1.01417614320336,21
"Cardiac myofibril",0.0290987403761538,0.228625568236979,0.352487857583619,0.568309281880318,1.62859720333864,12,0.0396105375126373,0.211599785894646,0.321775918075361,0.583768976241575,1.65651120966142,12
"Caspase complex",0.529520295202952,0.85305007198054,0.072003313661988,-0.206954675277848,-0.970759839941048,95,0.102981029810298,0.346515553412105,0.231126709673834,-0.257253800374709,-1.25776345470551,95
"Catalytic complex",0.142589118198874,0.490039124604261,0.159646701919906,-0.232556102665607,-1.17703794617975,164,0.000190668636143153,0.00761085639271418,0.518848077743792,-0.312357663325133,-1.67830865721561,164
"Catalytic step 2 spliceosome",0.686192468619247,0.938209873840017,0.0653834195468773,0.275722726331851,0.838833561157415,15,0.766355140186916,0.921389479778125,0.0547939500773363,0.265292363437267,0.787565639695896,15
"Cation channel complex",0.534274193548387,0.855055184403163,0.0760837160951725,0.294765516697588,0.945374184692736,18,0.327004219409283,0.657209878728866,0.106729884364606,-0.331373791324276,-1.09115502608986,18
"Caveola",0.124513618677043,0.460777012350276,0.175204047558551,-0.398035683387992,-1.33640982285576,22,0.940774487471526,0.993365477003074,0.0544555953940371,-0.193792037674376,-0.66880504988067,22
"Cdc42 GTPase complex",0.954901960784314,1,0.0468819856878333,-0.184035516737327,-0.607705527905541,21,0.00680319762338032,0.0742577136448745,0.407017918923954,-0.521769421767373,-1.79209885669775,21
"Cell body",0.748134328358209,0.956467108408137,0.055826471778749,-0.184372874637551,-0.875149420916373,101,0.0413063476427104,0.217352127736809,0.321775918075361,-0.282683852736827,-1.407707136028,101
"Cell cortex",0.0666666666666667,0.365648854961832,0.241339976815091,-0.293230992014921,-1.31733286983639,76,0.449748743718593,0.746292083976464,0.0978773277424561,-0.212929200442089,-1.0033515076884,76
"Cell cortex part",0.0610404105474441,0.35619267950095,0.321775918075361,-0.378781931581659,-1.48820914777966,41,0.71461716937355,0.897944492152528,0.0684714904492087,-0.206970356843798,-0.851621661077709,41
"Cell division site",0.0567514677103718,0.338624160508997,0.266350657088526,-0.479378177499651,-1.54035075855486,19,0.00399971652328288,0.0562158369621013,0.407017918923954,-0.544098606908265,-1.81139296226137,19
"Cell division site part",0.0533596837944664,0.333141571644457,0.276500599254472,-0.486485688794238,-1.52962447201176,18,0.00699292109566872,0.0746629911494211,0.407017918923954,-0.533462903018852,-1.75659856965538,18
"Cell junction",0.00484736480152731,0.0819489790564088,0.407017918923954,-0.357639969387723,-1.6252126118522,79,0.0295735791475942,0.17577914598164,0.352487857583619,-0.300859506889199,-1.43108002098534,79
"Cell leading edge",0.0522388059701493,0.332553661016109,0.271288554688953,-0.266059807891962,-1.29398280469886,120,2.13202232795439e-05,0.00145891242155736,0.575610261071129,-0.379618680501823,-1.94683446427837,120
"Cell outer membrane",0.0345591476492484,0.252088807979543,0.321775918075361,0.416093340864293,1.51210131772109,30,0.158362989323843,0.439319721348191,0.14641623786055,0.345249503962039,1.2369955660523,30
"Cell periphery",0.00681861216260154,0.0985734544955408,0.407017918923954,-0.251616881050417,-1.35960999851629,287,0.000429261150678501,0.0137070934453626,0.49849310876659,-0.265446532292823,-1.5081141819228,287
"Cell plate",0.694117647058824,0.938475396914762,0.0617054053637522,-0.250754359552295,-0.828018488756394,21,0.0608695652173913,0.27003479260123,0.271288554688953,-0.414273631954014,-1.42288771862107,21
"Cell pole",0.812133072407045,0.97673423916287,0.0542315935495841,-0.23294863584643,-0.748516776049175,19,0.371490280777538,0.691332931270228,0.10027910675413,-0.320276135356541,-1.0662514665525,19
"Cell projection",0.00505347323224634,0.0825209208492953,0.407017918923954,-0.234402138171486,-1.30554103188172,401,2.00481457954395e-09,1.44045927540233e-06,0.774939030136436,-0.312168464147258,-1.83534253532885,401
"Cell projection cytoplasm",0.83587786259542,0.983049920989078,0.0517405459873163,-0.245266518712947,-0.741610563311361,15,0.813084112149533,0.949872755389414,0.0520570030732099,0.250679470068316,0.744184772773027,15
"Cell projection membrane",0.039010377853355,0.275441033920541,0.321775918075361,-0.317332316995244,-1.40216078476401,69,0.00775929756112644,0.0807979028647732,0.407017918923954,-0.362466061971029,-1.65866418283131,69
"Cell projection part",0.0469043151969981,0.319438393071499,0.287857117255149,-0.249270316300936,-1.28534325506342,192,6.73288738926752e-05,0.00322505305945914,0.538434096309916,-0.311005442342808,-1.70362544585134,192
"Cell septum",0.506986027944112,0.836009174311927,0.0782955249944794,-0.306160501884448,-0.949782995372795,17,0.549618320610687,0.810052847915443,0.0718276293603809,0.308384930707032,0.938506472208363,17
"Cell surface",0.240506329113924,0.6087146939303,0.127505315300183,0.201957686707943,1.08651023497819,243,0.724025974025974,0.898259068517689,0.0852884689790502,-0.162789290691021,-0.926316019952885,243
"Cell surface furrow",0.0317928337129429,0.236716590909321,0.321775918075361,-0.51697007132063,-1.62547448075941,18,0.00320715991584298,0.0493451098672698,0.431707695803346,-0.562030628245454,-1.85066701375408,18
"Cell trailing edge",0.140900195694716,0.487888147501945,0.16440575583821,-0.561210968961415,-1.37079292975491,8,0.0670611439842209,0.281105323025872,0.245041785430996,-0.586086356597054,-1.48958356513386,8
"Cell wall",0.492662473794549,0.835349480968858,0.0824344091527096,0.187132298376582,0.990948730875962,218,0.0862068965517241,0.319680640696065,0.287857117255149,-0.211501385697883,-1.17521602352096,218
"Cell wall part",0.0962671905697446,0.4296845684803,0.20207170902116,-0.382655661280441,-1.36263372260711,28,0.645569620253165,0.862961436561672,0.0613026075396207,0.251854903229971,0.884895175047606,28
"Cell wall-bounded periplasmic space",0.649122807017544,0.91640523273965,0.0646484568421928,-0.415482873627061,-0.858821124596973,5,0.913480885311871,0.990511312217195,0.0500922874402106,-0.293316413410955,-0.616971785634606,5
"Cellular bud",0.7,0.938621164166781,0.059476028695732,-0.312707676866259,-0.830385279960264,10,0.356854838709677,0.680257542310522,0.0985499803531691,-0.39952503765791,-1.08918525375753,10
"Cellular bud neck",0.90020366598778,0.988150627999489,0.0513223330421143,0.256560589780161,0.643292993205629,8,0.418145956607495,0.727452469303838,0.0880945010398517,-0.406481240742215,-1.0331033454872,8
"Cellular bud neck septin ring",0.90020366598778,0.988150627999489,0.0513223330421143,0.256560589780161,0.643292993205629,8,0.418145956607495,0.727452469303838,0.0880945010398517,-0.406481240742215,-1.0331033454872,8
"Cellular bud neck septin structure",0.90020366598778,0.988150627999489,0.0513223330421143,0.256560589780161,0.643292993205629,8,0.418145956607495,0.727452469303838,0.0880945010398517,-0.406481240742215,-1.0331033454872,8
"Cellulose microfibril",0.850943396226415,0.983049920989078,0.0503964322442957,-0.262601004996394,-0.697328608101421,10,0.112903225806452,0.365571337714649,0.188204146308491,-0.494779029088182,-1.34886670810541,10
"Cellulose synthase complex",0.538461538461538,0.858735034162853,0.0732558655828455,-0.339697086987984,-0.927294973741543,11,0.188524590163934,0.476953936735165,0.143758989039275,-0.442822029801176,-1.24387173204076,11
"Cellulosome",0.200381679389313,0.564604849573417,0.133554954557592,-0.406462244329579,-1.22901688972416,15,0.0770877944325482,0.293759018759019,0.237793834423688,-0.461996731464321,-1.41927811212589,15
"Central cylinder",0.313840155945419,0.68748217087434,0.104343952581949,-0.551749450327325,-1.14049005026188,5,0.14486921529175,0.420047277718469,0.16440575583821,-0.631944158941949,-1.32925297848065,5
"Central vacuole",0.95049504950495,1,0.0475434194201301,0.180130025403102,0.62073363598262,24,0.204128440366972,0.498864912937652,0.14641623786055,-0.335890053287598,-1.19932848514992,24
"Centralspindlin complex",0.0978473581213307,0.4296845684803,0.199915231309662,-0.507301379967215,-1.42217437746926,12,0.118257261410788,0.373489278752437,0.186432558434075,-0.470783711861262,-1.35150199687403,12
"Centriolar satellite",0.0662768031189084,0.364903318321346,0.245041785430996,-0.70378456928789,-1.45475323686231,5,0.346076458752515,0.678460943011411,0.10027910675413,-0.526279360366959,-1.10699402373135,5
"Centriole",0.136363636363636,0.481460799642618,0.16823816568964,-0.404472836637363,-1.32148943015011,20,0.48051948051948,0.77065456864564,0.0855356947987884,-0.292343442888302,-0.985386260227571,20
"Centrosome",0.683908045977011,0.938125248059111,0.0613026075396207,-0.213862411865476,-0.886645379440066,51,0.518610421836228,0.795350241385977,0.088894528862045,-0.226929264277432,-0.967824719842359,51
"Chaperonin ATPase complex",0.831067961165049,0.983049920989078,0.052805004567129,-0.283075536209065,-0.717411939084517,9,0.875739644970414,0.980126308191988,0.0511147954416412,-0.261498870956989,-0.689167512381202,9
"Checkpoint clamp complex",0.555992141453831,0.867492624613632,0.0727141077934447,-0.262961076804314,-0.936402272966847,28,0.54249547920434,0.804806779165753,0.0697792517076235,0.268510129089624,0.943413507680888,28
"Chiasma",0.262295081967213,0.637763168844138,0.119348440591015,0.334705630464642,1.12221553535786,22,0.538188277087034,0.802985790390008,0.0692836467392548,0.28501461628688,0.947376436626373,22
"Chloride channel complex",0.311663479923518,0.686638307790921,0.103576326612592,-0.520981319691006,-1.14441198732575,6,0.408,0.726434355828221,0.0902635484340068,-0.475769095900076,-1.08012379131412,6
"Chloroplast",0.0754352030947776,0.392755024808679,0.227987202850442,-0.248563742812796,-1.24471349072829,155,0.479495268138801,0.769871173536824,0.107972360317345,-0.184621229787994,-0.988215362502446,155
"Chloroplast ATP synthase complex",0.98825831702544,1,0.0452247443372884,-0.214083315777945,-0.522911902791179,8,0.881656804733728,0.980126308191988,0.0508054139066364,-0.257691965425432,-0.654943955347306,8
"Chloroplast envelope",0.73630831643002,0.955891741895444,0.0605092988656667,0.198761310660742,0.841654748522819,56,0.291457286432161,0.620185610705654,0.0995791200495904,0.272778613119438,1.12063025043297,56
"Chloroplast inner membrane",0.8762278978389,0.987059745528305,0.0509082865515105,-0.184134972010935,-0.754530506604502,50,0.504926108374384,0.782717171234078,0.0899860794997137,-0.229372554329847,-0.974212433092052,50
"Chloroplast membrane",0.74639175257732,0.956467108408137,0.060640400949416,0.201289500776234,0.853088392626002,58,0.383445945945946,0.702821204495312,0.0843144320642653,0.254863944856535,1.05008986569091,58
"Chloroplast outer membrane",0.697813121272366,0.938475396914762,0.0621124188949471,-0.22111048322671,-0.862122902159925,40,0.220183486238532,0.522981272272348,0.140406238523342,-0.291772911153448,-1.19426893066411,40
"Chloroplast part",0.133458646616541,0.477252347356585,0.165656695205483,-0.273212132252259,-1.22144458792432,72,0.675540765391015,0.869849533930904,0.0552495663125249,0.203616056428603,0.881915127109097,72
"Chloroplast ribosome",0.268389662027833,0.641723701054902,0.115734447701689,0.331049521177276,1.13075348793893,23,0.857142857142857,0.972150186041267,0.0469758727821845,0.218147112195929,0.734691165727823,23
"Chloroplast stroma",0.474,0.827450553438577,0.0819778796501272,-0.251439354996607,-0.987888589762622,41,0.960556844547564,0.996989339921277,0.0543434390269162,-0.161301480567768,-0.663707773954744,41
"Chloroplast thylakoid",0.115768463073852,0.449619679559799,0.184706471207739,-0.436570482649252,-1.35434590076041,17,0.948473282442748,0.9937119471716,0.0459538081039063,0.206939156872735,0.629777005099212,17
"Chloroplast thylakoid lumen",0.902534113060429,0.988150627999489,0.0491927521045191,-0.320459442555434,-0.662403570189545,5,0.356136820925553,0.680257542310522,0.0985499803531691,-0.524950549872072,-1.10419895824467,5
"Chloroplast thylakoid membrane",0.0782778864970646,0.39888412374568,0.224966093540314,-0.532003847078787,-1.49142555078289,12,0.937759336099585,0.992324673119375,0.0502948063662358,-0.217559104244463,-0.624557639562448,12
"Chloroplast thylakoid membrane protein complex",0.0782778864970646,0.39888412374568,0.224966093540314,-0.532003847078787,-1.49142555078289,12,0.937759336099585,0.992324673119375,0.0502948063662358,-0.217559104244463,-0.624557639562448,12
"Cholinergic synapse",0.0258303996798495,0.226662040543023,0.352487857583619,-0.510767233042694,-1.58452194045808,17,0.177824267782427,0.465065454545455,0.150169802128406,-0.378014560767352,-1.22142237455977,17
"Chorion",0.355509355509356,0.732951138976964,0.100633389423036,-0.29507399578458,-1.07090707301996,32,0.151376146788991,0.429896290386917,0.172324344900946,-0.325891107582229,-1.25528997151138,32
"Chromaffin granule membrane",0.305389221556886,0.684736845540767,0.107554375265169,-0.363842604241058,-1.12872665276312,17,0.232217573221757,0.538262425225024,0.129442887745046,-0.364401745442523,-1.17743730376053,17
"Chromatin",0.992079207920792,1,0.0455878202571231,0.145198323754945,0.500357912243076,24,0.662844036697248,0.864620938628159,0.0716527366829457,-0.245954706388128,-0.878205479860986,24
"Chromoplast",0.988023952095808,1,0.0461379160269737,-0.17848830435557,-0.543806841916477,16,0.944325481798715,0.9937119471716,0.0514264916187015,-0.194978989282267,-0.611948438258636,16
"Chromosomal part",0.0628571428571429,0.357193258174704,0.248911114434702,-0.305808606400055,-1.31749259547005,62,0.0283091973844574,0.171646905660191,0.352487857583619,-0.313643932988114,-1.3969383463301,62
"Chromosomal region",0.0315099558027219,0.236716590909321,0.321775918075361,-0.416403039211187,-1.55454158748378,34,0.374712643678161,0.695471344569133,0.103576326612592,-0.270444108613352,-1.05041717239319,34
"Chromosome",0.0352241277943944,0.255641775962347,0.321775918075361,-0.321702497534432,-1.43923648434046,74,0.116455696202532,0.371058387508354,0.208955027549354,-0.264286661084636,-1.23199015201961,74
"Chromosome passenger complex",0.327345309381238,0.698952763121602,0.103197466945307,-0.352544929310686,-1.07411152419371,16,0.537473233404711,0.802985790390008,0.0789209638180035,-0.300758204798879,-0.943940238882367,16
"Chylomicron",0.00727879418852876,0.102545365185449,0.407017918923954,0.636121017217185,1.82292449315127,12,0.111538461538462,0.365571337714649,0.184706471207739,0.479656236985556,1.36107940930007,12
"Chylomicron remnant",0.00186439795899693,0.0444896392012108,0.45505986738723,0.507965180341659,1.84596758255154,30,0.00682116785046864,0.0742577136448745,0.407017918923954,0.473613307854401,1.69691065480481,30
"Ciliary basal body",0.384466019417476,0.757856886012226,0.0919686140000427,-0.41045953990662,-1.04024734310728,9,0.0601976435379133,0.27003479260123,0.321775918075361,-0.586493492557975,-1.5456749767781,9
"Ciliary base",0.0860420650095602,0.409279682066567,0.211400189384923,-0.654572994976614,-1.43786572323793,6,0.0015310595785684,0.031885979918881,0.45505986738723,-0.806064433127864,-1.82998302970144,6
"Ciliary membrane",0.475,0.827450553438577,0.0797705918628453,-0.35733314507872,-0.975437358974101,11,0.305327868852459,0.634958245355982,0.109250039480711,-0.399500339284135,-1.12218260505094,11
"Ciliary part",0.142857142857143,0.490039124604261,0.166933848713193,-0.313697765933905,-1.24396880179254,44,0.00395781970241824,0.0562158369621013,0.407017918923954,-0.397063487814163,-1.64967609584911,44
"Ciliary plasm",0.402464065708419,0.77009435742077,0.0925528864684773,0.406162420263142,1.05166033555728,9,0.254545454545455,0.577854373115037,0.120433371642259,0.462511085930145,1.19456214362085,9
"Ciliary pocket",0.408644400785855,0.774699213627009,0.0891647117820678,0.282358352368419,1.02610254660406,30,0.469750889679715,0.765342435906747,0.0762797180809272,0.274706378020589,0.984246371618594,30
"Ciliary pocket collar",0.275929549902153,0.651084997059759,0.112843355675562,-0.401318593677499,-1.12506104589548,12,0.79253112033195,0.939472560244575,0.0580983576873206,-0.268079800498753,-0.76958989142434,12
"Ciliary pocket membrane",0.290187891440501,0.673983396651189,0.11378726182188,0.511801614905445,1.15593763101823,6,0.702,0.889517069194978,0.0621124188949471,-0.354892610706703,-0.805701663872678,6
"Ciliary shaft",0.612085769980507,0.893869157989825,0.0675188953767744,-0.430906873268306,-0.890703200991697,5,0.331991951710262,0.661077034097059,0.102821842840815,-0.533811867651228,-1.12283815742792,5
"Cilium",0.123552123552124,0.460777012350276,0.175204047558551,-0.287210054321606,-1.23572209893221,64,0.00085599795110687,0.0215801588726416,0.477270815362862,-0.399774858301096,-1.78754830927998,64
"Clathrin adaptor complex",0.233962264150943,0.602233255908113,0.121543282035469,-0.448106783293892,-1.18993329625462,10,0.889328063241107,0.980126308191988,0.0504983044100709,0.252959501557632,0.673353314069262,10
"Clathrin coat",0.103792415169661,0.436532403240324,0.195789002148949,-0.442347921717068,-1.37226889654086,17,0.797709923664122,0.940710418375718,0.0538979025357319,0.254383033637755,0.774162741809961,17
"Clathrin coat of coated pit",0.238747553816047,0.60690101783678,0.122679189568808,-0.495163914704607,-1.20946886445034,8,0.933333333333333,0.992324673119375,0.0492917662312669,0.25280199252802,0.622973768079896,8
"Clathrin coat of trans-Golgi network vesicle",0.144249512670565,0.490039124604261,0.161978948883402,-0.643041251792902,-1.32919416438506,5,0.953722334004024,0.994591629418936,0.0481183992657975,-0.261586314152411,-0.550229608576552,5
"Clathrin complex",0.071563088512241,0.378074111000332,0.231126709673834,-0.250209117386371,-1.252618831652,149,0.00804359596753439,0.0811156265872763,0.380730400722792,-0.277730593893144,-1.47299829686903,149
"Clathrin vesicle coat",0.458252427184466,0.817460848614643,0.0822054920415869,-0.390526923933509,-0.989731156269654,9,0.502958579881657,0.782465757169806,0.0780892306943345,-0.366491139965701,-0.965869513377195,9
"Cleavage apparatus septin structure",0.90020366598778,0.988150627999489,0.0513223330421143,0.256560589780161,0.643292993205629,8,0.418145956607495,0.727452469303838,0.0880945010398517,-0.406481240742215,-1.0331033454872,8
"Cleavage furrow",0.0317928337129429,0.236716590909321,0.321775918075361,-0.51697007132063,-1.62547448075941,18,0.00320715991584298,0.0493451098672698,0.431707695803346,-0.562030628245454,-1.85066701375408,18
"Climbing fiber",0.0868686868686869,0.409279682066567,0.216542836735348,0.395609442725811,1.37902212371323,26,0.191304347826087,0.480602006688963,0.130105630751129,0.352152003997609,1.22446484777649,26
"Cluster of actin-based cell projections",0.0695011979374361,0.371551362683438,0.287805130535564,-0.373311667606562,-1.46671684255138,41,0.021694902645689,0.157452399504319,0.352487857583619,-0.359398513724028,-1.47881833859673,41
"Coated membrane",0.172,0.524258914128982,0.149207542435322,-0.325574479833343,-1.22444772049536,35,0.641255605381166,0.859593568034268,0.0721797965581253,-0.224906950612624,-0.887645446277946,35
"Coated vesicle",0.100934579439252,0.436532403240324,0.191892240384838,-0.272473784860693,-1.24770112107555,84,0.0135782742381852,0.114776353413366,0.380730400722792,-0.311383831412278,-1.49607626461395,84
"Coated vesicle membrane",0.0276995445842159,0.228625568236979,0.352487857583619,-0.37949037168569,-1.52279105954157,46,0.00653820837047075,0.0722723494489728,0.407017918923954,-0.400382500664543,-1.68503133644142,46
"Collagen and cuticulin-based cuticle extracellular matrix",0.814516129032258,0.97673423916287,0.0554793308704233,0.23518915219731,0.754300419866337,18,0.986742424242424,1,0.0438002031299891,0.169549607824449,0.531493393808222,18
"Collagen and cuticulin-based cuticle extracellular matrix part",0.814516129032258,0.97673423916287,0.0554793308704233,0.23518915219731,0.754300419866337,18,0.986742424242424,1,0.0438002031299891,0.169549607824449,0.531493393808222,18
"Collagen beaded filament",0.505928853754941,0.836009174311927,0.0778840111977068,-0.303168704482224,-0.953233117038823,18,0.15530303030303,0.436732787760185,0.153158808683073,0.404765709818182,1.26883396292609,18
"Collagen sheet",0.11,0.442773109243697,0.190023305279108,0.586506081518442,1.42434117436268,7,0.199203187250996,0.491723115302394,0.137250779610133,0.533581958592618,1.25890064475355,7
"Collagen trimer",0.00847917190864084,0.112820092895527,0.380730400722792,0.430940387599995,1.64633041090138,36,0.00171830329649827,0.0333675923928111,0.45505986738723,0.493382254565549,1.84860348252826,36
"Compact myelin",0.766871165644172,0.962858092942057,0.0589694466690997,0.360838190436413,0.763890080835122,5,0.919517102615694,0.99188474466162,0.0497903187820785,-0.289986576630094,-0.609967692953024,5
"Complement component C1 complex",0.00162925575108816,0.0435527627516305,0.45505986738723,0.478940997891819,1.83429070682408,37,0.000447127623716683,0.0137070934453626,0.49849310876659,0.513980036523354,1.92022436817377,37
"Complex laminated body",0.292585170340681,0.67595641443659,0.110564716336619,-0.337477768378094,-1.1341225479608,23,0.610229276895944,0.83593848512819,0.0628003977812234,0.272353441232469,0.917251047767026,23
"Complex of collagen trimers",0.498989898989899,0.835349480968858,0.0797705918628453,0.323303722310269,0.945126877734033,13,0.172211350293542,0.458665815512289,0.147331213699377,0.445883651147925,1.2713567790178,13
"Condensed chromosome kinetochore",0.0980769230769231,0.4296845684803,0.197822021315103,-0.524372937488909,-1.43141760093089,11,0.592213114754098,0.828367718446602,0.0716527366829457,-0.317563869608402,-0.892025901919842,11
"Condensed chromosome, centromeric region",0.0980769230769231,0.4296845684803,0.197822021315103,-0.524372937488909,-1.43141760093089,11,0.592213114754098,0.828367718446602,0.0716527366829457,-0.317563869608402,-0.892025901919842,11
"Condensed nuclear chromosome outer kinetochore",0.0147852236828449,0.162186003299604,0.380730400722792,-0.690961049874194,-1.68771562618672,8,0.767258382642998,0.921389479778125,0.0572461135202884,-0.303724475807327,-0.771939121938204,8
"Cone cell pedicle",0.609856262833676,0.893336849838931,0.0702812841717392,0.342347632439042,0.886427222328514,9,0.763636363636364,0.921389479778125,0.0585937568945671,0.298939288848547,0.772092969363651,9
"Conoid",0.450199203187251,0.817052661925812,0.0845557442441281,-0.443968076999719,-1.0181899010947,7,0.544,0.804806779165753,0.0747385227439092,-0.385903424853718,-0.929171809844227,7
"Contact site",0.898039215686275,0.988150627999489,0.0496901392724606,-0.177735545702017,-0.747555908855345,57,0.00196137273038519,0.0353400001861808,0.431707695803346,-0.384080356356297,-1.68895621270826,57
"Contractile actin filament bundle",0.00572820494644911,0.0885100054628749,0.407017918923954,-0.546237340174911,-1.83399875309364,22,0.00337890905210754,0.0505780448737348,0.431707695803346,-0.528388664320278,-1.82354760927224,22
"Contractile fiber",0.0294813932195031,0.228998713818519,0.352487857583619,-0.346181508817666,-1.4560398227093,57,0.000808577849805563,0.0207486851816177,0.477270815362862,-0.406983672114641,-1.78967132818214,57
"Contractile fiber part",0.0180163835073063,0.186088546347013,0.352487857583619,-0.357584466974638,-1.48768557969821,54,0.000584375092824656,0.0165152423411676,0.477270815362862,-0.429481363211763,-1.86047299695703,54
"Contractile ring",0.966666666666667,1,0.0463227785794633,-0.196947913077817,-0.581882353032735,14,0.70042194092827,0.889517069194978,0.0647943366000727,-0.281888621639481,-0.84362313426178,14
"Contractile vacuolar membrane",0.0330591193424985,0.244876054098816,0.321775918075361,-0.694619416726813,-1.52583357039147,6,0.438,0.741229831025283,0.0862865626267245,-0.454675935040732,-1.03223664379965,6
"Contractile vacuole",0.20523138832998,0.568539245824975,0.135740943810425,-0.3634608587948,-1.22661187014788,24,0.00530896467491958,0.0654184845718187,0.407017918923954,-0.49365397012309,-1.76264007338449,24
"Copper ion transmembrane transporter complex",0.516129032258065,0.841958813037133,0.0778840111977068,0.299763953624387,0.961405209241848,18,0.81060606060606,0.949280038966179,0.052805004567129,0.245161532763879,0.768516876870713,18
"Cornified envelope",0.352818371607516,0.731856378915202,0.101350743797099,0.4865425266307,1.09888831774597,6,0.533864541832669,0.802472119888646,0.0755015292281669,0.422998231110795,0.9461657395421,6
"Cortical Lewy body",0.240704500978474,0.6087146939303,0.122107920287081,-0.493815958917089,-1.20617639804226,8,0.112426035502959,0.365571337714649,0.186432558434075,-0.548597222791411,-1.39430204738581,8
"Cortical actin cytoskeleton",0.134387351778656,0.478006496301804,0.169570644405628,-0.404711194258874,-1.32226818968324,20,0.735185185185185,0.902958214624881,0.0562940749700968,0.251046201005051,0.81181176947889,20
"Cortical cytoskeleton",0.0243226818285558,0.217222008690235,0.352487857583619,-0.437038687773927,-1.60963569648956,33,0.593181818181818,0.828367718446602,0.0768736734126542,-0.235778370802111,-0.91974795082556,33
"Cortical endoplasmic reticulum",0.724346076458752,0.950580193489705,0.0609039347452418,-0.247890695824551,-0.83658436015879,24,0.0548280946737853,0.265279367159022,0.321775918075361,-0.405499981577959,-1.44787758337639,24
"Cortical granule",0.31237322515213,0.686638307790921,0.107140237276725,0.307785903743239,1.08791985721875,28,0.089086859688196,0.325745082371343,0.224966093540314,-0.354933422259713,-1.32063418038869,28
"Cortical layer of collagen and cuticulin-based cuticle extracellular matrix",0.814516129032258,0.97673423916287,0.0554793308704233,0.23518915219731,0.754300419866337,18,0.986742424242424,1,0.0438002031299891,0.169549607824449,0.531493393808222,18
"Cortical microtubule",0.38747553816047,0.759445161495929,0.0919686140000427,-0.32297512249271,-1.0377922865009,19,0.896328293736501,0.983975369059856,0.0542315935495841,-0.207036123336631,-0.689257005962302,19
"Cortical microtubule cytoskeleton",0.652351738241309,0.91640523273965,0.0667426134241917,0.252167250273798,0.884200410196355,27,0.570671378091873,0.81864587106121,0.066132620475844,0.267506340462069,0.935474025478439,27
"Costamere",0.611650485436893,0.893869157989825,0.0673623868166279,-0.350906980578783,-0.889320429263063,9,0.244575936883629,0.561430704954912,0.121543282035469,-0.453600109399675,-1.19544095110924,9
"Creatine kinase complex",0.727463312368973,0.951314598264806,0.0626618230932491,0.192886800246141,0.860778534683063,74,0.318987341772152,0.651114787111622,0.120433371642259,-0.229485540764434,-1.06976237503768,74
"Crystalloid",0.268292682926829,0.641723701054902,0.117249716749792,0.384303322591857,1.14433154690696,14,0.884469696969697,0.980126308191988,0.0487989701682839,0.233097543959171,0.682323271104439,14
"Curli",8.81382612241112e-07,7.4502753752381e-05,0.659444398037935,0.616854106941455,2.36248256217262,37,0.00108004972452864,0.0254431385925844,0.45505986738723,0.492284696629044,1.8391707914188,37
"Cus cation efflux complex",0.311377245508982,0.686638307790921,0.106323255932708,0.348330952558023,1.10133834448654,17,0.793893129770992,0.939472560244575,0.0541200569620232,0.254766623173582,0.775330118118588,17
"Cuticular plate",0.701581027667984,0.938621164166781,0.0615706755421678,-0.260881893248907,-0.820273519674017,18,0.829545454545455,0.956866272189349,0.0517405459873163,0.240094825295501,0.752634082552546,18
"Cyanelle",0.585127201565558,0.878048780487805,0.0699458736501659,-0.319645777525097,-0.896098557216247,12,0.938461538461538,0.992324673119375,0.046788296531803,0.207869674331429,0.589853965682801,12
"Cyclin D3-CDK4 complex",0.996101364522417,1,0.0446854397644147,-0.217729393468118,-0.450056102009032,5,0.207243460764588,0.502207172206935,0.135002033828631,-0.589226701191028,-1.23939961541832,5
"Cyst wall",0.000415324570459976,0.0170520402214567,0.49849310876659,0.496668464412762,1.92290774733455,39,0.627450980392157,0.849008529965659,0.0619762736001998,0.237545329355737,0.897198924049065,39
"Cytochrome b6f complex",0.436254980079681,0.804747633343392,0.0862865626267245,-0.448798207007063,-1.02926725068183,7,0.98,1,0.0466015072985992,-0.221222179629425,-0.532655062861583,7
"Cytochrome complex",0.960580912863071,1,0.0491927521045191,0.211904019943908,0.586881466052271,11,0.155737704918033,0.437099769467213,0.159646701919906,-0.457255770801048,-1.28441561018838,11
"Cytolytic granule",0.331384015594542,0.704411764705882,0.100990587455923,-0.315312878224371,-1.1047583403636,27,0.107798165137615,0.358391651993476,0.206587922696891,-0.356868575814504,-1.31474937549143,27
"Cytoneme",0.702169625246548,0.938621164166781,0.0614364107201271,-0.282810083792664,-0.817636719866787,13,0.608610567514677,0.83593848512819,0.0679922591544058,0.316651508529458,0.902874642115059,13
"Cytoplasmic chromatin",0.216768916155419,0.584422012223898,0.132846300606183,0.586518343509382,1.24165223279939,5,0.0752475247524752,0.292601882626117,0.231126709673834,0.677121847939721,1.44852753992329,5
"Cytoplasmic chromosome",0.896551724137931,0.988150627999489,0.0541200569620232,0.166107203767805,0.807194031682198,119,0.11271676300578,0.365571337714649,0.227987202850442,-0.237830443252978,-1.21535544731815,119
"Cytoplasmic mRNA processing body",0.0241538315495212,0.217222008690235,0.352487857583619,-0.49680983216697,-1.59636261672855,19,0.150278293135436,0.428472038165916,0.154190966581424,0.394343115604361,1.25920298952384,19
"Cytoplasmic membrane-bounded vesicle lumen",9.66973131505711e-09,1.73692548746713e-06,0.747739663149885,0.532077637994722,2.39880090166049,80,6.5692296494435e-07,7.26152538942332e-05,0.659444398037935,0.499504894072491,2.20677445723122,80
"Cytoplasmic microtubule",0.160164271047228,0.51082340174746,0.157402899305283,0.496010577560066,1.28430062559413,9,0.832347140039448,0.956866272189349,0.053457214108991,-0.274057925879788,-0.722266288706045,9
"Cytoplasmic region",0.0467556863589276,0.319438393071499,0.321775918075361,-0.293596943081085,-1.36900388582583,90,0.439353099730458,0.74189236699491,0.103576326612592,-0.205590684760779,-0.993267585904811,90
"Cytoplasmic ribonucleoprotein granule",0.00164624048004112,0.0435527627516305,0.45505986738723,-0.483650461425563,-1.83973700023834,37,0.569506726457399,0.81864587106121,0.0782955249944794,-0.231687626422788,-0.93237729168559,37
"Cytoplasmic side of membrane",0.0269234713673867,0.226662040543023,0.352487857583619,-0.341029140428589,-1.45079010162691,60,2.81946371113233e-08,8.10313870579431e-06,0.73376198835648,-0.566865223884507,-2.52747976224817,60
"Cytoplasmic side of plasma membrane",0.0083902479683691,0.112680246079873,0.380730400722792,-0.379684118988152,-1.57962842580395,54,5.00970098637173e-08,9.18095263788154e-06,0.719512826338911,-0.570596016126331,-2.47176844237329,54
"Cytoplasmic stress granule",0.0385428894294914,0.274188772822669,0.321775918075361,-0.6291182365604,-1.53666068261785,8,0.116370808678501,0.371058387508354,0.183023938384487,-0.547398405515133,-1.3912551610486,8
"Cytoplasmic vesicle",0.607843137254902,0.893336849838931,0.0734381410838857,0.167337542326563,0.954142508185835,445,0.00410762900558152,0.0562158369621013,0.407017918923954,-0.219297466058881,-1.3018996701876,445
"Cytoplasmic vesicle membrane",0.0292884746886153,0.228736620258371,0.352487857583619,-0.270260375574139,-1.3459479468237,139,2.46173440263747e-08,8.10313870579431e-06,0.73376198835648,-0.425164567168743,-2.22744148072051,139
"Cytoplasmic vesicle part",0.0149341119865752,0.162578173672035,0.380730400722792,0.257193411171545,1.36582429447412,221,0.0507731214057313,0.251589570551848,0.321775918075361,-0.22913601512129,-1.28130876570787,221
"Cytoskeletal part",0.0525328330206379,0.332553661016109,0.271288554688953,-0.256088494905794,-1.29614261947621,164,0.00528631364567809,0.0654184845718187,0.407017918923954,-0.271998881655153,-1.46145951079049,164
"Cytoskeleton",0.0208187213317577,0.204534024832461,0.352487857583619,-0.258075549205262,-1.34038075911786,207,0.0220867568407862,0.158693347901049,0.352487857583619,-0.240441818235435,-1.33715559246999,207
"Cytoskeleton of presynaptic active zone",0.584199584199584,0.878048780487805,0.0730744399126987,-0.257239348264002,-0.933594425298256,32,0.26605504587156,0.59291072768192,0.126253987849115,-0.291452792082987,-1.12263807928068,32
"Cytosolic aryl hydrocarbon receptor complex",0.0524271844660194,0.332553661016109,0.276500599254472,-0.613649079528606,-1.55520036085672,9,0.0237542345031583,0.163659781768872,0.352487857583619,-0.639031788419201,-1.68413709147451,9
"Cytosolic large ribosomal subunit",0.173151750972763,0.524934738708565,0.14641623786055,-0.377376395461471,-1.26704600330268,22,0.995444191343964,1,0.0518457624865066,-0.144438417829832,-0.498478391582231,22
"Cytosolic part",6.16201167483063e-09,1.26497296810452e-06,0.761460801445585,-0.550703272081389,-2.47049564091029,75,0.148614609571788,0.426214658468741,0.183023938384487,-0.255059158763048,-1.19736916865145,75
"Cytosolic proteasome complex",1.38662376066153e-07,1.42327024576472e-05,0.690132458796796,-0.932129514321295,-2.27678470043474,8,0.118343195266272,0.373489278752437,0.181383128498408,-0.545788046623695,-1.387162310035,8
"Cytosolic ribosome",0.128,0.464484848484849,0.175204047558551,-0.324420950656368,-1.27462845041777,41,1,1,0.0395979123961192,0.113994874369688,0.436708633945251,41
"Cytosolic small ribosomal subunit",0.475049900199601,0.827450553438577,0.0817515582532145,0.311865491557187,0.970607873008771,16,0.955140186915888,0.994591629418936,0.0446854397644147,0.204119850187266,0.617106146260247,16
"Cytostome",0.0882956878850103,0.413292845246774,0.216542836735348,0.546704776151611,1.41556111460504,9,0.0868686868686869,0.3200777000777,0.216542836735348,0.558618891822228,1.44278699728951,9
"DASH complex",0.0147852236828449,0.162186003299604,0.380730400722792,-0.690961049874194,-1.68771562618672,8,0.767258382642998,0.921389479778125,0.0572461135202884,-0.303724475807327,-0.771939121938204,8
"DNA bending complex",0.899209486166008,0.988150627999489,0.0499913914024592,-0.186597378416154,-0.70593175737894,36,0.0160768977463403,0.132014297494235,0.352487857583619,0.422244705585074,1.58206547965738,36
"DNA ligase IV complex",0.972,1,0.0469758727821845,0.211819302862708,0.514407205823093,7,0.35,0.680257542310522,0.099233334377119,-0.449436337701425,-1.08214529443498,7
"DNA polymerase III complex",0.116279069767442,0.449932486644097,0.190023305279108,0.506592326103865,1.34878029824698,10,0.0731225296442688,0.289468526443014,0.234392647294686,0.551796872378041,1.46882900393506,10
"DNA polymerase processivity factor complex",0.0807860262008734,0.402036500862097,0.234392647294686,0.242221826264446,1.24700823411621,176,0.473509933774834,0.768851722976765,0.111918316325105,-0.182232375750864,-0.991613985472599,176
"DNA recombinase complex",0.0645792563600783,0.359302838652743,0.248911114434702,-0.607371087026119,-1.48354190826623,8,0.0329162649782945,0.188448895513184,0.321775918075361,-0.662333278245624,-1.68337098246807,8
"DNA replication preinitiation complex",0.211764705882353,0.580736416704086,0.131457611642763,-0.411709940344354,-1.21639648326653,14,0.198863636363636,0.491723115302394,0.133554954557592,0.419218868900728,1.22713772560019,14
"DNA replication termination region",0.0181297122397925,0.186088546347013,0.352487857583619,0.595948718801452,1.70780321159295,12,0.176348547717842,0.463277629013783,0.150169802128406,-0.44050578727501,-1.26458166698891,12
"DNA-dependent protein kinase complex",0.11545988258317,0.449619679559799,0.183023938384487,-0.422838983893402,-1.3586775121553,19,0.7569573283859,0.920260305321944,0.0550211117163117,0.253557600717095,0.809651484216065,19
"DPS complex",0.845401174168297,0.983049920989078,0.0523759084097997,-0.225523423076107,-0.724657884134543,19,0.65658747300216,0.864620938628159,0.069119845655101,-0.260239790234987,-0.866380686417578,19
"DRM complex",0.692,0.938475396914762,0.0628003977812234,-0.2202672357988,-0.865415395879946,41,0.0163206542844265,0.133254432992732,0.352487857583619,-0.367809322860469,-1.5134263247693,41
"DSIF complex",0.500974658869396,0.835349480968858,0.0776798560117236,-0.469972422965011,-0.971453386987663,5,0.0521001159640804,0.255521729148067,0.321775918075361,0.737352821102443,1.57737617130041,5
"Dbf4-dependent protein kinase complex",0.263461538461538,0.639104571650946,0.114750719227023,-0.422914748825279,-1.1544600643594,11,0.859922178988327,0.974533258049074,0.0513223330421143,0.250194383165529,0.692260314532736,11
"Delta1 complex",0.995901639344262,1,0.0469758727821845,0.135786993937116,0.580198791747355,60,0.998296422487223,1,0.0383995813369433,0.112369374344488,0.465765569586652,60
"Dendrite",0.11531190926276,0.449619679559799,0.179782316298324,-0.26869202494632,-1.2330945974278,86,0.0629080244151852,0.273935851771579,0.287805130535564,-0.282815921957043,-1.36075273202711,86
"Dendritic branch",0.756539235412475,0.959996793330127,0.0588438169595807,0.234300573413874,0.812699025962115,25,0.936619718309859,0.992324673119375,0.0560595875032335,-0.188569216879713,-0.678070587650805,25
"Dendritic filopodium",0.567251461988304,0.870050689946494,0.0713052987340038,-0.2656983344883,-0.930924397061236,27,0.00513908148914058,0.0654184845718187,0.407017918923954,-0.487707502570617,-1.79677667881999,27
"Dendritic lamellar body",0.428571428571429,0.800334168755221,0.0878312634480124,0.290291830509854,1.00691126983878,25,0.502347417840376,0.782465757169806,0.0875697115548511,-0.268488156056149,-0.9654487872769,25
"Dendritic microtubule",0.0962264150943396,0.4296845684803,0.197822021315103,-0.540666650278662,-1.4357230761202,10,0.0604838709677419,0.27003479260123,0.261663521711573,-0.539195211763931,-1.4699541159991,10
"Dendritic shaft",0.20377358490566,0.567480657640232,0.131457611642763,-0.461071744807505,-1.22436133877677,10,0.92094861660079,0.99188474466162,0.0488970772260102,0.238333714034977,0.634420906159654,10
"Dendritic spine",0.218436873747495,0.58562273801334,0.130777137971974,-0.359331811792896,-1.20756490690479,23,0.141015716622174,0.415245050791116,0.249246554383295,-0.399869723918554,-1.39932378256795,23
"Dendritic spine neck",0.463035019455253,0.81918109565711,0.0817515582532145,-0.235067696827645,-1.00001392063208,60,0.836144578313253,0.95798479389216,0.0626618230932491,-0.177802008742796,-0.792765122730561,60
"Dendritic tree",0.0161698216971669,0.171962224399148,0.352487857583619,0.462070960578607,1.61069481297734,26,0.702576112412178,0.889517069194978,0.0697792517076235,-0.236299712340978,-0.857658423041205,26
"Dense fibrillar component",0.0269110599937636,0.226662040543023,0.352487857583619,0.53164789306058,1.58307623200531,14,0.664772727272727,0.864620938628159,0.0621124188949471,0.290775139526341,0.851157163595917,14
"Dentate gyrus mossy fiber",0.556862745098039,0.867908638509634,0.0725351864394589,-0.309370377526601,-0.91403437802703,14,0.883966244725738,0.980126308191988,0.05378728077603,-0.232515721300468,-0.695862218303765,14
"Desmosome",0.300211416490486,0.681154565679037,0.112378519110475,0.415884833152455,1.107275496275,10,0.41501976284585,0.727452469303838,0.0886261133285098,0.389382904199647,1.03649899438551,10
"Diamine N-acetyltransferase complex",0.564053537284895,0.870050689946494,0.070619624712259,-0.408406536373059,-0.89712494145611,6,0.456,0.751308265959419,0.0840745577910723,-0.449079352316339,-1.01953089598466,6
"Dinoflagellate cingulum",0.094,0.428511441090555,0.206587922696891,0.327365022746027,1.33458037329582,48,0.345549738219895,0.678460943011411,0.0919686140000427,0.271731453519021,1.08000933446565,48
"Dinoflagellate epicone",0.784200385356455,0.974267540976819,0.0551351763385257,-0.197527934310108,-0.821790336551628,54,0.791044776119403,0.939472560244575,0.0668966276500666,-0.189253633962904,-0.819828997772748,54
"Dinoflagellate sulcus",0.151329243353783,0.498231745371334,0.161978948883402,0.624695730577499,1.32247329904592,5,0.665346534653465,0.864620938628159,0.0642140881844605,0.392798143564237,0.840290311580953,5
"Discoidal high-density lipoprotein particle",0.0265145488770033,0.226662040543023,0.352487857583619,0.439085926622895,1.51310367681064,24,0.0124279187218866,0.107583850622597,0.380730400722792,0.497253532360541,1.68228724587804,24
"Dosage compensation complex",0.430210325047801,0.800793053230169,0.0847985102819124,-0.457295440799734,-1.00451660053958,6,0.934,0.992324673119375,0.0487989701682839,-0.261667703795893,-0.594056055183209,6
"Dsl1p complex",0.860194174757282,0.983049920989078,0.051218434854034,-0.274449562298062,-0.695550718744324,9,0.761341222879684,0.921389479778125,0.057609110864425,-0.294602824226495,-0.77641136563853,9
"Dynactin complex",0.00125101850870612,0.0390807303697977,0.45505986738723,-0.793923833313076,-1.82077331951567,7,0.778884462151394,0.931162206415602,0.0570059526582387,0.323411853383664,0.763038150351865,7
"Dynein complex",0.452427184466019,0.817460848614643,0.0828962134571565,-0.391692102186271,-0.992684123526691,9,0.54949494949495,0.810052847915443,0.0747385227439092,0.353090793669194,0.911954130850744,9
"Dystrobrevin complex",0.534274193548387,0.855055184403163,0.0760837160951725,0.294191245111252,0.943532376536862,18,0.571969696969697,0.81864587106121,0.0694481442003175,0.292561616014906,0.917103661807219,18
"EFF-1 complex",0.0220907409650626,0.207479704358137,0.352487857583619,0.658581690084383,1.65130968496692,8,0.018889905131903,0.145939750938412,0.352487857583619,0.68996844188935,1.70027235862226,8
"EGO complex",0.468127490039841,0.823946678025046,0.0824344091527096,0.254569712482368,0.98262847651028,38,0.777385159010601,0.93014360824166,0.051530912208539,0.213310032686466,0.80632435573805,38
"EMILIN complex",0.0745341614906832,0.392328168725684,0.237793834423688,0.327596269212126,1.35885636217415,54,0.726666666666667,0.898640275387263,0.0519512476197082,0.205907677115422,0.84342768700351,54
"ER membrane insertion complex",0.106854838709677,0.436532403240324,0.193813302725311,-0.325305080094834,-1.29347379611147,43,0.338823529411765,0.666971796937953,0.11146266692298,-0.260630312594773,-1.07517031979176,43
"ER to Golgi transport vesicle",0.25147347740668,0.620906163287627,0.119348440591015,-0.326479794113503,-1.16259191284471,28,0.0465438025314464,0.235505085343973,0.321775918075361,-0.392325485021155,-1.45976234657718,28
"ER to Golgi transport vesicle membrane",0.103792415169661,0.436532403240324,0.195789002148949,-0.442259770699999,-1.37199543103332,17,0.014715903758552,0.122235570526238,0.380730400722792,-0.554653256902012,-1.79216879034327,17
"ERMES complex",0.5850622406639,0.878048780487805,0.0728938564822936,0.325151431463797,0.900527270964374,11,0.350409836065574,0.680257542310522,0.100633389423036,-0.386798417730638,-1.08650334769762,11
"ESCRT II complex",0.225296442687747,0.592116359939463,0.127505315300183,-0.366227057266839,-1.19653321898354,20,0.0649350649350649,0.277713358070501,0.261663521711573,-0.424018526102766,-1.4292163544891,20
"ESCRT complex",0.284860557768924,0.666236153196562,0.111918316325105,-0.511235931206834,-1.17246101510103,7,0.16,0.442153846153846,0.155241966228839,-0.547747460600114,-1.31885717131511,7
"ESCRT-0 complex",0.10337972166998,0.436532403240324,0.195789002148949,-0.337255281491767,-1.31497836649529,40,0.158256880733945,0.439319721348191,0.16823816568964,-0.303349717028273,-1.24165447964457,40
"Early endosome",0.92619926199262,0.991764783519668,0.0454967810085007,-0.164400137349194,-0.771149773761465,95,0.18970189701897,0.478248466695193,0.166933848713193,-0.23673197233809,-1.15742827874071,95
"Early endosome membrane",0.0567951318458418,0.338624160508997,0.271288554688953,-0.399340405334314,-1.43293733430661,30,0.00192736600900916,0.0353400001861808,0.45505986738723,-0.502532523151731,-1.8940192166801,30
"Ectoplasm",0.275449101796407,0.651020327765522,0.114266502484433,0.29564770568463,1.11970861909517,34,0.296551724137931,0.627420593033298,0.118815039412263,-0.285336252347003,-1.10825893345717,34
"Efflux pump complex",0.241650294695481,0.6087146939303,0.122107920287081,-0.275173584533306,-1.14994778054883,56,0.449382716049383,0.746292083976464,0.096887770327544,-0.230234021162932,-1.00327910102137,56
"Egg coat",0.0499001996007984,0.325939031028851,0.287857117255149,0.375070084022301,1.42050554687038,34,0.18342151675485,0.4732077550749,0.134273452883202,0.328684563362848,1.21433829991476,34
"Eisosome",0.62217659137577,0.901277985692522,0.0692836467392548,0.340316081435975,0.881167007441566,9,0.272189349112426,0.602675030315187,0.114266502484433,-0.44323930497354,-1.16813555668632,9
"Elastic fiber",0.000259309596077547,0.0120202545020463,0.49849310876659,0.408098946433707,1.83560451272007,78,0.0533980582524272,0.260996631662374,0.248911114434702,0.314270740666924,1.38583163607551,78
"Electron transfer flavoprotein complex",0.359026369168357,0.735452172577921,0.0985499803531691,-0.299222677854901,-1.07368886454287,30,0.0613636363636364,0.27003479260123,0.276500599254472,-0.366591624594551,-1.38166496628202,30
"EmrE multidrug transporter complex",0.96319018404908,1,0.0484087618816951,0.269264514848703,0.570029718209808,5,0.851106639839034,0.969063828296511,0.053347785067549,-0.328254304580502,-0.690461342016786,5
"Endocytic patch",0.517786561264822,0.843604635530101,0.0766746872490091,-0.24013957335335,-0.969052968621168,47,0.00834163483833689,0.0826684776737249,0.380730400722792,-0.393331658364892,-1.66348651398923,47
"Endocytic vesicle",0.172607879924953,0.524392227171581,0.143758989039275,-0.255253256434414,-1.18167268656893,89,0.00455684106278424,0.0606313019187126,0.407017918923954,-0.337359504057596,-1.62290794015232,89
"Endocytic vesicle lumen",0.0887573964497041,0.413355249640436,0.211400189384923,-0.506449179479283,-1.46420325730764,13,0.428571428571429,0.733163265306122,0.0862865626267245,0.358780356507908,1.0229974506812,13
"Endocytic vesicle membrane",0.108695652173913,0.438751831949194,0.190023305279108,-0.321555626420053,-1.29759718487001,47,0.00799225025377291,0.0811156265872763,0.380730400722792,-0.394259513838262,-1.66741061985271,47
"Endolysosome",0.794661190965092,0.97673423916287,0.0574877409561325,0.297248323465481,0.769653360340474,9,0.444444444444444,0.744748079789063,0.0860347242455604,0.390979345960141,1.00981174252797,9
"Endolysosome membrane",0.133843212237094,0.477252347356585,0.166933848713193,-0.623812941574566,-1.37029674808741,6,0.922,0.99188474466162,0.0493910105981501,-0.267928326179416,-0.608269351597688,6
"Endomembrane system",0.544444444444444,0.863539367181751,0.0707899094502623,-0.179503644074138,-0.967208610722888,273,0.0958904109589041,0.338117647058824,0.271288554688953,-0.20028951635002,-1.14935767730463,273
"Endoplasmic reticulum",0.988416988416988,1,0.0445961615888961,-0.153452690068771,-0.660230647936307,64,0.916876574307305,0.990901886520589,0.0603786357920401,-0.166944739673247,-0.746474624277994,64
"Endoplasmic reticulum chaperone complex",0.828,0.983049920989078,0.0543434390269162,0.28976831235964,0.703707857983128,7,0.076,0.292601882626117,0.231126709673834,-0.603111028667979,-1.4521606442256,7
"Endoplasmic reticulum exit site",0.632093933463796,0.910139260909294,0.066132620475844,-0.355609910735289,-0.868599472117985,8,0.299802761341223,0.630770963466087,0.107972360317345,-0.447181989447668,-1.13654742958481,8
"Endoplasmic reticulum lumen",0.671641791044776,0.928921322166837,0.0673623868166279,0.192920148623081,0.895097339852332,89,0.443243243243243,0.744748079789063,0.103197466945307,-0.205999913441975,-0.990987036602339,89
"Endoplasmic reticulum membrane",0.731707317073171,0.955007642719479,0.0571258510018113,-0.170172665161792,-0.899000009392031,228,0.0177631904773858,0.139846088277027,0.352487857583619,-0.235836129274497,-1.32547710790346,228
"Endoplasmic reticulum part",0.969171483622351,1,0.0454059226590179,-0.143194646287741,-0.775195791565328,310,0.0421765652984532,0.219593204108251,0.321775918075361,-0.209677213243057,-1.2132574675515,310
"Endoplasmic reticulum subcompartment",0.107632093933464,0.437171830985916,0.190023305279108,-0.498180658222598,-1.39660524385078,12,0.0614484183581088,0.27003479260123,0.321775918075361,-0.543509238884135,-1.56027875044212,12
"Endoplasmic reticulum tubular network",0.161165048543689,0.511245418890246,0.152144922367565,-0.511104704785883,-1.29531722255524,9,0.108481262327416,0.359187958443542,0.190023305279108,-0.515710257957864,-1.35912921644984,9
"Endoplasmic reticulum-Golgi intermediate compartment",0.912350597609562,0.988150627999489,0.0496901392724606,0.182185683024395,0.714287603142566,41,0.0032278638326537,0.0493451098672698,0.431707695803346,-0.413680864091723,-1.70217411810204,41
"Endoplasmic reticulum-Golgi intermediate compartment membrane",0.586274509803922,0.87849475556646,0.0699458736501659,-0.272390699138972,-0.899464062977981,21,0.608695652173913,0.83593848512819,0.0732558655828455,-0.262875876328823,-0.902888398148293,21
"Endosomal part",0.516190476190476,0.841958813037133,0.0749278818393739,-0.201182390964407,-0.980009158230747,124,0.00701426847959071,0.0746629911494211,0.407017918923954,-0.288708899866578,-1.47801163829192,124
"Endosomal scaffold complex",0.692468619246862,0.938475396914762,0.0649407684612899,0.274384232651582,0.834761450615988,15,0.285981308411215,0.616124647956396,0.107554375265169,0.381326838970794,1.13203377577909,15
"Endosome",0.585365853658537,0.878048780487805,0.0678338263479455,-0.179513393552454,-0.948345859990009,228,0.00203899769925478,0.0358438060548266,0.431707695803346,-0.263965905747308,-1.48357576259158,228
"Endosome lumen",0.33264887063655,0.704411764705882,0.103958471559957,0.429332486317393,1.11165367375364,9,0.270216962524655,0.60108633923828,0.114750719227023,-0.443931053779727,-1.16995862690536,9
"Endosome membrane",0.175925925925926,0.528881915388192,0.141225119642531,-0.239925030054967,-1.16317293922475,117,0.00533679755123911,0.0654184845718187,0.407017918923954,-0.299969445736592,-1.53028201337572,117
"Endothelial microparticle",0.0825335892514395,0.402036500862097,0.216542836735348,0.367201574938422,1.37685571420286,32,0.454063604240283,0.751308265959419,0.0776798560117236,0.271437854332579,0.989525575368534,32
"Enhanceosome",0.416173570019724,0.783802647599401,0.0883594442500905,-0.352165009203436,-1.01814984499652,13,0.924643584521385,0.992324673119375,0.0500922874402106,-0.213283442469598,-0.632076335684464,13
"Ensheathing process",0.875264270613108,0.987059745528305,0.0543434390269162,0.259700746647059,0.691442077718657,10,0.975806451612903,1,0.0471642455670861,-0.196144107482507,-0.534728112995769,10
"Epididymosome",0.1,0.435454545454545,0.195789002148949,-0.523030712517336,-1.42775363524662,11,0.10655737704918,0.355273667795063,0.195789002148949,-0.492076458427175,-1.38222571473039,11
"Epsilon DNA polymerase complex",0.13894324853229,0.485805655808854,0.165656695205483,-0.477060866316814,-1.33739778238511,12,0.850622406639004,0.969063828296511,0.0547939500773363,-0.248756655656594,-0.714117987486082,12
"Etioplast",0.808219178082192,0.97673423916287,0.0544555953940371,-0.264970057397993,-0.742820030279314,12,0.952282157676348,0.994498154491942,0.0495901956956338,-0.204158322129976,-0.586087354097813,12
"Eukaryotic 43S preinitiation complex",0.930184804928131,0.99243560280038,0.0501934252649434,0.240384877087162,0.622419081353209,9,0.894949494949495,0.983550603764006,0.051218434854034,0.255568208694844,0.660075220912569,9
"Eukaryotic 48S preinitiation complex",0.29126213592233,0.673983396651189,0.108820126769161,-0.447465605636843,-1.13403359439888,9,0.947474747474747,0.9937119471716,0.0486034247259069,0.22878383894017,0.590897216053873,9
"Eukaryotic translation elongation factor 1 complex",0.195694716242661,0.559711121028928,0.137250779610133,-0.441147790621326,-1.23671866325175,12,0.174273858921162,0.458665815512289,0.151148761385484,-0.446210415474528,-1.28095822422491,12
"Eukaryotic translation initiation factor 2 complex",0.00871065425247038,0.114836790466055,0.380730400722792,-0.377802759389206,-1.6003681415869,58,0.0257252276755693,0.167237741749552,0.352487857583619,-0.329165452633581,-1.45622127113393,58
"Eukaryotic translation initiation factor 2B complex",0.000125091033227124,0.00691368518259144,0.518848077743792,-0.555811102630853,-2.07498839456517,34,0.142528735632184,0.41798733286418,0.178219874951973,-0.320384787654462,-1.24438903273331,34
"Eukaryotic translation initiation factor 3 complex",0.539622641509434,0.858735034162853,0.0721797965581253,-0.351728979068613,-0.934005105602007,10,0.493951612903226,0.778560371517028,0.0802023444698144,-0.360894299985879,-0.983870127424496,10
"Eukaryotic translation initiation factor 3 complex, eIF3m",0.442495126705653,0.810019741498119,0.0843144320642653,-0.494705769789366,-1.02257828787541,5,0.527162977867203,0.796564878228361,0.0766746872490091,-0.45577435086658,-0.9586913730144,5
"Eukaryotic translation initiation factor 4F complex",0.0697211155378486,0.371551362683438,0.241339976815091,-0.628884416625978,-1.44227433263137,7,0.544,0.804806779165753,0.0747385227439092,-0.386486872697845,-0.930576625801698,7
"Excitatory synapse",0.562624254473161,0.870050689946494,0.0727141077934447,-0.24021555774001,-0.936614722018594,40,0.389908256880734,0.707341146500694,0.100990587455923,-0.250489885718949,-1.02529150762188,40
"Exine",0.248520710059172,0.617862042136729,0.120433371642259,-0.404971745566773,-1.17082023824404,13,0.704500978473581,0.889602729408204,0.0609039347452418,0.287859637465666,0.820779816787151,13
"Exocytic vesicle",0.0752475247524752,0.392755024808679,0.231126709673834,-0.41142940729209,-1.39934274954122,25,0.0165122112595959,0.133554051059145,0.352487857583619,-0.466762703187793,-1.67841849099854,25
"External encapsulating structure part",0.0824949698189135,0.402036500862097,0.222056046145248,0.330116600755894,1.33132568275504,46,0.186206896551724,0.475921012802479,0.131457611642763,0.309241579469347,1.21548121552346,46
"External side of plasma membrane",0.00149542524813792,0.0435527627516305,0.45505986738723,0.380806664468187,1.7168159397326,80,0.0688524590163934,0.281105323025872,0.219250346703755,0.30048165693582,1.32750500197552,80
"Extracellular core region of desmosome",0.970119521912351,1,0.0468819856878333,-0.242801757103799,-0.556838002231619,7,0.51792828685259,0.795350241385977,0.0770736734944102,0.402766437482927,0.950262503570643,7
"Extracellular exosome complex",0.457142857142857,0.817460848614643,0.0891647117820678,0.205302857715043,0.98570732959455,113,0.258333333333333,0.583687106918239,0.142901149386948,-0.213594321355947,-1.08449472852141,113
"Extracellular ferritin complex",0.0286897219371315,0.228625568236979,0.352487857583619,0.384341175388114,1.50921666143483,42,1.94757602694352e-05,0.00145891242155736,0.575610261071129,0.542253946330419,2.09675281445451,42
"Extracellular matrix",0.115303983228512,0.449619679559799,0.190023305279108,0.218979344683898,1.17585755528602,235,0.877521613832853,0.980126308191988,0.0366082221336689,0.16279429052405,0.836854417718477,235
"Extracellular matrix component",0.358649789029536,0.735452172577921,0.100990587455923,0.240155365910618,1.05193315206134,69,0.296900489396411,0.627420593033298,0.096887770327544,0.257758772748987,1.11317687581994,69
"Extracellular non-membrane-bounded organelle",0.894211576846307,0.988150627999489,0.0507027937029348,0.21538037491361,0.680980727667985,17,0.610878661087866,0.836031081888822,0.0711327399327894,-0.272683080175224,-0.88108038646394,17
"Extrachromosomal DNA",0.684824902723735,0.938125248059111,0.0619762736001998,-0.250470354816855,-0.840957372621103,22,0.760213143872114,0.921389479778125,0.052805004567129,0.240148398064365,0.798243039545559,22
"Extrachromosomal circular DNA",0.135699373695198,0.481460799642618,0.173747838999571,0.607602665647711,1.372310609178,6,0.711155378486056,0.896430069196897,0.0613026075396207,0.360722099710772,0.806866003542754,6
"Extrinsic component of cytoplasmic side of plasma membrane",0.000746671834884493,0.0268241856682254,0.477270815362862,-0.552309637518509,-1.97987987819275,29,1.78310850883967e-09,1.44045927540233e-06,0.788186810800237,-0.724124902983197,-2.7100301908855,29
"Extrinsic component of external side of plasma membrane",0.0298296382241903,0.229225615658617,0.352487857583619,0.727808558896674,1.54076190831038,5,0.00301028475269222,0.0486042605575138,0.431707695803346,0.847609075284683,1.8132409881243,5
"Extrinsic component of membrane",0.0866290018832392,0.409279682066567,0.208955027549354,-0.281263172974177,-1.27813582119966,79,0.000701317717693109,0.0186628437097222,0.477270815362862,-0.380923032838101,-1.81191329954719,79
"Extrinsic component of organelle membrane",0.507306889352818,0.836009174311927,0.0806388495950661,0.419828335307049,0.948209925908138,6,0.440239043824701,0.742515852084619,0.0857844408075645,0.460356496621677,1.02972899894934,6
"Extrinsic component of plasma membrane",0.184738955823293,0.546952019174241,0.143758989039275,-0.303615704869854,-1.21509861139271,45,2.76520532735948e-05,0.00180618184337072,0.575610261071129,-0.522489424390117,-2.18995546930611,45
"Eyespot apparatus",0.92827868852459,0.991947068653866,0.0501934252649434,0.198827672041579,0.666638030900016,22,0.89749430523918,0.984503295136413,0.0566484183613995,-0.207811400569373,-0.717187949471407,22
"F-actin capping protein complex",0.50398406374502,0.835349480968858,0.0785029047348687,-0.422195358215229,-0.968256665949608,7,0.096,0.338117647058824,0.204294756516886,-0.585825582271273,-1.410541035593,7
"FACT complex",0.727095516569201,0.951314598264806,0.059221919380382,-0.386099221562956,-0.798083841035408,5,0.0378135901295857,0.205049543457414,0.321775918075361,-0.734370139968896,-1.54469929351872,5
"FAR/SIN/STRIPAK complex",0.274853801169591,0.650909115311186,0.112843355675562,-0.329383131791892,-1.15405613646785,27,0.330275229357798,0.661077034097059,0.11146266692298,-0.292088022627009,-1.07608955050444,27
"FHF complex",0.389002036659878,0.759721796107994,0.0940503465727813,0.362462145451892,1.03870349336189,12,0.276923076923077,0.60547198212034,0.11146266692298,0.411996076739415,1.16908596933207,12
"Fatty acid beta-oxidation multienzyme complex",0.756435643564356,0.959996793330127,0.0580983576873206,0.235473175275672,0.811447841292115,24,0.98394495412844,1,0.0526973085708419,-0.161918216486497,-0.578144923900602,24
"Fatty acid elongase complex",0.462151394422311,0.81918109565711,0.083129129135339,-0.440241853047542,-1.00964423352562,7,0.456,0.751308265959419,0.0840745577910723,-0.412092178310374,-0.992228652255276,7
"Fatty acid synthase complex",0.690677966101695,0.938475396914762,0.065681360193401,0.177064988662278,0.907728076419199,162,0.698847262247839,0.888711075973579,0.0470699590082662,0.181193109418208,0.896443988706275,162
"Fc receptor complex",0.834710743801653,0.983049920989078,0.0554793308704233,0.184853736738317,0.801449565292065,64,0.229219143576826,0.534720632012823,0.144630528034484,-0.254939828610529,-1.13993476612691,64
"Fc-epsilon receptor I complex",0.741803278688525,0.955891741895444,0.060640400949416,0.244946969120891,0.821268807772043,22,0.0400697178894475,0.211691855173294,0.321775918075361,-0.431733565567845,-1.48997653525855,22
"Fc-gamma receptor I complex",0.951076320939335,1,0.0469758727821845,-0.190706142813295,-0.61278206962966,19,0.438444924406048,0.741229831025283,0.0905428948469474,-0.305671591999059,-1.01763056085838,19
"Fc-gamma receptor III complex",0.321792260692464,0.696025910364146,0.105520936843198,0.376178409884684,1.07801003050235,12,0.678423236514523,0.871318960821951,0.0655321029282414,-0.290822761263932,-0.83487922942511,12
"Female germ cell nucleus",0.113545816733068,0.447028325055941,0.186432558434075,-0.319427688201764,-1.29000203513634,48,0.961605584642234,0.996989339921277,0.0412376090540065,0.163862500880384,0.651279151632376,48
"Ferritin complex",0.00151480440902091,0.0435527627516305,0.45505986738723,0.359234496433825,1.6952865949862,97,4.29532480473259e-05,0.00228606731274101,0.557332238758646,0.425836381807992,1.943953203453,97
"Fertilization envelope",0.309572301425662,0.686638307790921,0.107972360317345,0.386043829930278,1.10628124832033,12,0.0165432297067,0.133554051059145,0.352487857583619,0.619905668412428,1.75905320503517,12
"Fibril",0.504,0.835349480968858,0.0787113806986485,0.390151574385379,0.947490519110745,7,0.370517928286853,0.69057621653464,0.0956031492204301,0.454992283474338,1.07348097101059,7
"Fibrillar collagen trimer",0.994,1,0.0459538081039063,0.184562713974479,0.448214061285408,7,0.164,0.447187855787476,0.153158808683073,-0.541305299230249,-1.30334584295202,7
"Fibrillary inclusion",0.844621513944223,0.983049920989078,0.0532386494755899,-0.305898134909948,-0.701542313208278,7,0.122,0.380363226517073,0.179782316298324,-0.568261866700504,-1.36825141509878,7
"Fibrinogen complex",3.82957712824018e-05,0.00229295930553381,0.557332238758646,0.89291734796885,2.16846676290562,7,0.0876494023904383,0.32130661029352,0.213927855492356,0.602271217197453,1.4209618811817,7
"Filamentous actin",0.387914230019493,0.759445161495929,0.0916795246008379,-0.51979415172168,-1.07443706173372,5,0.0272423598918145,0.168442427317263,0.352487857583619,-0.759131932400016,-1.59678409543649,5
"Filopodium",0.939834024896266,0.999351705603621,0.0501934252649434,-0.179269883258409,-0.648988297456562,31,0.0183228450683937,0.142735384842403,0.352487857583619,-0.428800243316299,-1.63438389676912,31
"Filopodium membrane",0.768,0.962858092942057,0.0578529757032509,0.314970432617491,0.764911686375773,7,0.982,1,0.0465084048719156,-0.21838855378498,-0.525832305962491,7
"Flotillin complex",0.378167641325536,0.751627801638721,0.0931454575337804,-0.524038702487995,-1.08321073230819,5,0.714285714285714,0.897944492152528,0.0615706755421678,-0.382056510605311,-0.803630744083965,5
"Focal adhesion",0.0074881710589992,0.104470891376523,0.407017918923954,-0.457136526929024,-1.76900022504469,39,0.00642447454866599,0.0715656583444421,0.407017918923954,-0.415830840401268,-1.69498668986803,39
"Food vacuole",0.846918489065606,0.983049920989078,0.0530212512043078,0.215131421523259,0.734816363387579,23,0.767816091954023,0.921389479778125,0.0645031249656493,-0.231813740803559,-0.811220408121052,23
"Formate dehydrogenase complex",0.0238956287561533,0.217222008690235,0.352487857583619,-0.404125833946652,-1.53723672106588,37,0.00469170754388486,0.0618530618400234,0.407017918923954,-0.43230141350684,-1.73970456403155,37
"Fumarate reductase complex",0.367886178861789,0.743568894145476,0.0972150808846466,0.356220853807211,1.06071099757481,14,0.0946969696969697,0.338117647058824,0.199915231309662,0.470526215984412,1.37732462289312,14
"Fusome",0.462,0.81918109565711,0.0833634065110386,0.402135612510264,0.976593983634444,7,0.334661354581673,0.662117752285186,0.101713902282311,0.468682437081957,1.10578068228431,7
"G-protein coupled receptor complex",0.989429175475687,1,0.048701086452153,0.141317216876458,0.650993027653011,86,0.173684210526316,0.458665815512289,0.172324344900946,-0.246148773428119,-1.18433083119808,86
"GABA-ergic synapse",0.984313725490196,1,0.0454967810085007,-0.165506806850232,-0.546521688921804,21,0.577490774907749,0.823923102684638,0.0676760401641789,0.281310383481802,0.920335627857751,21
"GAIT complex",0.856828193832599,0.983049920989078,0.0572461135202884,0.16982099204157,0.807241453654049,103,0.370253164556962,0.69057621653464,0.0826646449123753,0.227990561390517,1.04702514297246,103
"GARP complex",0.410788381742739,0.776714348110941,0.0919686140000427,-0.287739748112707,-1.04166815889019,31,0.301123595505618,0.632623694066627,0.116234148779716,-0.289462468624953,-1.10329414410031,31
"GCH1 complex",0.0810276679841897,0.402036500862097,0.222056046145248,-0.354663542249234,-1.34175656583912,36,0.52619589977221,0.796564878228361,0.0833634065110386,-0.240858526074683,-0.955545832904312,36
"GET complex",0.384466019417476,0.757856886012226,0.0919686140000427,-0.40968425458629,-1.03828250025137,9,0.347140039447732,0.67869419957332,0.0988903007520636,-0.409251857237654,-1.07856329688035,9
"GID complex",0.203665987780041,0.567480657640232,0.137250779610133,0.427949504147187,1.22636984445917,12,0.307692307692308,0.637467214972639,0.104732821580651,0.398074945380982,1.12958316756469,12
"GINS complex",0.239043824701195,0.60690101783678,0.12384217120105,-0.532550033002208,-1.22134246474402,7,0.274,0.604090855348721,0.114750719227023,-0.478757616165576,-1.15274457814906,7
"GMP reductase complex",0.625,0.904456193353474,0.0658311958368866,-0.316401297899065,-0.863702823679149,11,0.389344262295082,0.70731694679903,0.0943563635421779,-0.377720137879267,-1.06100277427821,11
"GO:0000793",0.523046092184369,0.844887326595945,0.0768736734126542,-0.280858708553496,-0.943849414711095,23,0.379310344827586,0.697911607576493,0.102821842840815,-0.302275953114029,-1.0577993401096,23
"GO:0000794",0.2,0.564604849573417,0.137250779610133,0.517853314759331,1.25761662450676,7,0.163346613545817,0.446253010770606,0.153158808683073,0.558693016004439,1.31814613807864,7
"GO:0000805",0.316306483300589,0.69022284497528,0.104343952581949,-0.265026950232041,-1.08600184331389,50,0.157635467980296,0.438996448619544,0.175204047558551,-0.288614470879286,-1.22583020763918,50
"GO:0000806",0.318811881188119,0.693729013689532,0.104343952581949,0.315624339239539,1.08765123006193,24,0.0812720848056537,0.306530146629198,0.208955027549354,0.412039029786962,1.39399312323432,24
"GO:0005667",0.611538461538462,0.893869157989825,0.0668966276500666,-0.322406870455071,-0.8800966564759,11,0.967213114754098,0.999917443094704,0.0483117581055019,-0.202632312337629,-0.569187141452738,11
"GO:0031975",0.0558882235528942,0.336030867136021,0.271288554688953,-0.377420440682246,-1.40900933892906,34,0.0349083135259476,0.195950181784323,0.321775918075361,-0.377547474700668,-1.46641149941354,34
"GO:0042603",0.000277489330030123,0.0124610052266652,0.49849310876659,0.611448130251931,2.08850054673804,23,0.0191297245394105,0.146220288101771,0.352487857583619,0.508514714455673,1.71261157020332,23
"GO:0097525",0.896414342629482,0.988150627999489,0.0504983044100709,-0.28606964218664,-0.656067937705343,7,0.50597609561753,0.783499622200852,0.0782955249944794,0.40945608373077,0.966045645858279,7
"GO:0098791",0.947145877378435,1,0.0507027937029348,0.159411840468173,0.734347866196925,86,0.43421052631579,0.738414824042354,0.102821842840815,-0.207994434145732,-1.00075339659705,86
"GO:0098796",0.975881261595547,1,0.0433636987883266,-0.145376194243278,-0.783042062183397,275,0.00640785034698952,0.0715656583444421,0.407017918923954,-0.240102446248826,-1.37442502998516,275
"GO:0098798",0.984,1,0.0464154956843849,0.150951759039051,0.61539028585925,48,0.0224935031557528,0.160707389504403,0.352487857583619,-0.356667320800463,-1.51428049884464,48
"GO:0098800",0.817635270541082,0.97673423916287,0.0550211117163117,0.201857142826729,0.786269312677958,40,0.0610349711135532,0.27003479260123,0.321775918075361,-0.347288484544591,-1.42150224100448,40
"GO:0098803",0.717348927875244,0.945715971886904,0.0598603117764473,0.224580253974203,0.846503969730446,33,0.0772727272727273,0.293759018759019,0.245041785430996,-0.349464928102515,-1.36322789242385,33
"GPI-anchor transamidase complex",0.65439672801636,0.91640523273965,0.0665892104103933,0.398053343592128,0.842674109537927,5,0.428571428571429,0.733163265306122,0.0878312634480124,-0.504377100772619,-1.06092406107836,5
"GTPase activator complex",0.424657534246575,0.796648664115312,0.086794975677172,-0.360924321715946,-1.01181929089777,12,0.356846473029046,0.680257542310522,0.10027910675413,-0.379214606255501,-1.08863005385612,12
"Galectin complex",0.675381263616558,0.933195072900955,0.0681513438679483,0.18183722570198,0.913006086035118,143,0.0865384615384615,0.319680640696065,0.276500599254472,-0.238498313618796,-1.2513165875646,143
"Gas vesicle",0.149056603773585,0.496970625574574,0.156312403073186,-0.491625674535274,-1.30549632639568,10,0.360887096774194,0.683260550809639,0.0978773277424561,-0.397585926446555,-1.08389884830673,10
"Germ tube",0.186746987951807,0.54949914792801,0.142901149386948,0.304759220348368,1.19671719432919,42,0.183333333333333,0.4732077550749,0.158514105424824,-0.291886160466424,-1.1953841212292,42
"Germinal vesicle",0.113545816733068,0.447028325055941,0.186432558434075,-0.319427688201764,-1.29000203513634,48,0.961605584642234,0.996989339921277,0.0412376090540065,0.163862500880384,0.651279151632376,48
"Giant axon",0.902195608782435,0.988150627999489,0.0502948063662358,-0.220342413720804,-0.683554790455637,17,0.165271966527197,0.4475257754622,0.156312403073186,-0.386326359313484,-1.24827905620841,17
"Gin4 complex",0.90020366598778,0.988150627999489,0.0513223330421143,0.256560589780161,0.643292993205629,8,0.418145956607495,0.727452469303838,0.0880945010398517,-0.406481240742215,-1.0331033454872,8
"Glial cell projection",0.440545808966862,0.809087076253095,0.0845557442441281,-0.496633613227635,-1.02656322389756,5,0.0414436207375682,0.217352127736809,0.321775918075361,-0.729290871673271,-1.53401538669732,5
"Glial cytoplasmic inclusion",0.0311370569174825,0.235494477844329,0.352487857583619,-0.435578015789885,-1.50125293273793,26,0.257611241217799,0.583687106918239,0.130105630751129,-0.312857685096988,-1.13552837698513,26
"Glial filament",0.48991935483871,0.835349480968858,0.0806388495950661,0.298256804631861,0.982293169983423,20,0.181818181818182,0.471611421069905,0.151148761385484,-0.360912954450271,-1.21650981099418,20
"Glucose transporter complex",0.854389721627409,0.983049920989078,0.0560595875032335,0.17142775443386,0.834883146682292,121,0.0705275381313037,0.283283936970872,0.287805130535564,-0.25019636941981,-1.28816124259242,121
"Glucosidase II complex",0.739644970414201,0.955891741895444,0.0589694466690997,-0.234896473457541,-0.809588654350355,26,0.0566879104957547,0.268846625024421,0.321775918075361,-0.415717964669373,-1.50886351268064,26
"Glucosidase complex",0.814229249011858,0.97673423916287,0.054568064667094,-0.208534608619528,-0.788924281716319,36,0.608200455580866,0.83593848512819,0.0756946307932749,-0.229697703203687,-0.911268065536189,36
"Glutamate decarboxylase complex",0.964497041420118,1,0.0466948041282054,-0.202815364702749,-0.586362718437281,13,0.164969450101833,0.4475257754622,0.154190966581424,-0.431974217848205,-1.28017757762221,13
"Glutamate dehydrogenase complex",0.876332622601279,0.987059745528305,0.0546808488785442,0.170390716302274,0.790566863991372,89,0.124324324324324,0.383861948604705,0.208955027549354,-0.25712877897499,-1.2369485134438,89
"Glutamate synthase complex",0.782352941176471,0.974212457946783,0.0560595875032335,-0.261402241011495,-0.77231258108178,14,0.367088607594937,0.689550757011665,0.0995791200495904,-0.359592667963678,-1.07617218403748,14
"Glutamatergic synapse",0.854043392504931,0.983049920989078,0.0522693317499306,-0.214692698117259,-0.739954797997496,26,0.5807962529274,0.823923102684638,0.0795564677235957,-0.252623786317904,-0.916907244827565,26
"Glutaminase complex",0.409542743538767,0.775379344486441,0.0897104652742981,0.299690307577967,1.02364099301569,23,0.662068965517241,0.864620938628159,0.0718276293603809,-0.250526813198396,-0.87670585420685,23
"Glutathione hydrolase complex",0.0291151558715151,0.228625568236979,0.352487857583619,0.519147934434854,1.61572564474102,16,0.0579439252336449,0.27003479260123,0.257206466468838,0.500065281918903,1.51182434594384,16
"Glutathione synthase complex",0.898635477582846,0.988150627999489,0.0493910105981501,-0.321539056149449,-0.664635178325034,5,0.865191146881288,0.977421130556926,0.0525898950623616,-0.321587644804871,-0.676438461612113,5
"Glycine cleavage complex",0.643145161290323,0.916265346534653,0.0667426134241917,0.272817422958814,0.87498209318788,18,0.960227272727273,0.996989339921277,0.0450442767152794,0.196014700407286,0.614454493245649,18
"Glycocalyx",0.0271300424310369,0.226662040543023,0.352487857583619,0.342931370220467,1.47126799594237,62,0.535655058043118,0.802946711589513,0.066132620475844,0.22554088651855,0.950587641875922,62
"Glycolate oxidase complex",0.311538461538462,0.686638307790921,0.103958471559957,-0.404892388325862,-1.10526316233634,11,0.592213114754098,0.828367718446602,0.0716527366829457,-0.318414747775848,-0.894415989197957,11
"Glycoprotein Ib-IX-V complex",0.0404665609166433,0.283660722132763,0.321775918075361,-0.348150522531393,-1.42661759073466,50,3.82119517886908e-05,0.00211194518155187,0.557332238758646,-0.487793905902347,-2.0718036179395,50
"Glycoprotein network",0.341317365269461,0.716019056776957,0.100633389423036,-0.348850523821478,-1.08221763883045,17,0.41793893129771,0.727452469303838,0.0862865626267245,0.336122027849117,1.0229186551527,17
"Glycosome",0.650727650727651,0.91640523273965,0.0676760401641789,-0.244183168606676,-0.886209852813401,32,0.00162963840273277,0.0333675923928111,0.45505986738723,-0.489148270576137,-1.88413523520715,32
"Glyoxysomal membrane",0.242299794661191,0.6087146939303,0.125033367555272,0.453595562249142,1.174477099317,9,0.719191919191919,0.898259068517689,0.0614364107201271,0.309281857784322,0.798805499493861,9
"Glyoxysome",0.641325536062378,0.916265346534653,0.0652353056017703,-0.249578796348629,-0.874446544640829,27,0.754587155963303,0.918155582658142,0.0652353056017703,-0.223612336882273,-0.823816385618002,27
"Golgi apparatus",0.754128440366972,0.959996793330127,0.0546808488785442,-0.17185689913778,-0.882629588340884,184,0.650326797385621,0.864495474415483,0.0916795246008379,-0.172371732125414,-0.941933057102593,184
"Golgi apparatus part",0.763059701492537,0.962701309082332,0.0549073703290958,-0.16709415838469,-0.899622487114191,274,0.000948985862752564,0.0231134353351769,0.477270815362862,-0.262603849908064,-1.50257796257911,274
"Golgi cisterna",0.167689161554192,0.52271003287066,0.153158808683073,0.35081303295544,1.23009243787459,27,0.948763250883392,0.9937119471716,0.0424170054438747,0.184858944651004,0.646454737482725,27
"Golgi cisterna membrane",0.10655737704918,0.436532403240324,0.195789002148949,0.403525049173946,1.35295626327052,22,0.690941385435169,0.880996247444842,0.0572461135202884,0.253301656899094,0.841963911293159,22
"Golgi lumen",0.891836734693878,0.988150627999489,0.0518457624865066,-0.187646655261339,-0.744112997460772,44,0.0377633189172515,0.205049543457414,0.321775918075361,-0.343974667002738,-1.429108450278,44
"Golgi membrane",0.908045977011494,0.988150627999489,0.0481183992657975,-0.15749407420403,-0.814323734368654,200,0.00262609390436963,0.0433758269032088,0.431707695803346,-0.275470840374177,-1.52001391756552,200
"Golgi stack",0.195564516129032,0.559711121028928,0.139599673451922,0.312535999890153,1.19398769743121,36,0.464692482915718,0.761220798680218,0.0902635484340068,-0.251424650298391,-0.997464282445861,36
"Golgi to ER transport vesicle",0.860377358490566,0.983049920989078,0.0498907356726307,-0.257500106218332,-0.683783333798221,10,0.895256916996047,0.983550603764006,0.0501934252649434,0.250040090889028,0.665582129999365,10
"Golgi trans cisterna",0.915322580645161,0.988150627999489,0.0500922874402106,0.176160621122711,0.712574725442057,47,0.0754716981132075,0.292601882626117,0.252961123069611,-0.321151638455693,-1.35822125718898,47
"Golgi-associated vesicle",0.357588357588358,0.73544094672006,0.10027910675413,-0.294891085247067,-1.07024323889309,32,0.172018348623853,0.458665815512289,0.160801401070022,-0.318949649357089,-1.22855238127049,32
"Golgi-associated vesicle membrane",0.452054794520548,0.817460848614643,0.0833634065110386,-0.307991057983926,-0.989645090371265,19,0.187904967602592,0.476224759162124,0.148261500475107,-0.375877648162643,-1.25135796693551,19
"Granular component",0.295049504950495,0.678326028647706,0.109250039480711,0.321414958984489,1.10760588471116,24,0.110091743119266,0.362848245097214,0.204294756516886,-0.362946975993422,-1.29593788993575,24
"Granular vesicle",0.767820773930754,0.962858092942057,0.0587185879555941,0.309464508094645,0.775942828451145,8,0.974358974358974,1,0.0462302524077616,-0.222930131554127,-0.56659408020389,8
"Granulocyte macrophage colony-stimulating factor receptor complex",0.049800796812749,0.325939031028851,0.287857117255149,-0.656218485285138,-1.50496188632367,7,0.258,0.583687106918239,0.118815039412263,-0.48425134040751,-1.16597227546374,7
"Granum",0.776180698151951,0.967364842362839,0.0585937568945671,0.300916353435695,0.779150845673584,9,1,1,0.0461379160269737,0.15997790932946,0.41318697024582,9
"Grb2-EGFR complex",0.54775828460039,0.864708873633359,0.0730744399126987,-0.453658177459245,-0.937731133769617,5,0.394366197183099,0.711046706840794,0.0925528864684773,-0.514247741600876,-1.08168630491718,5
"Grb2-Shc complex",0.557729941291585,0.868318445976173,0.0723570851036907,-0.378766568071599,-0.92516105752697,8,0.733727810650888,0.902491581033232,0.0593487680335629,-0.314085819631589,-0.798273274404976,8
"Grb2-Sos complex",0.879377431906615,0.988150627999489,0.0502948063662358,-0.210439841151867,-0.706554418542981,22,0.173120728929385,0.458665815512289,0.159646701919906,-0.350282069267631,-1.20887534710008,22
"GroEL-GroES complex",0.847358121330724,0.983049920989078,0.0522693317499306,-0.287122951613229,-0.701315786414779,8,0.927021696252465,0.992324673119375,0.048505983646947,-0.240634070098927,-0.611590002046522,8
"Growing cell tip",0.0841889117043121,0.407942166765696,0.222056046145248,0.549474923816973,1.42273374869908,9,0.0787878787878788,0.297942583732057,0.227987202850442,0.575384816961727,1.48608961226175,9
"Growth cone",0.57905138339921,0.877739280532346,0.0709609456938284,-0.245823043013244,-0.929993198358648,36,0.323462414578588,0.653748930730563,0.112378519110475,-0.272389343209812,-1.08063644693638,36
"Growth cone filopodium",0.898203592814371,0.988150627999489,0.0504983044100709,-0.22183009644276,-0.688169937553733,17,0.0399456937225707,0.211691855173294,0.321775918075361,-0.504184627787434,-1.62909699573099,17
"Growth cone lamellipodium",0.391389432485323,0.7608582266477,0.0913924325943768,-0.36984804783504,-1.03683616477056,12,0.00749154092347472,0.0785791555257896,0.407017918923954,-0.641184769618593,-1.84068070893692,12
"Growth hormone receptor complex",0.587525150905433,0.878880417932001,0.0711327399327894,0.264671352825819,0.918043637313953,25,0.229166666666667,0.534720632012823,0.117249716749792,0.344681148464191,1.18021018344875,25
"Gut granule",0.295499021526419,0.678326028647706,0.108394255853397,-0.462268451963265,-1.12911963708171,8,0.585798816568047,0.828367718446602,0.0702812841717392,-0.356758032390445,-0.906727986066502,8
"H zone",0.354771784232365,0.73275016903313,0.100633389423036,0.392760210702454,1.08777402299905,11,0.184824902723735,0.474273902167871,0.141225119642531,0.455411259919082,1.26007282035886,11
"H-NS complex",0.896825396825397,0.988150627999489,0.0502948063662358,-0.184215378762001,-0.700728884497372,37,0.338129496402878,0.666518636942298,0.0949751525905595,0.289254576385271,1.0806522563363,37
"HCN channel complex",0.807766990291262,0.97673423916287,0.0541200569620232,-0.29478156075589,-0.747079079811601,9,0.0591715976331361,0.27003479260123,0.261663521711573,-0.559366299049843,-1.47418258218585,9
"HDA1 complex",0.808553971486762,0.97673423916287,0.0562940749700968,0.291095890410959,0.729885859760383,8,0.416173570019724,0.727452469303838,0.0883594442500905,-0.407664088813795,-1.03610964486211,8
"HICS complex",0.991853360488798,1,0.0468819856878333,0.170511221945137,0.488631996786892,12,0.490384615384615,0.778560371517028,0.0780892306943345,0.344380390292708,0.977218728854435,12
"HIR complex",0.217821782178218,0.585065235495512,0.130105630751129,-0.354451840684049,-1.20555216649994,25,0.650234741784038,0.864495474415483,0.0738052724171275,-0.248555726864513,-0.893774342216751,25
"HOPS complex",0.195918367346939,0.559711121028928,0.140406238523342,-0.300184154403677,-1.19038056187281,44,0.00194766479328809,0.0353400001861808,0.45505986738723,-0.414511464810039,-1.72216704869263,44
"HSP90-CDC37 chaperone complex",0.0535372848948375,0.333141571644457,0.271288554688953,-0.686124481668103,-1.50717319784969,6,0.168,0.451244859813084,0.151148761385484,-0.574769595037072,-1.30488154752682,6
"HULC complex",0.618,0.896704390394174,0.0683110858318647,0.358822849433306,0.871408114689645,7,0.632,0.851596664674616,0.0672065093710464,-0.362792689642698,-0.873526168266949,7
"Haustorium",0.0285317930854218,0.228625568236979,0.352487857583619,-0.371400125083262,-1.49873837423967,47,0.0778301886792453,0.295097575546373,0.248911114434702,-0.319551113933648,-1.35145228525115,47
"Heavy chain immunoglobulin complex",0.20377358490566,0.567480657640232,0.131457611642763,-0.461722263829739,-1.22608877132915,10,0.266129032258065,0.59291072768192,0.117249716749792,-0.425231269996527,-1.15926559054197,10
"Hedgehog signaling complex",0.136363636363636,0.481460799642618,0.16823816568964,-0.402579145021681,-1.31530238066889,20,0.725108225108225,0.898259068517689,0.064358336791736,-0.246831067729308,-0.831980154351165,20
"Heparanase complex",0.0266128159285323,0.226662040543023,0.352487857583619,0.428041076236395,1.57631542906058,31,0.719101123595506,0.898259068517689,0.0665892104103933,-0.222427787841659,-0.847789618380023,31
"Herring body",0.590814196242171,0.880705394190871,0.0727141077934447,0.396099699549386,0.894617240371039,6,0.424302788844622,0.730223040158216,0.0878312634480124,0.465296640028332,1.04077915021717,6
"Heterotrimeric G-protein complex",0.00332025803142974,0.0671020415542476,0.431707695803346,-0.695015576323988,-1.84559173508673,10,5.26936644368002e-05,0.00270431413556007,0.557332238758646,-0.796261682242991,-2.17076878964923,10
"Hippocampal mossy fiber",0.61839530332681,0.896704390394174,0.0672065093710464,-0.359399887416985,-0.877856727457843,8,0.211045364891519,0.507993617000188,0.132147260608774,-0.488907962518693,-1.24259720028191,8
"Histone H3-K14 acetyltransferase complex",0.373015873015873,0.747592481902105,0.0949751525905595,-0.299142741097873,-1.07234539029251,29,0.990925589836661,1,0.0416556773979467,0.160729551233236,0.567505830117859,29
"Histone acetyltransferase complex",0.364522417153996,0.740229312063809,0.0952879846194844,-0.532246990484465,-1.1001776196954,5,0.907444668008048,0.987129438249482,0.0503964322442957,-0.29642301710731,-0.62350632220387,5
"Histone locus body",0.431451612903226,0.801028382095524,0.0875697115548511,0.308809868563501,1.01704913350702,20,0.917748917748918,0.990901886520589,0.0532386494755899,-0.201483884051359,-0.679130850481746,20
"Histone methyltransferase complex",0.2,0.564604849573417,0.132846300606183,-0.463417620483802,-1.23059073694741,10,0.0761538650676184,0.292601882626117,0.287805130535564,-0.546889164387244,-1.49092937149134,10
"Hyaline inclusion",0.0391022762141895,0.275441033920541,0.321775918075361,0.474409839999266,1.5624439689797,20,0.351851851851852,0.680257542310522,0.0943563635421779,0.33198482257967,1.07354417306285,20
"Hyaluranon cable",0.479253112033195,0.831747248782248,0.0833634065110386,0.352446244936117,0.976121967801645,11,0.945525291828794,0.9937119471716,0.0469758727821845,0.214085384855095,0.592350691416597,11
"Hydrogenosome",0.794715447154472,0.97673423916287,0.0570059526582387,0.232085089820551,0.771957277205315,21,0.96304347826087,0.997557186599423,0.051218434854034,-0.176020303971689,-0.604569321894631,21
"Hyphal cell wall",0.847036328871893,0.983049920989078,0.051218434854034,-0.322255333119893,-0.707881170136371,6,0.0303702327675744,0.177406603605709,0.352487857583619,-0.67915027102703,-1.54185375203058,6
"Hyphal tip",0.854,0.983049920989078,0.0529129848430583,0.19680434149959,0.761950113796902,39,0.167800453514739,0.451244859813084,0.161978948883402,-0.303187424097917,-1.23583582181024,39
"I band",0.21301775147929,0.581200813444514,0.131457611642763,-0.347917588936456,-1.19912456967047,26,0.0714758905707776,0.285307929861687,0.287805130535564,-0.400488655944493,-1.4535881812992,26
"IHF-DNA complex",0.13373253493014,0.477252347356585,0.170932335370056,0.416259001878728,1.31611043072715,17,0.0610687022900763,0.27003479260123,0.252961123069611,0.479175148699362,1.45827157424557,17
"INA complex",0.861538461538462,0.983049920989078,0.0507027937029348,-0.257577146691581,-0.703126410637249,11,0.0953307392996109,0.338117647058824,0.20207170902116,0.505004620555442,1.39729218954889,11
"IgA B cell receptor complex",0.108,0.437171830985916,0.191892240384838,0.589758276768929,1.43223919238551,7,0.59,0.828367718446602,0.070619624712259,-0.376417843080486,-0.90633258475313,7
"IgA immunoglobulin complex",0.0156921656994245,0.169546181278745,0.352487857583619,0.678742684820549,1.70186081076899,8,0.224242424242424,0.528256333830104,0.129442887745046,0.500149132955593,1.23250527752349,8
"IgD B cell receptor complex",0.139165009940358,0.485805655808854,0.166933848713193,0.380746395107635,1.30050124451799,23,0.583774250440917,0.8270301907038,0.0649407684612899,0.277065736138978,0.933121445514976,23
"IgD immunoglobulin complex",0.302186878727634,0.681154565679037,0.107972360317345,0.32071837561521,1.09546577981246,23,0.62610229276896,0.847982087378883,0.0615706755421678,0.267571618066294,0.901146487862946,23
"IgE B cell receptor complex",0.364705882352941,0.740229312063809,0.0956031492204301,-0.35589819039343,-1.05150074062677,14,0.0269861279103569,0.168442427317263,0.352487857583619,-0.55403170784206,-1.65808028409141,14
"IgE immunoglobulin complex",0.44311377245509,0.810120217580107,0.0855356947987884,-0.324648582265636,-0.989118703838636,16,0.0835117773019272,0.312516729122056,0.227987202850442,-0.45061317465972,-1.41426534985563,16
"IgG B cell receptor complex",0.909274193548387,0.988150627999489,0.0503964322442957,0.201269659809462,0.662871086544868,20,0.424074074074074,0.730223040158216,0.0838361057159929,0.315621233588807,1.02062899617304,20
"IgG immunoglobulin complex",0.0137286136683083,0.156571570169516,0.380730400722792,0.27729268726556,1.41967143498898,161,0.0386819484240688,0.208187115675606,0.276500599254472,0.270166069536478,1.33662180170852,161
"IgM B cell receptor complex",0.308,0.686638307790921,0.107140237276725,-0.28885948185366,-1.10318325917143,38,0.11697247706422,0.371058387508354,0.197822021315103,-0.32456454973,-1.30579981146259,38
"IgM immunoglobulin complex",0.910358565737052,0.988150627999489,0.0497903187820785,0.182550093536325,0.715716331826431,41,0.740805604203152,0.90830857784977,0.053347785067549,0.215106907124779,0.824063749199843,41
"Immunoglobulin complex, circulating",0.105050505050505,0.436532403240324,0.195789002148949,0.381431958612039,1.32960200846832,26,0.0219857722423663,0.158693347901049,0.352487857583619,0.464554900536429,1.61530003836929,26
"Immunological synapse",0.171656686626747,0.524258914128982,0.149207542435322,-0.408070847926916,-1.26593322745017,17,0.0456071783729496,0.231581326225896,0.321775918075361,-0.497351380558674,-1.60701773762209,17
"Inclusion body",0.169230769230769,0.524104774535809,0.147331213699377,-0.464866108702248,-1.26897763499995,11,0.688524590163934,0.879475409836066,0.0642140881844605,-0.299394558992952,-0.840988938209221,11
"Inhibin A complex",0.0199777567335862,0.199362338476085,0.352487857583619,0.449821100272682,1.60824658821606,29,0.0998185117967332,0.342336996305264,0.190023305279108,0.380075477483577,1.34197506122419,29
"Inhibin B complex",0.00531768907790248,0.0839727385158887,0.407017918923954,0.565423858102007,1.83539105509766,19,0.098330241187384,0.339609264219316,0.193813302725311,0.429577272511288,1.37171149786323,19
"Inhibin complex",0.00431954570425772,0.0771778123839454,0.407017918923954,0.408818416705042,1.67474472484007,50,0.0503355704697987,0.250325300018812,0.261663521711573,0.352890606264686,1.41764300363186,50
"Inner acrosomal membrane",0.312977099236641,0.686638307790921,0.103197466945307,-0.360096467755627,-1.08882103313592,15,0.794432548179872,0.939472560244575,0.059476028695732,-0.252185371443305,-0.77472664525866,15
"Inner dynein arm",0.751565762004175,0.95829636202307,0.0609039347452418,0.337236335808297,0.761670459323445,6,0.954183266932271,0.994591629418936,0.0476387259290825,0.246218582633093,0.550743644280225,6
"Inner membrane complex",0.723175965665236,0.949912123090442,0.0640703750499722,0.184329951919002,0.877835010341555,101,0.423076923076923,0.730223040158216,0.107140237276725,-0.202981255723649,-1.01080468302561,101
"Inner mucus layer",0.955165692007797,1,0.0466015072985992,-0.274633374004355,-0.567679098431361,5,0.00862284890214567,0.084292747431179,0.380730400722792,0.811508553654743,1.73601323370215,5
"Insulin receptor complex",0.983870967741935,1,0.046788296531803,0.15364205425339,0.621486481645065,47,0.930795847750865,0.992324673119375,0.042331839351853,0.177021355750024,0.701002785328788,47
"Integral component of Golgi membrane",0.0697674418604651,0.371551362683438,0.248911114434702,0.548925253540959,1.46148989835759,10,0.972332015810277,1,0.0464154956843849,0.208471159501248,0.554929723033333,10
"Integral component of endoplasmic reticulum membrane",0.272349272349272,0.646885792340338,0.11776578836269,-0.312167327423472,-1.13294361305763,32,0.412844036697248,0.727030491095521,0.09754492162472,-0.263780814697163,-1.01604923749846,32
"Integral component of lumenal side of endoplasmic reticulum membrane",0.433009708737864,0.802099714601899,0.0852884689790502,-0.395822615631674,-1.0031522823085,9,0.751479289940828,0.915925139647982,0.0582216241124161,-0.299465844137391,-0.789227617281943,9
"Integral component of mitochondrial inner membrane",0.918200408997955,0.988150627999489,0.0506004243853618,0.299915407822395,0.634917287574417,5,0.879275653923541,0.980126308191988,0.0518457624865066,-0.312416590533818,-0.657147752088007,5
"Integral component of mitochondrial membrane",0.382692307692308,0.757856886012226,0.0916795246008379,-0.386158998863514,-1.05412531466267,11,0.862704918032787,0.976147218278043,0.0535669384770951,-0.253051850253983,-0.71081387575245,11
"Integral component of mitochondrial outer membrane",0.0109550348044095,0.136890304469013,0.380730400722792,-0.778539595490652,-1.60927511910567,5,0.941649899396378,0.993502867424813,0.048701086452153,-0.267615800022821,-0.562912235575382,5
"Integral component of organelle membrane",0.397979797979798,0.76644249582155,0.0922597260527354,0.299063723251353,1.04248141278443,26,0.749414519906323,0.914183926235472,0.0665892104103933,-0.231669665378408,-0.840853498747458,26
"Integral component of plasma membrane",1,1,0.0502948063662358,0.121567701333151,0.655503993632152,268,0.411371237458194,0.726434355828221,0.122107920287081,-0.177557611036967,-1.01904875621282,268
"Integrin alpha1-beta1 complex",0.0138817165339381,0.157071076057236,0.380730400722792,0.418239384821124,1.59780850920576,36,0.197158081705151,0.49101588112704,0.129442887745046,0.323247152549301,1.21114167846624,36
"Integrin alpha2-beta1 complex",0.84971098265896,0.983049920989078,0.0514264916187015,-0.18797622793775,-0.782051653403859,54,0.040017845419774,0.211691855173294,0.321775918075361,-0.319541314741414,-1.38422301504017,54
"Integrin alpha3-beta1 complex",0.490566037735849,0.835349480968858,0.0826646449123753,0.229294829670406,0.983736612699636,62,0.0902255639097744,0.327409432672591,0.237793834423688,-0.294133916086683,-1.31004270486973,62
"Integrin alpha4-beta1 complex",0.583682008368201,0.878048780487805,0.0734381410838857,0.210793345025114,0.938378554247763,73,0.188916876574307,0.47710641764021,0.160801401070022,-0.249671454227694,-1.1649355810764,73
"Integrin alpha4-beta7 complex",0.104838709677419,0.436532403240324,0.195789002148949,0.415900715267123,1.36974723008373,20,0.181481481481481,0.471589310829817,0.13880510939114,0.380910289174726,1.23175516948543,20
"Integrin alpha5-beta1 complex",0.464968152866242,0.81982728302919,0.0862865626267245,0.222648554468679,0.99505333469383,77,0.587341772151899,0.828367718446602,0.083129129135339,-0.198238675667201,-0.939604298621072,77
"Integrin alpha6-beta1 complex",0.830927835051546,0.983049920989078,0.0555947097758869,0.189223733318514,0.801952262193905,58,0.597972972972973,0.831836555820099,0.0617054053637522,0.225228038865761,0.927984070934428,58
"Integrin alpha6-beta4 complex",0.0200158848096247,0.199362338476085,0.352487857583619,0.376509551793466,1.50383118129176,44,0.248826291079812,0.566661458449588,0.132846300606183,-0.279490778469974,-1.16119781949825,44
"Integrin alpha7-beta1 complex",0.994117647058824,1,0.0450442767152794,-0.138360059952592,-0.456880143383098,21,0.332608695652174,0.661077034097059,0.107554375265169,-0.317197691780929,-1.08946518725125,21
"Integrin alpha8-beta1 complex",0.651356993736952,0.91640523273965,0.0678338263479455,0.371073936597345,0.838094907696198,6,0.0258820604792092,0.167237741749552,0.352487857583619,-0.687738045197048,-1.56135030881707,6
"Integrin alpha9-beta1 complex",0.918163672654691,0.988150627999489,0.0494904866135495,0.207523208276703,0.656138264393626,17,0.355648535564854,0.680257542310522,0.100990587455923,-0.338996632140414,-1.09534952980698,17
"Integrin alphaE-beta7 complex",0.45643153526971,0.817460848614643,0.0860347242455604,0.360877728390507,0.999473489740763,11,0.875486381322957,0.980126308191988,0.0504983044100709,0.245746165960349,0.679952587226442,11
"Integrin alphaIIb-beta3 complex",0.0782442748091603,0.39888412374568,0.222056046145248,-0.290175743259144,-1.29462671326403,73,4.55295945040128e-06,0.000436173515348443,0.610526878385931,-0.469655944141652,-2.19135552314956,73
"Integrin alphaL-beta2 complex",0.397205588822355,0.766259078790107,0.0916795246008379,0.332598548134053,1.03513462729814,16,0.2,0.491723115302394,0.132147260608774,0.399467806495613,1.20769262957709,16
"Integrin alphaM-beta2 complex",0.695049504950495,0.938475396914762,0.0621124188949471,0.247679602448737,0.853511566673477,24,0.220183486238532,0.522981272272348,0.140406238523342,-0.332987279183765,-1.18896384459386,24
"Integrin alphaX-beta2 complex",0.835030549898167,0.983049920989078,0.0547939500773363,0.279646131274426,0.701177047418102,8,0.78989898989899,0.939472560244575,0.0570059526582387,0.305286420472213,0.752309860390512,8
"Integrin alphav-beta1 complex",0.551797040169133,0.864708873633359,0.0768736734126542,0.350829233569738,0.934067758047591,10,0.695652173913043,0.885431509223245,0.0619762736001998,0.298480269782086,0.794525122023395,10
"Integrin alphav-beta3 complex",0.291139240506329,0.673983396651189,0.114266502484433,0.250761239459663,1.09838920333676,69,0.143958868894602,0.420047277718469,0.188204146308491,-0.264436317952585,-1.21007480491457,69
"Integrin alphav-beta5 complex",0.330769230769231,0.704411764705882,0.10027910675413,0.292014034476274,1.07537863443966,31,0.0496649873545647,0.248671034245678,0.321775918075361,-0.385653371618982,-1.46992841103368,31
"Integrin alphav-beta6 complex",0.634730538922156,0.910789308479815,0.0668966276500666,-0.278954183322772,-0.865382497668072,17,0.0468652877539758,0.236299714043731,0.321775918075361,-0.494919579869541,-1.59916022079483,17
"Integrin complex",0.125,0.460777012350276,0.178219874951973,0.420915496891995,1.34996335106271,18,0.369318181818182,0.690130334554912,0.0928481214159878,0.336840736739813,1.05590705068496,18
"Intercalated disc",0.818363273453094,0.97673423916287,0.0547939500773363,-0.246330392301657,-0.750503811380013,16,0.400428265524625,0.719269271948608,0.0952879846194844,-0.328839677196796,-1.03207493093901,16
"Interchromatin granule",0.0489150226220339,0.323921140589229,0.321775918075361,0.494835637939787,1.54005934940578,16,0.473233404710921,0.768851722976765,0.0857844408075645,-0.313451447933292,-0.983778430377432,16
"Interferon regulatory factor 3 complex",0.444664031620553,0.811333199658073,0.0847985102819124,-0.305150463628022,-0.996984409737706,20,0.538888888888889,0.802985790390008,0.0713052987340038,0.294125799020672,0.951118895232996,20
"Interferon regulatory factor 5 complex",0.116564417177914,0.449932486644097,0.186432558434075,0.657604776212968,1.39214135025824,5,0.128712871287129,0.390211805990726,0.173747838999571,0.629676810539667,1.34703112016401,5
"Interferon regulatory factor 7 complex",0.126016260162602,0.460777012350276,0.178219874951973,0.397067881588024,1.32072009009012,21,0.162361623616236,0.44610641135092,0.147331213699377,0.38559455788951,1.26151194684476,21
"Interferon regulatory factor complex",0.298245614035088,0.679205938777212,0.107554375265169,-0.321966251329088,-1.12806969215607,27,0.997706422018349,1,0.0520570030732099,-0.13313966153172,-0.49050350385279,27
"Intermediate filament",1.71530920593952e-11,8.21633109645031e-09,0.863415391606693,0.742059422729538,2.81040683061266,34,0.0273118201565221,0.168442427317263,0.352487857583619,0.413453326267214,1.52751989377479,34
"Intermediate filament cytoskeleton",0.1699604743083,0.524105582791905,0.149207542435322,-0.307597844065828,-1.24127231414232,47,0.664359861591695,0.864620938628159,0.0578529757032509,0.218670483090208,0.865932909992451,47
"Internode region of axon",0.430894308943089,0.801028382095524,0.0880945010398517,0.341208771652401,1.01600985089034,14,0.488636363636364,0.778070415850585,0.0774767547848578,0.331052928726767,0.969058332408332,14
"Interphotoreceptor matrix",0.8,0.97673423916287,0.0532386494755899,-0.285198899859511,-0.757336598440743,10,0.965725806451613,0.999098620497457,0.0476387259290825,-0.213915930040989,-0.583177659929216,10
"Interstitial matrix",0.899791231732777,0.988150627999489,0.0524827622635459,0.283758556316117,0.640887374749305,6,0.671314741035857,0.865959858948407,0.0640703750499722,0.372868326541597,0.834034778366834,6
"Intracellular canaliculus",0.103869653767821,0.436532403240324,0.197822021315103,0.481462263341175,1.37972072705942,12,0.607883817427386,0.83593848512819,0.0709609456938284,-0.306578202716943,-0.880109151465512,12
"Intracellular ferritin complex",0.238383838383838,0.60690101783678,0.125033367555272,0.403550379271545,1.17971518312205,13,0.12133072407045,0.379852397580037,0.178219874951973,0.4684099805463,1.33558654279873,13
"Intracellular immature spore",0.267175572519084,0.641723701054902,0.11331290842208,-0.376590176181137,-1.13869293762873,15,0.297644539614561,0.628069314869492,0.11378726182188,-0.368887473531979,-1.13324160403024,15
"Intracellular non-membrane-bounded organelle",0.00646367710912591,0.0957557114001436,0.407017918923954,-0.240307151777664,-1.331334895391,370,0.310861423220974,0.639982614854641,0.152144922367565,-0.177810969170807,-1.04193989645501,370
"Intracellular organelle lumen",0.157116451016636,0.5057875320787,0.150169802128406,-0.225252039997808,-1.1584215909708,187,0.992805755395683,1,0.0306322550486472,0.140350539537817,0.702975632270924,187
"Intracellular organelle part",0.00176172934680232,0.0435527627516305,0.45505986738723,-0.251972542223293,-1.39157336049499,364,0.0452235414987216,0.230447621041358,0.321775918075361,-0.208006482985144,-1.2236745642069,364
"Intracellular ribonucleoprotein complex",0.0017881788464483,0.0435527627516305,0.45505986738723,-0.319796107848423,-1.59514269786558,140,0.901587301587302,0.985855554066729,0.0725351864394589,-0.155554504360354,-0.813125078928705,140
"Intracellular vesicle",0.607843137254902,0.893336849838931,0.0734381410838857,0.167337542326563,0.954142508185835,445,0.00410762900558152,0.0562158369621013,0.407017918923954,-0.219297466058881,-1.3018996701876,445
"Intramolecular phosphotransferase complex",0.890219560878243,0.988150627999489,0.0509082865515105,0.218270528267715,0.679315598928905,16,0.65981308411215,0.864620938628159,0.0618406035753285,0.285857145347634,0.864218747880695,16
"Intrinsic component of Golgi membrane",0.0601659751037344,0.352891862139046,0.266350657088526,0.535950273764655,1.48434787825817,11,0.942622950819672,0.9937119471716,0.0494904866135495,-0.218308950938309,-0.613222275878099,11
"Intrinsic component of cell outer membrane",0.298039215686275,0.679205938777212,0.107972360317345,-0.339193004629944,-1.1200526267694,21,0.521739130434783,0.795645342312009,0.0813027345384498,-0.281509059094037,-0.966886984759732,21
"Intrinsic component of endoplasmic reticulum membrane",0.181636726546906,0.542644440848034,0.144630528034484,-0.322886547266032,-1.20542003419319,34,0.245977011494253,0.562848671205798,0.132147260608774,-0.29449319795063,-1.14382492510712,34
"Intrinsic component of external side of plasma membrane",0.894,0.988150627999489,0.0508054139066364,0.257080610021787,0.624325151132795,7,0.596,0.829895348837209,0.070113215764256,-0.374309125417746,-0.901255249645568,7
"Intrinsic component of mitochondrial inner membrane",0.918200408997955,0.988150627999489,0.0506004243853618,0.299915407822395,0.634917287574417,5,0.879275653923541,0.980126308191988,0.0518457624865066,-0.312416590533818,-0.657147752088007,5
"Intrinsic component of mitochondrial membrane",0.486538461538462,0.835349480968858,0.0785029047348687,-0.355522839400688,-0.970495640541777,11,0.557377049180328,0.815375324743751,0.0747385227439092,-0.325625343468476,-0.91467030255554,11
"Intrinsic component of mitochondrial outer membrane",0.118546845124283,0.452883706271667,0.178219874951973,-0.640023810802857,-1.405906303303,6,0.702,0.889517069194978,0.0621124188949471,-0.35434649666652,-0.80446183814071,6
"Intrinsic component of organelle membrane",0.539553752535497,0.858735034162853,0.0758886900606117,0.267955506941966,0.947132774139224,28,0.427616926503341,0.733163265306122,0.0937465422491719,-0.275342483137866,-1.02449268437417,28
"Intrinsic component of periplasmic side of cell outer membrane",0.298039215686275,0.679205938777212,0.107972360317345,-0.339193004629944,-1.1200526267694,21,0.521739130434783,0.795645342312009,0.0813027345384498,-0.281509059094037,-0.966886984759732,21
"Intrinsic component of plasma membrane",1,1,0.0497903187820785,0.117825921037409,0.640239725271014,283,0.528368794326241,0.796784811614648,0.109250039480711,-0.172359826787388,-0.986738982857194,283
"Intrinsic component of the cytoplasmic side of the plasma membrane",0.491228070175439,0.835349480968858,0.0787113806986485,-0.474601149231079,-0.981021164986724,5,0.543259557344064,0.804806779165753,0.0751181635276301,-0.451506648833772,-0.949714542454123,5
"Inward rectifier potassium channel complex",0.160676532769556,0.51082340174746,0.159646701919906,0.48902605569342,1.30201085816188,10,0.845849802371542,0.965437780784675,0.052805004567129,0.267635134678913,0.712418406059995,10
"Ion channel complex",0.736111111111111,0.955891741895444,0.059476028695732,-0.228004858910432,-0.817335424953205,29,0.0953436807095344,0.338117647058824,0.216542836735348,-0.354674982966774,-1.32736756853957,29
"Ire1 complex",0.00822955100188079,0.111564762167007,0.380730400722792,-0.452942786166967,-1.75277153205072,39,0.0239168783378309,0.163659781768872,0.352487857583619,-0.378993783138682,-1.54483351293258,39
"Iridosome",0.20162932790224,0.564797941901597,0.138022242496643,0.377247886821671,1.2245634617386,19,0.200863930885529,0.491723115302394,0.142901149386948,-0.371776358604481,-1.23770410539731,19
"Isoamylase complex",0.491228070175439,0.835349480968858,0.0787113806986485,-0.474990932846667,-0.98182686463005,5,0.364185110663984,0.686790031527749,0.0972150808846466,-0.523664608119677,-1.10149406433856,5
"Isw1 complex",0.664621676891616,0.923657011308754,0.0658311958368866,0.395824709749809,0.83795611867365,5,0.88933601609658,0.980126308191988,0.0513223330421143,-0.306747802852781,-0.645223830009181,5
"Katanin complex",0.0954356846473029,0.4296845684803,0.208955027549354,0.502930244834086,1.39289683833457,11,0.655642023346304,0.864620938628159,0.0640703750499722,0.304648761827664,0.842929585454755,11
"Keratin filament",1.28785653103082e-08,2.05627759454588e-06,0.747739663149885,0.861509669369931,2.5652983845586,14,0.0262095914447666,0.167237741749552,0.352487857583619,0.560913671765023,1.64190683790709,14
"Keratohyalin granule",0.000313434735956822,0.013247226928528,0.49849310876659,0.671743545336271,2.15442095673087,18,0.0946969696969697,0.338117647058824,0.199915231309662,0.443334552465974,1.38973713301985,18
"Kibra-Ex-Mer complex",0.0214350079864465,0.206725546822306,0.352487857583619,-0.746050784868221,-1.54211933809358,5,0.100603621730382,0.343390509326744,0.199915231309662,-0.664175643968489,-1.39704978752801,5
"Kinesin I complex",0.00312529271499944,0.0645199659202457,0.431707695803346,-0.627494043690382,-1.85393033594785,14,0.0206736663109468,0.153134322107374,0.352487857583619,-0.56547728736264,-1.69233408125582,14
"Kinesin II complex",0.801923076923077,0.97673423916287,0.0540088272801684,-0.274835833419698,-0.750238658782402,11,0.069672131147541,0.282645498928735,0.245041785430996,-0.521370095502893,-1.46451052586209,11
"Kinesin complex",0.147572815533981,0.49547228019236,0.159646701919906,-0.521788735525563,-1.3223942752488,9,0.0625816322195434,0.273342873858614,0.287805130535564,-0.583811583143079,-1.53860693540135,9
"Kinetochore",0.306324110671937,0.685650696317092,0.106729884364606,-0.352909642215907,-1.10963022669858,18,0.725738396624473,0.898265353961556,0.0630790410571939,-0.245872023132766,-0.809612892872571,18
"Kinetochore microtubule",0.716566866267465,0.945552421328142,0.0610363728309177,-0.268344093594391,-0.817573759868328,16,0.931477516059957,0.992324673119375,0.0520570030732099,-0.201429044407134,-0.632192163876839,16
"Kinetoplast",0.151515151515152,0.498231745371334,0.160801401070022,0.357783933617248,1.24716932075175,26,0.652173913043478,0.864620938628159,0.0589694466690997,0.247763676771146,0.861497050473079,26
"Kir2 inward rectifier potassium channel complex",0.160676532769556,0.51082340174746,0.159646701919906,0.48902605569342,1.30201085816188,10,0.845849802371542,0.965437780784675,0.052805004567129,0.267635134678913,0.712418406059995,10
"L-cysteine desulfurase complex",0.0889328063241107,0.413355249640436,0.211400189384923,-0.43141870541395,-1.40952669136772,20,0.868518518518518,0.980126308191988,0.0486034247259069,0.223835510472747,0.723820161793388,20
"L-type voltage-gated calcium channel complex",0.927592954990215,0.991947068653866,0.0481183992657975,-0.200806328081608,-0.645236254592224,19,0.881209503239741,0.980126308191988,0.0550211117163117,-0.212067869645206,-0.706008509707237,19
"LUBAC complex",0.5,0.835349480968858,0.0770736734944102,-0.347821827882466,-0.949473649046673,11,0.881147540983607,0.980126308191988,0.0525898950623616,-0.247530524547466,-0.695304663230187,11
"LYSP100-associated nuclear domain",0.503846153846154,0.835349480968858,0.0766746872490091,0.261387599288996,0.962592911285914,31,0.308797127468582,0.638476938377485,0.10027910675413,0.303444198259056,1.09408105042691,31
"Lamellar body",0.69120654396728,0.938475396914762,0.0639271933359996,0.384673182520705,0.814348470530385,5,0.588118811881188,0.828367718446602,0.0702812841717392,0.417706398763267,0.893575098856704,5
"Lamellipodium",0.208092485549133,0.573734643194655,0.131457611642763,-0.267585630546518,-1.15836292870912,65,2.07760205781881e-05,0.00145891242155736,0.575610261071129,-0.456588673042327,-2.06262736491024,65
"Lamellipodium membrane",0.681724845995893,0.938125248059111,0.0647943366000727,0.323642857388545,0.837995686015075,9,0.593688362919132,0.828367718446602,0.0696133438850965,-0.344416698459016,-0.907693400093446,9
"Lamin filament",0.0342680623079986,0.252088807979543,0.321775918075361,0.618845096927893,1.60235120194409,9,0.0134586375084048,0.114438237275608,0.380730400722792,0.691590640230593,1.78622312596145,9
"Lamina densa",0.00175657575090094,0.0435527627516305,0.45505986738723,0.570300199461996,1.91212721090316,22,0.0090566385141855,0.0856209838479248,0.380730400722792,0.516987607139325,1.71844477105224,22
"Lamina lucida",0.0162747825457788,0.171962224399148,0.352487857583619,0.531036981499914,1.67901068156963,17,0.971374045801527,1,0.0448645113168564,0.192360555128934,0.585410012000893,17
"Lamina reticularis",0.563008130081301,0.870050689946494,0.0738052724171275,0.307641845135499,0.916058352456919,14,0.734177215189873,0.902491581033232,0.0625237414724762,-0.271942389464312,-0.813856513981368,14
"Laminated body",0.333333333333333,0.704411764705882,0.101350743797099,-0.321242165486314,-1.107185683329,26,0.478260869565217,0.76924736337488,0.0741758965588009,0.281191231841527,0.97772772832284,26
"Laminin complex",0.348927875243665,0.726680227137893,0.0978773277424561,-0.539320414343818,-1.1147986936776,5,0.299009900990099,0.630025260590575,0.108394255853397,0.539050710771031,1.15315995539487,5
"Large latent transforming growth factor-beta complex",0.349900596421471,0.727651457391685,0.0988903007520636,0.31124112418729,1.06309468599518,23,0.517241379310345,0.795350241385977,0.0847985102819124,-0.280638416173848,-0.982079878931402,23
"Large ribosomal subunit",0.106212424849699,0.436532403240324,0.193813302725311,-0.408309504192691,-1.37215857944403,23,1,1,0.0520570030732099,-0.142560451693804,-0.49888305759653,23
"Late endosome",1,1,0.0433636987883266,-0.113623395799616,-0.4987889612884,67,0.109137055837563,0.360528618939261,0.216542836735348,-0.279070822826053,-1.27114488586301,67
"Late endosome membrane",0.522821576763486,0.844887326595945,0.0787113806986485,-0.264751642437676,-0.958447200117737,31,0.0189952245237637,0.145968650484751,0.352487857583619,-0.426179742741291,-1.62439578690206,31
"Lateral loop",0.274949083503055,0.650909115311186,0.115734447701689,0.35595248611253,1.15543764149557,19,0.569573283858998,0.81864587106121,0.0686325631836726,0.292588507510612,0.934283644822952,19
"Lateral plasma membrane",0.715151515151515,0.945284177289206,0.0617054053637522,0.27644983393169,0.808157006442395,13,0.937377690802348,0.992324673119375,0.0476387259290825,0.216279594769274,0.616682240457198,13
"Leading edge membrane",0.505952380952381,0.836009174311927,0.0780892306943345,-0.25874893551116,-0.984243846328737,37,0.0874439461883408,0.32130661029352,0.227987202850442,-0.335141433885447,-1.34870500976829,37
"Leaflet of membrane bilayer",0.325490196078431,0.696025910364146,0.102449405629826,-0.370691870064518,-1.09520864797395,14,0.0447233232939045,0.229526484190503,0.321775918075361,-0.522934283717557,-1.56501336193329,14
"Leucoplast",0.064,0.35925,0.252961123069611,0.631638873941003,1.53394701919038,7,0.97609561752988,1,0.0466015072985992,0.225883471026847,0.532935648845611,7
"Lewy body-like hyaline inclusion",0.227099236641221,0.592271511893712,0.124434168630393,-0.393661675444415,-1.19031190401536,15,0.0963597430406852,0.338402018502944,0.211400189384923,-0.446547799112711,-1.37181818427563,15
"Lewy neurite",0.0980392156862745,0.4296845684803,0.199915231309662,-0.478376934056419,-1.41336402947997,14,0.79957805907173,0.941798090890226,0.0584693210386381,-0.255700915917401,-0.76524978860528,14
"Lipid particle",0.684313725490196,0.938125248059111,0.0623861492893626,-0.253343300963535,-0.836567458188634,21,0.102173913043478,0.346515553412105,0.206587922696891,-0.387192786730253,-1.32987431128202,21
"Lipid tube",0.213147410358566,0.581200813444514,0.132147260608774,-0.542172424525366,-1.24341031687309,7,0.65,0.864495474415483,0.0658311958368866,-0.352820256683673,-0.849514711036166,7
"Lipopolysaccharide receptor complex",0.956106870229008,1,0.0455878202571231,-0.202365734087531,-0.611891777316807,15,0.9593147751606,0.996989339921277,0.0507027937029348,-0.183205888721035,-0.562818068106653,15
"Lipoprotein particle",0.0357111637045358,0.257874081625216,0.321775918075361,0.400256182254841,1.51589303248285,34,0.0289027513650339,0.174318347941325,0.352487857583619,0.410380701346273,1.51616795778913,34
"Lobed nucleus",0.507186858316222,0.836009174311927,0.0797705918628453,0.36835378139041,0.953763918113982,9,0.658585858585859,0.864620938628159,0.065681360193401,0.321414874816415,0.830142354491179,9
"Lsd1/2 complex",0.56441717791411,0.870050689946494,0.0739901439101341,0.429185551973956,0.908580617794739,5,0.116831683168317,0.371058387508354,0.183023938384487,0.637764324166051,1.36433226951101,5
"Lumenal side of endoplasmic reticulum membrane",0.230188679245283,0.598974192317746,0.122679189568808,-0.44838773472149,-1.1906793538257,10,0.475806451612903,0.76924736337488,0.0822054920415869,-0.366325186314961,-0.998675811041086,10
"Lysosomal lumen",0.917338709677419,0.988150627999489,0.0499913914024592,-0.181448081003338,-0.721471481675321,43,0.348235294117647,0.679474528185519,0.109684061970549,-0.257257952700217,-1.06125842585208,43
"Lysosomal matrix",0.37551867219917,0.749472683264177,0.0972150808846466,0.387325997289552,1.07272362831824,11,0.444672131147541,0.744748079789063,0.086794975677172,-0.361087747335172,-1.01428296577332,11
"Lysosomal membrane",0.811918063314711,0.97673423916287,0.0519512476197082,-0.183712896046365,-0.837790533184693,81,0.0204185248471878,0.152819896903171,0.352487857583619,-0.320787715549691,-1.53678967015515,81
"Lysosome",0.64889705882353,0.91640523273965,0.0618406035753285,-0.178322138661047,-0.914200052773433,183,0.0079796457078952,0.0811156265872763,0.380730400722792,-0.262495311582045,-1.4311895413183,183
"Lytic vacuole",0.64889705882353,0.91640523273965,0.0618406035753285,-0.178322138661047,-0.914200052773433,183,0.0079796457078952,0.0811156265872763,0.380730400722792,-0.262495311582045,-1.4311895413183,183
"Lytic vacuole membrane",0.825925925925926,0.983049920989078,0.0509082865515105,-0.181725864703449,-0.829970516298187,82,0.0143294515590379,0.119717569129869,0.380730400722792,-0.318798605913602,-1.53191520890616,82
"M band",0.802874743326489,0.97673423916287,0.0570059526582387,0.295077880649497,0.764033518360296,9,0.715151515151515,0.897944492152528,0.0617054053637522,0.31042962558454,0.801769925656857,9
"MAD1 complex",0.864016736401674,0.983049920989078,0.0544555953940371,0.228570710687707,0.695382588781192,15,0.811214953271028,0.949280038966179,0.0521630305460055,0.251126000366191,0.745510374140263,15
"MECO complex",0.581818181818182,0.878048780487805,0.0718276293603809,0.306303295994298,0.895428842309803,13,0.543788187372709,0.804806779165753,0.0756946307932749,-0.313871790945399,-0.930175025301211,13
"MHC class I peptide loading complex",0.130260521042084,0.471497150472229,0.173747838999571,-0.393043897482313,-1.3208572185818,23,0.248275862068966,0.566305418719212,0.131457611642763,-0.326359984113126,-1.14208018294731,23
"MHC class I protein complex",0.0916179337231969,0.420622909777105,0.206587922696891,-0.668429237947123,-1.38167223316773,5,0.0366035814837752,0.20153006357159,0.321775918075361,-0.73592534992224,-1.54797057537708,5
"MHC protein complex",0.770554493307839,0.962858092942057,0.0555947097758869,-0.35022798066954,-0.769327198934565,6,0.412,0.726434355828221,0.0897104652742981,-0.470770318731759,-1.06877522287303,6
"MIS complex",0.865030674846626,0.983424904869146,0.053347785067549,0.211834259373334,0.742776624752708,27,0.607773851590106,0.83593848512819,0.0630790410571939,0.261836537743966,0.915646633113795,27
"MSL complex",0.805769230769231,0.97673423916287,0.05378728077603,-0.273665734154045,-0.747044556715057,11,0.618677042801556,0.841892907675982,0.0668966276500666,0.317743340793998,0.879160843883569,11
"Macrolide transmembrane transporter complex",0.751565762004175,0.95829636202307,0.0609039347452418,0.337604340970778,0.762501623202832,6,0.412,0.726434355828221,0.0897104652742981,-0.471257028936642,-1.06988018592402,6
"Macronucleus",0.0980392156862745,0.4296845684803,0.199915231309662,-0.420294931368758,-1.38786011348031,21,0.0183758150284235,0.142735384842403,0.352487857583619,-0.479446270140545,-1.64673335906976,21
"Macropinocytic cup",0.905325443786982,0.988150627999489,0.0495901956956338,-0.230163837802117,-0.665430322882126,13,0.00369657015877551,0.0542037889608205,0.431707695803346,-0.639488780781191,-1.8951575452235,13
"Macropinosome",0.956349206349206,1,0.0473534245254193,-0.17152848542618,-0.678938911362263,42,1.16153209236623e-05,0.000981836245135453,0.593325476396405,-0.534505356112373,-2.18900140516319,42
"Main axon",0.968063872255489,1,0.0470699590082662,0.189386995824277,0.589422408598917,16,0.885981308411215,0.980126308191988,0.0481183992657975,0.23076669184545,0.697666315938027,16
"Male pronucleus",0.192607003891051,0.559143968871595,0.138022242496643,-0.371201897938408,-1.24631505006055,22,0.969804618117229,1,0.0416556773979467,0.166722779867817,0.55417941421163,22
"Maltose transport complex",0.883089770354906,0.988150627999489,0.053347785067549,0.290292470441817,0.65564464982577,6,0.926,0.992324673119375,0.0491927521045191,-0.263692203460216,-0.598652213848802,6
"Manchette",0.154158215010142,0.503466715839941,0.159646701919906,0.35360016822081,1.24985790396764,28,0.180400890868597,0.470482904134617,0.154190966581424,-0.326191831136243,-1.21369263795869,28
"Mannosyltransferase complex",0.0980392156862745,0.4296845684803,0.199915231309662,-0.420555989576471,-1.38872215640955,21,0.0585042093158872,0.27003479260123,0.321775918075361,-0.424679442290836,-1.45862810513983,21
"Mast cell granule",0.567924528301887,0.870050689946494,0.0696133438850965,-0.347562883164016,-0.922942170567125,10,0.0761538650676184,0.292601882626117,0.287805130535564,-0.545290580163096,-1.48657131079497,10
"Mating projection",0.47907949790795,0.831747248782248,0.0838361057159929,0.322631701543154,0.98154512958788,15,0.274089935760171,0.604090855348721,0.119348440591015,-0.378146795515108,-1.16168672523733,15
"Mating projection tip",0.737769080234834,0.955891741895444,0.0587185879555941,-0.318445335137137,-0.777822669302516,8,0.112426035502959,0.365571337714649,0.186432558434075,-0.551347672495529,-1.40129252691134,8
"Medial cortex",0.107942973523422,0.437171830985916,0.193813302725311,0.474559503799119,1.35993957048862,12,0.180769230769231,0.470589464882943,0.142056643575821,0.448143299293006,1.27165784587072,12
"Median body",0.25844930417495,0.632694463542425,0.118287526124085,0.333158120904816,1.13795575329217,23,0.0687830687830688,0.281105323025872,0.227987202850442,0.432834247747357,1.4577295791054,23
"Megasome",0.857699805068226,0.983049920989078,0.051530912208539,-0.337729188188009,-0.698100883621975,5,0.00141117593838367,0.0302665645292139,0.45505986738723,-0.870022610868721,-1.83003534486185,5
"Melanosome",0.000165429932011738,0.00849010043931671,0.518848077743792,-0.432204210876349,-1.90409051862319,68,3.19166836531888e-05,0.00191101143373468,0.557332238758646,-0.443095419594684,-2.02696015124218,68
"Membrane",0.00156253333698819,0.0435527627516305,0.45505986738723,-0.262103196562676,-1.42964676242531,316,9.2675735527282e-05,0.00403560702886983,0.538434096309916,-0.272097823363538,-1.57493974807125,316
"Membrane attack complex",0.45929018789144,0.817843866171004,0.0860347242455604,0.442233097149971,0.998812555079247,6,0.133466135458167,0.40134165235079,0.170932335370056,0.60435138496333,1.35181788726522,6
"Membrane coat",0.138339920948617,0.485805655808854,0.166933848713193,-0.332498991177798,-1.2579040453901,36,0.578587699316629,0.823923102684638,0.0782955249944794,-0.233756179623194,-0.92736905350536,36
"Membrane microdomain",0.184981684981685,0.546952019174241,0.136490437780413,-0.241484111790627,-1.15303756155885,102,0.000222508653121455,0.0081985880650136,0.518848077743792,-0.354524609224106,-1.76990827747478,102
"Membrane raft",0.184981684981685,0.546952019174241,0.136490437780413,-0.241484111790627,-1.15303756155885,102,0.000222508653121455,0.0081985880650136,0.518848077743792,-0.354524609224106,-1.76990827747478,102
"Membrane region",0.304761904761905,0.684736845540767,0.104732821580651,-0.219119727062035,-1.07780780345435,132,0.00622868822441826,0.0715656583444421,0.407017918923954,-0.283238953972846,-1.46739130679206,132
"Membrane stack",0.235528942115768,0.602233255908113,0.125033367555272,0.378116842374344,1.17679959489348,16,0.685981308411215,0.877006352479462,0.059989249649033,0.280064259242129,0.846705381997791,16
"Meprin A complex",0.5,0.835349480968858,0.0795564677235957,0.302036385344826,0.968693369366712,18,0.571969696969697,0.81864587106121,0.0694481442003175,0.29204108441653,0.915471932254111,18
"Mesaxon",0.900414937759336,0.988150627999489,0.0521630305460055,0.23924481426171,0.662603509723329,11,0.881322957198444,0.980126308191988,0.0501934252649434,0.243011844729583,0.672387021400005,11
"Messenger ribonucleoprotein complex",0.125714285714286,0.460777012350276,0.172324344900946,-0.275443766944888,-1.23742420777129,76,0.302980132450331,0.6337444691865,0.0965629554309422,0.249943158511658,1.09147886885423,76
"Metallochaperone complex",0.661795407098121,0.923300970873786,0.0670512579829467,0.366944487076248,0.828768274176866,6,0.561752988047809,0.81864587106121,0.0728938564822936,0.411859963125514,0.921251574918203,6
"Metaphase plate",0.199600798403194,0.564604849573417,0.137250779610133,-0.396376514320475,-1.22965461171349,17,0.905857740585774,0.986897326172674,0.0522693317499306,-0.213909608355944,-0.691174385581588,17
"Methane monooxygenase complex",0.37037037037037,0.74540927482104,0.0943563635421779,-0.530379870363004,-1.09631820140344,5,0.565392354124749,0.81864587106121,0.0730744399126987,-0.442764001611713,-0.931324958983356,5
"Methionine adenosyltransferase complex",0.0650095602294455,0.359302838652743,0.245041785430996,-0.671665509551056,-1.47541194194714,6,0.0816733067729084,0.30723702050437,0.222056046145248,0.642792140759142,1.43780246937705,6
"Methyl accepting chemotaxis protein complex",0.850597609561753,0.983049920989078,0.0529129848430583,-0.303743659531301,-0.696601270853342,7,0.798,0.940710418375718,0.0560595875032335,-0.310235399212098,-0.746979603699867,7
"Methyltransferase complex",0.150980392156863,0.498231745371334,0.158514105424824,-0.442974760980322,-1.30876835517165,14,0.035207903679315,0.196384707054938,0.321775918075361,-0.537529659191787,-1.60869372168561,14
"Microbody",0.774066797642436,0.965567698100851,0.0566484183613995,0.2226151383487,0.808993105591465,30,0.827272727272727,0.956388502888905,0.0603786357920401,-0.206133939051887,-0.776908207503931,30
"Microbody lumen",0.964059196617336,1,0.0498907356726307,0.212194863502885,0.56495970533754,10,0.796442687747036,0.940417536805662,0.0555947097758869,0.277570093457944,0.738864289206543,10
"Microbody membrane",0.25050505050505,0.619579617169979,0.121543282035469,0.398164155736743,1.1639694175124,13,0.894324853228963,0.983550603764006,0.0497903187820785,0.232026349365913,0.66158126995161,13
"Microbody part",0.241935483870968,0.6087146939303,0.12384217120105,0.352430403328314,1.16071108087948,20,0.883333333333333,0.980126308191988,0.0478299633114229,0.218430872468156,0.706343104883807,20
"Microfibril",0.312883435582822,0.686638307790921,0.107554375265169,0.537019495571066,1.13686377094862,5,0.855445544554455,0.970991506733612,0.0523759084097997,0.318036529378352,0.680357121702525,5
"Microneme",0.666666666666667,0.9256038647343,0.065681360193401,-0.237552889034765,-0.874919362270224,33,0.0772727272727273,0.293759018759019,0.245041785430996,-0.349237488364077,-1.3623406726477,33
"Micronucleus",0.0494071146245059,0.325679007868876,0.287857117255149,-0.478198158419353,-1.5623640319634,20,0.0293061750351338,0.175470723022864,0.352487857583619,-0.44184795761652,-1.48931305673678,20
"Microprocessor complex",0.642,0.916265346534653,0.066436413766281,0.353563647681295,0.858636043204425,7,0.368525896414343,0.690130334554912,0.0959206777921745,0.458435065702937,1.08160366087582,7
"Micropyle",0.701402805611222,0.938621164166781,0.062249042949858,-0.24787817983508,-0.833015562031002,23,0.363218390804598,0.685867053332729,0.105520936843198,-0.305169628075714,-1.06792560861832,23
"Microspike",0.458167330677291,0.817460848614643,0.0835990603684159,-0.249781702723345,-1.00873818004596,48,0.00487762602464487,0.0631454828595917,0.407017918923954,-0.401994872603695,-1.70672489661553,48
"Microtubule",0.0862068965517241,0.409279682066567,0.211400189384923,-0.316168791345775,-1.31079414809095,51,0.0769230769230769,0.293759018759019,0.257206466468838,-0.309353169923861,-1.3193522922979,51
"Microtubule associated complex",0.00435031510306164,0.0771778123839454,0.407017918923954,-0.464992140410162,-1.68758812764874,32,0.446996466431095,0.746032430036567,0.0785029047348687,0.274951256633925,1.00233366892752,32
"Microtubule bundle",0.444906444906445,0.811333199658073,0.0875697115548511,-0.28070014380344,-1.01874029460827,32,0.135321100917431,0.404275305651452,0.183023938384487,-0.330273579921218,-1.27217068242851,32
"Microtubule cytoskeleton",0.256880733944954,0.63208495664195,0.11331290842208,-0.227003719471805,-1.10098236814311,116,0.0178092095718135,0.139846088277027,0.352487857583619,-0.28473479919004,-1.45178104529167,116
"Microtubule end",0.0142025595788654,0.159209430550086,0.380730400722792,-0.695746961140576,-1.69940551410629,8,0.994082840236686,1,0.0453152441270267,-0.181376111950165,-0.460981342472361,8
"Microtubule minus-end",0.83399209486166,0.983049920989078,0.053457214108991,-0.225382190596737,-0.73636634067642,20,0.992592592592593,1,0.0425023180036553,0.166810550565726,0.539417715465789,20
"Microtubule organizing center",0.592664092664093,0.882547462340209,0.0686325631836726,-0.216207623621351,-0.930233933131577,64,0.18639798488665,0.475921012802479,0.161978948883402,-0.263698903643123,-1.17909998485004,64
"Microtubule organizing center part",0.103174603174603,0.436532403240324,0.195789002148949,-0.376828840734514,-1.35082893473494,29,0.0383368501466224,0.207105464889836,0.321775918075361,-0.394860272388261,-1.47776061138763,29
"Microvesicle",0.439746300211416,0.809087076253095,0.0891647117820678,0.218778971889689,1.00782897119882,86,0.0297246572536803,0.17577914598164,0.352487857583619,-0.301201001646265,-1.44921149786507,86
"Microvillar actin bundle",0.859649122807018,0.983049920989078,0.0514264916187015,-0.334518605914505,-0.691464470778598,5,0.263366336633663,0.590714427713178,0.116739204791222,0.555481841366414,1.18831012113226,5
"Microvillus",0.550098231827112,0.864708873633359,0.0732558655828455,-0.265160756007611,-0.944235312863084,28,0.00969830444450682,0.0899126676564923,0.380730400722792,-0.451681329813131,-1.68061322316995,28
"Microvillus membrane",0.739043824701195,0.955891741895444,0.059476028695732,-0.345389925215324,-0.792112208090853,7,0.418,0.727452469303838,0.088894528862045,-0.426819511379773,-1.02768887841798,7
"Midbody",0.618,0.896704390394174,0.0683110858318647,-0.240580772475327,-0.904796280725747,35,0.000211406949771942,0.0081985880650136,0.518848077743792,-0.505520516154848,-1.99514947378305,35
"Middle lamella",0.45850622406639,0.817460848614643,0.0857844408075645,0.359534928770935,0.99575452202341,11,0.887295081967213,0.980126308191988,0.0522693317499306,-0.24447843753098,-0.686731456596271,11
"Mitochondrial chromosome",0.888412017167382,0.988150627999489,0.0543434390269162,0.164943627898541,0.803016474699398,120,0.120343839541547,0.377585365548479,0.219250346703755,-0.233630635887852,-1.19815013649087,120
"Mitochondrial cloud",0.0189357603162962,0.192983599819275,0.352487857583619,0.549900351774309,1.67296644892951,15,0.871028037383178,0.980126308191988,0.0488970772260102,0.234938033261239,0.69745363212476,15
"Mitochondrial creatine kinase complex",0.893787575150301,0.988150627999489,0.0509082865515105,-0.201819961557691,-0.678233028893101,23,0.15632183908046,0.437245283714755,0.169570644405628,-0.352292550778554,-1.23282988243032,23
"Mitochondrial crista",0.912871287128713,0.988150627999489,0.0493910105981501,-0.199512324245991,-0.678576007036703,25,0.904513888888889,0.986180924380374,0.0438002031299891,0.200085015992514,0.68510382561408,25
"Mitochondrial crista junction",0.981210855949896,1,0.048505983646947,0.235772261498668,0.532507169730076,6,0.616,0.839840607210626,0.0684714904492087,-0.385195777229163,-0.87449800099319,6
"Mitochondrial envelope",0.972375690607735,1,0.0431901998334182,-0.147033990166604,-0.734608357812859,143,0.19551282051282,0.487892725134409,0.179782316298324,-0.214396183393521,-1.1248612056002,143
"Mitochondrial fatty acid beta-oxidation multienzyme complex",0.698770491803279,0.938475396914762,0.0635007968065945,0.254964277878001,0.854855274465476,22,0.83371298405467,0.957670310221072,0.0601186142531851,-0.2215820093514,-0.7647123617428,22
"Mitochondrial inner membrane",0.946695095948827,1,0.0511147954416412,0.155035815078853,0.739095730699139,100,0.283378746594005,0.614200993748998,0.134273452883202,-0.21854937204942,-1.08826423264577,100
"Mitochondrial inner membrane peptidase complex",0.00372483500950376,0.070603940791203,0.431707695803346,-0.387793219300378,-1.68836871047571,66,0.0261072855123352,0.167237741749552,0.352487857583619,-0.33050410806175,-1.50171849318507,66
"Mitochondrial inner membrane protein insertion complex",0.014292287084872,0.159209430550086,0.380730400722792,-0.76854425281454,-1.58861431216821,5,0.617706237424547,0.841368590691066,0.0686325631836726,-0.416779104014511,-0.876667435786327,5
"Mitochondrial intermembrane space",0.903225806451613,0.988150627999489,0.0507027937029348,0.205508701847965,0.676832149551738,20,0.911111111111111,0.989619551524313,0.0464154956843849,0.208667742282348,0.67477192810414,20
"Mitochondrial matrix",0.993464052287582,1,0.0498907356726307,0.132400089179991,0.615134551344065,91,0.8912,0.981344367816092,0.0407403526717903,0.168528696856941,0.763431827320605,91
"Mitochondrial membrane",0.973929236499069,1,0.0436251240000606,-0.148012243153436,-0.734147322844285,137,0.154798761609907,0.43616827535968,0.199915231309662,-0.224748802589811,-1.17479675856761,137
"Mitochondrial membrane part",0.95,1,0.0498907356726307,0.163923686239423,0.670437723657277,51,0.0669975186104218,0.281105323025872,0.276500599254472,-0.311622099150436,-1.32902898957202,51
"Mitochondrial nucleoid",0.976987447698745,1,0.0487989701682839,0.185950608289077,0.565719094053856,15,0.813704496788009,0.949872755389414,0.0583452776743612,-0.243545766413449,-0.748185326930668,15
"Mitochondrial outer membrane",0.703187250996016,0.939107880744679,0.0618406035753285,-0.22272611364829,-0.861892502474052,39,0.435374149659864,0.738645399127774,0.0937465422491719,-0.245573076403259,-1.00099140191671,39
"Mitochondrial part",0.976939203354298,1,0.0488970772260102,0.144524219413974,0.757982585749945,199,0.664406779661017,0.864620938628159,0.0925528864684773,-0.170539990127267,-0.940020734396514,199
"Mitochondrial permeability transition pore complex",0.502912621359223,0.835349480968858,0.077274697304471,-0.22888399435124,-0.980495666173778,61,0.0487709855704216,0.245048623303132,0.321775918075361,-0.3064859155205,-1.36818823452249,61
"Mitochondrial processing peptidase complex",0.0223954360428657,0.207627365119987,0.352487857583619,0.58173470224128,1.66707027205426,12,0.307692307692308,0.637467214972639,0.104732821580651,0.397313764290888,1.12742322919928,12
"Mitochondrial pyruvate dehydrogenase complex",0.688128772635815,0.938475396914762,0.0633597010643758,0.247508332757434,0.858511688719419,25,0.0727699530516432,0.288868570539258,0.257206466468838,-0.382833525759942,-1.37661999174586,25
"Mitochondrial respiratory chain",0.49500998003992,0.835349480968858,0.0795564677235957,0.257039779106527,0.973488549317221,34,0.096551724137931,0.338402018502944,0.219250346703755,-0.338913256063091,-1.31635444360641,34
"Mitochondrial respiratory chain complex I",0.995934959349594,1,0.0466015072985992,0.143053822907314,0.475823068645761,21,0.271739130434783,0.602649496743635,0.120985142145252,-0.334518190573586,-1.14895515502018,21
"Mitochondrial respiratory chain complex III",0.368421052631579,0.743568894145476,0.0946646223153342,-0.530578005172984,-1.09672775465131,5,0.0212220188068077,0.154802238707526,0.352487857583619,-0.770828820010787,-1.62138772927908,5
"Mitochondrial respiratory chain complex IV",0.950920245398773,1,0.0489954089862481,0.277449455676516,0.587357138855132,5,0.488933601609658,0.778070415850585,0.0806388495950661,-0.477330421255716,-1.0040331494414,5
"Mitochondrial ribonuclease P complex",0.816733067729084,0.97673423916287,0.0547939500773363,-0.314818304604061,-0.721999700054591,7,0.556,0.815375324743751,0.0736212741014394,-0.384140163404515,-0.92492625842782,7
"Mitochondrial sorting and assembly machinery complex",0.249027237354086,0.618052055402109,0.119348440591015,-0.34805767959551,-1.16860804532042,22,0.71753986332574,0.898259068517689,0.0673623868166279,-0.245867473567844,-0.848525098847851,22
"Mitochondrion",0.928440366972477,0.991947068653866,0.0451344222209097,-0.156896719788141,-0.804556127697651,182,0.441176470588235,0.743224605199641,0.115734447701689,-0.183199882588574,-0.998525513243641,182
"Mitosome",0.398422090729783,0.76644249582155,0.0908241419007155,-0.357425019895672,-1.03335714535579,13,0.226069246435845,0.530819456092009,0.129442887745046,-0.408046194469334,-1.20926566264951,13
"Mitotic checkpoint complex",0.552845528455285,0.864708873633359,0.0747385227439092,0.310477567952753,0.924502221888446,14,0.510548523206751,0.788032468150485,0.0808589150280032,-0.322427871526745,-0.964947112688463,14
"Mitotic spindle",0.94908350305499,1,0.0488970772260102,0.212035518045515,0.607627682157244,12,0.655601659751037,0.864620938628159,0.0672065093710464,-0.296113646248741,-0.850068033629761,12
"Mitotic spindle microtubule",0.413461538461538,0.780741433336703,0.0873098257637931,-0.376613699289676,-1.02806884065473,11,0.391393442622951,0.707462109495824,0.0940503465727813,-0.376897608724006,-1.05869231839266,11
"Mitotic spindle pole body",0.965235173824131,1,0.0483117581055019,0.267464631667314,0.566219387304251,5,0.929577464788732,0.992324673119375,0.0492917662312669,-0.279279464760555,-0.587445987289443,5
"Motile cilium",0.26027397260274,0.636077718758736,0.116739204791222,-0.361099509668272,-1.16029458523217,19,0.293736501079914,0.623485010416301,0.115240003147781,-0.338826571449904,-1.12800889243038,19
"Mre11 complex",0.209580838323353,0.575846395163783,0.133554954557592,-0.314283621032689,-1.17330305774383,34,0.567816091954023,0.81864587106121,0.0797705918628453,-0.23894155870223,-0.928059841074409,34
"Mst2 histone acetyltransferase complex",0.320235756385069,0.695128986317175,0.103576326612592,-0.311773503993958,-1.11022293237731,28,0.975501113585746,1,0.0517405459873163,-0.166203484010309,-0.618408941277696,28
"Mucin granule",0.969512195121951,1,0.0478299633114229,0.190467519033279,0.567150940098326,14,0.5042194092827,0.782465757169806,0.0815265143256594,-0.322966027776702,-0.9665576816418,14
"Mucus layer",0.00123648280602771,0.0390807303697977,0.45505986738723,0.358882296663979,1.70345810389245,102,0.0635930047694754,0.276065537777534,0.224966093540314,0.28963898948466,1.3286997898184,102
"Multimerin complex",0.154150197628458,0.503466715839941,0.157402899305283,0.311702933074757,1.2389359927515,43,0.098786828422877,0.339609264219316,0.186432558434075,0.345511289521226,1.33874213699357,43
"Multivesicular body",0.470707070707071,0.826902274579536,0.0828962134571565,0.328053067906216,0.959010832246841,13,0.881873727087576,0.980126308191988,0.0522693317499306,-0.229202461093679,-0.679253157490668,13
"Muscle cell projection",0.205338809034908,0.568539245824975,0.137250779610133,0.468980985618729,1.21431396923979,9,0.0585858585858586,0.27003479260123,0.266350657088526,0.594403403766491,1.53521034582524,9
"Muscle myosin complex",0.683026584867076,0.938125248059111,0.0645031249656493,0.388935570974435,0.82337189528632,5,0.718811881188119,0.898259068517689,0.0605092988656667,0.374138207483435,0.800372191395505,5
"Muscle tendon junction",0.870182555780933,0.98693948907435,0.0526973085708419,0.185049776957044,0.758065500789897,50,0.758620689655172,0.921389479778125,0.0684714904492087,-0.197395100270525,-0.838394817884162,50
"MutLalpha complex",0.695984703632887,0.938475396914762,0.0603786357920401,-0.369933403236314,-0.812613053817251,6,0.0368379822550937,0.20204649046019,0.321775918075361,0.699021553996797,1.56357685907204,6
"MutS complex",0.473282442748092,0.827450553438577,0.0795564677235957,-0.318963939455695,-0.964448910748377,15,0.929336188436831,0.992324673119375,0.0521630305460055,-0.205101838689761,-0.630083571125078,15
"MutSalpha complex",0.0537848605577689,0.333141571644457,0.276500599254472,-0.649459783535246,-1.48946157848002,7,0.086,0.319680640696065,0.216542836735348,-0.592659342025653,-1.42699524799452,7
"Myb complex",0.737957610789981,0.955891741895444,0.0579754757571486,-0.198570346717741,-0.859599702379234,65,0.609876543209876,0.83593848512819,0.0797705918628453,-0.203062200556333,-0.917328169478166,65
"Mycolate outer membrane",0.00772882324992616,0.106791528943691,0.407017918923954,0.539903589683171,1.77814420445467,20,0.0150993815841393,0.124700065151771,0.380730400722792,0.503148334554322,1.62703812345953,20
"Myelin sheath",0.009028856664869,0.115736738653656,0.380730400722792,-0.326933029579102,-1.53650341591655,96,2.24940613743666e-07,3.23239661949647e-05,0.690132458796796,-0.459277827892845,-2.25013010793095,96
"Myofibril",0.0117723154551916,0.144553978639955,0.380730400722792,-0.376757923973415,-1.5744677644557,56,0.000311012760364967,0.010900617966938,0.49849310876659,-0.438379728747904,-1.91030507977333,56
"Myofilament",0.0912621359223301,0.420332337565347,0.206587922696891,-0.570669634944867,-1.4462754883915,9,0.122287968441815,0.380363226517073,0.178219874951973,-0.509654521182071,-1.34316961771759,9
"Myosin I complex",0.0629051151722032,0.357193258174704,0.287805130535564,-0.464638757900034,-1.56003048483426,22,0.0016602691409638,0.0333675923928111,0.45505986738723,-0.549816627423102,-1.89749868643623,22
"Myosin II complex",0.086105675146771,0.409279682066567,0.213927855492356,-0.589558965642828,-1.44003468655006,8,0.222879684418146,0.526773201494861,0.128142916898415,-0.478920997805361,-1.21721456112797,8
"Myosin II filament",0.644,0.916265346534653,0.0662842187012672,0.35077285445716,0.851858548778492,7,0.786852589641434,0.937568135418525,0.0565299525056311,0.320644687012351,0.756509467226644,7
"Myosin V complex",0.916666666666667,0.988150627999489,0.0503964322442957,0.217716781035558,0.648290467929727,14,0.145569620253165,0.420047277718469,0.16823816568964,-0.429184260460788,-1.28444265994113,14
"Myosin VI complex",0.316532258064516,0.69022284497528,0.105920292736253,-0.271908667555713,-1.08115968037256,43,0.503529411764706,0.782465757169806,0.0875697115548511,-0.232255825179888,-0.958117907875182,43
"Myosin VII complex",0.567514677103718,0.870050689946494,0.0714786287425507,-0.374031327555263,-0.913594936086945,8,0.0240493143904105,0.163786089000094,0.352487857583619,-0.673187164652246,-1.71095696980108,8
"Myosin X complex",0.282565130260521,0.663474006837204,0.112843355675562,-0.338751048302616,-1.1384015127033,23,0.034220470603191,0.195138159749148,0.321775918075361,-0.471484727290709,-1.64993684830671,23
"Myosin complex",0.063872255489022,0.35925,0.252961123069611,-0.490433638163491,-1.49422209428353,16,0.171306209850107,0.458665815512289,0.155241966228839,-0.40499460944622,-1.27108987315035,16
"Myosin filament",0.0119707191775606,0.144553978639955,0.380730400722792,-0.776696002952096,-1.60546433334827,5,0.010259330952689,0.093902283942765,0.380730400722792,-0.798755832037325,-1.68013036245492,5
"Myosin phosphatase complex",0.426877470355731,0.798727766798419,0.0870515867946735,-0.308566164603145,-1.00814415231203,20,0.145021645021645,0.420047277718469,0.170932335370056,-0.376704741821189,-1.2697383361357,20
"NADH dehydrogenase complex",0.977642276422764,1,0.0474483193656297,0.165537628947232,0.550608302394328,21,0.284782608695652,0.61541755888651,0.11776578836269,-0.330779617042256,-1.13611443827507,21
"NELF complex",0.728215767634855,0.951314598264806,0.0621124188949471,0.288690876043325,0.799547477263854,11,0.920233463035019,0.99188474466162,0.0482149710025564,0.223984264873643,0.619739802668659,11
"NF-kappaB complex",1,1,0.0436251240000606,-0.129620018941931,-0.677898102175314,219,0.659863945578231,0.864620938628159,0.0931454575337804,-0.168906250719562,-0.940106580037601,219
"NF-kappaB p50/p65 complex",0.6553911205074,0.91640523273965,0.0681513438679483,0.324678814577286,0.864443391253111,10,0.387351778656126,0.706376276559459,0.0925528864684773,0.402860536060827,1.0723751248477,10
"NMS complex",0.268839103869654,0.64173055192806,0.117249716749792,0.359401720427432,1.16663400987974,19,0.805194805194805,0.945314489432137,0.0521630305460055,0.240226932306315,0.767084448426739,19
"NPHP complex",0.0854368932038835,0.409279682066567,0.213927855492356,-0.576658115081662,-1.46145238147326,9,0.884848484848485,0.980126308191988,0.0517405459873163,0.256865419257912,0.663425624131185,9
"NSL complex",0.98406374501992,1,0.0462302524077616,-0.231372236172325,-0.530625705920989,7,0.715139442231076,0.897944492152528,0.0610363728309177,0.337482891123976,0.796236496357327,7
"Nascent polypeptide-associated complex",0.892592592592593,0.988150627999489,0.0473534245254193,-0.171265787230688,-0.782197702479123,82,0.576227390180879,0.82391916387057,0.0852884689790502,-0.193499616777615,-0.929819015392673,82
"NatA complex",0.00492638742877381,0.0823164969203252,0.407017918923954,-0.680873564621343,-1.80803807326242,10,0.0705645161290323,0.283283936970872,0.241339976815091,-0.529065454571163,-1.44233836950375,10
"NatB complex",0.00307689064435106,0.0645199659202457,0.431707695803346,-0.696381683446617,-1.84921938905688,10,0.0688432582493076,0.281105323025872,0.287805130535564,-0.553224969430445,-1.50820204472401,10
"NatC complex",0.226824457593688,0.592271511893712,0.126875729929857,-0.412847873778395,-1.19359103746675,13,0.354207436399217,0.680257542310522,0.0972150808846466,0.380165298558435,1.08397275438396,13
"Ndc80 complex",0.187022900763359,0.54949914792801,0.13880510939114,-0.41129120928744,-1.24361819544417,15,0.207708779443255,0.502487400774339,0.139599673451922,-0.399285901684981,-1.22662716453809,15
"Nematocyst",0.898406374501992,0.988150627999489,0.0503964322442957,-0.283824816565108,-0.650919687423454,7,0.00403686536319386,0.0562158369621013,0.407017918923954,-0.752035270338762,-1.81073794168124,7
"Neurofibrillary tangle",0.193877551020408,0.559711121028928,0.141225119642531,-0.301498284780145,-1.19559174718345,44,0.931924882629108,0.992324673119375,0.0562940749700968,-0.173449769207209,-0.720630193591602,44
"Neuromuscular junction",0.784313725490196,0.974267540976819,0.0559428593065705,-0.260336356337105,-0.769163426197612,14,0.335443037974684,0.662131381276951,0.105125131597001,-0.367181856431898,-1.0988847537213,14
"Neuron part",0.125714285714286,0.460777012350276,0.172324344900946,-0.217067995948667,-1.15826959834736,259,7.36857964415796e-05,0.00341569320924354,0.538434096309916,-0.288276291879665,-1.6463962443427,259
"Neuron projection",0.155470249520154,0.5057875320787,0.154190966581424,-0.222040804917085,-1.15322518373559,207,0.00296081505661842,0.048348764049553,0.431707695803346,-0.265693226541743,-1.47758483261765,207
"Neuron projection terminus",0.11284046692607,0.447028325055941,0.184706471207739,-0.407379029456714,-1.36778022502246,22,0.000690979106851991,0.0186628437097222,0.477270815362862,-0.575927613897171,-1.98761157146903,22
"Neuron spine",0.186770428015564,0.54949914792801,0.140406238523342,-0.373190683598252,-1.25299242297532,22,0.0503437798924403,0.250325300018812,0.321775918075361,-0.416468694805359,-1.43729520338216,22
"Neuronal cell body",0.922077922077922,0.989563834224028,0.0530212512043078,0.167374328979393,0.757917408814793,82,0.395348837209302,0.711925161741563,0.107554375265169,-0.214419802918962,-1.03034627846284,82
"Neurosecretory vesicle",0.892116182572614,0.988150627999489,0.0525898950623616,0.242998351142814,0.672999165399171,11,0.671206225680934,0.865959858948407,0.0629394692018967,0.299680613393719,0.829183265677254,11
"Nitrate reductase complex",0.311715481171548,0.686638307790921,0.109250039480711,0.358159572728358,1.08963186985447,15,0.988785046728972,1,0.0431036828790402,0.169701087031099,0.503786627828586,15
"Nitrogenase complex",0.110687022900763,0.443888666095835,0.184706471207739,-0.456860803533805,-1.38140664140189,15,0.291220556745182,0.620185610705654,0.115240003147781,-0.370551311221533,-1.13835300039755,15
"NoRC complex",0.352941176470588,0.731856378915202,0.0995791200495904,-0.30067005318411,-1.07888242401813,30,0.0122650627189641,0.10681754622516,0.380730400722792,-0.442619725324437,-1.66821096511008,30
"Noc complex",0.435483870967742,0.804747633343392,0.0870515867946735,0.307723292268356,1.01347055136971,20,0.00641256228143195,0.0715656583444421,0.407017918923954,0.542208016430308,1.75334598763784,20
"Nodal receptor complex",0.576374745417515,0.876933674799237,0.0727141077934447,0.357098381070984,0.895378696411935,8,0.0749506903353057,0.292601882626117,0.231126709673834,-0.580377306329564,-1.47507357466018,8
"Nonmotile primary cilium",0.842629482071713,0.983049920989078,0.053347785067549,-0.306404960159918,-0.702704658831474,7,0.356,0.680257542310522,0.0982123351217438,-0.444843765820474,-1.07108737669797,7
"Nrd1 complex",0.337735849056604,0.710580402773557,0.0978773277424561,-0.411988340975182,-1.09402192261291,10,0.683467741935484,0.875252003561888,0.0637845390312975,-0.311222054109571,-0.848453638769241,10
"Nuclear MIS12/MIND complex",0.235528942115768,0.602233255908113,0.125033367555272,-0.386282472802021,-1.19834048422218,17,0.0726999978425064,0.288868570539258,0.287805130535564,-0.467251529794459,-1.50976055493661,17
"Nuclear RNA export factor complex",0.551656920077973,0.864708873633359,0.0727141077934447,-0.451220026927072,-0.932691370845821,5,0.104627766599598,0.349651396752609,0.195789002148949,-0.658138490368736,-1.38435103196478,5
"Nuclear RNA-directed RNA polymerase complex",0.391812865497076,0.7608582266477,0.0911073131586733,-0.516968594068769,-1.06859651148456,5,0.746534653465347,0.91221964033138,0.0587185879555941,0.36796267496112,0.78716123245291,5
"Nuclear aryl hydrocarbon receptor complex",0.930278884462151,0.99243560280038,0.0487989701682839,-0.27118981527175,-0.621942760063826,7,0.23,0.535672609400324,0.126875729929857,-0.505570680825717,-1.21730462663056,7
"Nuclear body",0.157684630738523,0.5057875320787,0.156312403073186,0.327405563321022,1.23998537496283,34,0.88735632183908,0.980126308191988,0.057609110864425,-0.193763740234629,-0.752587147019621,34
"Nuclear cap binding complex",0.804480651731161,0.97673423916287,0.0565299525056311,0.259476654042303,0.743579185803191,12,0.826923076923077,0.956388502888905,0.0525898950623616,0.251312774645785,0.7131287294712,12
"Nuclear chromatin",0.2375249500998,0.606258176364855,0.124434168630393,-0.386568307604061,-1.17777179464029,16,0.177730192719486,0.465065454545455,0.152144922367565,-0.400204573140622,-1.25605617517498,16
"Nuclear chromosome",0.441117764471058,0.809087076253095,0.0857844408075645,-0.27417622819761,-1.02357165749807,34,0.103448275862069,0.346515553412105,0.211400189384923,-0.330605808133344,-1.2840879394148,34
"Nuclear chromosome part",0.162271805273834,0.513622432111231,0.155241966228839,-0.353086392206226,-1.26696589393293,30,0.0246512586678313,0.164393264902794,0.352487857583619,-0.416172865046065,-1.56853410982132,30
"Nuclear chromosome, telomeric region",0.0912621359223301,0.420332337565347,0.206587922696891,-0.570893222274741,-1.44684213650962,9,0.331360946745562,0.661077034097059,0.101713902282311,-0.416682660856614,-1.09814681716987,9
"Nuclear envelope",0.0558882235528942,0.336030867136021,0.271288554688953,-0.377420440682246,-1.40900933892906,34,0.0349083135259476,0.195950181784323,0.321775918075361,-0.377547474700668,-1.46641149941354,34
"Nuclear envelope lumen",0.492693110647182,0.835349480968858,0.0822054920415869,0.425940451387648,0.962014542339491,6,0.609561752988048,0.83593848512819,0.0687943095604775,0.394763246120333,0.883009505095665,6
"Nuclear inner membrane",0.217659137577002,0.585065235495512,0.132846300606183,0.464478584854619,1.20265608051801,9,0.145454545454545,0.420047277718469,0.16440575583821,0.520801746409479,1.34511381352349,9
"Nuclear lumen",0.157116451016636,0.5057875320787,0.150169802128406,-0.225252039997808,-1.1584215909708,187,0.992805755395683,1,0.0306322550486472,0.140350539537817,0.702975632270924,187
"Nuclear matrix",0.548902195608782,0.864708873633359,0.0741758965588009,0.296182433941063,0.936457323321872,17,0.912133891213389,0.989982176490665,0.0519512476197082,-0.211378447425528,-0.682995820746029,17
"Nuclear membrane",0.0710646195679305,0.376826045457993,0.287805130535564,-0.393402839152014,-1.44892264852988,33,0.0324715489197534,0.186646463190743,0.321775918075361,-0.385349409120111,-1.50320968027865,33
"Nuclear outer membrane",0.7280163599182,0.951314598264806,0.0614364107201271,0.376172438294496,0.796352497913785,5,0.154455445544554,0.436055943511836,0.157402899305283,0.6166315709543,1.31912419490115,5
"Nuclear outer membrane-endoplasmic reticulum membrane network",0.792380952380952,0.97673423916287,0.0541200569620232,-0.166688008234143,-0.880304725830446,235,0.0196965706060431,0.149756465401502,0.352487857583619,-0.23611501089949,-1.32928525495606,235
"Nuclear part",0.0438152077582163,0.30416644226356,0.321775918075361,-0.245273237328041,-1.28391914891228,218,0.56551724137931,0.81864587106121,0.103197466945307,-0.17416708120424,-0.967766447135611,218
"Nuclear pericentric heterochromatin",0.549800796812749,0.864708873633359,0.0739901439101341,-0.402394353054869,-0.922845330021923,7,0.0309716040574961,0.179460463833153,0.352487857583619,-0.659104672453863,-1.58698120290819,7
"Nuclear periphery",0.514851485148515,0.841958813037133,0.0770736734944102,-0.279295070813308,-0.949930961176382,25,0.431924882629108,0.736270529463853,0.096240602328129,-0.282243269087507,-1.01491039999774,25
"Nuclear pore",0.06187624750499,0.356942184154176,0.257206466468838,-0.483764642891942,-1.50075345693931,17,0.228033472803347,0.533687459964837,0.130777137971974,-0.366578352774095,-1.18447025214753,17
"Nuclear pore cytoplasmic filaments",0.801635991820041,0.97673423916287,0.0568864160475701,0.343555629868415,0.727303109335906,5,0.21980198019802,0.522981272272348,0.129442887745046,0.581266641619091,1.24347005045823,5
"Nuclear pore inner ring",0.428849902534113,0.800334168755221,0.0860347242455604,-0.500193932974626,-1.03392255927122,5,0.126760563380282,0.388522977093823,0.176694268938498,-0.645634299097578,-1.35804928796495,5
"Nuclear pore linkers",0.735059760956175,0.955891741895444,0.0597317976364411,-0.34659838546967,-0.794883673181687,7,0.232,0.538262425225024,0.126253987849115,-0.502382807673755,-1.20962891899131,7
"Nuclear pore transmembrane ring",0.258317025440313,0.632694463542425,0.117249716749792,-0.482451121415615,-1.17841707087931,8,0.609467455621302,0.83593848512819,0.0683110858318647,-0.35170449872258,-0.893884041462143,8
"Nuclear proteasome complex",6.14158800354001e-08,7.35455163423916e-06,0.704975715167238,-0.967952706907281,-2.12625028783394,6,0.178,0.465065454545455,0.14641623786055,-0.572641512403261,-1.300050227665,6
"Nuclear speck",0.0570264765784114,0.338624160508997,0.271288554688953,0.455574568727615,1.47881536371567,19,0.263498920086393,0.590714427713178,0.122679189568808,-0.350679727721819,-1.16746998198092,19
"Nucleocytoplasmic shuttling complex",0.106930693069307,0.436532403240324,0.191892240384838,-0.323004440383843,-1.29612846782877,46,0.156398104265403,0.437245283714755,0.172324344900946,-0.291223756067673,-1.22563087566444,46
"Nucleoid",0.976987447698745,1,0.0487989701682839,0.185950608289077,0.565719094053856,15,0.813704496788009,0.949872755389414,0.0583452776743612,-0.243545766413449,-0.748185326930668,15
"Nucleolar chromatin",0.357740585774059,0.73544094672006,0.100633389423036,0.349090569089257,1.06204116407572,15,0.528971962616822,0.796784811614648,0.0727141077934447,0.319340033023468,0.948015367385834,15
"Nucleolar preribosome",0.386503067484663,0.759445161495929,0.0946646223153342,0.502682576660883,1.06417292929961,5,0.423762376237624,0.730223040158216,0.0875697115548511,0.486287123242097,1.04028586947759,5
"Nucleolus",0.157116451016636,0.5057875320787,0.150169802128406,-0.225252039997808,-1.1584215909708,187,0.992805755395683,1,0.0306322550486472,0.140350539537817,0.702975632270924,187
"Nucleolus organizer region",0.441422594142259,0.809087076253095,0.0883594442500905,0.333418564920036,1.0143620944443,15,0.491588785046729,0.778560371517028,0.0764767053228531,0.326903079083897,0.970467559870596,15
"Nucleomorph",0.463461538461538,0.81918109565711,0.0810802057550866,-0.363144355614862,-0.991300628127506,11,0.137295081967213,0.408062747248443,0.170932335370056,-0.463212729418903,-1.30114850045812,11
"Nucleoplasm",3.88072963819176e-11,1.39415212252039e-08,0.851339057116899,-0.354509431381307,-1.97665415020434,399,0.115537848605578,0.37059796528173,0.266350657088526,-0.192695350467272,-1.13500864088601,399
"Nucleoplasm part",0.262230919765166,0.637763168844138,0.116234148779716,-0.271794278904734,-1.124144977652,53,0.491358024691358,0.778560371517028,0.0916795246008379,-0.228497854225663,-0.984163278789844,53
"Nucleoplasmic reticulum",0.615541922290389,0.896704390394174,0.0696133438850965,0.413353789956815,0.875064969264273,5,0.38019801980198,0.698650325390595,0.0937465422491719,0.506303011249945,1.08310469906285,5
"Occluding junction",0.960474308300395,1,0.0469758727821845,-0.183232279687157,-0.598654591695071,20,0.478354978354978,0.76924736337488,0.0857844408075645,-0.293291575425726,-0.98858207938473,20
"Oligosaccharyltransferase complex",0.222,0.588586715867159,0.129442887745046,0.504518420070314,1.22523257912366,7,0.659362549800797,0.864620938628159,0.0649407684612899,0.355487261440464,0.83871490672111,7
"Omegasome",0.0280513328685174,0.228625568236979,0.352487857583619,-0.577828130179741,-1.57733799118831,11,0.000177014871117571,0.00726772485131286,0.518848077743792,-0.775915066650618,-2.17951852644858,11
"Ooplasm",0.0518234165067179,0.332456471072114,0.276500599254472,0.38253672354815,1.43435624914745,32,0.731448763250883,0.902224783512034,0.0543434390269162,0.226769597599037,0.826687630183444,32
"Oral apparatus",0.125,0.460777012350276,0.173747838999571,-0.490258862190549,-1.3382940159202,11,0.141393442622951,0.415505883536156,0.16823816568964,-0.461816239044438,-1.2972258074032,11
"Organelle envelope",0.0558882235528942,0.336030867136021,0.271288554688953,-0.377420440682246,-1.40900933892906,34,0.0349083135259476,0.195950181784323,0.321775918075361,-0.377547474700668,-1.46641149941354,34
"Organelle envelope lumen",0.814889336016097,0.97673423916287,0.0553642837725362,0.222324898377529,0.771159992166904,25,0.743055555555556,0.909515190232822,0.052805004567129,0.24072427846855,0.824255246095803,25
"Organelle inner membrane",0.800875273522976,0.97673423916287,0.0601186142531851,0.177999118599053,0.853446541751919,110,0.463013698630137,0.759532745355601,0.101350743797099,-0.197672257488704,-0.995104216542539,110
"Organelle lumen",0.157116451016636,0.5057875320787,0.150169802128406,-0.225252039997808,-1.1584215909708,187,0.992805755395683,1,0.0306322550486472,0.140350539537817,0.702975632270924,187
"Organelle membrane",0.0558882235528942,0.336030867136021,0.271288554688953,-0.377420440682246,-1.40900933892906,34,0.0349083135259476,0.195950181784323,0.321775918075361,-0.377547474700668,-1.46641149941354,34
"Organelle outer membrane",0.698795180722892,0.938475396914762,0.0625237414724762,-0.21825996406125,-0.873496907438071,45,0.494117647058824,0.778560371517028,0.0886261133285098,-0.230818519481649,-0.967449780913763,45
"Organelle part",0.00176172934680232,0.0435527627516305,0.45505986738723,-0.251972542223293,-1.39157336049499,364,0.0452235414987216,0.230447621041358,0.321775918075361,-0.208006482985144,-1.2236745642069,364
"Organelle subcompartment",0.747680890538033,0.956467108408137,0.0555947097758869,-0.18477935942051,-0.870278849627355,97,0.128342245989305,0.389910798068987,0.204294756516886,-0.24696831789673,-1.21559985442077,97
"Ornithine carbamoyltransferase complex",0.00519219602685702,0.0838335470853207,0.407017918923954,-0.60939532516355,-1.8004576956,14,0.00691478871647137,0.0746629911494211,0.407017918923954,-0.611565798132496,-1.83026562912387,14
"Orthogonal array",0.713725490196078,0.945284177289206,0.0603786357920401,-0.277334429337594,-0.819384210769414,14,0.483122362869198,0.7731033802261,0.0838361057159929,-0.327890905995563,-0.981296627735787,14
"Other organism",0.119521912350598,0.452883706271667,0.181383128498408,-0.598061146096552,-1.37158469434959,7,0.0103466449694972,0.0941020811466292,0.380730400722792,-0.712891508112044,-1.71648824590282,7
"Other organism cell",0.00400095901447925,0.0746672481013855,0.407017918923954,-0.800251611704307,-1.7578702012854,6,0.0088579469146626,0.0854286558145648,0.380730400722792,-0.735315248591046,-1.66936335496255,6
"Other organism part",0.265774378585086,0.640801647695921,0.11378726182188,-0.547284054148585,-1.20218980675036,6,0.076,0.292601882626117,0.231126709673834,-0.63660949019284,-1.44527473948846,6
"Outer acrosomal membrane",0.299412915851272,0.680785379870693,0.107554375265169,-0.348690127263404,-1.12042042637864,19,0.107991360691145,0.358391651993476,0.199915231309662,-0.406889826083442,-1.35460256289089,19
"Outer dynein arm",0.463002114164905,0.81918109565711,0.0862865626267245,0.373545081215322,0.994547726226305,10,0.8300395256917,0.956866272189349,0.0536769600638126,0.270265367286618,0.719419826573025,10
"Outer membrane",0.745059288537549,0.956467108408137,0.0587185879555941,-0.208239702265453,-0.840325061160147,47,0.580188679245283,0.823923102684638,0.0799858801499946,-0.218986421899818,-0.9261419767009,47
"Oxidoreductase complex",0.852822580645161,0.983049920989078,0.053347785067549,0.192312920398066,0.777911235656657,47,0.410377358490566,0.726434355828221,0.0995791200495904,-0.241610660017499,-1.02182487991417,47
"P-TEFb complex",0.50377358490566,0.835349480968858,0.0756946307932749,-0.360044137922145,-0.956085745200303,10,0.990118577075099,1,0.0455878202571231,0.196653832719565,0.523473161398417,10
"PAN complex",0.454175152749491,0.817460848614643,0.0852884689790502,0.395768948852198,0.992340218515756,8,0.804733727810651,0.945314489432137,0.0550211117163117,-0.292570221359435,-0.74358972611986,8
"PAS complex",0.714867617107943,0.945284177289206,0.0621124188949471,0.283483211577504,0.812374494467268,12,0.376923076923077,0.695471344569133,0.0925528864684773,0.378520608750374,1.07409550181952,12
"PCNA complex",0.0807860262008734,0.402036500862097,0.234392647294686,0.242221826264446,1.24700823411621,176,0.473509933774834,0.768851722976765,0.111918316325105,-0.182232375750864,-0.991613985472599,176
"PCSK9-LDLR complex",0.76,0.962220264317181,0.0583452776743612,0.318531662283282,0.773560200354034,7,0.504,0.782465757169806,0.0787113806986485,-0.398978257006901,-0.960653171948716,7
"PET complex",0.891566265060241,0.988150627999489,0.0511147954416412,0.203404673820152,0.727233276740813,29,0.465631929046563,0.761220798680218,0.0886261133285098,-0.266033534371662,-0.995627835702135,29
"PHA granule",0.678500986193294,0.936085920956537,0.0630790410571939,-0.287190577391718,-0.830301234404938,13,0.462321792260692,0.759264474832703,0.0843144320642653,-0.335621004379409,-0.99462992612338,13
"PML body",0.0942307692307692,0.428511441090555,0.20207170902116,-0.526070069634561,-1.43605038163088,11,0.556420233463035,0.815375324743751,0.0721797965581253,0.336366554964323,0.930689227279092,11
"PSI associated light-harvesting complex I",0.287671232876712,0.669989565062943,0.110122263835536,-0.470618114102723,-1.14951420963933,8,0.826429980276134,0.956388502888905,0.05378728077603,-0.28789111628753,-0.731697420598343,8
"PSII associated light-harvesting complex II",0.168932038834951,0.524104774535809,0.148261500475107,-0.505506353137612,-1.28112905085573,9,0.564102564102564,0.81864587106121,0.0721797965581253,-0.351812121818889,-0.927183677436813,9
"PTEN phosphatase complex",0.569958847736626,0.872235329444063,0.0738052724171275,0.227259620949621,0.934666790263376,52,0.780788177339901,0.931887550529434,0.0670512579829467,-0.1943375848953,-0.831319025984582,52
"Parallel actin filament bundle",0.840155945419103,0.983049920989078,0.0524827622635459,-0.348743083935704,-0.720867083946083,5,0.215841584158416,0.516389804047096,0.130777137971974,0.581985193670214,1.24500720723154,5
"Parallel fiber",0.766336633663366,0.962858092942057,0.0574877409561325,0.231305640440356,0.797086387416664,24,0.593639575971731,0.828367718446602,0.0642140881844605,0.270038097571513,0.913581539158061,24
"Paranodal junction",0.526946107784431,0.84985584386782,0.0762797180809272,-0.306321325867708,-0.933280381777509,16,0.528971962616822,0.796784811614648,0.0727141077934447,0.313192437157045,0.946860277207357,16
"Pellicle",0.807522123893805,0.97673423916287,0.0602484086158019,0.178156649557173,0.847778779784912,104,0.578378378378378,0.823923102684638,0.0875697115548511,-0.189678191523764,-0.946438593820521,104
"Peptidase inhibitor complex",0.00108131568168329,0.03531478714952,0.45505986738723,0.460259107262517,1.8617611864648,47,0.00256633403784639,0.0433758269032088,0.431707695803346,0.449102457173985,1.77844120582566,47
"Peribacteroid membrane",0.226215644820296,0.592116359939463,0.132147260608774,0.442428599692226,1.17794713401073,10,0.276679841897233,0.60547198212034,0.11331290842208,0.440266942089742,1.17194729870119,10
"Pericentriolar material",0.144249512670565,0.490039124604261,0.161978948883402,-0.642301710730949,-1.32766550092664,5,0.10261569416499,0.346515553412105,0.197822021315103,-0.658724112806492,-1.3855828502491,5
"Perichromatin fibrils",0.0209573272444332,0.204534024832461,0.352487857583619,0.741247851410874,1.56921272786644,5,0.804828973843058,0.945314489432137,0.0559428593065705,-0.351166407465008,-0.738655443618225,5
"Perikaryon",0.105906313645621,0.436532403240324,0.195789002148949,0.477436652935425,1.36818458281971,12,0.634854771784232,0.854200662035526,0.0687943095604775,-0.300676286865044,-0.863166230845577,12
"Perineuronal net",0.754601226993865,0.959996793330127,0.0597317976364411,0.237855756423156,0.834018522106127,27,0.855123674911661,0.970991506733612,0.0471642455670861,0.213592233009709,0.746935514423268,27
"Perinuclear endoplasmic reticulum",0.390593047034765,0.7608582266477,0.0940503465727813,0.501292232950193,1.06122958849563,5,0.657425742574257,0.864620938628159,0.0647943366000727,0.396527920760476,0.848269207850462,5
"Perinuclear region of cytoplasm",0.196330275229358,0.5597750109218,0.132147260608774,-0.220806894698172,-1.13402894820085,184,3.38606412317156e-05,0.00194630965799901,0.557332238758646,-0.322389296578581,-1.76171076289048,184
"Perinuclear theca",0.354207436399217,0.73275016903313,0.0972150808846466,-0.379437065762126,-1.06371812515844,12,0.174273858921162,0.458665815512289,0.151148761385484,-0.443952182920303,-1.27447540476972,12
"Perinucleolar compartment",0.19811320754717,0.562625848310836,0.133554954557592,-0.465710975669937,-1.23668066862856,10,0.195564516129032,0.487892725134409,0.139599673451922,-0.449875967162795,-1.22645196988425,10
"Periplasmic side of cell outer membrane",0.298039215686275,0.679205938777212,0.107972360317345,-0.339193004629944,-1.1200526267694,21,0.521739130434783,0.795645342312009,0.0813027345384498,-0.281509059094037,-0.966886984759732,21
"Periplasmic space",0.807127882599581,0.97673423916287,0.0577308549299813,0.173697877216156,0.852853156856053,124,0.59375,0.828367718446602,0.0560595875032335,0.196412080531121,0.938707793844803,124
"Perisynaptic space",0.880903490759754,0.988150627999489,0.0526973085708419,0.266012789520057,0.688776424239213,9,0.287968441814596,0.618551047664535,0.110564716336619,-0.438786173833887,-1.15639954689557,9
"Perivitelline space",0.153535353535354,0.503466715839941,0.159646701919906,0.355580665878264,1.23948913259551,26,0.0539130434782609,0.261733254994125,0.257206466468838,0.41954769861887,1.45880586534393,26
"Peroxisomal importomer complex",0.50293542074364,0.835349480968858,0.0776798560117236,-0.342704305888698,-0.960741094208715,12,0.325726141078838,0.656109243697479,0.105920292736253,-0.387814983592701,-1.1133195808135,12
"Peroxisomal matrix",0.938398357289528,0.998872918092631,0.0497903187820785,0.23455553325566,0.607325391282265,9,0.832323232323232,0.956866272189349,0.054568064667094,0.277483649953286,0.716677878199004,9
"Peroxisomal membrane",0.319105691056911,0.693729013689532,0.105920292736253,0.366449760181486,1.09116938699361,14,0.776371308016878,0.929704641350211,0.0598603117764473,-0.26426718367665,-0.790886515671281,14
"Peroxisomal part",0.241935483870968,0.6087146939303,0.12384217120105,0.352430403328314,1.16071108087948,20,0.883333333333333,0.980126308191988,0.0478299633114229,0.218430872468156,0.706343104883807,20
"Peroxisome",0.774066797642436,0.965567698100851,0.0566484183613995,0.2226151383487,0.808993105591465,30,0.827272727272727,0.956388502888905,0.0603786357920401,-0.206133939051887,-0.776908207503931,30
"Pex17p-Pex14p docking complex",0.50293542074364,0.835349480968858,0.0776798560117236,-0.342704305888698,-0.960741094208715,12,0.325726141078838,0.656109243697479,0.105920292736253,-0.387814983592701,-1.1133195808135,12
"Phagocytic cup",0.685831622176591,0.938209873840017,0.0645031249656493,0.321330195890694,0.832007602811107,9,0.484848484848485,0.774253673627224,0.0813027345384498,0.370065800822595,0.955796757654737,9
"Phagocytic vesicle",0.14484126984127,0.490888926325247,0.163180127180689,-0.32930134102195,-1.25261507974272,37,0.000143048828495141,0.00604591666316228,0.518848077743792,-0.519872715245069,-2.09211653529097,37
"Phagocytic vesicle membrane",0.0594059405940594,0.349862035383866,0.261663521711573,-0.426228802518089,-1.4496780586855,25,0.000290353702650211,0.0104309567677088,0.49849310876659,-0.580731124018314,-2.08823423592727,25
"Phagolysosome",0.812236286919831,0.97673423916287,0.0577308549299813,0.186774307803182,0.818112414796512,69,0.388174807197943,0.706979972044924,0.108394255853397,-0.228915372523515,-1.04752904931163,69
"Phagolysosome membrane",0.688935281837161,0.938475396914762,0.0650877566917313,0.356253889234599,0.804622855359599,6,0.24,0.553579454253612,0.12384217120105,-0.538612043923231,-1.22279418302528,6
"Phosphatase complex",0.407547169811321,0.774699213627009,0.0870515867946735,-0.384010331052297,-1.01972720802398,10,0.11491935483871,0.369438731327127,0.186432558434075,-0.488070758868132,-1.33057862021802,10
"Phosphatidylinositol 3-kinase complex, class I",0.617933723196881,0.896704390394174,0.0670512579829467,-0.253162386669349,-0.887002331507372,27,0.0642201834862385,0.277130341350525,0.271288554688953,-0.376160754000977,-1.38582422192375,27
"Phosphatidylinositol 3-kinase complex, class IA",0.389112903225806,0.759721796107994,0.0934449219410994,0.325827736556527,1.04499717011819,18,0.348484848484849,0.679474528185519,0.096240602328129,0.339350214315053,1.06377360237012,18
"Phosphatidylinositol 3-kinase complex, class IB",0.989733059548255,1,0.0473534245254193,0.187986173628946,0.486745185117481,9,0.516765285996055,0.795350241385977,0.0766746872490091,-0.36239579019437,-0.955076418921719,9
"Phosphatidylinositol 3-kinase complex, class II",0.648870636550308,0.91640523273965,0.0672065093710464,0.332025919997495,0.859701619396637,9,0.498989898989899,0.782465757169806,0.0797705918628453,0.366361905584158,0.946230429040416,9
"Phosphatidylinositol phosphate phosphatase complex",0.029765586509774,0.229225615658617,0.352487857583619,0.332264046192722,1.42686803996745,63,0.5,0.782465757169806,0.0694481442003175,0.230388568796999,0.975876563584505,63
"Phospholamban complex",0.516129032258065,0.841958813037133,0.0778840111977068,0.236850880313821,0.958068550932079,47,0.113207547169811,0.365571337714649,0.204294756516886,-0.303788755679845,-1.28478978853561,47
"Phosphomannomutase complex",0.860279441117764,0.983049920989078,0.0524827622635459,0.226242488254257,0.704126446347816,16,0.609345794392523,0.83593848512819,0.065681360193401,0.296579847988166,0.896636201146128,16
"Phosphopyruvate hydratase complex",0.817021276595745,0.97673423916287,0.0578529757032509,0.181416343125468,0.801849876011002,72,0.0132723006033199,0.114189786931073,0.380730400722792,-0.331161094452027,-1.54136098692058,72
"Phosphorylase kinase complex",0.577167019027484,0.876933674799237,0.0745500777420554,0.344484084504153,0.917174071333222,10,0.620553359683794,0.843647282748924,0.0675188953767744,0.316971710074731,0.843747517411968,10
"Photoreceptor inner segment",0.245614035087719,0.615963993754018,0.120433371642259,-0.593931414311169,-1.22768199978813,5,0.06841046277666,0.281105323025872,0.245041785430996,-0.69279199977622,-1.45724241001285,5
"Photoreceptor outer segment",0.891013384321224,0.988150627999489,0.0488970772260102,-0.302942852782069,-0.66545847057258,6,0.67,0.865959858948407,0.064358336791736,-0.363094441511685,-0.824322025432806,6
"Photosynthetic membrane",0.00251587626456497,0.0556202183412287,0.431707695803346,-0.383818554323315,-1.70743136594913,70,0.0690537084398977,0.281105323025872,0.276500599254472,-0.288492171977996,-1.33122513360622,70
"Photosystem",0.00304733638247615,0.0645199659202457,0.431707695803346,-0.404494859007123,-1.71343556843587,58,0.0682926829268293,0.281105323025872,0.271288554688953,-0.303769968058282,-1.34387216361544,58
"Photosystem I",0.38430583501006,0.757856886012226,0.0940503465727813,-0.311453969475936,-1.05109842427227,24,0.36697247706422,0.689550757011665,0.104732821580651,-0.301029785486465,-1.07485646889151,24
"Photosystem II",0.00188856506003748,0.0444896392012108,0.45505986738723,-0.433706609548263,-1.79809045467266,51,0.0272857545832433,0.168442427317263,0.352487857583619,-0.340224419203491,-1.4510142808051,51
"Photosystem II oxygen evolving complex",0.0549019607843137,0.336030867136021,0.271288554688953,-0.468407162489841,-1.54673199500893,21,0.332608695652174,0.661077034097059,0.107554375265169,-0.316940292223012,-1.088581108127,21
"Photosystem II reaction center",0.220754716981132,0.58677224950508,0.12563992130984,-0.454244384530152,-1.20623150092913,10,0.165322580645161,0.4475257754622,0.153158808683073,-0.463035923770546,-1.26232864675355,10
"Phragmoplast",0.0553435114503817,0.336030867136021,0.266350657088526,-0.521784351648179,-1.57771549489699,15,0.26338329764454,0.590714427713178,0.122107920287081,-0.386063572782839,-1.18600747889083,15
"Phycobilisome",0.285132382892057,0.666236153196562,0.11331290842208,0.394926908858781,1.13173738279016,12,0.198076923076923,0.491600239139099,0.135002033828631,0.438202455334341,1.24344956464783,12
"Pick body",0.125244618395303,0.460777012350276,0.175204047558551,-0.414306766552816,-1.33126156360029,19,0.0647948164146868,0.277713358070501,0.261663521711573,-0.435346187860723,-1.44933843025109,19
"Pigment granule",0.000165429932011738,0.00849010043931671,0.518848077743792,-0.432204210876349,-1.90409051862319,68,3.19166836531888e-05,0.00191101143373468,0.557332238758646,-0.443095419594684,-2.02696015124218,68
"Pilus",0.0127181210621829,0.148584877775259,0.380730400722792,0.348154372895845,1.55367713375079,74,0.035914713776392,0.198497860371828,0.321775918075361,0.32666018139562,1.4249840371247,74
"Pilus part",0.88622754491018,0.988150627999489,0.0511147954416412,0.218843085928696,0.681097549765225,16,0.388785046728972,0.707195078670295,0.0891647117820678,0.344959388055778,1.042899837444,16
"Pilus tip",0.346555323590814,0.724890829694323,0.102449405629826,0.488038441353915,1.10226693960061,6,0.0560053628342853,0.266489094016119,0.321775918075361,0.673153481476578,1.5057149528831,6
"Pinosome",0.537074148296593,0.85752839011356,0.0755015292281669,0.246728963986439,0.961053001220198,40,0.0238480233169415,0.163659781768872,0.352487857583619,-0.386000838489343,-1.57995753202626,40
"Pituitary gonadotropin complex",0.0172966087894738,0.18011033935126,0.352487857583619,0.374683273076737,1.48926604032108,43,0.0554592720970537,0.266489094016119,0.252961123069611,0.361643292706473,1.40124832151834,43
"Plasma lipoprotein particle",0.0366342188974738,0.26321686277835,0.321775918075361,0.41675707944994,1.57087061718332,33,0.0622775800711744,0.272844154153285,0.241339976815091,0.390055704134271,1.42647262926155,33
"Plasma membrane",0.0125226044486097,0.148584877775259,0.380730400722792,-0.246923740386159,-1.33314180985658,286,0.000339993874320065,0.0113621208697194,0.49849310876659,-0.265910602750336,-1.51508933605898,286
"Plasma membrane light-harvesting complex",0.797595190380762,0.97673423916287,0.0561766586307176,0.204551779107454,0.796765398110921,40,0.277522935779817,0.60547198212034,0.123257226381337,-0.274789139757494,-1.12475188597513,40
"Plasma membrane protein complex",0.837037037037037,0.983049920989078,0.0502948063662358,-0.170347556798983,-0.825856594813109,117,0.409221902017291,0.726434355828221,0.112378519110475,-0.198740931591089,-1.0138688365029,117
"Plasma membrane raft",0.150793650793651,0.498231745371334,0.159646701919906,-0.357910769756219,-1.28301279407798,29,0.133037694013304,0.40134165235079,0.181383128498408,-0.337990505264227,-1.26492607798071,29
"Plasma membrane receptor complex",0.551102204408818,0.864708873633359,0.0741758965588009,0.243236052784242,0.947447493623404,40,0.765017667844523,0.921389479778125,0.0522693317499306,0.214737319450115,0.818175396605464,40
"Plasma membrane region",0.998165137614679,1,0.0418238690062304,-0.126584620826844,-0.650118396940879,184,0.127450980392157,0.388522977093823,0.227987202850442,-0.215305963897993,-1.17654909123557,184
"Plasma membrane-derived chromatophore",0.85,0.983049920989078,0.0531298054705469,0.198353236894384,0.76794683629464,39,0.44671201814059,0.746032430036567,0.0922597260527354,-0.244437016314888,-0.996360656571268,39
"Plasmodesma",0.138067061143984,0.485805655808854,0.166933848713193,-0.457803542841281,-1.32356308548942,13,0.655804480651731,0.864620938628159,0.0662842187012672,-0.29180467809843,-0.864778013390942,13
"Plastid",0.0753676470588235,0.392755024808679,0.222056046145248,-0.243064080446013,-1.24611109332557,183,0.161184210526316,0.444571421355692,0.20207170902116,-0.207827694685474,-1.1331281356512,183
"Plastid chromosome",0.325153374233129,0.696025910364146,0.105125131597001,0.532794680041712,1.12791988761873,5,0.277665995975855,0.60547198212034,0.114266502484433,-0.558144154605084,-1.17401952282073,5
"Plastid envelope",0.65495867768595,0.91640523273965,0.0670512579829467,0.204999253370999,0.888792217016239,64,0.28099173553719,0.61087008164439,0.100990587455923,0.262547950660604,1.1163054249141,64
"Plastid inner membrane",0.854406130268199,0.983049920989078,0.0509082865515105,-0.184332592924296,-0.764218641185717,51,0.387096774193548,0.706376276559459,0.106323255932708,-0.243287224773365,-1.03758936031118,51
"Plastid membrane",0.727822580645161,0.951314598264806,0.0607719451853533,0.20127265985476,0.860271367740661,59,0.330550918196995,0.661077034097059,0.0919686140000427,0.259483684006923,1.07679273419151,59
"Plastid nucleoid",0.325153374233129,0.696025910364146,0.105125131597001,0.532794680041712,1.12791988761873,5,0.277665995975855,0.60547198212034,0.114266502484433,-0.558144154605084,-1.17401952282073,5
"Plastid outer membrane",0.458,0.817460848614643,0.0838361057159929,-0.252942163150562,-0.993793023568994,41,0.146171693735499,0.420097447795824,0.176694268938498,-0.300057129092027,-1.23464613286827,41
"Plastid part",0.263736263736264,0.639104571650946,0.11146266692298,-0.228606267179576,-1.09993884404352,111,0.538251366120219,0.802985790390008,0.0922597260527354,-0.191842746561716,-0.969375913510908,111
"Plastid ribosome",0.370143149284254,0.74540927482104,0.0972150808846466,0.298850864849227,1.04789205180416,27,0.979357798165138,1,0.0529129848430583,-0.163953387231459,-0.60402520165942,27
"Plastid stroma",0.16530612244898,0.517527010804322,0.154190966581424,-0.307310126715888,-1.21863861214116,44,0.87793427230047,0.980126308191988,0.0590954798717342,-0.180987655438082,-0.751947781609469,44
"Plastid thylakoid",0.115768463073852,0.449619679559799,0.184706471207739,-0.436570482649252,-1.35434590076041,17,0.948473282442748,0.9937119471716,0.0459538081039063,0.206939156872735,0.629777005099212,17
"Plastid thylakoid membrane",0.0782778864970646,0.39888412374568,0.224966093540314,-0.532003847078787,-1.49142555078289,12,0.937759336099585,0.992324673119375,0.0502948063662358,-0.217559104244463,-0.624557639562448,12
"Plastoglobule",0.692946058091286,0.938475396914762,0.0645031249656493,0.296612902291894,0.821488025537057,11,0.556420233463035,0.815375324743751,0.0721797965581253,0.336396399730496,0.930771804461508,11
"Platelet alpha granule",3.52150769971758e-06,0.000266337187604956,0.627256739718528,0.497225396690887,2.15576425481845,64,0.0243575188355137,0.164255414488292,0.352487857583619,0.340040103750254,1.4457877562924,64
"Platelet alpha granule lumen",4.80736376916227e-08,6.28016521480562e-06,0.719512826338911,0.605249590764332,2.46744205597698,48,0.000888008780292587,0.0220011830565594,0.477270815362862,0.467162322772322,1.85675843841701,48
"Platelet alpha granule membrane",0.549514563106796,0.864708873633359,0.0727141077934447,-0.365523502122321,-0.926363782438859,9,0.0121123844932714,0.10613107632214,0.380730400722792,-0.67525758562026,-1.77960841205694,9
"Platelet dense granule",0.0046875303959525,0.0801902521307588,0.407017918923954,0.607768656921577,1.84901967867453,15,0.0435582662083697,0.224348489395797,0.321775918075361,0.559123348522527,1.65985304643789,15
"Platelet dense granule lumen",0.000515773773415924,0.0200315381729374,0.477270815362862,0.723517315579095,2.00382655786172,11,0.000510286286865249,0.0152383107826875,0.477270815362862,0.768060730978421,2.1251394874664,11
"Platelet dense tubular network",0.194274028629857,0.559711121028928,0.141225119642531,0.597975923797681,1.26590779156388,5,0.762575452716298,0.921389479778125,0.0584693210386381,-0.366678024187241,-0.771283109270836,5
"Podocyte foot",0.279678068410463,0.658848170993172,0.11378726182188,0.278854181403754,1.1245897134418,46,0.137440758293839,0.408062747248443,0.184706471207739,-0.295786059482575,-1.24483157551446,46
"Podosome",0.818181818181818,0.97673423916287,0.0553642837725362,0.253546339349382,0.741202292252619,13,0.818003913894325,0.953342760961999,0.0538979025357319,0.255449305659676,0.728367603543451,13
"Polar microtubule",0.697855750487329,0.938475396914762,0.0611692626746689,-0.399802400160632,-0.826408905679042,5,0.38430583501006,0.703499980776378,0.0940503465727813,-0.519918318718844,-1.09361399095891,5
"Polar tube",0.127490039840637,0.463805537344294,0.175204047558551,-0.594401445949577,-1.36319159150339,7,0.0201970558353155,0.152753522291307,0.352487857583619,-0.68373402695634,-1.64628335060754,7
"Polarisome",0.55193482688391,0.864708873633359,0.0749278818393739,0.367555747161472,0.921599209621549,8,0.552268244575937,0.813124454360268,0.0732558655828455,-0.363362167780828,-0.923512904242301,8
"Pollen coat",0.630081300813008,0.908151283117646,0.0681513438679483,0.294312096526789,0.87636665335213,14,0.604166666666667,0.83593848512819,0.0667426134241917,0.305231866914494,0.893474904715821,14
"Pollen tube",0.708910891089109,0.945284177289206,0.0611692626746689,-0.247441282287685,-0.841590703458476,25,0.103286384976526,0.346515553412105,0.213927855492356,-0.365538657023602,-1.31442987396606,25
"Pollen tube tip",0.187372708757637,0.54949914792801,0.143758989039275,0.504344752444393,1.26458021352972,8,0.321212121212121,0.651951720595788,0.105125131597001,0.450344832245868,1.10977375721602,8
"Pollen wall",0.230769230769231,0.598974192317746,0.12384217120105,-0.435815988648027,-1.18967748393972,11,0.445525291828794,0.745308317064001,0.0838361057159929,0.367838967624602,1.01776992833901,11
"Polycystin complex",0.139622641509434,0.485805655808854,0.161978948883402,-0.503074827801673,-1.33589918837752,10,0.0688432582493076,0.281105323025872,0.287805130535564,-0.55192790459127,-1.50466598624748,10
"Polyhedral organelle",0.423300970873786,0.795141823719779,0.0865399737444125,-0.399406661363751,-1.01223550169528,9,0.690335305719921,0.880996247444842,0.062249042949858,-0.31746239251085,-0.836656642227999,9
"Polyketide synthase complex",0.37137330754352,0.745810055865922,0.0937465422491719,-0.249467242795049,-1.0567403699861,58,0.716216216216216,0.898082637611433,0.0532386494755899,0.209416430560541,0.86283711713156,58
"Polymeric cytoskeletal fiber",0.0289129814233766,0.228625568236979,0.352487857583619,-0.295851165141504,-1.41262919332295,102,0.00898573552651864,0.0855132579576641,0.380730400722792,-0.299366035473141,-1.49453778494622,102
"Polysome",0.284313725490196,0.666236153196562,0.11101149245045,-0.388552661655487,-1.14797833349925,14,0.501893939393939,0.782465757169806,0.0760837160951725,0.328224294199874,0.960778351717132,14
"Polytene chromosome",0.982692307692308,1,0.0446854397644147,0.16157379389434,0.595015942130852,31,0.359550561797753,0.682528609383581,0.104732821580651,-0.27478693390947,-1.04735794072981,31
"Pore complex",0.224032586558045,0.592116359939463,0.130105630751129,0.417908947792076,1.19759674058552,12,0.615384615384615,0.839840607210626,0.0665892104103933,0.311873533051279,0.884976805074971,12
"Postsynapse",0.0984848484848485,0.430160265266648,0.195789002148949,-0.281905078785209,-1.25515378647709,71,0.190355329949239,0.479055357507979,0.160801401070022,-0.254439279018694,-1.1781658383156,71
"Postsynaptic cytoskeleton",0.609433962264151,0.893336849838931,0.066132620475844,-0.33663979507623,-0.893936257918279,10,0.814516129032258,0.950048439463762,0.0554793308704233,-0.273365590344143,-0.74524933814662,10
"Postsynaptic density",0.669980119284294,0.928410252084408,0.0640703750499722,-0.224829804901869,-0.876624758199767,40,0.415137614678899,0.727452469303838,0.0972150808846466,-0.247017733971715,-1.01107948588937,40
"Postsynaptic membrane",0.961770623742455,1,0.0477342401407188,0.175069422411802,0.607248829982574,25,0.9375,0.992324673119375,0.0421619430092452,0.191370569874067,0.655265007628434,25
"Postsynaptic specialization",0.567729083665339,0.870050689946494,0.0723570851036907,-0.240002025041987,-0.928745815090758,39,0.301587301587302,0.632672923183872,0.116739204791222,-0.269631332923565,-1.09905633751407,39
"Potassium channel complex",0.860125260960334,0.983049920989078,0.054568064667094,0.301268915961335,0.680435674436304,6,0.557768924302789,0.815375324743751,0.0732558655828455,0.412665539351221,0.923053494097279,6
"Preprophase band",0.295145631067961,0.678326028647706,0.107972360317345,-0.445665024249164,-1.12947029443268,9,0.682445759368836,0.874821191983067,0.0628003977812234,-0.321658790027738,-0.847716043085419,9
"Preribosome",0.0485436893203883,0.322950377562028,0.287857117255149,-0.625399273077245,-1.58497944120834,9,0.877712031558185,0.980126308191988,0.051011413203915,-0.26073561979825,-0.687156001201572,9
"Presynapse",0.0612244897959184,0.35619267950095,0.261663521711573,-0.34022607068741,-1.34916682059117,44,0.00434710974244125,0.0583812775690474,0.407017918923954,-0.39573048972904,-1.64413790071325,44
"Presynaptic active zone cytoplasmic component",0.584199584199584,0.878048780487805,0.0730744399126987,-0.257239348264002,-0.933594425298256,32,0.26605504587156,0.59291072768192,0.126253987849115,-0.291452792082987,-1.12263807928068,32
"Presynaptic cytoskeleton",0.522821576763486,0.844887326595945,0.0787113806986485,-0.265276714527157,-0.960348052816474,31,0.359550561797753,0.682528609383581,0.104732821580651,-0.273484289632442,-1.04239287631397,31
"Presynaptic density",0.873540856031128,0.987059745528305,0.0506004243853618,-0.212740093104854,-0.714277543461953,22,0.630979498861048,0.851596664674616,0.0738052724171275,-0.258678502093013,-0.892737857403985,22
"Presynaptic periactive zone",0.0630975143403442,0.357193258174704,0.248911114434702,-0.671954482323431,-1.47604671308425,6,0.198,0.491600239139099,0.138022242496643,-0.561614351276758,-1.2750156064884,6
"Primary cell wall",0.456913827655311,0.817460848614643,0.0840745577910723,-0.297499197719865,-0.999771184205352,23,0.199294532627866,0.491723115302394,0.128142916898415,0.35540429883331,1.19695555896246,23
"Primary cilium",0.842629482071713,0.983049920989078,0.053347785067549,-0.306404960159918,-0.702704658831474,7,0.356,0.680257542310522,0.0982123351217438,-0.444843765820474,-1.07108737669797,7
"Primary lysosome",0.183953033268102,0.546952019174241,0.142056643575821,-0.453691983332357,-1.27188519376822,12,0.0389903616066475,0.209063991152061,0.321775918075361,-0.567882405694889,-1.6302480012572,12
"Primosome complex",0.521988527724665,0.844887326595945,0.0745500777420554,-0.422206642710292,-0.927438901903034,6,0.119521912350598,0.375827107325621,0.181383128498408,0.613419181205829,1.37210080456081,6
"Proplastid",0.810276679841897,0.97673423916287,0.0547939500773363,-0.235582290221446,-0.740725666953203,18,0.0907172995780591,0.328364633485317,0.216542836735348,-0.432797692332563,-1.42512591409691,18
"Prospore contractile ring",0.175869120654397,0.528881915388192,0.149207542435322,-0.329294823421953,-1.21280956875695,33,0.00240803608643645,0.0411946173358235,0.431707695803346,-0.467702928122602,-1.82446255893811,33
"Prospore membrane",0.131679389312977,0.474243815645985,0.16823816568964,-0.442872663131009,-1.33911080445589,15,0.794432548179872,0.939472560244575,0.059476028695732,-0.253381336234618,-0.778400711622299,15
"Protease inhibitor complex",1.38845135459343e-05,0.000906911180250346,0.593325476396405,0.375863813104926,1.88349020674214,140,0.00807204913151044,0.0811156265872763,0.380730400722792,0.306980789634472,1.48850557173461,140
"Proteasome accessory complex",3.48812885572658e-12,5.0124411656791e-09,0.898671232061694,-0.847991313830373,-2.84974644140842,23,0.0269981286437677,0.168442427317263,0.352487857583619,-0.483633958682524,-1.6924524662932,23
"Proteasome activator complex",0.000288091330668092,0.0125450679445469,0.49849310876659,-0.47624734356882,-1.97326949763946,52,0.334975369458128,0.662117752285186,0.115240003147781,-0.250938193935513,-1.07343978303111,52
"Proteasome complex",1.11682353028172e-11,8.02437706507419e-09,0.875325132024659,-0.678808964360962,-2.73924798339147,47,0.636678200692042,0.855052873265854,0.0598603117764473,0.223902027741766,0.886649774106253,47
"Proteasome core complex",0.0261290137105052,0.226662040543023,0.352487857583619,-0.510582315768895,-1.58394828291204,17,0.000448318296403649,0.0137070934453626,0.49849310876659,0.664158811287742,2.02123152236616,17
"Proteasome core complex, alpha-subunit complex",0.000902787187469531,0.030888218771279,0.477270815362862,-0.840074673304294,-1.8453474050632,6,0.0236928115819996,0.163659781768872,0.352487857583619,0.719352831362788,1.6090540187148,6
"Proteasome regulatory particle",1.57176768449161e-10,3.7643836043574e-08,0.826657301178302,-0.838018295139497,-2.73796462700943,20,0.00621261462825226,0.0715656583444421,0.407017918923954,-0.50981635008967,-1.71841044784327,20
"Proteasome regulatory particle, base subcomplex",1.38662376066153e-07,1.42327024576472e-05,0.690132458796796,-0.932129514321295,-2.27678470043474,8,0.136094674556213,0.405742836799332,0.16823816568964,-0.529699994130132,-1.34627328690782,8
"Proteasome regulatory particle, lid subcomplex",0.0233135801069562,0.213386080342013,0.352487857583619,-0.718951616329911,-1.57928282058782,6,0.524,0.795970401691332,0.0766746872490091,-0.42476053350486,-0.964320637476289,6
"Proteasome storage granule",0.733870967741935,0.955891741895444,0.0603786357920401,0.253116705991609,0.811797805387209,18,0.411392405063291,0.726434355828221,0.0928481214159878,-0.312693625488408,-1.02964455853434,18
"Protein C inhibitor-thrombin complex",0.482617586912065,0.835349480968858,0.0822054920415869,0.457395268796758,0.968300246800869,5,0.527162977867203,0.796564878228361,0.0766746872490091,-0.456881465111502,-0.961020115019144,5
"Protein N-acetylglucosaminyltransferase complex",0.457905544147844,0.817460848614643,0.0852884689790502,0.385376965004825,0.997841376044705,9,0.161735700197239,0.445237933301594,0.153158808683073,-0.487952778107643,-1.28597573296311,9
"Protein acetyltransferase complex",0.250478011472275,0.619579617169979,0.11776578836269,-0.557324306651094,-1.22424469602444,6,0.616,0.839840607210626,0.0684714904492087,-0.384471359744476,-0.872853378492913,6
"Protein body",0.0805500982318271,0.402036500862097,0.222056046145248,-0.393327210462457,-1.4006350231477,28,0.476614699331849,0.76924736337488,0.0875697115548511,-0.264722075758964,-0.984976335350354,28
"Protein complex involved in cell adhesion",0.125,0.460777012350276,0.178219874951973,0.420915496891995,1.34996335106271,18,0.369318181818182,0.690130334554912,0.0928481214159878,0.336840736739813,1.05590705068496,18
"Protein complex involved in cell-cell adhesion",0.649890590809628,0.91640523273965,0.0702812841717392,0.184282832751373,0.923276808581288,142,0.113207547169811,0.365571337714649,0.237793834423688,-0.23107507723491,-1.2122753216674,142
"Protein complex involved in cell-matrix adhesion",0.0252482115159355,0.223960987335799,0.352487857583619,0.321879616941242,1.44779515500643,78,0.166666666666667,0.450187969924812,0.135002033828631,0.270289494181907,1.19188865988998,78
"Protein farnesyltransferase complex",0.498,0.835349480968858,0.0793434960134973,0.391416155695379,0.950561578874523,7,0.0554063807368199,0.266489094016119,0.321775918075361,0.656075739181101,1.54790498022224,7
"Protein kinase CK2 complex",0.000458774282044151,0.0183127400915957,0.49849310876659,-0.432092563714859,-1.88123857844022,66,0.0118840289118885,0.105415737940641,0.380730400722792,-0.345808295985327,-1.57125645494535,66
"Protein kinase complex",0.146771037181996,0.494902879184461,0.160801401070022,-0.472311347709475,-1.32408292866027,12,0.12448132780083,0.383861948604705,0.181383128498408,-0.468567027076518,-1.34513845064772,12
"Protein phosphatase 4 complex",0.14368932038835,0.490039124604261,0.161978948883402,-0.523516142824318,-1.3267721266039,9,0.222879684418146,0.526773201494861,0.128142916898415,-0.462714126093538,-1.21946049731119,9
"Protein serine/threonine phosphatase complex",0.407547169811321,0.774699213627009,0.0870515867946735,-0.384010331052297,-1.01972720802398,10,0.11491935483871,0.369438731327127,0.186432558434075,-0.488070758868132,-1.33057862021802,10
"Protein storage vacuole",0.70061099796334,0.938621164166781,0.0630790410571939,0.286021981140888,0.819649816448934,12,0.45643153526971,0.751308265959419,0.0860347242455604,-0.346819730378427,-0.995632487599504,12
"Protein tyrosine phosphatase complex",0.77037037037037,0.962858092942057,0.0541200569620232,-0.188735984091659,-0.861986830637584,82,0.0047851905691989,0.0625119895267165,0.407017918923954,-0.342290461777717,-1.64480005412227,82
"Proteinaceous extracellular matrix",0.0165357000130059,0.173443802326201,0.352487857583619,0.272732076688903,1.38531556929791,151,0.0821114369501466,0.308078681194153,0.188204146308491,0.256843777387355,1.25125210719134,151
"Proximal dendrite",0.502008032128514,0.835349480968858,0.0791316651768349,0.252213893714077,0.965951136795652,37,0.839928057553957,0.960968645465793,0.0487989701682839,0.203485510186954,0.760219867437413,37
"Pseudopodium",0.0219327568085408,0.207479704358137,0.352487857583619,-0.633248079536995,-1.60487104871775,9,0.0261148747868475,0.167237741749552,0.352487857583619,-0.635128607932913,-1.67385044979125,9
"Puncta adhaerentia",0.576374745417515,0.876933674799237,0.0727141077934447,0.357722222323656,0.896942898876001,8,0.351515151515152,0.680257542310522,0.0995791200495904,0.44132144753161,1.08753765092563,8
"Pyrenoid",0.261950286806883,0.637763168844138,0.114750719227023,-0.552327631863875,-1.21326876597257,6,0.744,0.909896170212766,0.0593487680335629,-0.336981874047942,-0.76503947510968,6
"Pyruvate kinase complex",0.523277467411546,0.844887326595945,0.0730744399126987,-0.209302652876962,-0.954488143861744,81,0.0120579407777895,0.10613107632214,0.380730400722792,-0.331402895243263,-1.58764354550374,81
"R2TP complex",0.00631691054253486,0.0957557114001436,0.407017918923954,-0.801555209953344,-1.65684939268182,5,0.0603621730382294,0.27003479260123,0.261663521711573,-0.699159763594086,-1.47063658242728,5
"RAVE complex",0.41544885177453,0.783464566929134,0.0916795246008379,0.460835371110706,1.04082701511118,6,0.504,0.782465757169806,0.0787113806986485,-0.42874538466487,-0.973367321213975,6
"RENT complex",0.122,0.460141732283465,0.179782316298324,0.576020377749187,1.39887644332007,7,0.535856573705179,0.802946711589513,0.0753093764172773,0.398040020271198,0.939111283820046,7
"RES complex",0.719123505976096,0.947186506038175,0.0607719451853533,0.226630777320831,0.858025807118387,35,0.730941704035874,0.902224783512034,0.065681360193401,-0.21068521866627,-0.83151620898234,35
"RITS complex",0.486257928118393,0.835349480968858,0.0835990603684159,0.365403521876673,0.972871174357798,10,0.903225806451613,0.985855554066729,0.0507027937029348,-0.246638124240677,-0.67238491362681,10
"RNA nuclear export complex",0.496945010183299,0.835349480968858,0.080419996876154,0.38272293801038,0.959629008383998,8,0.678500986193294,0.871318960821951,0.0630790410571939,-0.335296982762651,-0.852183077357659,8
"RNA polymerase II transcription repressor complex",0.854,0.983049920989078,0.0529129848430583,0.19663502506415,0.761294586198944,39,0.030023223394403,0.176095395990845,0.352487857583619,-0.372331599663619,-1.51767748885126,39
"RNA-directed RNA polymerase complex",0.65553235908142,0.91640523273965,0.0675188953767744,0.368787193862085,0.832930148728737,6,0.410358565737052,0.726434355828221,0.0897104652742981,0.47210556656747,1.05600941015815,6
"RPAP3/R2TP/prefoldin-like complex",0.0760233918128655,0.392969834658589,0.227987202850442,-0.688636517497107,-1.42344155664588,5,0.930693069306931,0.992324673119375,0.048505983646947,0.279644269916372,0.598226785309202,5
"RQC complex",0.63600782778865,0.91120961967327,0.0658311958368866,-0.353940101879405,-0.864520859438827,8,0.481262327416174,0.770985467666713,0.080419996876154,-0.379429533963214,-0.96434935151815,8
"RSC complex",0.789473684210526,0.97673423916287,0.0553642837725362,-0.224112208534942,-0.785219534801564,27,0.259174311926606,0.5846679532787,0.128142916898415,-0.310548570206383,-1.14410056365071,27
"RSF complex",0.48870636550308,0.835349480968858,0.0817515582532145,0.378075365929617,0.978935633537648,9,0.523232323232323,0.795645342312009,0.077274697304471,0.359386570339402,0.92821470644278,9
"Rab-protein geranylgeranyltransferase complex",0.192452830188679,0.559143968871595,0.135740943810425,-0.467037387642653,-1.24020291339193,10,0.000519608370460466,0.0152383107826875,0.477270815362862,-0.741557054891511,-2.02163302140597,10
"Rad51B-Rad51C complex",0.761710794297352,0.962701309082332,0.0590954798717342,0.311713652807581,0.781582272279119,8,0.333333333333333,0.661602209944751,0.101350743797099,-0.433884919990438,-1.10275190456536,8
"Rad51C-XRCC3 complex",0.397205588822355,0.766259078790107,0.0916795246008379,-0.33531777175756,-1.04023580997992,17,0.985355648535565,1,0.0484087618816951,-0.151965479559853,-0.491023511153438,17
"Radial spoke",0.213725490196078,0.581319470699433,0.130777137971974,-0.408382652273182,-1.20656601498782,14,0.864978902953586,0.977421130556926,0.0547939500773363,-0.238721851357359,-0.714435635207859,14
"Ragulator complex",0.359281437125749,0.735452172577921,0.09754492162472,0.338080115623875,1.068927673842,17,0.133891213389121,0.401673640167364,0.175204047558551,-0.406470345240333,-1.31336732972339,17
"Receptor complex",0.519916142557652,0.844887326595945,0.0795564677235957,0.214026250427236,0.962677200120162,78,0.45631067961165,0.751308265959419,0.0728938564822936,0.229170553950085,1.01056752228032,78
"Recycling endosome",0.594861660079051,0.88377094253465,0.0696133438850965,-0.244181956310152,-0.923784669438475,36,0.0706150341685649,0.283283936970872,0.257206466468838,-0.350505772842455,-1.39054380223461,36
"Recycling endosome membrane",0.050880626223092,0.329348918390014,0.282013350011725,-0.560502015311731,-1.57131763518511,12,0.00857102614718705,0.084292747431179,0.380730400722792,-0.635597007447039,-1.82463964476532,12
"Region of cytosol",0.050682261208577,0.329348918390014,0.282013350011725,-0.719774163981712,-1.48780442276781,5,0.0603621730382294,0.27003479260123,0.261663521711573,-0.699851229847787,-1.47209103621761,5
"Respiratory chain",0.63508064516129,0.910789308479815,0.0673623868166279,0.234596686088354,0.896234536648815,36,0.100227790432802,0.342922225837943,0.213927855492356,-0.333107349374336,-1.32151991790298,36
"Respiratory chain complex I",0.978599221789883,1,0.0454059226590179,-0.166829847716857,-0.560133316029885,22,0.312072892938497,0.640641067360885,0.114750719227023,-0.320695565152434,-1.10676793547459,22
"Respiratory chain complex III",0.368421052631579,0.743568894145476,0.0946646223153342,-0.530578005172984,-1.09672775465131,5,0.0212220188068077,0.154802238707526,0.352487857583619,-0.770828820010787,-1.62138772927908,5
"Respiratory chain complex IV",0.843423799582463,0.983049920989078,0.0554793308704233,0.30536672209557,0.68969083928383,6,0.826,0.956388502888905,0.0544555953940371,-0.30816738734017,-0.699622841503648,6
"Retromer complex",0.603696098562628,0.891584063344807,0.0707899094502623,0.345885363115116,0.895587328838371,9,0.246464646464646,0.56306788071494,0.122679189568808,0.466814219959517,1.20567617129886,9
"Retrotransposon nucleocapsid",0.714285714285714,0.945284177289206,0.0609039347452418,0.212737825575789,0.85120718840422,45,0.232235701906412,0.538262425225024,0.116234148779716,0.303255050063933,1.18687558266607,45
"Rhabdomere",0.648854961832061,0.91640523273965,0.0636424081651019,-0.282288852420279,-0.853554720629993,15,0.0177800223721423,0.139846088277027,0.352487857583619,-0.549054874324711,-1.6867252783698,15
"Rhino-Deadlock-Cutoff Complex",0.496993987975952,0.835349480968858,0.0795564677235957,-0.287424980542292,-0.965915926393706,23,0.822988505747126,0.956050511526775,0.0611692626746689,-0.218845313415735,-0.765838055367623,23
"Rhoptry",0.6841046277666,0.938125248059111,0.0636424081651019,-0.254450668108236,-0.858723029774249,24,0.00530896467491958,0.0654184845718187,0.407017918923954,-0.494604249055383,-1.76603313781489,24
"Ribbon synapse",0.818363273453094,0.97673423916287,0.0547939500773363,0.241293917662093,0.762913091303232,17,0.715481171548117,0.897944492152528,0.0633597010643758,-0.251957015224178,-0.814111327345166,17
"Ribonuclease III complex",0.112016293279022,0.445893112027577,0.190023305279108,0.560448260835711,1.405252613267,8,0.424242424242424,0.730223040158216,0.0886261133285098,0.410719627722959,1.0121263347186,8
"Ribonucleoprotein complex",0.0017881788464483,0.0435527627516305,0.45505986738723,-0.319796107848423,-1.59514269786558,140,0.901587301587302,0.985855554066729,0.0725351864394589,-0.155554504360354,-0.813125078928705,140
"Ribonucleoprotein granule",0.00164624048004112,0.0435527627516305,0.45505986738723,-0.483650461425563,-1.83973700023834,37,0.569506726457399,0.81864587106121,0.0782955249944794,-0.231687626422788,-0.93237729168559,37
"Ribose phosphate diphosphokinase complex",0.33130081300813,0.704411764705882,0.103576326612592,0.324513077395287,1.07938959731225,21,0.334782608695652,0.662117752285186,0.107140237276725,-0.315843109649098,-1.08481266261396,21
"Ribosomal subunit",0.172,0.524258914128982,0.149207542435322,-0.319577227909984,-1.22049740441381,38,1,1,0.0400031517498194,0.121572417338085,0.459550823048881,38
"Ribosome",0.028517927194993,0.228625568236979,0.352487857583619,-0.375807495775646,-1.5190344299529,49,1,1,0.0541200569620232,-0.113836479041422,-0.48336844630841,49
"Ribulose bisphosphate carboxylase complex",0.110894941634241,0.443888666095835,0.186432558434075,-0.409266679167237,-1.37411803271292,22,0.651480637813212,0.864620938628159,0.0721797965581253,-0.254404731863511,-0.877988442795303,22
"Rix1 complex",0.709349593495935,0.945284177289206,0.0623861492893626,0.274944492208647,0.818696164167214,14,0.227272727272727,0.532774729348954,0.12384217120105,0.411686527167781,1.20508905034173,14
"Rod spherule",0.849056603773585,0.983049920989078,0.0504983044100709,-0.265479607123272,-0.704972644400679,10,1,1,0.0460457683018055,-0.144571467896138,-0.394130770551058,10
"Root hair",0.587755102040816,0.878880417932001,0.0718276293603809,-0.234085363026974,-0.928265739142016,44,0.963541666666667,0.997557186599423,0.0409055783172035,0.165430081558461,0.644287220911962,44
"Root hair tip",0.0760233918128655,0.392969834658589,0.227987202850442,-0.687759653594828,-1.42162904091906,5,0.0426536322762791,0.221275341447701,0.321775918075361,-0.726905132192846,-1.52899714059858,5
"Rough endoplasmic reticulum",0.616803278688525,0.896704390394174,0.0696133438850965,0.269830530685092,0.904699490798241,22,0.375854214123007,0.695471344569133,0.102821842840815,-0.308765767553284,-1.06559643547843,22
"Rough endoplasmic reticulum lumen",0.83195020746888,0.983049920989078,0.055826471778749,0.26401752303951,0.731213079515586,11,0.873540856031128,0.980126308191988,0.0506004243853618,0.247258453703379,0.684136920924938,11
"Rough endoplasmic reticulum membrane",0.642,0.916265346534653,0.066436413766281,0.352733328345165,0.85661959690389,7,0.724,0.898259068517689,0.060640400949416,-0.331344916395248,-0.797806745991854,7
"Rpd3L complex",0.425357873210634,0.79692211708433,0.0891647117820678,0.489777102527789,1.03685219679394,5,0.466800804828974,0.762264496067313,0.083129129135339,-0.488969820247338,-1.02851585975436,5
"Ruffle",0.105882352941176,0.436532403240324,0.191892240384838,-0.299387430430825,-1.25922387540199,57,0.00317622894730961,0.0493451098672698,0.431707695803346,-0.371137859056854,-1.63204283283841,57
"Ruffle membrane",0.562376237623762,0.870050689946494,0.0725351864394589,-0.270404009808311,-0.919690921129273,25,0.0938967136150235,0.337323943661972,0.224966093540314,-0.369335007416585,-1.32808106043485,25
"Ryanodine receptor complex",0.364,0.740229312063809,0.096887770327544,-0.269825734533679,-1.06012745846304,41,0.0974477958236659,0.339609264219316,0.219250346703755,-0.322666181615989,-1.32767568144455,41
"S-layer",0.104,0.436532403240324,0.195789002148949,-0.34938350464202,-1.3139906913361,35,0.524663677130045,0.796136963079065,0.0826646449123753,-0.239913939486221,-0.946873875189133,35
"S100A8 complex",0.000198471541492381,0.00983460707326042,0.518848077743792,0.368685998600641,1.78458656122559,118,0.0902140672782875,0.327409432672591,0.183023938384487,0.268597391684565,1.26671745004454,118
"S100A9 complex",0.00232354359217552,0.0524946755642074,0.431707695803346,0.338591502607852,1.62452910419879,108,0.102643856920684,0.346515553412105,0.172324344900946,0.273164961312416,1.27244705409726,108
"SC5b-7 complex",0.818,0.97673423916287,0.0549073703290958,0.29643893954396,0.719907602976141,7,0.571713147410359,0.81864587106121,0.072003313661988,0.385912350196397,0.91049800064834,7
"SCAR complex",0.468451242829828,0.823946678025046,0.0802023444698144,-0.444069289240198,-0.975463416060911,6,0.00204536680340695,0.0358438060548266,0.431707695803346,-0.79794332382212,-1.81154592765218,6
"SLIK (SAGA-like) complex",0.74251497005988,0.955891741895444,0.0593487680335629,-0.253730543599349,-0.787132743231235,17,0.316793893129771,0.647557360494283,0.102449405629826,0.360271190163614,1.09641169217822,17
"SMAD2 protein complex",0.59877800407332,0.887971095823901,0.0707899094502623,0.309991531498713,0.888339074081467,12,0.321153846153846,0.651951720595788,0.102080107662747,0.394778954984063,1.12023041799827,12
"SMAD3 protein complex",0.599593495934959,0.888263766658285,0.070619624712259,0.30033096378358,0.89428890193468,14,0.492424242424242,0.778560371517028,0.0770736734944102,0.330155538769151,0.966431491983778,14
"SMC loading complex",0.325047801147228,0.696025910364146,0.100990587455923,-0.512188496098185,-1.12509725886671,6,0.836653386454183,0.95798479389216,0.0536769600638126,0.315207010724962,0.705057497825142,6
"SNARE complex",0.363273453093812,0.740229312063809,0.096887770327544,-0.344505986838691,-1.04961898428289,16,0.00932449399482561,0.0870084277309377,0.380730400722792,-0.567741754333382,-1.78187753038132,16
"SPOTS complex",0.267893660531697,0.641723701054902,0.11776578836269,0.563891317395277,1.19375109243934,5,0.671287128712871,0.865959858948407,0.0637845390312975,0.390001139425851,0.83430684267346,5
"STING complex",0.965447154471545,1,0.0480220415968251,0.176428062868142,0.586831869033918,21,0.354243542435424,0.680257542310522,0.0937465422491719,0.324733650755288,1.06239927817574,21
"SUMO activating enzyme complex",0.671457905544148,0.928921322166837,0.0655321029282414,0.325194678927719,0.842013756321913,9,0.982248520710059,1,0.0458620343117985,-0.202117720336344,-0.532671387920708,9
"SUMO-targeted ubiquitin ligase complex",0.0454045915612398,0.31218372283972,0.321775918075361,0.658864036109883,1.60006384334239,7,0.952191235059761,0.994498154491942,0.0477342401407188,0.253588195699064,0.598300482103029,7
"SWI/SNF superfamily-type complex",0.189083820662768,0.552570863546473,0.139599673451922,-0.618040435458787,-1.27751639241707,5,0.390342052313883,0.707341146500694,0.0931454575337804,-0.514666045631115,-1.08256617993499,5
"Sarcolemma",0.201596806387226,0.564797941901597,0.136490437780413,-0.317103720010208,-1.18383122571704,34,0.873563218390805,0.980126308191988,0.0583452776743612,-0.195008135992397,-0.757420436529662,34
"Sarcomere",0.00986059270862488,0.124295365985035,0.380730400722792,-0.399885425757604,-1.61492892476758,48,0.0018271925770633,0.0350090097765328,0.45505986738723,-0.429890245670452,-1.82515856569456,48
"Sarcoplasm",0.836978131212724,0.983049920989078,0.0535669384770951,0.217937410390455,0.744400674784303,23,0.0604840426709439,0.27003479260123,0.321775918075361,-0.441190462224398,-1.54392360687575,23
"Sarcoplasmic reticulum",0.909090909090909,0.988150627999489,0.0494904866135495,-0.202672101163795,-0.662168173519145,20,0.00605229134321331,0.071288054591783,0.407017918923954,-0.511932606916562,-1.72554360047953,20
"Sarcoplasmic reticulum membrane",0.747169811320755,0.956467108408137,0.0564118388217596,-0.304296074580628,-0.808048537898588,10,0.00720541924711214,0.0761337313095599,0.407017918923954,-0.658992274588403,-1.79654489748499,10
"Scaffoldin complex",0.0344238867973922,0.252088807979543,0.321775918075361,-0.638029945034033,-1.55842808853705,8,0.0611439842209073,0.27003479260123,0.257206466468838,-0.589041668446394,-1.49709471756229,8
"Sec61 translocon complex",0.722792607802875,0.949912123090442,0.0619762736001998,0.309485565876779,0.801338769473657,9,0.822222222222222,0.955933117583603,0.0551351763385257,0.281843662410464,0.727938810067451,9
"Secondary cell wall",0.483606557377049,0.835349480968858,0.0822054920415869,0.295371449765691,0.990334190578394,22,0.763765541740675,0.921389479778125,0.0525898950623616,0.238855942044268,0.793946970821901,22
"Secondary lysosome",0.880478087649402,0.988150627999489,0.0513223330421143,-0.292674821718194,-0.671216159936532,7,0.79,0.939472560244575,0.0565299525056311,-0.314659197012138,-0.757631150028605,7
"Secretory granule",1.23034348226372e-05,0.000841906468577602,0.593325476396405,0.368945424152591,1.8775613496125,158,0.00568840005491007,0.0686910157891241,0.407017918923954,0.305712431935569,1.50230489909793,158
"Secretory granule lumen",1.48632244356456e-10,3.7643836043574e-08,0.826657301178302,0.594860645343497,2.58887184163847,67,5.11117752978791e-08,9.18095263788154e-06,0.719512826338911,0.547155575598889,2.3390277050479,67
"Secretory granule membrane",0.919385796545106,0.988150627999489,0.0476387259290825,0.181936224012566,0.682186424974352,32,0.00137731111660074,0.0299878193114433,0.45505986738723,-0.494851170166521,-1.90610205939409,32
"Secretory vesicle",0.000225594186941779,0.0108059615545112,0.518848077743792,0.326882212070801,1.68382369847252,175,0.0227471006587372,0.161022579539928,0.352487857583619,0.273048137548457,1.35720509403425,175
"Semaphorin receptor complex",0.847599164926931,0.983049920989078,0.0552495663125249,0.304604853764779,0.687970109517072,6,0.822,0.955933117583603,0.0546808488785442,-0.311831877337128,-0.707942219249819,6
"Sensory dendrite",0.711500974658869,0.945284177289206,0.0602484086158019,-0.39436033008313,-0.815159910736616,5,0.477227722772277,0.76924736337488,0.0810802057550866,0.466830440352943,0.998663315004941,5
"Septate junction",0.16403162055336,0.515032545109994,0.152144922367565,-0.404829628716458,-1.27287877391608,18,0.154008438818565,0.435649855476926,0.163180127180689,-0.395092384119059,-1.30096903251912,18
"Septin complex",0.816,0.97673423916287,0.0550211117163117,-0.208930745746255,-0.785764214386065,35,0.0986547085201794,0.339609264219316,0.213927855492356,-0.338623094475694,-1.33645157251545,35
"Septin ring",0.169660678642715,0.524105582791905,0.150169802128406,0.409708361407329,1.2751207555343,16,0.738758029978587,0.906571553440845,0.0629394692018967,-0.259726996529753,-0.815162343825134,16
"Serine protease inhibitor complex",2.6222048900482e-05,0.00163830801173881,0.575610261071129,0.448819667889198,2.01069355437265,75,0.01372441396329,0.115333233130104,0.380730400722792,0.351308582730682,1.53468819870977,75
"Set3 complex",0.477822580645161,0.831272455674451,0.0819778796501272,0.299571617819822,0.986623438377239,20,0.405555555555556,0.725757575757576,0.0862865626267245,0.321683163609882,1.0402315478833,20
"Sexine",0.180039138943249,0.53899217221135,0.143758989039275,-0.535625471219617,-1.30829874958301,8,0.305050505050505,0.634958245355982,0.108394255853397,0.459565497370586,1.13249601679755,8
"Shc-Grb2-Sos complex",0.325490196078431,0.696025910364146,0.102449405629826,-0.370119029048342,-1.09351618993671,14,0.30379746835443,0.634530468060053,0.11146266692298,-0.379102377345898,-1.13455993336145,14
"Shu complex",0.37160751565762,0.745810055865922,0.0982123351217438,0.475717321417137,1.07443887932018,6,0.647410358565737,0.863814935245092,0.0658311958368866,0.381107156767036,0.852463458015787,6
"Side of membrane",0.206751054852321,0.57134858812074,0.13880510939114,0.225013605586379,1.14219716521167,150,0.00305210823944137,0.0487319948897473,0.431707695803346,-0.291410935523709,-1.55130298530313,150
"Sieve plate",0.309572301425662,0.686638307790921,0.107972360317345,0.450645444469191,1.12993604004212,8,0.0264457290282082,0.167237741749552,0.352487857583619,0.674427010297851,1.66197398880684,8
"Signal peptidase complex",0.0631364562118126,0.357193258174704,0.257206466468838,0.331525969744876,1.36976997102154,53,0.0519262981574539,0.255521729148067,0.257206466468838,0.34790514583677,1.41775533992341,53
"Signal recognition particle receptor complex",0.694552529182879,0.938475396914762,0.0613026075396207,-0.207939750616643,-0.884607489994142,60,0.332530120481928,0.661077034097059,0.114266502484433,-0.242617366771015,-1.08175710670975,60
"Silver ion transmembrane transporter complex",0.818363273453094,0.97673423916287,0.0547939500773363,0.240587340528037,0.760679065055038,17,0.841603053435115,0.962119003807685,0.0514264916187015,0.24534421270159,0.746654938720248,17
"Site of polarized growth",0.57905138339921,0.877739280532346,0.0709609456938284,-0.245823043013244,-0.929993198358648,36,0.323462414578588,0.653748930730563,0.112378519110475,-0.272389343209812,-1.08063644693638,36
"Skeletal muscle myofibril",0.829568788501027,0.983049920989078,0.0554793308704233,0.282020842812019,0.730225445263209,9,0.824457593688363,0.956388502888905,0.0538979025357319,-0.277838339907982,-0.732229385380409,9
"Ski complex",0.844793713163065,0.983049920989078,0.0525898950623616,0.207514657088133,0.754117299204133,30,0.371886120996441,0.691332931270228,0.088894528862045,0.293720480385019,1.05237206056919,30
"Slit-Robo signaling complex",0.450317124735729,0.817052661925812,0.0878312634480124,0.37870924212808,1.00829708273487,10,0.377016129032258,0.695471344569133,0.0952879846194844,-0.393496277358424,-1.07274964597902,10
"Small nuclear ribonucleoprotein complex",0.974559686888454,1,0.0458620343117985,-0.228062921628291,-0.557057965359909,8,0.602020202020202,0.835041535041535,0.070113215764256,0.354527624718669,0.873653755853703,8
"Small ribosomal subunit",0.475049900199601,0.827450553438577,0.0817515582532145,0.311865491557187,0.970607873008771,16,0.955140186915888,0.994591629418936,0.0446854397644147,0.204119850187266,0.617106146260247,16
"Smooth endoplasmic reticulum",0.224852071005917,0.592116359939463,0.127505315300183,-0.414739318846361,-1.1990594243094,13,0.00932350930292256,0.0870084277309377,0.380730400722792,-0.604585435077012,-1.79171970400912,13
"Smooth muscle contractile fiber",0.998087954110899,1,0.0437125833579551,-0.208151835718731,-0.45723607925455,6,0.664,0.864620938628159,0.0647943366000727,-0.365588052271313,-0.829983192437896,6
"Somatic spine",0.0940695296523517,0.428511441090555,0.208955027549354,0.678071539657854,1.43546924069976,5,0.184158415841584,0.474257425742574,0.142901149386948,0.59751166407465,1.27822208583435,5
"Somatodendritic compartment",0.945590994371482,1,0.0453152441270267,-0.158016637439265,-0.770653229301508,122,0.122093023255814,0.380363226517073,0.219250346703755,-0.237211960033105,-1.21691487691765,122
"Sorting endosome",0.79837067209776,0.97673423916287,0.0568864160475701,0.193706245885734,0.800338504454954,53,0.118518518518519,0.373489278752437,0.204294756516886,-0.296818675291199,-1.27842793828668,53
"Specific granule",0.98252427184466,1,0.0451344222209097,-0.206789162254749,-0.524075714424424,9,0.353057199211045,0.680257542310522,0.0978773277424561,-0.407929305201709,-1.07507777553462,9
"Specific granule membrane",0.920388349514563,0.988488832774609,0.0481183992657975,-0.24897179148335,-0.630981179431558,9,0.0352885463825886,0.196384707054938,0.321775918075361,-0.61805220885944,-1.62884643341892,9
"Spectrin",0.0223098930411675,0.207627365119987,0.352487857583619,-0.742098050369047,-1.5339488644031,5,0.561368209255533,0.81864587106121,0.0734381410838857,-0.445101088646967,-0.936240867863313,5
"Sperm flagellum",0.325,0.696025910364146,0.101350743797099,-0.399881645965589,-1.09158498732873,11,0.122950819672131,0.381598980278299,0.181383128498408,-0.470107487762205,-1.32051563764941,11
"Sperm part",0.189189189189189,0.552570863546473,0.144630528034484,-0.329765256872653,-1.19681148141223,32,0.630733944954128,0.851596664674616,0.0741758965588009,-0.234088325357953,-0.901677647634458,32
"Sperm plasma membrane",0.764826175869121,0.962858092942057,0.0590954798717342,-0.220834086500308,-0.813343162920244,33,0.0613636363636364,0.27003479260123,0.276500599254472,-0.363832350553813,-1.41927377701144,33
"Spherical high-density lipoprotein particle",0.082,0.402036500862097,0.222056046145248,0.617344519512494,1.49923290758092,7,0.0428277753336929,0.221379543721283,0.321775918075361,0.672495275318682,1.58664422973637,7
"Spindle",0.765503875968992,0.962858092942057,0.0565299525056311,-0.200557815458712,-0.830985463965513,52,0.509852216748768,0.788032468150485,0.0894366833718621,-0.226678191384563,-0.969662627922873,52
"Spindle matrix",0.566191446028513,0.870050689946494,0.0736212741014394,0.362881954920109,0.909880271014713,8,0.187878787878788,0.476224759162124,0.142901149386948,0.517032535917022,1.2741106345688,8
"Spindle microtubule",0.531697341513292,0.855055184403163,0.0770736734944102,0.440296789573662,0.932102973280316,5,0.539235412474849,0.802985790390008,0.0755015292281669,-0.453808049292781,-0.954555386967879,5
"Spindle midzone",0.835564053537285,0.983049920989078,0.0518457624865066,-0.33076825591264,-0.726581055377893,6,0.124,0.383861948604705,0.178219874951973,-0.60080972361116,-1.36399964209019,6
"Spindle pole",0.943579766536965,1,0.0470699590082662,-0.186445641288049,-0.625993590135258,22,0.259681093394077,0.58489299562271,0.127505315300183,-0.333966628471236,-1.15256834229943,22
"Spindle pole body",0.532163742690059,0.855055184403163,0.0745500777420554,0.253908042975966,0.957048371449136,33,0.886120996441281,0.980126308191988,0.0458620343117985,0.200549096729596,0.733428057263888,33
"Spine apparatus",0.235173824130879,0.602233255908113,0.126875729929857,0.332454168090858,1.16571882938111,27,0.00402415911153885,0.0562158369621013,0.407017918923954,0.5098359198695,1.78290450787073,27
"Spliceosomal complex",0.740442655935614,0.955891741895444,0.0598603117764473,0.236426773344779,0.820073999858551,25,0.657276995305164,0.864620938628159,0.0732558655828455,-0.246954970480166,-0.888018228678279,25
"Spliceosomal tri-snRNP complex",0.991649269311065,1,0.0480220415968251,0.223800617352482,0.505468423523127,6,0.404382470119522,0.725465180476595,0.0905428948469474,0.476982676650512,1.06691856799655,6
"Spore wall",0.5625,0.870050689946494,0.0734381410838857,0.281895589586172,0.928408364867754,20,0.192640692640693,0.48303743114491,0.14641623786055,-0.358883668432161,-1.2096698061678,20
"Starch grain",0.601167315175097,0.888762790027381,0.0683110858318647,-0.265254628551377,-0.890595757990049,22,0.41002277904328,0.726434355828221,0.09754492162472,-0.299471883850888,-1.03352186508968,22
"Stereocilium",0.743027888446215,0.955891741895444,0.059221919380382,-0.343727860494328,-0.788300453143697,7,0.684,0.875252003561888,0.0633597010643758,-0.344109644869106,-0.828541445645584,7
"Stereocilium bundle",0.788649706457926,0.97673423916287,0.0555947097758869,-0.304711755202987,-0.74427754043806,8,0.3767258382643,0.695471344569133,0.0940503465727813,-0.418860208320479,-1.06456544394821,8
"Storage vacuole",0.570564516129032,0.872235329444063,0.0727141077934447,0.289435715059387,0.928280404746092,18,0.580168776371308,0.823923102684638,0.0741758965588009,-0.27825338714711,-0.916238972004219,18
"Stress fiber",0.00219717111562971,0.0509247563412887,0.431707695803346,-0.564652625746665,-1.89756284599792,23,0.0058319910141734,0.0694703165104433,0.407017918923954,-0.537024580824198,-1.87929023584677,23
"Striated muscle thin filament",0.0978473581213307,0.4296845684803,0.199915231309662,-0.584459278381037,-1.42757838111583,8,0.138067061143984,0.408235322765237,0.166933848713193,-0.52868960633629,-1.34370530859682,8
"Stromule",1,1,0.0476387259290825,0.183260734287492,0.413906429525593,6,0.238,0.549848874598071,0.124434168630393,-0.539902035445121,-1.22572281068394,6
"Subapical complex",0.139583333333333,0.485805655808854,0.170932335370056,0.288973528628864,1.24096211167543,63,0.670854271356784,0.865959858948407,0.0756946307932749,-0.201275877084413,-0.898307605418477,63
"Sublamina densa",0.182751540041068,0.54484224696891,0.14641623786055,0.482610868888789,1.24960528842218,9,0.763636363636364,0.921389479778125,0.0585937568945671,0.298043896395201,0.769780371977363,9
"Subpellicular microtubule",0.651356993736952,0.91640523273965,0.0678338263479455,0.371097372664761,0.838147839596882,6,0.669322709163347,0.865959858948407,0.0642140881844605,0.373306034042101,0.835013845914778,6
"Subrhabdomeral cisterna",0.394250513347023,0.764558687826817,0.0937465422491719,0.408635993475568,1.05806506111737,9,0.54949494949495,0.810052847915443,0.0747385227439092,0.351456849356393,0.907734020068033,9
"Subsarcolemmal mitochondrion",0.305439330543933,0.684736845540767,0.110564716336619,0.361268284017986,1.09908952826508,15,0.284796573875803,0.61541755888651,0.116739204791222,-0.373489621477159,-1.14737964311692,15
"Subsynaptic reticulum",0.87624750499002,0.987059745528305,0.05163559644842,0.222083180740236,0.702173380856855,17,0.127615062761506,0.388522977093823,0.179782316298324,-0.413464176824779,-1.33596546023933,17
"Succinate dehydrogenase complex",0.757201646090535,0.959996793330127,0.0598603117764473,0.198865599162748,0.833638716709526,55,0.0419487229891231,0.219201145219527,0.321775918075361,-0.317851656426915,-1.37939937046692,55
"Sulfurtransferase complex",0.932790224032587,0.994376522206845,0.0496901392724606,0.220233901884408,0.631121693987811,12,0.444230769230769,0.744748079789063,0.0833634065110386,0.353987975350952,1.00448134984745,12
"Superoxide dismutase complex",0.500952380952381,0.835349480968858,0.0764767053228531,-0.219961817033995,-0.984067810052559,74,0.134177215189873,0.401693037974684,0.193813302725311,-0.262170493462234,-1.22212549346998,74
"Supramolecular fiber",0.0289129814233766,0.228625568236979,0.352487857583619,-0.295851165141504,-1.41262919332295,102,0.00898573552651864,0.0855132579576641,0.380730400722792,-0.299366035473141,-1.49453778494622,102
"Survivin complex",0.801834862385321,0.97673423916287,0.0518457624865066,-0.17619513199935,-0.846708695240691,110,0.454794520547945,0.751308265959419,0.102449405629826,-0.198006553652772,-0.996787100760403,110
"Symbiosome",0.246435845213849,0.616420317565882,0.123257226381337,0.36390617473452,1.18125566940977,19,0.493506493506494,0.778560371517028,0.0758886900606117,0.305070024751675,0.97413920005346,19
"Symmetric synapse",0.408624229979466,0.774699213627009,0.0916795246008379,0.401306389692263,1.03908680712415,9,0.567676767676768,0.81864587106121,0.0730744399126987,0.34784136004992,0.89839602409872,9
"Symplast",0.168627450980392,0.524104774535809,0.149207542435322,-0.387737137949039,-1.28035069688324,21,0.567391304347826,0.81864587106121,0.0768736734126542,-0.270336310352881,-0.928512428087985,21
"Synapse",0.139963167587477,0.485814183147837,0.159646701919906,-0.236809123094048,-1.18314112834798,143,0.0013523619797712,0.0298976025374034,0.45505986738723,-0.309239961326607,-1.6224730786328,143
"Synapse part",0.0680732106171293,0.371551362683438,0.287805130535564,-0.276919440806908,-1.32931245044451,108,0.0083045460833381,0.0826684776737249,0.380730400722792,-0.298995187938771,-1.49895044172331,108
"Synaptic membrane",0.882692307692308,0.988150627999489,0.0495901956956338,0.198694537386755,0.731717777430831,31,0.766606822262119,0.921389479778125,0.0529129848430583,0.226310396267459,0.815971824445461,31
"Synaptic vesicle",0.0686274509803922,0.371551362683438,0.241339976815091,-0.452330482303417,-1.49364502792309,21,0.0133499542132361,0.114189786931073,0.380730400722792,-0.494740871997451,-1.69926506629125,21
"Synaptic vesicle protein transport vesicle",0.453252032520325,0.817460848614643,0.0852884689790502,0.337333970183127,1.00447193982211,14,0.993670886075949,1,0.0484087618816951,-0.169903886617409,-0.508480436414187,14
"Synaptic vesicle, readily releasable pool",0.908183632734531,0.988150627999489,0.0499913914024592,-0.222624410746996,-0.678277930752624,16,0.00152146112118091,0.031885979918881,0.45505986738723,-0.626338738283953,-1.96578623227385,16
"Syntrophin complex",0.863366336633663,0.983049920989078,0.0519512476197082,-0.212752545969263,-0.723608296762229,25,0.977430555555556,1,0.0402477565068868,0.172659257070992,0.591196282041665,25
"Syp1 complex",0.419103313840156,0.788287253911393,0.0873098257637931,-0.504116865930749,-1.04203143187934,5,0.173038229376258,0.458665815512289,0.149207542435322,-0.61002040982454,-1.28313781402914,5
"T-bar",0.644,0.916265346534653,0.0662842187012672,0.351868297080055,0.854518852023604,7,0.830677290836653,0.956866272189349,0.0540088272801684,0.30699486678193,0.724304916056713,7
"T-tubule",0.101923076923077,0.436532403240324,0.193813302725311,-0.511887328935959,-1.39733475919117,11,0.51844262295082,0.795350241385977,0.0785029047348687,-0.338849450557612,-0.951816360977797,11
"TAP complex",0.634146341463415,0.910789308479815,0.0678338263479455,0.26720959635669,0.888787782989996,21,0.406521739130435,0.726434355828221,0.0952879846194844,-0.299141892309335,-1.02744971405583,21
"TAT protein transport complex",0.178846153846154,0.536538461538462,0.142901149386948,-0.460298301021096,-1.25650856986516,11,0.881147540983607,0.980126308191988,0.0525898950623616,-0.246958329682549,-0.693697387688795,11
"TCR signalosome",0.0821917808219178,0.402036500862097,0.219250346703755,-0.443789535599439,-1.42599638424259,19,0.00523933541079944,0.0654184845718187,0.407017918923954,-0.53582603479443,-1.78385222108589,19
"TORC1 complex",0.0229398036059071,0.211310883215952,0.352487857583619,-0.324421802659874,-1.45745680358943,76,0.311557788944724,0.640498630491513,0.121543282035469,-0.228231971054052,-1.0754602552601,76
"TRAIL death-inducing signaling complex",0.216768916155419,0.584422012223898,0.132846300606183,0.586314152410575,1.24121996271516,5,0.831683168316832,0.956866272189349,0.0536769600638126,0.328821107642837,0.703427945174103,5
"TRAMP complex",0.843373493975904,0.983049920989078,0.0536769600638126,0.199367558497665,0.763555555703491,37,0.0206298166119766,0.153134322107374,0.352487857583619,-0.382400609022209,-1.53888945078329,37
"TRC complex",0.858870967741935,0.983049920989078,0.0530212512043078,-0.193340707024371,-0.76875878539857,43,0.903529411764706,0.985855554066729,0.0578529757032509,-0.178828113289642,-0.737714189263633,43
"TSC1-TSC2 complex",0.737354085603113,0.955891741895444,0.0584693210386381,-0.239325760310695,-0.803539256127116,22,0.0637813211845103,0.276065537777534,0.271288554688953,-0.400977881750904,-1.38383411116234,22
"Taste receptor complex",0.694045174537988,0.938475396914762,0.0639271933359996,0.318233020821854,0.82398820955935,9,0.940828402366864,0.993365477003074,0.0478299633114229,-0.235389662187895,-0.62035796688761,9
"Tectum",0.119521912350598,0.452883706271667,0.181383128498408,-0.600193842053886,-1.3764757880979,7,0.914,0.990511312217195,0.0497903187820785,-0.269934319586512,-0.64994333845144,7
"Terminal bouton",0.123287671232877,0.460777012350276,0.176694268938498,-0.487294736363607,-1.36608752843674,12,0.153526970954357,0.435144491639864,0.161978948883402,-0.45501699866064,-1.30623971647241,12
"Terminal loop",0.106719367588933,0.436532403240324,0.191892240384838,-0.344595753028861,-1.30366829151509,36,0.644646924829157,0.862961436561672,0.0727141077934447,-0.223898408744582,-0.88826081831728,36
"Terminal web",0.390962671905697,0.7608582266477,0.0916795246008379,0.284594114233635,1.03422740256902,30,0.386120996441281,0.70592350112738,0.086794975677172,0.290839368455535,1.04204931530475,30
"Thioglucosidase complex",0.97609561752988,1,0.0466015072985992,-0.240026364183317,-0.550472956658293,7,0.074,0.29133698630137,0.234392647294686,-0.606556988690314,-1.4604577691133,7
"Thrombospondin complex",0.000936558904899325,0.0312984917753565,0.477270815362862,0.323966020547882,1.64112224252806,147,0.435225618631732,0.738645399127774,0.0699458736501659,0.206786032456809,1.00982819045855,147
"Thylakoid",0.0070792125642516,0.100721073810194,0.407017918923954,-0.359308750637044,-1.598398576586,70,0.112531969309463,0.365571337714649,0.213927855492356,-0.27463298258568,-1.26727296074842,70
"Thylakoid light-harvesting complex",0.069811320754717,0.371551362683438,0.234392647294686,-0.567380356292693,-1.50666047193196,10,0.425403225806452,0.731225401296496,0.0883594442500905,-0.379850425938878,-1.03554832255692,10
"Thylakoid lumen",0.33587786259542,0.707707461216449,0.0988903007520636,-0.350145120591493,-1.05873121812641,15,0.0296331140960102,0.17577914598164,0.352487857583619,-0.53226255561773,-1.63513839740395,15
"Thylakoid membrane",0.00448127905853059,0.0785316830135177,0.407017918923954,-0.4572538177759,-1.74629807450168,38,0.02041671722417,0.152819896903171,0.352487857583619,-0.397058629865458,-1.59746061129973,38
"Thylakoid part",0.00233796745727855,0.0524946755642074,0.431707695803346,-0.378813226259683,-1.69355350816495,72,0.0698254364089776,0.282645498928735,0.271288554688953,-0.285356844539645,-1.32816902375555,72
"Tic complex",0.882121807465619,0.988150627999489,0.0506004243853618,-0.182101929302128,-0.746199700520942,50,0.399014778325123,0.717627329728663,0.103958471559957,-0.241610272037293,-1.02618960524369,50
"Toc complex",0.534791252485089,0.855055184403163,0.0753093764172773,-0.24397813390908,-0.951285229898362,40,0.288990825688073,0.61982062166233,0.120433371642259,-0.271323281591695,-1.11056562478611,40
"Transcription export complex 2",0.21301775147929,0.581200813444514,0.131457611642763,-0.419295879875125,-1.21223297018679,13,0.936863543788187,0.992324673119375,0.0494904866135495,-0.205153974561185,-0.607984243831874,13
"Transcriptional preinitiation complex",0.00336210646618359,0.0671020415542476,0.431707695803346,-0.431513432852495,-1.71577805640814,43,0.889411764705882,0.980126308191988,0.0585937568945671,-0.179921963602464,-0.74222661676653,43
"Transcriptional repressor complex",0.869120654396728,0.986513728568798,0.0531298054705469,0.32056099050832,0.678623736184429,5,0.44950495049505,0.746292083976464,0.0843144320642653,0.478145243784544,1.02286841845768,5
"Transferase complex",0.216475095785441,0.584422012223898,0.128142916898415,-0.25442396138791,-1.14136472292299,75,0.103274559193955,0.346515553412105,0.222056046145248,-0.266948832353701,-1.25318495919909,75
"Transferase complex, transferring phosphorus-containing groups",0.503921568627451,0.835349480968858,0.0776798560117236,-0.28822902086189,-0.951763944187874,21,0.35,0.680257542310522,0.104343952581949,-0.312612585799412,-1.07371692212778,21
"Transforming growth factor beta activated kinase 1 complex",0.697341513292434,0.938475396914762,0.0635007968065945,-0.23085092013594,-0.850235670235412,33,0.720454545454545,0.898259068517689,0.0670512579829467,-0.216950865366412,-0.846303726553712,33
"Transforming growth factor beta receptor homodimeric complex",0.0786290322580645,0.399257665564801,0.227987202850442,0.33880161097774,1.37046215767836,47,0.60377358490566,0.83593848512819,0.0778840111977068,-0.215789183523854,-0.91262014898295,47
"Transforming growth factor beta type I receptor homodimeric complex",0.408644400785855,0.774699213627009,0.0891647117820678,0.282036048021486,1.02493127857393,30,0.961363636363636,0.996989339921277,0.053347785067549,-0.177208870157442,-0.667891111483394,30
"Transforming growth factor beta type II receptor homodimeric complex",0.0537848605577689,0.333141571644457,0.276500599254472,0.377601432563407,1.42960182978862,35,0.12589928057554,0.387403139586832,0.166933848713193,0.351043891909485,1.30270336680873,35
"Transforming growth factor beta1-type II receptor complex",0.383817427385892,0.757856886012226,0.0959206777921745,0.384879892132354,1.06594898675574,11,0.165369649805447,0.4475257754622,0.150169802128406,0.466051935476542,1.28951439820345,11
"Translation initiation complex",0.0478927203065134,0.321332737030411,0.287857117255149,-0.309835048112149,-1.3489555118706,66,0.20049504950495,0.491723115302394,0.154190966581424,-0.259310621338022,-1.1782351445685,66
"Translation preinitiation complex",0.460377358490566,0.818765178404633,0.080419996876154,-0.370560450866998,-0.984011479407963,10,0.946640316205534,0.9937119471716,0.0476387259290825,0.223457266081848,0.594821264837084,10
"Translation repressor complex",0.0193182968025746,0.195495721868308,0.352487857583619,-0.641087995369756,-1.62474012428381,9,0.0571992110453649,0.26949267630226,0.266350657088526,-0.565876540908915,-1.4913400068837,9
"Translocon complex",0.77029702970297,0.962858092942057,0.0572461135202884,-0.205313109554446,-0.823865349329966,46,0.836492890995261,0.95798479389216,0.0618406035753285,-0.18642579241847,-0.784582996571169,46
"Transmembrane transporter complex",0.590457256461233,0.880705394190871,0.0702812841717392,-0.235642196299491,-0.918782914226452,40,0.0238480233169415,0.163659781768872,0.352487857583619,-0.386094702452283,-1.58034173086845,40
"Transport vesicle",0.116788321167883,0.449932486644097,0.175204047558551,-0.25328642079977,-1.20978485216198,103,0.000377235494608518,0.0123201683125555,0.49849310876659,-0.353671895126128,-1.76784045516386,103
"Transport vesicle membrane",0.2719836400818,0.646885792340338,0.116739204791222,-0.305686598223039,-1.12585927562731,33,0.075,0.292601882626117,0.248911114434702,-0.35267855633121,-1.3757639362009,33
"Transporter complex",0.590457256461233,0.880705394190871,0.0702812841717392,-0.235642196299491,-0.918782914226452,40,0.0238480233169415,0.163659781768872,0.352487857583619,-0.386094702452283,-1.58034173086845,40
"Tricarboxylic acid cycle enzyme complex",0.113060428849903,0.447028325055941,0.184706471207739,-0.661980291188385,-1.36834198044406,5,0.584158415841584,0.8270301907038,0.070619624712259,0.42102213951886,0.900668270956137,5
"Trichocyst",0.0014470923494735,0.0435527627516305,0.45505986738723,0.771533375928123,1.93452164724181,8,0.131313131313131,0.39725677830941,0.173747838999571,0.559877682230356,1.37969288087879,8
"Tubular endosome",0.367469879518072,0.743568894145476,0.0965629554309422,0.275525927339349,1.05523363051457,37,0.426258992805755,0.73182099481705,0.0819778796501272,0.271659688932022,1.01491792962677,37
"Tubulin complex",0.00456745261542916,0.0790774627514663,0.407017918923954,-0.267108478239701,-1.42138947566035,250,7.79295842158344e-07,7.99891517986815e-05,0.659444398037935,-0.332276633967295,-1.8967196194023,250
"Tubulin folding cofactor complex",0.628336755646817,0.907457203883896,0.0687943095604775,0.3387364515101,0.877076933975819,9,0.264299802761341,0.591586941694778,0.116234148779716,-0.447415893829015,-1.17914275278332,9
"Tubulobulbar complex",0.66403162055336,0.923657011308754,0.0642140881844605,-0.221189119406895,-0.892580801218299,47,0.0231115986589359,0.162800819965151,0.352487857583619,-0.356664154261374,-1.50841153520056,47
"Tumor necrosis factor receptor superfamily complex",0.991701244813278,1,0.0477342401407188,-0.144168723620225,-0.521915967078014,31,0.656179775280899,0.864620938628159,0.0711327399327894,-0.232234590937935,-0.885168517550834,31
"Type I interferon receptor complex",0.629856850715746,0.908151283117646,0.0684714904492087,0.407412659511485,0.862487668035025,5,0.925553319919517,0.992324673119375,0.0494904866135495,-0.285399123631953,-0.600318287265615,5
"Type I terminal bouton",0.87624750499002,0.987059745528305,0.05163559644842,0.222083180740236,0.702173380856855,17,0.127615062761506,0.388522977093823,0.179782316298324,-0.413464176824779,-1.33596546023933,17
"Type II polyketide synthase complex",0.450199203187251,0.817052661925812,0.0845557442441281,-0.442345867610834,-1.01446954978389,7,0.330677290836653,0.661077034097059,0.102449405629826,0.471789414909189,1.11311109577927,7
"Type III intermediate filament",0.00358398524777548,0.0705505041240187,0.431707695803346,0.251082541846156,1.40405651207844,332,0.65625,0.864620938628159,0.0472587336673259,0.174190371216836,0.93509696203298,332
"Type III polyketide synthase complex",0.386503067484663,0.759445161495929,0.0946646223153342,0.504448247423868,1.06791083292958,5,0.110891089108911,0.364646441760881,0.188204146308491,0.641534310701575,1.3723971832905,5
"Type III protein secretion system complex",0.45224171539961,0.817460848614643,0.083129129135339,0.264350605985387,0.996409227469232,33,0.302272727272727,0.633186456400742,0.116739204791222,-0.282254675003521,-1.10104738641743,33
"Type IV pilus",0.567779960707269,0.870050689946494,0.0716527366829457,-0.261385020512764,-0.93078994922804,28,0.614699331848552,0.839840607210626,0.0739901439101341,-0.243863715850698,-0.907366673047127,28
"Type IV secretion system complex",0.0218680520440439,0.207479704358137,0.352487857583619,-0.37475189435697,-1.49008357094382,43,0.00115410201197174,0.025913196737553,0.45505986738723,-0.443656647214253,-1.83020330411349,43
"Type VI protein secretion system complex",0.634249471458774,0.910789308479815,0.0697792517076235,0.330025055552475,0.878677528103297,10,0.116935483870968,0.371058387508354,0.184706471207739,-0.486562927753506,-1.32646797067066,10
"U2AF",0.910179640718563,0.988150627999489,0.0498907356726307,-0.218144057966288,-0.676734965884645,17,0.663179916317992,0.864620938628159,0.0670512579829467,-0.264514113061268,-0.854685214834111,17
"UBC13-UEV1A complex",0.272015655577299,0.646885792340338,0.11378726182188,-0.47975984432088,-1.17184345807146,8,0.502958579881657,0.782465757169806,0.0780892306943345,-0.374878093041516,-0.95278151425607,8
"UDP-N-acetylglucosamine-lysosomal-enzyme N-acetylglucosaminephosphotransferase complex",0.582484725050917,0.878048780487805,0.0721797965581253,0.353724949577278,0.886920246714655,8,0.706114398422091,0.890857234883709,0.0611692626746689,-0.324449142654998,-0.824612457158648,8
"UFD1-NPL4 complex",0.000120583372464875,0.00691368518259144,0.538434096309916,-0.690063952860955,-2.14074318572432,17,0.692468619246862,0.882160820795869,0.0649407684612899,-0.258806648394867,-0.836243530917492,17
"Ubiquitin ligase complex",0.533066132264529,0.855055184403163,0.0758886900606117,-0.279083413817967,-0.937883386790156,23,0.491954022988506,0.778560371517028,0.0875697115548511,-0.283903964461311,-0.993507499249819,23
"Ubisch body",0.190274841437632,0.554614497253301,0.14551614609036,0.470102448974235,1.25162756848414,10,0.950592885375494,0.994179022041183,0.0474483193656297,0.221060859006627,0.588442264894315,10
"Uniplex complex",0.66804979253112,0.926628911068745,0.0662842187012672,0.303102993214627,0.839462739167096,11,0.280737704918033,0.61087008164439,0.114750719227023,-0.411656547174089,-1.1563289716396,11
"Urease complex",0.829317269076305,0.983049920989078,0.0544555953940371,0.218614936157921,0.781614568538282,29,0.215970961887477,0.516389804047096,0.124434168630393,0.332228487003443,1.17303633251669,29
"Uropod",0.320717131474104,0.695128986317175,0.104343952581949,-0.491261504907531,-1.12665195766711,7,0.0309716040574961,0.179460463833153,0.352487857583619,-0.661022984870231,-1.59160008344919,7
"VEGF-A complex",0.00061108773910392,0.0225162328485214,0.477270815362862,0.324351991681338,1.65604964838122,156,0.871345029239766,0.980126308191988,0.0376142599562161,0.165735965468543,0.811635144557416,156
"Vacuolar HOPS complex",0.712,0.945284177289206,0.0614364107201271,0.327583187059942,0.795542000434917,7,0.096,0.338117647058824,0.204294756516886,-0.588931114870728,-1.41801848502755,7
"Vacuolar lumen",0.99031007751938,1,0.0446854397644147,-0.138420949308878,-0.573529366187501,52,0.145320197044335,0.420047277718469,0.183023938384487,-0.29247001852153,-1.25110071249471,52
"Vacuolar membrane",0.150278293135436,0.498231745371334,0.154190966581424,-0.229757778382356,-1.16643140336166,169,0.00105323614330662,0.0252250056321934,0.45505986738723,-0.291186038655299,-1.56957357931158,169
"Vacuolar part",0.573333333333333,0.874607218683652,0.0696133438850965,-0.183036942101471,-0.958134028329067,218,0.000747380446393779,0.0195270127539611,0.477270815362862,-0.274920866397795,-1.52760893894316,218
"Vacuolar transporter chaperone complex",0.913461538461538,0.988150627999489,0.0480220415968251,-0.242204864853514,-0.66116361428309,11,0.15983606557377,0.442153846153846,0.157402899305283,-0.453921988526053,-1.27505113133779,11
"Vacuole",0.31047619047619,0.686638307790921,0.103576326612592,-0.190199533394614,-1.04945964119727,356,1.28612870925487e-05,0.00102675941955514,0.593325476396405,-0.275737879314819,-1.60880662427347,356
"Ventral disc",0.0379544598869628,0.271346063967988,0.321775918075361,-0.630453917001721,-1.53992316572427,8,0.646942800788955,0.863814935245092,0.0653834195468773,-0.342790045240494,-0.871227272114765,8
"Vesicle",0.0286244030106249,0.228625568236979,0.352487857583619,-0.24011975886289,-1.29921122520482,284,0.702508960573477,0.889517069194978,0.0925528864684773,-0.163656390028798,-0.936857425787983,284
"Vesicle coat",0.354901960784314,0.73275016903313,0.0972150808846466,-0.324881651851918,-1.07279496504628,21,0.058695652173913,0.27003479260123,0.276500599254472,-0.415738002489466,-1.42791732873789,21
"Vesicle lumen",2.67639019061759e-08,3.84597270391748e-06,0.73376198835648,0.526794361072604,2.36914637981414,79,5.48157449380697e-07,6.56418545633384e-05,0.659444398037935,0.505818071403165,2.2353699879315,79
"Vesicle membrane",0.0414651395361751,0.28924954132759,0.321775918075361,-0.27007579403381,-1.34944393623932,146,1.40332826208197e-08,6.72194237537266e-06,0.747739663149885,-0.424539592018552,-2.24059458508485,146
"Viral assembly compartment",0.0130003094877351,0.150404541665278,0.380730400722792,-0.55639160322473,-1.69517863767551,16,0.0289924044244793,0.174318347941325,0.352487857583619,-0.512307598962596,-1.60789547759598,16
"Viral integration complex",0.561330561330561,0.870050689946494,0.0751181635276301,-0.260551015832678,-0.945613404515169,32,0.636042402826855,0.854998066288298,0.0609039347452418,0.243448067998466,0.88748892504647,32
"Vitelline envelope",0.790419161676647,0.97673423916287,0.0564118388217596,-0.252399661240661,-0.768995274932082,16,0.14018691588785,0.413652152219386,0.160801401070022,0.428710685679694,1.29610127999638,16
"W chromosome",0.876470588235294,0.987059745528305,0.0508054139066364,-0.230290394107598,-0.680392669869108,14,0.721590909090909,0.898259068517689,0.0582216241124161,0.278528594534519,0.815309069718055,14
"WICH complex",0.281437125748503,0.661906955320129,0.112843355675562,-0.369423126118204,-1.12553494342714,16,0.747663551401869,0.912822874566258,0.0559428593065705,0.264744027444429,0.800388430482204,16
"Weibel-Palade body",0.0694444444444444,0.371551362683438,0.241339976815091,0.345564732038123,1.38267458160625,45,0.310588235294118,0.639982614854641,0.117249716749792,-0.264115795587311,-1.10701155674436,45
"Whole membrane",0.54302103250478,0.862233396363944,0.0725351864394589,-0.17549028192672,-0.973963106128042,385,4.01363737755782e-07,5.24326991959144e-05,0.674962860011025,-0.292616216593704,-1.71906719692489,385
"XPC complex",0.0533596837944664,0.333141571644457,0.276500599254472,-0.486003428623298,-1.52810813355343,18,0.419831223628692,0.728913043478261,0.0916795246008379,-0.307331140851445,-1.01198684927325,18
"XRCC2-RAD51D complex",0.681724845995893,0.938125248059111,0.0647943366000727,0.323213809101335,0.836884768206861,9,0.761341222879684,0.921389479778125,0.057609110864425,-0.294714628457188,-0.7767060202321,9
"Xanthine dehydrogenase complex",0.841004184100418,0.983049920989078,0.0557104226766671,0.238602410316785,0.725902112638623,15,0.0556745182012848,0.266489094016119,0.282013350011725,-0.479144215084898,-1.47195607827423,15
"Xanthophore",0.608,0.893336849838931,0.069119845655101,0.361020336073259,0.876744752791153,7,0.382,0.701065134099617,0.0940503465727813,-0.439441386646913,-1.05807961851063,7
"Xylanosome",0.6553911205074,0.91640523273965,0.0681513438679483,0.324498542065256,0.863963423436759,10,0.157258064516129,0.438795803319762,0.157402899305283,-0.471932653034847,-1.28658291221375,10
"Yolk",0.30241935483871,0.681154565679037,0.108820126769161,0.289251144935964,1.10503208796048,36,0.271758436944938,0.602649496743635,0.107554375265169,0.302536470638307,1.13354294370853,36
"Yolk granule",0.534930139720559,0.855055184403163,0.0755015292281669,0.301048267005622,0.936941809920391,16,0.938317757009346,0.992324673119375,0.0454967810085007,0.213646089060613,0.645906385698462,16
"Yolk plasma",0.894736842105263,0.988150627999489,0.0495901956956338,-0.323220521155099,-0.668110839438371,5,0.0925553319919517,0.33333837612139,0.208955027549354,-0.666632484061125,-1.4022175890886,5
"Z chromosome",0.923387096774194,0.990229297063072,0.0496901392724606,0.202783938556403,0.65037017467081,18,0.515151515151515,0.794284042138119,0.0747385227439092,0.306322537331167,0.960240528156565,18
"Z disc",0.220907297830375,0.58677224950508,0.128788713061714,-0.345347375750517,-1.1902661334242,26,0.07077170032884,0.283283936970872,0.287805130535564,-0.401502520812417,-1.45726804080976,26
"Zona pellucida receptor complex",0.0125957749627789,0.148584877775259,0.380730400722792,-0.752614200635855,-1.65322763117515,6,0.056,0.266489094016119,0.271288554688953,-0.655721533965979,-1.48866421845609,6
"Zymogen granule",0.124282982791587,0.460777012350276,0.173747838999571,-0.632233976353454,-1.38879478781053,6,6.01154111993491e-05,0.00297882227218844,0.557332238758646,-0.891049658870667,-2.02292234632802,6
"Zymogen granule membrane",0.200779727095517,0.564619310834163,0.135002033828631,-0.611819595645412,-1.26465764664538,5,0.00584962303254255,0.0694703165104433,0.407017918923954,-0.820961507477055,-1.72683854038452,5
"[Ni-Fe] hydrogenase complex",0.956087824351297,1,0.0476387259290825,-0.201061504839213,-0.623740806357915,17,0.290794979079498,0.620185610705654,0.11378726182188,-0.349399042960169,-1.1289612967686,17
"acetyl-CoA carboxylase complex",0.757575757575758,0.959996793330127,0.0589694466690997,0.236337067885358,0.823827770696839,26,0.31304347826087,0.641716802083979,0.09754492162472,0.321119827645539,1.11656312164186,26
"actin-based cell projection",0.91907514450867,0.988150627999489,0.0478299633114229,-0.172586966135061,-0.718026548902652,54,0.00373573988948783,0.0542248305171113,0.431707695803346,-0.382218796691958,-1.65573599016489,54
"alpha,alpha-trehalose-phosphate synthase complex (UDP-forming)",0.711656441717791,0.945284177289206,0.0625237414724762,0.378736352601078,0.80178027346199,5,0.0511237268825965,0.252456342028492,0.321775918075361,-0.717955968734739,-1.51017316380684,5
"alpha-1,6-mannosyltransferase complex",0.208413001912046,0.573734643194655,0.130777137971974,-0.572663561760105,-1.25793962280955,6,0.092,0.332170854271357,0.208955027549354,-0.629578132314836,-1.42931166623565,6
"alpha-beta T cell receptor complex",0.715705765407555,0.945284177289206,0.0609039347452418,0.248045042227088,0.847238188615424,23,0.510344827586207,0.788032468150485,0.0855356947987884,-0.281888199997994,-0.98645343392591,23
"aminoacyl-tRNA synthetase multienzyme complex",0.762645914396887,0.962701309082332,0.0568864160475701,-0.234258118407246,-0.786524584575963,22,0.0322047283883226,0.18585620359044,0.321775918075361,-0.441679422564109,-1.52430116213342,22
"ascospore-type prospore",0.131679389312977,0.474243815645985,0.16823816568964,-0.442872663131009,-1.33911080445589,15,0.794432548179872,0.939472560244575,0.059476028695732,-0.253381336234618,-0.778400711622299,15
"bacterial-type flagellum",0.904854368932039,0.988150627999489,0.0488970772260102,-0.254738537487646,-0.645596121042387,9,0.644970414201183,0.862961436561672,0.0655321029282414,-0.329737354836478,-0.869006706377673,9
"bacterial-type flagellum filament",0.908382066276803,0.988150627999489,0.0488970772260102,-0.31425251780594,-0.649573587458575,5,0.929577464788732,0.992324673119375,0.0492917662312669,-0.279517085985495,-0.587945807908928,5
"bacterial-type flagellum hook",0.545988258317025,0.864708873633359,0.0734381410838857,-0.383620980753238,-0.937018264442255,8,0.447731755424063,0.746292083976464,0.0843144320642653,-0.391157356550232,-0.994156514888851,8
"bacterial-type flagellum part",0.607547169811321,0.893336849838931,0.0662842187012672,-0.336942774762993,-0.894740810830238,10,0.457661290322581,0.752470565438843,0.0843144320642653,-0.371576916900398,-1.01299308022626,10
"bacteroid-containing symbiosome",0.226215644820296,0.592116359939463,0.132147260608774,0.442428599692226,1.17794713401073,10,0.276679841897233,0.60547198212034,0.11331290842208,0.440266942089742,1.17194729870119,10
"beta-galactosidase complex",0.50314465408805,0.835349480968858,0.0813027345384498,0.217190430089346,0.969236152608276,74,0.70379746835443,0.889602729408204,0.0736212741014394,-0.189281947157964,-0.882350603305811,74
"calcium- and calmodulin-dependent protein kinase complex",0.80241935483871,0.97673423916287,0.0561766586307176,0.22956312784234,0.756054142127269,20,0.534632034632035,0.802786033193557,0.0797705918628453,-0.282373464354914,-0.951780991833307,20
"carbamoyl-phosphate synthase complex",0.814090019569472,0.97673423916287,0.0541200569620232,-0.295391423301629,-0.721512046212254,8,0.29585798816568,0.627061842174163,0.108820126769161,-0.448418002129064,-1.13968885090572,8
"cell-cell adherens junction",0.000606221039102553,0.0225162328485214,0.477270815362862,-0.309066132000655,-1.57637895133222,181,7.71279549232561e-05,0.00346352722577247,0.538434096309916,-0.319170227647083,-1.73418321451728,181
"cell-cell contact zone",0.595330739299611,0.88377094253465,0.0687943095604775,-0.266405424191853,-0.894459568854796,22,0.592255125284738,0.828367718446602,0.0770736734944102,-0.266510104649362,-0.919765878788153,22
"cell-cell junction",0.0210654388832319,0.204534024832461,0.352487857583619,-0.246071226889152,-1.31280919779323,258,5.28167517380076e-06,0.00047436045154698,0.610526878385931,-0.309584218174188,-1.77451025509656,258
"cell-substrate adherens junction",0.0091010796575248,0.115736738653656,0.380730400722792,-0.431849655194872,-1.6838074459438,40,0.0113532512379121,0.101333056079998,0.380730400722792,-0.408592627677329,-1.67242900858885,40
"cell-substrate junction",0.0091010796575248,0.115736738653656,0.380730400722792,-0.431849655194872,-1.6838074459438,40,0.0113532512379121,0.101333056079998,0.380730400722792,-0.408592627677329,-1.67242900858885,40
"chaperone-mediated autophagy translocation complex",0.500974658869396,0.835349480968858,0.0776798560117236,-0.469634439071712,-0.970754759617527,5,0.00876164727481602,0.0850708590129096,0.380730400722792,-0.80642928467567,-1.6962709654345,5
"chaperonin-containing T-complex",0.000816781804204485,0.0286272061619962,0.477270815362862,-0.79332656277488,-1.93774980066959,8,0.138067061143984,0.408235322765237,0.166933848713193,-0.528510136884351,-1.34324917317745,8
"chromosome, centromeric region",0.235412474849095,0.602233255908113,0.12563992130984,-0.349464833042221,-1.17937792209654,24,0.520642201834862,0.795645342312009,0.0843144320642653,-0.269198201469508,-0.961198666091697,24
"chromosome, telomeric region",0.0480769230769231,0.321332737030411,0.287857117255149,-0.57523216101182,-1.5702515920003,11,0.245901639344262,0.562848671205798,0.12384217120105,-0.424070489988938,-1.19119930669834,11
"cis-Golgi network",0.594704684317719,0.88377094253465,0.0711327399327894,0.31195111177549,0.893954620158629,12,0.192946058091286,0.48303743114491,0.142901149386948,-0.431332398983954,-1.23824716925439,12
"clathrin-coated endocytic vesicle",0.119760479041916,0.452883706271667,0.181383128498408,-0.443452155542803,-1.35108189367065,16,0.586723768736617,0.828367718446602,0.0743625384422526,-0.288747004535545,-0.906242663006031,16
"clathrin-coated endocytic vesicle membrane",0.195266272189349,0.559711121028928,0.138022242496643,-0.431350415916721,-1.24708403057469,13,0.90020366598778,0.985855554066729,0.0513223330421143,-0.22297503924071,-0.660797875917897,13
"clathrin-coated pit",0.85395537525355,0.983049920989078,0.0535669384770951,-0.20317559682016,-0.729046933930725,30,0.55693950177936,0.815375324743751,0.0676760401641789,0.260393483144111,0.932964654204388,30
"clathrin-coated vesicle",0.252988047808765,0.623574313381124,0.119887845115423,-0.274694442544879,-1.10934775854405,48,0.0955710955710956,0.338117647058824,0.222056046145248,-0.30255118859638,-1.28452296601088,48
"clathrin-coated vesicle membrane",0.132295719844358,0.475272373540856,0.169570644405628,-0.391214898352538,-1.31350895114651,22,0.562642369020501,0.81864587106121,0.0797705918628453,-0.27067815230233,-0.934150429112827,22
"cullin-RING ubiquitin ligase complex",0.332681017612524,0.704411764705882,0.100990587455923,-0.387607147601993,-1.08662222420748,12,0.504149377593361,0.782465757169806,0.0806388495950661,-0.334842191520984,-0.961247976675216,12
"cyclic-nucleotide phosphodiesterase complex",0.792899408284024,0.97673423916287,0.0557104226766671,-0.262493473315106,-0.758899045004172,13,0.704500978473581,0.889602729408204,0.0609039347452418,0.28914631066361,0.82444853325248,13
"cyclin-dependent protein kinase activating kinase holoenzyme complex",0.301369863013699,0.681154565679037,0.107140237276725,-0.4574526492767,-1.11735673749681,8,0.666666666666667,0.864620938628159,0.0650877566917313,0.338999337855789,0.835387778271577,8
"cyclin/CDK positive transcription elongation factor complex",0.646706586826347,0.91640523273965,0.065981614400873,0.277326732170321,0.863114121079182,16,0.946466809421842,0.9937119471716,0.0513223330421143,-0.190135576396891,-0.596747216004085,16
"cytoplasmic, membrane-bounded vesicle",0.643162393162393,0.916265346534653,0.0696133438850965,0.166693929636102,0.948628324272523,420,0.00111729296417186,0.0254849204684914,0.45505986738723,-0.234295120538956,-1.38744581963928,420
"follicle-stimulating hormone complex",0.026640324983766,0.226662040543023,0.352487857583619,0.37291749396148,1.50393720316625,46,0.0282549310758176,0.171646905660191,0.352487857583619,0.377762282745321,1.48480343231372,46
"gamma-delta T cell receptor complex",0.742802303262956,0.955891741895444,0.0574877409561325,0.219540195886946,0.823185938826238,32,0.731448763250883,0.902224783512034,0.0543434390269162,0.226607533761351,0.826096827133416,32
"gamma-secretase complex",0.333333333333333,0.704411764705882,0.105520936843198,0.244407562096389,1.07055870356597,69,0.526916802610114,0.796564878228361,0.066132620475844,0.222955842030504,0.96287426041951,69
"glutamate-cysteine ligase complex",0.17102615694165,0.524258914128982,0.150169802128406,-0.373816412723989,-1.2615599121836,24,0.321100917431193,0.651951720595788,0.11331290842208,-0.30914508578733,-1.10383294712035,24
"glutamyl-tRNA(Gln) amidotransferase complex",0.233606557377049,0.602233255908113,0.127505315300183,0.34659822638842,1.16208954609043,22,0.200710479573712,0.491723115302394,0.128142916898415,0.370100718450869,1.23019901367418,22
"glycerol-3-phosphate dehydrogenase complex",0.119047619047619,0.452883706271667,0.181383128498408,-0.338041312780008,-1.28586067900658,37,0.0243196273853044,0.164255414488292,0.352487857583619,-0.375196424850569,-1.50989775264875,37
"haptoglobin-hemoglobin complex",0.00373409846912417,0.070603940791203,0.431707695803346,0.660240194675702,1.89204253540074,12,0.00616065455700049,0.0715656583444421,0.407017918923954,0.659641172026651,1.87180723931476,12
"high-density lipoprotein particle",0.00271838211811021,0.0591865924806723,0.431707695803346,0.538175340930582,1.85456886171223,24,0.00190452672885259,0.0353400001861808,0.45505986738723,0.54747766565258,1.85220342218227,24
"horsetail-astral microtubule array",0.40650406504065,0.774699213627009,0.0913924325943768,0.348772136583479,1.03853111621022,14,0.369318181818182,0.690130334554912,0.0928481214159878,0.369898409438187,1.08276684694885,14
"i-AAA complex",0.374207188160677,0.747893921261324,0.0985499803531691,0.398369396031708,1.06064139763924,10,0.449596774193548,0.746292083976464,0.0852884689790502,-0.37401035211994,-1.01962711190707,10
"interleukin-1 receptor complex",0.519607843137255,0.844887326595945,0.0760837160951725,-0.285369843219623,-0.942322624983444,21,0.540590405904059,0.804170200087094,0.0709609456938284,0.289858181270255,0.948300620642834,21
"interleukin-12 complex",0.0620985010706638,0.356942184154176,0.266350657088526,0.281008897703009,1.33024063337018,98,0.996810207336523,1,0.0353910624222457,0.139618819060529,0.637501954117039,98
"interleukin-12 receptor complex",0.314885496183206,0.688722158318519,0.102821842840815,-0.358003298952219,-1.08249193406628,15,0.63169164882227,0.851596664674616,0.070619624712259,-0.287418650148202,-0.88296511942664,15
"interleukin-13 receptor complex",0.246653919694073,0.616420317565882,0.118815039412263,-0.560867262470957,-1.23202731885096,6,0.725099601593626,0.898259068517689,0.0603786357920401,0.355245341210373,0.794615547451684,6
"interleukin-18 receptor complex",0.98159509202454,1,0.0475434194201301,0.25846159961159,0.54716007743328,5,0.394366197183099,0.711046706840794,0.0925528864684773,-0.514059799896249,-1.0812909819015,5
"interleukin-2 receptor complex",0.197183098591549,0.561093292427834,0.13880510939114,0.294780596237,1.18881927673295,46,0.974137931034483,1,0.0400845633477088,0.162256440944908,0.637752712312017,46
"interleukin-23 complex",0.089171974522293,0.413355249640436,0.219250346703755,0.295129575761361,1.31898304585413,77,0.917627677100494,0.990901886520589,0.0407403526717903,0.17271914153046,0.757144627183566,77
"interleukin-23 receptor complex",0.490759753593429,0.835349480968858,0.0815265143256594,0.375945877024515,0.973421831903676,9,0.276767676767677,0.60547198212034,0.114750719227023,0.450725523633528,1.16412268608328,9
"interleukin-27 complex",0.0813492063492064,0.402036500862097,0.222056046145248,-0.340016820111941,-1.34584438915838,42,0.478571428571429,0.76924736337488,0.0911073131586733,-0.239956276610158,-0.982711624253458,42
"interleukin-3 receptor complex",0.397260273972603,0.766259078790107,0.0905428948469474,-0.367288327664547,-1.02966021653994,12,0.753112033195021,0.91713728110275,0.0605092988656667,-0.275339255815553,-0.790429967471329,12
"interleukin-35 complex",0.735059760956175,0.955891741895444,0.0597317976364411,-0.21184960728849,-0.85555020631889,48,0.212121212121212,0.509729401033749,0.144630528034484,-0.27363820768211,-1.16176890190518,48
"interleukin-4 receptor complex",0.0286267398315155,0.228625568236979,0.352487857583619,-0.576479095520824,-1.57365543662269,11,0.0676229508196721,0.281105323025872,0.248911114434702,-0.526542814884765,-1.47904051530227,11
"interleukin-5 receptor complex",0.464143426294821,0.819378505633486,0.0828962134571565,-0.437860908542633,-1.00418381018539,7,0.074,0.29133698630137,0.234392647294686,-0.606821484456311,-1.46109461759341,7
"interleukin-6 receptor complex",0.686888454011742,0.93826873423467,0.0621124188949471,-0.26403254109878,-0.848396410295437,19,0.808905380333952,0.948121559167935,0.0519512476197082,0.239903081897193,0.766050340343731,19
"interleukin-9 receptor complex",0.23091976516634,0.598974192317746,0.125033367555272,-0.500359704383215,-1.22215990605473,8,0.436363636363636,0.739451114922813,0.0870515867946735,0.403249334363357,0.993717473473656,8
"intermediate-density lipoprotein particle",0.00685966976308565,0.0985734544955408,0.407017918923954,0.442155226469475,1.65790125010016,32,0.222614840989399,0.526773201494861,0.120433371642259,0.323650832172152,1.17986777014254,32
"iron-sulfur cluster assembly complex",0.0513833992094862,0.331111859479962,0.282013350011725,-0.472369400008217,-1.54332037332058,20,0.623376623376623,0.845884993193775,0.0718276293603809,-0.266506077117378,-0.898297646302782,20
"iron-sulfur cluster transfer complex",0.147058823529412,0.494902879184461,0.160801401070022,-0.446938646152815,-1.32047964875824,14,0.89873417721519,0.985111375025345,0.0530212512043078,-0.226736729327887,-0.678567120358955,14
"laminin-1 complex",0.0126683056378277,0.148584877775259,0.380730400722792,0.349093150565386,1.52428161048599,68,0.366013071895425,0.689332613779457,0.0850427463764322,0.24651883348274,1.05819292717391,68
"laminin-10 complex",0.662721893491124,0.923657011308754,0.0642140881844605,-0.250148674823813,-0.862156532438285,26,0.561739130434783,0.81864587106121,0.066132620475844,0.266337566376651,0.926080169837,26
"laminin-11 complex",0.00366688469667993,0.070603940791203,0.431707695803346,0.772250443117118,1.87542488937849,7,0.282868525896414,0.614021256364271,0.112378519110475,0.488571119390367,1.15270482313681,7
"laminin-2 complex",0.151093439363817,0.498231745371334,0.159646701919906,0.371749385464659,1.26977049463309,23,0.622574955908289,0.845595663176003,0.0618406035753285,0.268117013629524,0.902983309345928,23
"laminin-5 complex",0.00559386378872388,0.0873737202651763,0.407017918923954,0.374046976908973,1.62940257869854,66,0.465346534653465,0.761220798680218,0.0949751525905595,-0.220063844422028,-0.999908735743206,66
"laminin-6 complex",0.711500974658869,0.945284177289206,0.0602484086158019,-0.393816332967336,-0.814035445098151,5,0.569416498993964,0.81864587106121,0.0727141077934447,-0.440665010368552,-0.926909868943677,5
"laminin-8 complex",0.103658536585366,0.436532403240324,0.197822021315103,0.412630529189108,1.37248429035619,21,0.433579335793358,0.738215053951487,0.0824344091527096,0.309474238738622,1.01247655450918,21
"light-harvesting complex",0.49601593625498,0.835349480968858,0.0793434960134973,-0.252094104344866,-0.975539037132654,39,0.67379679144385,0.868382053188173,0.0585937568945671,0.229633310052652,0.867315553051894,39
"light-harvesting complex, core complex",0.0480769230769231,0.321332737030411,0.287857117255149,0.392157946327822,1.44417126239506,31,0.242696629213483,0.55800808988764,0.131457611642763,-0.303233240498185,-1.15578181906436,31
"light-harvesting complex, peripheral complex",0.0158940858780413,0.170446279154816,0.352487857583619,-0.468454039623755,-1.64131738058316,27,0.424311926605505,0.730223040158216,0.0959206777921745,-0.273512299188505,-1.00765421479483,27
"low-density lipoprotein particle",0.990566037735849,1,0.0434506826723125,-0.182113099216929,-0.483595536870549,10,0.91699604743083,0.990901886520589,0.0490939668192139,0.241208384485382,0.642072996168995,10
"m-AAA complex",0.74618320610687,0.956467108408137,0.0570059526582387,-0.26526795707396,-0.802088764933771,15,0.665420560747664,0.864620938628159,0.0614364107201271,0.288537500434928,0.856572794489897,15
"mRNA cleavage stimulating factor complex",0.024337330131613,0.217222008690235,0.352487857583619,0.504956302771215,1.59654987433095,17,0.0591603053435115,0.27003479260123,0.257206466468838,0.482727015125818,1.46908095336149,17
"mRNA editing complex",0.264646464646465,0.640230588715437,0.11776578836269,0.325249195307182,1.13375917662156,26,0.772173913043478,0.925449468760199,0.0511147954416412,0.229398601337129,0.79763999715394,26
"membrane-enclosed lumen",0.157116451016636,0.5057875320787,0.150169802128406,-0.225252039997808,-1.1584215909708,187,0.992805755395683,1,0.0306322550486472,0.140350539537817,0.702975632270924,187
"methylcrotonoyl-CoA carboxylase complex",0.514,0.841958813037133,0.0776798560117236,0.387118719165106,0.940125172523151,7,0.408366533864542,0.726434355828221,0.0899860794997137,0.438822152985235,1.03533015393242,7
"micropexophagy-specific membrane apparatus",0.402464065708419,0.77009435742077,0.0925528864684773,0.40617342713971,1.05168883522866,9,0.424242424242424,0.730223040158216,0.0886261133285098,0.395260933643337,1.0208701208383,9
"monolayer-surrounded lipid storage body",0.962075848303393,1,0.0473534245254193,-0.196714528875331,-0.610255448755034,17,0.94979079497908,0.994063636114302,0.0500922874402106,-0.1924535297673,-0.621846541687732,17
"nitric-oxide synthase complex",0.915708812260536,0.988150627999489,0.0477342401407188,-0.171833829709471,-0.741405170698745,63,0.993377483443709,1,0.0373029764832679,0.140773612789383,0.596286830590651,63
"non-membrane-bounded organelle",0.00646367710912591,0.0957557114001436,0.407017918923954,-0.240307151777664,-1.331334895391,370,0.310861423220974,0.639982614854641,0.152144922367565,-0.177810969170807,-1.04193989645501,370
"nucleolus-like body",0.12262156448203,0.460777012350276,0.184706471207739,0.503992512711464,1.34185840681258,10,0.163306451612903,0.446253010770606,0.154190966581424,-0.46353938557672,-1.26370118445064,10
"nucleotide-excision repair factor 2 complex",0.220272904483431,0.58677224950508,0.128142916898415,-0.606101824760681,-1.25283876617374,5,0.174257425742574,0.458665815512289,0.147331213699377,0.606695315986693,1.29786814031057,5
"nucleotide-excision repair factor 3 complex",0.219873150105708,0.58677224950508,0.134273452883202,0.448840763619666,1.19501924491492,10,0.290513833992095,0.620185610705654,0.110122263835536,0.435425729959355,1.15906046815308,10
"piccolo-bassoon transport vesicle",0.0879345603271984,0.412947592124784,0.216542836735348,0.681792999555064,1.44334752625004,5,0.182178217821782,0.471693872089912,0.143758989039275,0.599902630833618,1.28333694250002,5
"plant-type cell wall",0.166666666666667,0.520652173913043,0.155241966228839,0.281826003928152,1.21026792529811,63,0.102649006622517,0.346515553412105,0.178219874951973,0.305555185793036,1.29426623141129,63
"plant-type vacuole",0.98207171314741,1,0.0463227785794633,0.153262686382773,0.59158757951855,38,0.610091743119266,0.83593848512819,0.0758886900606117,-0.227960573108699,-0.917139205849408,38
"plant-type vacuole membrane",0.983402489626556,1,0.0481183992657975,-0.156612441572445,-0.566964400094505,31,0.307865168539326,0.637467214972639,0.114750719227023,-0.287908950535046,-1.0973728672609,31
"plastid-encoded plastid RNA polymerase complex",0.163223140495868,0.515032545109994,0.156312403073186,0.281634564601647,1.22105132064892,64,0.133501259445844,0.40134165235079,0.193813302725311,-0.275367980514925,-1.2312769494588,64
"plastid-encoded plastid RNA polymerase complex A",0.030129199174181,0.229515120262704,0.352487857583619,0.370871359169688,1.4839315295437,45,0.173310225303293,0.458665815512289,0.137250779610133,0.311485619427813,1.21908827560348,45
"plastid-encoded plastid RNA polymerase complex B",0.491769547325103,0.835349480968858,0.0815265143256594,0.231472576829033,0.97032620379598,55,0.0864197530864197,0.319680640696065,0.241339976815091,-0.30056468095294,-1.30437807482814,55
"platelet-derived growth factor complex",0.0130832064774946,0.150404541665278,0.380730400722792,0.30841845286724,1.4736045955434,106,0.347107438016529,0.67869419957332,0.120433371642259,-0.211361138473171,-1.05662026479258,106
"post-anaphase microtubule array",0.00413613254425601,0.0761021431516262,0.407017918923954,0.546781470554758,1.83327259792597,22,0.00332201625885031,0.0502498669891357,0.431707695803346,0.545011034069449,1.81159344775168,22
"pre-B cell receptor complex",0.740740740740741,0.955891741895444,0.0583452776743612,-0.231790097328064,-0.812120471193226,27,0.720183486238532,0.898259068517689,0.0675188953767744,-0.229807729731888,-0.846641003508118,27
"pre-T cell receptor complex",0.935672514619883,0.996709713497978,0.0475434194201301,-0.182621716085774,-0.639849742622018,27,0.378440366972477,0.69720359915314,0.102821842840815,-0.283307347907177,-1.04374042428075,27
"pre-autophagosomal structure",0.0650095602294455,0.359302838652743,0.245041785430996,-0.671774933001167,-1.47565230662677,6,0.2,0.491723115302394,0.137250779610133,-0.560650853638664,-1.27282820774656,6
"pre-primosome complex",0.0547945205479452,0.336030867136021,0.271288554688953,-0.55315831127282,-1.55073021293025,12,0.0850622406639004,0.317492051516948,0.222056046145248,-0.494606653395764,-1.41989168887931,12
"pre-replicative complex",0.0948616600790514,0.4296845684803,0.204294756516886,-0.446438148043989,-1.40370566332635,18,0.784090909090909,0.935052810260279,0.0543434390269162,0.250884681642309,0.786457442229116,18
"preribosome, large subunit precursor",0.027081534800072,0.226662040543023,0.352487857583619,-0.66348727891173,-1.62060922044639,8,0.909090909090909,0.988172190895338,0.0504983044100709,0.267028979723001,0.658032984712849,8
"procollagen-proline 4-dioxygenase complex",0.678776290630975,0.936085920956537,0.0615706755421678,-0.377145891177841,-0.828456342907966,6,0.888,0.980126308191988,0.0511147954416412,-0.281891723708774,-0.639970019020199,6
"protein-DNA complex",0.440776699029126,0.809087076253095,0.0843144320642653,-0.394046378297017,-0.998650678646109,9,0.544378698224852,0.804806779165753,0.0739901439101341,-0.355963279512916,-0.938123850948941,9
"protein-carbohydrate complex",0.0645161290322581,0.359302838652743,0.252961123069611,0.347688704804107,1.40641070510593,47,0.0968858131487889,0.338746748162554,0.188204146308491,0.334659948201411,1.32525002327096,47
"protein-lipid complex",0.0617529880478088,0.356942184154176,0.257206466468838,0.371045408179349,1.4047806727502,35,0.0248896839619367,0.16482246937006,0.352487857583619,0.408915752915934,1.51746246079697,35
"proton-transporting V-type ATPase complex",0.826,0.983049920989078,0.0544555953940371,0.291931494377653,0.708961186657776,7,0.224,0.528256333830104,0.128788713061714,-0.509285875797251,-1.2262500109244,7
"proton-transporting two-sector ATPase complex",0.945010183299389,1,0.0490939668192139,0.236593770440367,0.593228737472129,8,0.211045364891519,0.507993617000188,0.132147260608774,-0.486567954060463,-1.23664988875961,8
"proton-transporting two-sector ATPase complex, catalytic domain",0.302144249512671,0.681154565679037,0.106729884364606,-0.558242534783968,-1.15391153752193,5,0.187122736418511,0.475921012802479,0.142901149386948,-0.602310624739527,-1.2669207881374,5
"pyrophosphate-dependent phosphofructokinase complex",0.81532416502947,0.97673423916287,0.0542315935495841,-0.212727341993789,-0.757520348585338,28,0.0757238307349666,0.292601882626117,0.245041785430996,-0.366107337548643,-1.36221001837368,28
"retromer, cargo-selective complex",0.95112016293279,1,0.0487989701682839,0.233705762466268,0.58598742540759,8,0.315151515151515,0.645117845117845,0.106323255932708,0.45442460887529,1.11982745099564,8
"ribonucleoside-diphosphate reductase complex",0.285714285714286,0.666512059369202,0.11146266692298,-0.280676576254599,-1.11096561398367,42,0.0976190476190476,0.339609264219316,0.222056046145248,-0.323724332015957,-1.32577346431579,42
"senescence-associated heterochromatin focus",0.655577299412916,0.91640523273965,0.064358336791736,-0.304029301993588,-0.852319154588317,12,0.146153846153846,0.420097447795824,0.159646701919906,0.46343602202134,1.31505269495781,12
"serine-type peptidase complex",0.311663479923518,0.686638307790921,0.103576326612592,-0.52079927600448,-1.14401210163081,6,0.00640708073928051,0.0715656583444421,0.407017918923954,-0.749851313243995,-1.702364130757,6
"serine/threonine protein kinase complex",0.144230769230769,0.490039124604261,0.160801401070022,-0.480094392243793,-1.31054734910022,11,0.127049180327869,0.388522977093823,0.178219874951973,-0.468703902042117,-1.31657301401459,11
"serotonin-activated cation-selective channel complex",0.521920668058455,0.844887326595945,0.0791316651768349,0.416175737226006,0.939960292749708,6,0.537848605577689,0.802985790390008,0.0751181635276301,0.419236434247871,0.93775132300549,6
"single-stranded DNA-binding protein complex",0.875,0.987059745528305,0.0521630305460055,0.194707164787015,0.743843779401782,36,0.79498861047836,0.939472560244575,0.0623861492893626,-0.201597879760055,-0.799789059023529,36
"skein-like inclusion",0.58298755186722,0.878048780487805,0.0730744399126987,0.326174627318717,0.903361076021744,11,0.186770428015564,0.475921012802479,0.140406238523342,0.452808508008653,1.25287129235744,11
"spectrin-associated cytoskeleton",0.0301867485940508,0.229515120262704,0.352487857583619,-0.724984749630033,-1.49857492935268,5,0.291750503018109,0.620185610705654,0.11101149245045,-0.553157786871039,-1.163531026221,5
"succinate-CoA ligase complex",0.127490039840637,0.463805537344294,0.175204047558551,-0.593578416112279,-1.3613040668996,7,0.0210946866939669,0.154802238707526,0.352487857583619,-0.683043037163045,-1.64461959694414,7
"sucrase-isomaltase complex",0.723014256619145,0.949912123090442,0.0615706755421678,0.250715393286998,0.813833345764534,19,0.732838589981447,0.902491581033232,0.0565299525056311,0.257558695102843,0.822427642370061,19
"tRNA-intron endonuclease complex",0.512670565302144,0.841958813037133,0.0764767053228531,-0.465392421386901,-0.961986325032422,5,0.150905432595573,0.429408131960077,0.160801401070022,-0.62457231726283,-1.31374679431833,5
"tetraspanin-enriched microdomain",0.00314293501351232,0.0645199659202457,0.431707695803346,-0.827682737169518,-1.71085612492291,5,0.00170632000797592,0.0333675923928111,0.45505986738723,-0.864044449656612,-1.81746067590639,5
"trans-Golgi network",0.74656188605108,0.956467108408137,0.0583452776743612,-0.203346884979124,-0.849784689398339,56,0.404938271604938,0.725556479172439,0.103197466945307,-0.237110819369065,-1.03324577530914,56
"trans-Golgi network membrane",1,1,0.0451344222209097,-0.124531221441915,-0.391555205496778,18,0.983122362869198,1,0.0488970772260102,-0.158650843222986,-0.522409042321484,18
"trans-Golgi network transport vesicle",0.449019607843137,0.817052661925812,0.0838361057159929,-0.333819321641483,-0.986268751615504,14,0.59493670886076,0.829218283834056,0.0728938564822936,-0.301052462479466,-0.900975784325815,14
"trans-Golgi network transport vesicle membrane",0.7151051625239,0.945284177289206,0.0590954798717342,-0.365415215192648,-0.802688190174866,6,0.934,0.992324673119375,0.0487989701682839,-0.261667703795893,-0.594056055183209,6
"triglyceride-rich lipoprotein particle",0.00639429215497057,0.0957557114001436,0.407017918923954,0.571833337659445,1.80799890677289,17,0.0610687022900763,0.27003479260123,0.252961123069611,0.478800604342707,1.45713172509003,17
"very-low-density lipoprotein particle",0.00676390041437069,0.0985734544955408,0.407017918923954,0.570162735725899,1.80271686693613,17,0.0687022900763359,0.281105323025872,0.237793834423688,0.475835095240903,1.44810680458222,17
"voltage-gated calcium channel complex",0.503067484662577,0.835349480968858,0.0799858801499946,0.453302023131799,0.959634895281114,5,0.522772277227723,0.795645342312009,0.0762797180809272,0.448713548048464,0.959906896908682,5
"voltage-gated potassium channel complex",0.860125260960334,0.983049920989078,0.054568064667094,0.301268915961335,0.680435674436304,6,0.557768924302789,0.815375324743751,0.0732558655828455,0.412665539351221,0.923053494097279,6
"voltage-gated sodium channel complex",0.0813008130081301,0.402036500862097,0.224966093540314,0.423684784438727,1.409252756571,21,0.870848708487085,0.980126308191988,0.0483117581055019,0.221458303372892,0.724523439754891,21
