"","logFC.t","AveExpr.t","t.t","P.Value.t","adj.P.Val.t","B.t","-log10_adj_p-val.t","gene","ID","logFC.s","AveExpr.s","t.s","P.Value.s","adj.P.Val.s","B.s","-log10_adj_p-val.s","UniProtID"
"1",3.03495236947651,17.4416625676199,13.1621225366841,1.85529954008755e-08,6.15773917355058e-05,8.75670407156506,4.21057871067263,"Tocil_filtered","Tocil_filtered",-0.0664016526898271,16.2842276734692,-0.471186466468938,0.64627056903609,0.941190003787092,-6.0357310773089,0.0263226940365601,NA
"2",-0.870875574537738,17.7966167457443,-7.05013634325947,1.38834776655316e-05,0.0101693856851084,3.45377336276163,1.99270528125874,"PAFA","sp|Q13093|PAFA_HUMAN",-0.522648307795512,17.5063584494245,-1.69623968297638,0.116562195188351,0.694998681119888,-4.82337840248115,0.158016019557941,"Q13093"
"3",-0.941393919279479,13.8796970904652,-6.94579276864285,1.60553269600967e-05,0.0101693856851084,3.32349835559182,1.99270528125874,"SGTA","sp|O43765|SGTA_HUMAN",-0.306162184400683,13.7773900691526,-1.35330897592393,0.201815832821935,0.755926708752107,-5.27049348686969,0.121520309693936,"O43765"
"4",-1.70282591062629,16.2798625401751,-6.92201001675626,1.65993394009568e-05,0.0101693856851084,3.2935696590279,1.99270528125874,"OR5C1","sp|Q8NGR4|OR5C1_HUMAN",-1.04022807214992,16.1972509435875,-4.85308941021586,0.000440193022588092,0.0981368870043055,0.281892578223381,1.00816772237196,"Q8NGR4"
"5",-3.02730460965926,20.7480996063811,-6.90602366886639,1.69760306676501e-05,0.0101693856851084,3.27340278366947,1.99270528125874,"ZN185","sp|O15231|ZN185_HUMAN",-2.75421335962203,20.7715704470629,-4.59782351679108,0.000674284706607707,0.117786891643736,-0.11141597538526,0.928903038950935,"O15231"
"6",-0.951124646565459,31.7537056891093,-6.75083940168845,2.11438502032386e-05,0.0101693856851084,3.07556456592639,1.99270528125874,"CO4B","sp|P0C0L5|CO4B_HUMAN",-0.917228763598319,31.7637899827418,-7.1170213177062,1.48860128698116e-05,0.0123516691787262,3.30009758053648,1.90827434879086,"P0C0L5"
"7",-0.950400682158224,31.7361044708309,-6.74082241026282,2.1447936063802e-05,0.0101693856851084,3.06266457207882,1.99270528125874,"CO4A","sp|P0C0L4|CO4A_HUMAN",-0.915697391364905,31.7408310516846,-7.12227793996835,1.47811865839873e-05,0.0123516691787262,3.30613386331859,1.90827434879086,"P0C0L4"
"8",-2.10285324093482,17.7338955498743,-6.06245567060618,5.8199051635484e-05,0.0236135589128894,2.15173412760994,1.62683855338083,"STK10","sp|O94804|STK10_HUMAN",-1.58260760225466,17.6777250144727,-2.89924173905449,0.0138031299641315,0.457044243427612,-2.91833216786936,0.340041756721354,"O94804"
"9",-1.07565473380319,15.8649143630479,-5.99970430389975,6.40319464344695e-05,0.0236135589128894,2.06370306598099,1.62683855338083,"ELAP2","sp|A8MWY0|ELAP2_HUMAN",-1.16799702544232,15.7561235756213,-7.53282883658112,8.60106179404657e-06,0.0123516691787262,3.76461668542501,1.90827434879086,"A8MWY0"
"10",-1.29811962963269,14.4037816035422,-5.75495983022326,9.34237849358272e-05,0.0289755844887986,1.71420104676422,1.53796779478802,"MSPD3","sp|O75425|MSPD3_HUMAN",-0.780189618456129,14.4719916043162,-4.84853134705814,0.000443523141025785,0.0981368870043055,0.274959044428653,1.00816772237196,"O75425"
"11",-1.32104583287565,14.0681943763043,-5.70719293754048,0.000100670458515831,0.0289755844887986,1.64484378014717,1.53796779478802,"VP13B","sp|Q7Z7G8|VP13B_HUMAN",-0.37467999427568,14.175719579785,-1.89413266268932,0.0834786553346981,0.632405319477049,-4.53867273071973,0.199004485656633,"Q7Z7G8"
"12",-0.83319703238399,12.8691430692077,-5.66875096478745,0.000106933557654631,0.0289755844887986,1.5887548668849,1.53796779478802,"IF6","sp|P56537|IF6_HUMAN",-0.153058760834812,12.8493033707502,-0.665907864215917,0.518531058454471,0.907970131840623,-5.92417184979402,0.0419284375914184,"P56537"
"13",1.00617025384777,12.8426316334161,5.63096259531835,0.000113492798540037,0.0289755844887986,1.53338387532969,1.53796779478802,"NRAM2","sp|P49281|NRAM2_HUMAN",0.31933904442192,12.6329876444747,1.47028340242081,0.168158760860297,0.730218139886144,-5.12542305190215,0.136547382623484,"P49281"
"14",-0.753041316095378,17.046364205864,-5.56159669099247,0.000126664450336883,0.0300285221905796,1.43113505825649,1.52246604043735,"IF5A2","sp|Q9GZV4|IF5A2_HUMAN / sp|P63241|IF5A1_HUMAN",-0.129728297557891,17.039597688488,-0.850035265747599,0.412556475444232,0.871051343488216,-5.78656350279331,0.0599562450653271,"Q9GZV4"
"15",-1.17373401090578,13.0295782037291,-5.43952988480435,0.000153916783769596,0.0319287363729536,1.24929753635017,1.495818268968,"CENPE","sp|Q02224|CENPE_HUMAN",-1.15936113551594,13.0094103574552,-3.52158759248368,0.00444350552919183,0.315655191169246,-1.86551805846794,0.500787064002967,"Q02224"
"16",-0.939395782564999,10.207731512651,-5.41655851253105,0.000159703493569283,0.0319287363729536,1.2148073590438,1.495818268968,"SQSTM","sp|Q13501|SQSTM_HUMAN",0.0692619812445712,10.018040010568,0.296219804940658,0.772313673378473,0.970950409826952,-6.10445466469686,0.0128029506156658,"Q13501"
"17",0.990654622941242,15.3835179676114,5.4018084450361,0.000163539776541191,0.0319287363729536,1.1926159096419,1.495818268968,"AMER3","sp|Q8N944|AMER3_HUMAN",0.373883210858293,15.6024597237397,2.67039109332928,0.0209633723920682,0.527621436125473,-3.30268530462773,0.27767756831542,"Q8N944"
"18",1.04181107870171,19.6886618373403,5.33965894349886,0.000180803359573191,0.0333381305790789,1.09872568588147,1.47705875669616,"HAIR","sp|O43593|HAIR_HUMAN",0.344730606217148,19.8838385537521,2.2576317889026,0.0441720386666094,0.588783117809143,-3.97816675073157,0.23004465102695,"O43593"
"19",-1.06556136552367,17.5910160589307,-5.28341186906363,0.000198086046237938,0.0346025046033535,1.01321564241374,1.46089246490524,"ZHX3","sp|Q9H4I2|ZHX3_HUMAN",-0.335790419000316,17.4295490354277,-1.40332304615108,0.186793951801014,0.751477728518261,-5.20948501574377,0.124083886035092,"Q9H4I2"
"20",0.536293459720118,24.8374807181041,5.2295660893874,0.000216266605291334,0.0353882200922057,0.930880660803751,1.45114128035691,"A2AP","sp|P08697|A2AP_HUMAN",0.230685585345121,24.8306027485317,2.16003399710342,0.0525298252453436,0.589635363006715,-4.1326203661735,0.229416477831962,"P08697"
"21",1.2634508912641,23.8682126222378,5.18993330252201,0.0002307659211315,0.0353882200922057,0.869982798784002,1.45114128035691,"ECM1","sp|Q16610|ECM1_HUMAN",0.617843799095795,24.0717598249836,3.50336950196751,0.00459216760496525,0.315655191169246,-1.89619576216074,0.500787064002967,"Q16610"
"22",1.08814540963581,14.7846794242106,5.17996619294776,0.000234570907510854,0.0353882200922057,0.854628476739516,1.45114128035691,"RHG21","sp|Q5T5U3|RHG21_HUMAN",0.517134822095185,15.105673593278,2.93355930674416,0.0129635945467837,0.457044243427612,-2.86037249480085,0.340041756721354,"Q5T5U3"
"23",-1.55252737926886,13.039651838094,-5.12548970100435,0.000256566623913257,0.0370236793377434,0.770429252272739,1.43152042413856,"NAA10","sp|P41227|NAA10_HUMAN",-1.43321519474755,12.9647627429978,-4.03560344614217,0.00177694025483116,0.212316393683489,-1.01101669994703,0.673016471159472,"P41227"
"24",-0.646620642261311,15.1412745493434,-5.08729343935741,0.00027327531265989,0.0374428711328319,0.711113459876283,1.42663085679992,"FAK2","sp|Q14289|FAK2_HUMAN",-0.57506386560851,14.8220847160898,-2.80930894970898,0.0162692717704018,0.483041313812467,-3.06988609729362,0.316015723092241,"Q14289"
"25",-0.807554696630753,16.8149870027826,-5.0682393379341,0.000282034280904127,0.0374428711328319,0.68143824466557,1.42663085679992,"NSF1C","sp|Q9UNZ2|NSF1C_HUMAN",-0.0891512799187143,16.7389610677913,-0.588389032076044,0.567583768713832,0.914734232457629,-5.97289416174848,0.0387050678382534,"Q9UNZ2"
"26",-0.89326979978082,14.4449238825385,-5.01369933236037,0.000308774703859923,0.039416278542734,0.596182937746796,1.40432438169659,"CSN3","sp|Q9UNS2|CSN3_HUMAN",-0.0847998179643529,14.365582636375,-0.332546678641259,0.745426141559735,0.965375638139256,-6.09270567760487,0.0153036650731462,"Q9UNS2"
"27",-0.903123186782421,12.9586409435289,-4.96592387224341,0.000334386772997905,0.0400145066922219,0.521122076858429,1.39778253281642,"CSN7B","sp|Q9H9Q2|CSN7B_HUMAN",0.0784637063020969,12.8714732459375,0.249666797596962,0.807224020688153,0.974324183315953,-6.11755471126555,0.0112965178645011,"Q9H9Q2"
"28",-1.08208486921651,15.4231923674651,-4.95820962837837,0.000338727079617034,0.0400145066922219,0.508969038481725,1.39778253281642,"CCD83","sp|Q8IWF9|CCD83_HUMAN",-0.717783298384935,15.5921355568696,-6.17778657182137,5.57183218659581e-05,0.0276469473416633,2.15110638804794,1.55835281466164,"Q8IWF9"
"29",-1.09766403094496,16.1757004081061,-4.91252867657837,0.000365669540303238,0.0400145066922219,0.436815896122256,1.39778253281642,"RD23A","sp|P54725|RD23A_HUMAN",-0.0760699515752329,16.2484029346804,-0.317251795154928,0.756706308787121,0.967217051958264,-6.09781492387208,0.0144760555032612,"P54725"
"30",0.728935184407746,21.9557242754804,4.89798331690944,0.000374712794455135,0.0400145066922219,0.41377449682004,1.39778253281642,"IPSP","sp|P05154|IPSP_HUMAN",0.0799444543436533,22.0434771698653,0.593598237483199,0.564209701441442,0.914734232457629,-5.9697964932989,0.0387050678382534,"P05154"
"31",-1.3033074031117,10.0139545124891,-4.88368644675372,0.000383830294824766,0.0400145066922219,0.39109535070923,1.39778253281642,"PSD10","sp|O75832|PSD10_HUMAN",0.0008075701469666,10.2157734805735,0.00302057467990425,0.997641406747968,0.99998415467369,-6.14980954537199,6.88159230085131e-06,"O75832"
"32",1.18103918162626,23.1438577953423,4.86804086862318,0.000394074923797395,0.0400145066922219,0.366241199678296,1.39778253281642,"F13A","sp|P00488|F13A_HUMAN",0.462686686733499,23.2926549344244,2.57873570650981,0.0247676118435146,0.540813840188322,-3.45511340553803,0.266952202716375,"P00488"
"33",0.974722963767085,30.5367182147254,4.84602364161646,0.000408979585882495,0.0400145066922219,0.331202513234989,1.39778253281642,"FINC","sp|P02751|FINC_HUMAN",0.434731289998464,30.7873163845919,2.94054259942676,0.0127991069801652,0.456776731905034,-2.84857110641999,0.340296027053413,"P02751"
"34",0.662046190353599,14.4808780820135,4.84467638674247,0.000409910583770879,0.0400145066922219,0.329056089152835,1.39778253281642,"DCUP","sp|P06132|DCUP_HUMAN",0.0918225621554583,14.3660601863576,0.30725413369318,0.76411181007389,0.968090739314084,-6.101026969311,0.0140839342861301,"P06132"
"35",0.643689829891118,19.1865564739839,4.81398340616166,0.000431732982122065,0.0409406219332323,0.280082665054165,1.3878455642109,"TFR1","sp|P02786|TFR1_HUMAN",0.355548979221273,19.446648699374,2.28608071584544,0.0419849808352506,0.578208097063057,-3.93268675920659,0.237915830885383,"P02786"
"36",1.32945023298181,12.3067580251169,4.76235104022237,0.00047123103620987,0.0432830160992697,0.197381213992889,1.36368248381576,"ZN738","sp|Q8NE65|ZN738_HUMAN",1.19152246015713,12.4173386683669,4.70479925628616,0.000563331156286854,0.116856006732254,0.054639350449964,0.932348958722126,"Q8NE65"
"37",-1.18967407325245,14.5131022025442,-4.74189568105082,0.000487909125322692,0.0432830160992697,0.164507903690135,1.36368248381576,"RD23B","sp|P54727|RD23B_HUMAN",-0.220299488200674,14.6038225185448,-0.833128554708972,0.421643981258108,0.871380058403275,-5.80044198917958,0.0597923831477007,"P54727"
"38",-0.940397976118505,12.9536398723935,-4.73275878058438,0.000495557279834965,0.0432830160992697,0.1498043200932,1.36368248381576,"KPSH1","sp|P11801|KPSH1_HUMAN",-1.29341382790879,13.1791733032532,-6.74359152839247,2.48134861241162e-05,0.0164711920891883,2.86024258869535,1.78327496798135,"P11801"
"39",-0.538552562852536,15.5661410967332,-4.66768506305071,0.000553786954145273,0.0471286897643118,0.0447318544981172,1.32671463399464,"FAK1","sp|Q05397|FAK1_HUMAN",-0.371809633323441,15.4939011034471,-2.70225993980376,0.0197803315161013,0.519263570737536,-3.24944853547173,0.28461214453882,"Q05397"
"40",-0.617431795610781,13.229363368231,-4.64609988380468,0.000574646662835766,0.0475638094327813,0.00974363785473464,1.32272336958357,"CIAO1","sp|O76071|CIAO1_HUMAN",0.14067123628389,13.3173017841277,0.773786553341408,0.454583070081091,0.88874188491458,-5.8471953989003,0.0512243517788113,"O76071"
"41",-1.01147095752765,16.8405083850554,-4.62963154857153,0.000591112768916322,0.0475638094327813,-0.0169953852246199,1.32272336958357,"RAB32","sp|Q13637|RAB32_HUMAN",-1.03097692050594,16.8629757388409,-4.39207270031344,0.000956888459052434,0.144359672527047,-0.435591726665572,0.840554111787495,"Q13637"
"42",-0.757562142152241,14.4533969013263,-4.61910822036133,0.00060189213503369,0.0475638094327813,-0.0341019686709432,1.32272336958357,"PSD13","sp|Q9UNM6|PSD13_HUMAN",-0.136276409462222,14.4535204203379,-0.541004147497976,0.598770143179345,0.924268458929614,-5.99988865737734,0.0342018672020061,"Q9UNM6"
"43",1.1451865128367,11.2222509468605,4.50734180532028,0.000729895226054665,0.0543038534895054,-0.216747933753497,1.26516935107694,"TSN2","sp|O60636|TSN2_HUMAN",-0.689003942423447,11.4000942744333,-1.63813718393693,0.128289243047373,0.704379028355585,-4.90357923989939,0.152193582865223,"O60636"
"44",0.682907662887448,14.5345547757456,4.50409978443696,0.000734006777745923,0.0543038534895054,-0.222071783031006,1.26516935107694,"EIF3I","sp|Q13347|EIF3I_HUMAN",0.0723799341828554,14.7862806135085,0.503448830609696,0.62409947109787,0.932637418833355,-6.01975534841487,0.0302871639760606,"Q13347"
"45",-0.841070057030504,13.6278747662037,-4.50232485629156,0.000736267974398235,0.0543038534895054,-0.224987069956659,1.26516935107694,"TATD3","sp|Q17R31|TATD3_HUMAN",-0.819623975260587,13.294018239709,-3.69958699037195,0.00322611307627317,0.254939745241682,-1.56696063355225,0.593562452512043,"Q17R31"
"46",1.17527915177184,13.8891707784584,4.4431064416396,0.000816026615151694,0.0579131819599709,-0.322496827470165,1.23722257269928,"SMC1A","sp|Q14683|SMC1A_HUMAN",0.938023738630353,13.7087957283614,3.1442274806503,0.00882084404872153,0.412343399967701,-2.50368133578969,0.384740952429934,"Q14683"
"47",-1.10323756457202,11.6502494773167,-4.42824858230726,0.000837416988062754,0.0579131819599709,-0.347035745518006,1.23722257269928,"AP3D1","sp|O14617|AP3D1_HUMAN",-0.505289319147138,11.4532168847629,-1.41327475319061,0.18391914406688,0.749352192847742,-5.19716155298462,0.125314017466809,"O14617"
"48",-0.747506293736819,15.3719836530749,-4.42815654846509,0.000837551290773909,0.0579131819599709,-0.34718783792388,1.23722257269928,"ORC3","sp|Q9UBD5|ORC3_HUMAN",-1.00406333798583,15.5055965382266,-5.76455018448592,0.000103403546210798,0.03813292998596,1.59963843978578,1.41869982394618,"Q9UBD5"
"49",1.08899279747585,16.471000071647,4.38429480451308,0.000904181089579687,0.0612444293125507,-0.419799325317847,1.21293340784253,"ATIF1","sp|Q9UII2|ATIF1_HUMAN",0.115318183383448,16.7823224256637,0.335085291506795,0.743559775374928,0.965375638139256,-6.0918348354952,0.0153036650731462,"Q9UII2"
"50",0.832042842426532,15.5241236961119,4.34366874989449,0.000970821051618524,0.0623561206435959,-0.48727728429489,1.20512091137104,"KCRU","sp|P12532|KCRU_HUMAN",0.716360032956813,15.486198212441,3.16112947509225,0.00855285901801737,0.405527701154281,-2.47503349824136,0.391979474257897,"P12532"
"51",-0.928927702164527,14.2646042739582,-4.342033024876,0.000973608814145194,0.0623561206435959,-0.489998578545355,1.20512091137104,"CSN5","sp|Q92905|CSN5_HUMAN",-0.221608323749085,14.2409117034531,-1.37267961897663,0.195882995189137,0.752526853111309,-5.24704966206783,0.123477998126165,"Q92905"
"52",0.795304973457211,14.3147949192268,4.34007524812569,0.000976956394536604,0.0623561206435959,-0.493256106026942,1.20512091137104,"EST2","sp|O00748|EST2_HUMAN",0.0642285332946438,14.3669150660349,0.256231071832182,0.802272977821781,0.974083015987548,-6.11584113731788,0.0114040289027625,"O00748"
"53",-1.1583485014359,13.771098652025,-4.31836520421901,0.00101489037739297,0.063555116274854,-0.529411830677781,1.19684948239559,"MYLIP","sp|Q8WY64|MYLIP_HUMAN",-1.28218057956532,13.6644919590418,-6.14686403510415,5.83093194913054e-05,0.0276469473416633,2.11083085876738,1.55835281466164,"Q8WY64"
"54",-0.791499137241895,17.82278656607,-4.29091259212748,0.00106506134237738,0.0654393210947975,-0.57521600428277,1.18416121493442,"UBP5","sp|P45974|UBP5_HUMAN",-0.189635988015899,17.7893644262404,-0.930026947051487,0.371362260955593,0.858243592276221,-5.71762106520492,0.0663894303717343,"P45974"
"55",0.564427475113709,16.8952018346911,4.27052002583135,0.00110399312895536,0.0654393210947975,-0.609301204818268,1.18416121493442,"DHX34","sp|Q14147|DHX34_HUMAN",0.615595405879157,16.9632424273064,3.93380973869656,0.00212620799076042,0.228628441419647,-1.1782038685506,0.640869744267571,"Q14147"
"56",-0.696714994273876,14.8818007644695,-4.26444251331152,0.00111587945317247,0.0654393210947975,-0.619469369037908,1.18416121493442,"CF157","sp|Q5JU67|CF157_HUMAN",-0.681398252904491,14.6464580144806,-5.26097419729551,0.000226897798471029,0.0627561494271122,0.888702990010976,1.20234371157745,"Q5JU67"
"57",0.930528175377591,14.7929696268846,4.25889533264196,0.0011268445541078,0.0654393210947975,-0.62875418756386,1.18416121493442,"CD2AP","sp|Q9Y5K6|CD2AP_HUMAN",0.401024814257426,15.0199777208088,1.34579749883164,0.20415606813073,0.757046932651169,-5.27952061938719,0.120877195850511,"Q9Y5K6"
"58",0.893958301264314,13.8010078578214,4.24542480409824,0.00115393983905299,0.0654393210947975,-0.6513166170907,1.18416121493442,"SIG14","sp|Q08ET2|SIG14_HUMAN / sp|O15389|SIGL5_HUMAN",0.0682719550925182,14.1142946010608,0.371923181053244,0.716674610025231,0.960820446915146,-6.07846929265799,0.0173577634237046,"Q08ET2"
"59",-0.884806883823789,27.4640141971301,-4.24085820245762,0.00116327807911812,0.0654393210947975,-0.658970424516687,1.18416121493442,"CO9","sp|P02748|CO9_HUMAN",-0.574666115533981,27.3969181233886,-3.8286227205608,0.00256233051213028,0.2362326380489,-1.35213538090726,0.626660100180117,"P02748"
"60",-1.79832773083212,7.7668208802659,-4.27981272778349,0.00132157635839281,0.0731051988917624,-0.724166772193593,1.13605173699947,"DSC1","sp|Q08554|DSC1_HUMAN",0.458750286341984,7.87810996004489,0.685690344369784,0.506420397311003,0.906096656967774,-5.91084591247616,0.0428254719162299,"Q08554"
"61",0.872581397003177,16.5950759468852,4.15088653116381,0.00136415382668618,0.0732519473683854,-0.810270758311581,1.13518082530693,"NPA1P","sp|O60287|NPA1P_HUMAN",0.503830593039845,16.1821208429485,1.68976080055184,0.117820975624248,0.697332628869831,-4.83240272494926,0.15656001325975,"O60287"
"62",3.40654771193751,11.1147741257228,4.14914862076306,0.00136837021296773,0.0732519473683854,-0.813202563981082,1.13518082530693,"ACOT8","sp|O14734|ACOT8_HUMAN",1.50050443090784,10.4804794664826,1.99223832856882,0.0704854496856607,0.609740800734631,-4.39165656446674,0.214854743241087,"O14734"
"63",-0.42801851810658,16.982502015792,-4.13927535957877,0.00139258152706188,0.0733647315606093,-0.829864988055247,1.13451266719084,"TRML1","sp|Q86YW5|TRML1_HUMAN",-0.168696820924631,17.1761342979079,-1.17302184286673,0.264379722573693,0.784977866995185,-5.4768338621226,0.105142588321461,"Q86YW5"
"64",-0.820817697709085,15.1816659619182,-4.11996397603171,0.00144122820733718,0.07375093354446,-0.862487267272921,1.13223247798517,"RN123","sp|Q5XPI4|RN123_HUMAN",-0.0834563797918241,15.2510936736106,-0.361652765250907,0.724132127390643,0.962467889002967,-6.0823324376056,0.0166137510261658,"Q5XPI4"
"65",1.00230042968602,16.9587633803032,4.11243708656366,0.00146066250851716,0.07375093354446,-0.875213564056655,1.13223247798517,"CX6B1","sp|P14854|CX6B1_HUMAN",0.578175999596807,17.160436094528,3.11728024023189,0.00926573057479614,0.416618247691116,-2.54935332320714,0.380261712069493,"P14854"
"66",-0.653302717769679,19.3200995998702,-4.11016783245154,0.00146657475562952,0.07375093354446,-0.879051602484877,1.13223247798517,"BPIB1","sp|Q8TDL5|BPIB1_HUMAN",-0.512642045282643,19.3948526550143,-3.30596533799354,0.00656878352194958,0.378766077928184,-2.22964708307464,0.421628923090852,"Q8TDL5"
"67",0.54702020000178,20.7083408577303,4.06713019057304,0.00158351693900277,0.0784431749335851,-0.951948945027955,1.10544483687789,"APOC4","sp|P55056|APOC4_HUMAN",0.0870852180537762,20.4253194214009,0.845447788426388,0.415009195703338,0.871380058403275,-5.79035351683402,0.0597923831477007,"P55056"
"68",-0.630371689039426,15.9229799852542,-4.04862017301583,0.0016367400208377,0.079887354840593,-0.983362707753921,1.09752195857794,"PSMD2","sp|Q13200|PSMD2_HUMAN",-0.0829937922094813,15.8772893595941,-0.443713876560825,0.665436285957943,0.947483068680572,-6.04853329289861,0.0234285420398886,"Q13200"
"69",-0.951986990005501,19.3393011837137,-4.03093602753572,0.00168931685117037,0.0812585888265862,-1.01340864752793,1.09013072409856,"SYUA","sp|P37840|SYUA_HUMAN",0.0361432168436146,19.2808136050929,0.165338128224398,0.871532522299279,0.984888131260234,-6.13564436552201,0.00661309613739763,"P37840"
"70",0.607431663797206,11.7556135713916,3.96216014649428,0.00191095734598851,0.0889620457951835,-1.13056572048041,1.05079523849422,"NAGK","sp|Q9UJ70|NAGK_HUMAN",-0.152148702143587,12.013399081058,-0.696518320760704,0.499863585299933,0.903151205766242,-5.90340026062495,0.0442395339250954,"Q9UJ70"
"71",-0.801846990465054,15.6323896716889,-3.96015154245057,0.00191786415243556,0.0889620457951835,-1.13399439197487,1.05079523849422,"GAPD1","sp|Q14C86|GAPD1_HUMAN",-0.0618127337307604,15.4812694743002,-0.22309383958845,0.827353877215935,0.977505666396101,-6.12404172045789,0.00988071641043172,"Q14C86"
"72",-1.16507705562083,8.68348204191021,-4.01976170612162,0.00204756286320794,0.0930939882600978,-1.13737276629678,1.03107836359186,"PDCD5","sp|O14737|PDCD5_HUMAN",-0.00297260913138745,8.46272379821766,-0.0069369978152302,0.994594360888394,0.999412256672292,-6.09958220285081,0.000255328725228744,"O14737"
"73",-0.676878634213047,14.0378511617136,-3.95667525769384,0.00192987866744598,0.0889620457951835,-1.13992931198656,1.05079523849422,"TNPO1","sp|Q92973|TNPO1_HUMAN",-0.182239535909771,14.0328836334362,-1.13420205795226,0.279671148613534,0.796186179936307,-5.5183066825725,0.0989853650959198,"Q92973"
"74",-0.756561150144538,16.7887735472178,-3.90797229672913,0.00210660695164481,0.0944841685474208,-1.22319949614126,1.02464095433182,"CSN4","sp|Q9BT78|CSN4_HUMAN",0.0138445796882009,16.7874072377529,0.0664679315492678,0.948140410722658,0.988571809281324,-6.14752185869359,0.00499177830587694,"Q9BT78"
"75",0.720980970103504,16.2174205071012,3.8885570136442,0.00218163492729094,0.0946462360126659,-1.25645662058869,1.0238966528194,"ANXA9","sp|O76027|ANXA9_HUMAN",0.192505878496561,16.3154975908928,0.785725661951135,0.447826389065603,0.88223856545983,-5.83803641260329,0.0544139617465481,"O76027"
"76",0.830515760898928,14.4409009652444,3.88646828570227,0.00218986893160387,0.0946462360126659,-1.26003652009875,1.0238966528194,"IBTK","sp|Q9P2D0|IBTK_HUMAN",0.145178102813768,14.4785272276624,0.712325643375859,0.490383870183565,0.901708623345845,-5.89233909010251,0.0449337769994622,"Q9P2D0"
"77",-0.756984586081173,14.0731458514029,-3.88497636084138,0.00219576986230048,0.0946462360126659,-1.26259379157489,1.0238966528194,"SASH3","sp|O75995|SASH3_HUMAN",-0.290918919109335,14.1270273923262,-0.920659555796124,0.376032081514966,0.858429459099652,-5.72597050181033,0.0662953869124561,"O75995"
"78",-0.940568672430399,15.2892250499403,-3.87382880608673,0.00224038276619993,0.0947553776850573,-1.28170785915527,1.02339613299397,"FBX7","sp|Q9Y3I1|FBX7_HUMAN",-0.190659534165436,15.5088842432661,-0.799170221093236,0.440295623665966,0.876629379092586,-5.8275726212321,0.0571839786238945,"Q9Y3I1"
"79",-0.941032665326296,13.3215251682136,-3.87012759877167,0.00225540067403421,0.0947553776850573,-1.28805655493991,1.02339613299397,"CI040","sp|Q8IXQ3|CI040_HUMAN",-0.077059141252734,13.007038994145,-0.187556126875805,0.854474660486804,0.980636721353978,-6.13158664716585,0.00849184800315778,"Q8IXQ3"
"80",-0.436883573171254,16.6701783213925,-3.85681018609129,0.0023102998331106,0.0948636940901963,-1.31090995746429,1.02289996747931,"GPC1","sp|P35052|GPC1_HUMAN",-0.612316417836917,16.5985524712236,-4.34121490542333,0.00104424360656405,0.150688892616786,-0.516657814803922,0.82191875865431,"P35052"
"81",0.921862442354072,14.0114802492188,3.85565103668962,0.00231514288077912,0.0948636940901963,-1.31289985509643,1.02289996747931,"CO4A2","sp|P08572|CO4A2_HUMAN",0.361783450032241,13.985410002184,1.83436370912663,0.0924372938947836,0.650368547620527,-4.62642426228064,0.18684046975891,"P08572"
"82",-0.530223339403281,22.6539690677382,-3.84785269622425,0.00234799794685498,0.0950366486050207,-1.32629020066243,1.02210888715675,"CO8A","sp|P07357|CO8A_HUMAN",-0.290400072625782,22.4521422694553,-2.18346291046207,0.0503963875106031,0.589635363006715,-4.09577578349312,0.229416477831962,"P07357"
"83",-0.432390089296099,15.8666116641075,-3.83740319949733,0.00239277634137521,0.0955149024715175,-1.34424098816213,1.01992886342958,"HS105","sp|Q92598|HS105_HUMAN",0.0526656969235734,15.8709960440077,0.463418594269403,0.651663526808219,0.941197234759129,-6.03942593159811,0.0263193574528965,"Q92598"
"84",-0.468101314665176,17.0524912357806,-3.83174922771439,0.00241737023428969,0.0955149024715175,-1.35395760687748,1.01992886342958,"FAT2","sp|Q9NYQ8|FAT2_HUMAN",-0.844223361398872,16.986773353331,-3.93390573009017,0.00212584711058321,0.228628441419647,-1.17804567018974,0.640869744267571,"Q9NYQ8"
"85",-0.666870672004203,13.5787050693224,-3.79849349600358,0.00256738460149701,0.0994523824544046,-1.41116312320238,1.00238480857365,"CIA2A","sp|Q9H5X1|CIA2A_HUMAN",-0.268841939433106,13.6194318627452,-1.87574204558786,0.0861468154795796,0.636341370309331,-4.56582608448874,0.196309841162635,"Q9H5X1"
"86",0.772588237690548,12.7865492144393,3.7873925600638,0.0026195639754167,0.0994523824544046,-1.43027870336432,1.00238480857365,"SDHB","sp|P21912|SDHB_HUMAN",0.52820097412705,12.970784557867,3.20749326777044,0.00785919651341234,0.397469758249259,-2.3964534859927,0.400695909334819,"P21912"
"87",1.21392916672702,23.3707135979201,3.78374470694065,0.00263694740364659,0.0994523824544046,-1.43656237638398,1.00238480857365,"FIBB","sp|P02675|FIBB_HUMAN",0.892237740549366,23.225881259396,3.65072450232699,0.00352156553925653,0.271815721506801,-1.64868428659452,0.565725427786777,"P02675"
"88",-0.36852957534151,21.8499256050924,-3.77728894382944,0.00266800264837109,0.0994523824544046,-1.44768543932624,1.00238480857365,"CRAC1","sp|Q9NQ79|CRAC1_HUMAN",-0.397866496062041,21.83248606425,-3.55339478682865,0.00419564393158886,0.315655191169246,-1.812005962218,0.500787064002967,"Q9NQ79"
"89",-0.812680971771221,12.9632210328188,-3.77275309191221,0.00269004673871175,0.0994523824544046,-1.45550251457697,1.00238480857365,"ALG3","sp|Q92685|ALG3_HUMAN",-0.577174665652588,13.0475611502091,-2.03848176512071,0.065034864008081,0.609740800734631,-4.32116899207881,0.214854743241087,"Q92685"
"90",0.642509658000985,15.5099898983741,3.77136899074912,0.00269681061190009,0.0994523824544046,-1.45788819020725,1.00238480857365,"CDC5L","sp|Q99459|CDC5L_HUMAN",0.454179380269381,15.3757539961147,2.15822422943348,0.0526981315518904,0.589635363006715,-4.13546002348684,0.229416477831962,"Q99459"
"91",0.688888465685056,14.4802459385014,3.73695029272957,0.00287074616045178,0.103594104981539,-1.51726028912746,0.984664957398027,"CXXC1","sp|Q9P0U4|CXXC1_HUMAN",1.21116897100053,14.4279931430053,2.89852833174216,0.0138211465976573,0.457044243427612,-2.91953639564348,0.340041756721354,"Q9P0U4"
"92",0.618252486442966,20.4789888249398,3.73679721551267,0.00287154494073565,0.103594104981539,-1.51752454504689,0.984664957398027,"ZEP1","sp|P15822|ZEP1_HUMAN",0.273433732550446,20.685095851669,2.03322598810175,0.0656339460669673,0.609740800734631,-4.3292165725129,0.214854743241087,"P15822"
"93",-1.33167694082542,12.0246168870661,-3.72716119308859,0.00292228898543473,0.104027591615069,-1.53416258421674,0.982851455923347,"CSN7A","sp|Q9UBW8|CSN7A_HUMAN",-0.0931271342482247,12.2430772858156,-0.387519122673924,0.705408732365715,0.957324731019672,-6.07240139033388,0.0189407216084595,"Q9UBW8"
"94",0.647292455350351,18.2383154472172,3.72267120251899,0.00294624694541022,0.104027591615069,-1.54191753146353,0.982851455923347,"MTP","sp|P55157|MTP_HUMAN",0.182885064210884,18.0472307075301,0.827693459496106,0.424593484261803,0.872069691618375,-5.80485141071073,0.0594488069528928,"P55157"
"95",1.81118610157672,8.22967126558083,3.90979635340059,0.00363050436636249,0.120496439919571,-1.54914635405545,0.91902578417729,"EMC8","sp|O43402|EMC8_HUMAN",0.345662473488394,8.31493001474104,0.59109457337711,0.568160002467226,0.914734232457629,-5.86490635370403,0.0387050678382534,"O43402"
"96",0.410488264044994,13.357942686804,3.71383301619328,0.00299399663962743,0.104600787862352,-1.557186748955,0.980465044312115,"RL12","sp|P30050|RL12_HUMAN",-0.107116904628721,13.5523382108926,-0.60425514771025,0.557341362098461,0.913137076706219,-5.96337959579122,0.0394640229163576,"P30050"
"97",-0.509202840420067,17.750696826308,-3.70506606541075,0.00304214583156607,0.105092203329276,-1.57233836486771,0.97842950258901,"NP1L4","sp|Q99733|NP1L4_HUMAN",0.0235906961655132,17.8037672258959,0.166230234553262,0.870846237608414,0.984447773372726,-6.13549123220897,0.00680731897499959,"Q99733"
"98",-2.22532809492452,12.0816614267427,-3.69981048124099,0.00307139009428736,0.105092203329276,-1.58142398462169,0.97842950258901,"MUCEN","sp|Q9ULC0|MUCEN_HUMAN",-0.721056052284234,12.8274542047202,-1.3900265913266,0.190693575511319,0.752526853111309,-5.22585587821499,0.123477998126165,"Q9ULC0"
"99",1.16127268570678,23.0670996341326,3.67118736020924,0.00323579655286646,0.109587844479222,-1.63093941157872,0.960237615271047,"FIBG","sp|P02679|FIBG_HUMAN",0.84328964875639,22.9416149950524,3.75122162860049,0.00294147204742911,0.246622133486383,-1.48081666039537,0.607967949558429,"P02679"
"100",0.865573287541773,14.1826078834984,3.66017368117086,0.0033014353744723,0.110681454624985,-1.65000655624016,0.955925141802019,"TEN2","sp|Q9NT68|TEN2_HUMAN",0.535658288360617,14.1933129638711,1.44539648776315,0.174892352324861,0.737165441399294,-5.1569770298828,0.132435032868846,"Q9NT68"
"101",-0.706869930419549,15.8502601575849,-3.58176670515097,0.00380987680820392,0.124478500903717,-1.78596119764835,0.904905650537257,"PSMD4","sp|P55036|PSMD4_HUMAN",0.0119951541900222,15.8115648320939,0.0599776394930793,0.953197315332698,0.989471316190957,-6.1479476213168,0.00459679104883991,"P55036"
"102",-1.60686386188554,14.4757155174751,-3.57953152296999,0.00382549174214497,0.124478500903717,-1.78984206867133,0.904905650537257,"TMX3","sp|Q96JJ7|TMX3_HUMAN",-0.492925629970082,14.8899984031815,-1.35423424532371,0.2015290995479,0.755926708752107,-5.26937903922135,0.121520309693936,"Q96JJ7"
"103",-0.657281971080245,24.1021397172055,-3.56755164528736,0.00391030420487063,0.12600290928122,-1.81064683462913,0.899619427341218,"SAMP","sp|P02743|SAMP_HUMAN",-0.434917095738801,24.1817890728037,-2.55401947979259,0.0259044397823408,0.541810085221108,-3.49602414838734,0.266152915295631,"P02743"
"104",0.408763562654436,19.3523706670844,3.56167396832094,0.00395261554001456,0.12614164401258,-1.82085699011837,0.899141513116451,"ANGL6","sp|Q8NI99|ANGL6_HUMAN",0.223355576241368,19.3496301148352,2.18245599851305,0.0504863632532487,0.589635363006715,-4.0973623962308,0.229416477831962,"Q8NI99"
"105",0.821609746488594,14.4610197034606,3.54794606519725,0.00405326838955596,0.128121883666059,-1.84471063587888,0.892376684902364,"UBTD2","sp|Q8WUN7|UBTD2_HUMAN",0.487200856889293,14.6995959684339,2.50399284798048,0.0283636131069129,0.561815904180584,-3.57854631452048,0.250405970723439,"Q8WUN7"
"106",-0.563716798283351,27.4931020120815,-3.53450212671321,0.0041543756587827,0.12910834721203,-1.86807981560527,0.88904567848545,"ITIH3","sp|Q06033|ITIH3_HUMAN",-0.503179883392158,27.5348868840408,-3.74539670719588,0.00297224626075785,0.246622133486383,-1.49052298592366,0.607967949558429,"Q06033"
"107",-0.810160496403421,14.2464099698589,-3.53346577845199,0.00416227573115011,0.12910834721203,-1.86988162521105,0.88904567848545,"CSN6","sp|Q7L5N1|CSN6_HUMAN",-0.347543423829546,14.3626245653719,-1.30105082180522,0.218563887310494,0.757046932651169,-5.3325441322636,0.120877195850511,"Q7L5N1"
"108",-0.877585137745031,19.2279362544305,-3.52288095340952,0.00424384677248107,0.129665080273268,-1.88828740834917,0.887176966757299,"ACPH","sp|P13798|ACPH_HUMAN",-0.167660988548457,19.1641179884994,-0.668957225457975,0.516653251092727,0.907970131840623,-5.9221411578259,0.0419284375914184,"P13798"
"109",-0.590932857714426,16.6728833984609,-3.52101957139786,0.00425835906893228,0.129665080273268,-1.8915246665315,0.887176966757299,"PRS8","sp|P62195|PRS8_HUMAN",-0.0171625191174123,16.6600142913425,-0.0873251720235831,0.931906696914082,0.986917143285845,-6.14585800778451,0.00571930703070046,"P62195"
"110",-0.848006530281815,12.6267327894575,-3.49625302145343,0.00445633880793033,0.131351775998659,-1.93461239761796,0.881564050771304,"PSMD6","sp|Q15008|PSMD6_HUMAN",0.0779794609062489,12.6446969971537,0.319103609567558,0.755337378119594,0.967217051958264,-6.097208886373,0.0144760555032612,"Q15008"
"111",0.399101012507868,16.2093586067769,3.49414207389047,0.00447364143174695,0.131351775998659,-1.9382861377952,0.881564050771304,"MICA1","sp|Q8TDZ2|MICA1_HUMAN",0.19865979955491,16.2864191256356,1.29039995563686,0.222112821009716,0.757046932651169,-5.34497246816636,0.120877195850511,"Q8TDZ2"
"112",0.348754696365756,17.840572956896,3.49401393825919,0.00447469391142194,0.131351775998659,-1.93850914168242,0.881564050771304,"FGFP2","sp|Q9BYJ0|FGFP2_HUMAN",0.147782481806601,17.9577683985458,1.27585143613064,0.22703588347536,0.759377171347676,-5.36182725358636,0.119542462906989,"Q9BYJ0"
"113",-0.819353794562924,13.2483536661632,-3.49109413605333,0.0044987450656797,0.131351775998659,-1.94359087122123,0.881564050771304,"RL10","sp|P27635|RL10_HUMAN / sp|Q96L21|RL10L_HUMAN",-1.12050566378723,13.4447306269909,-4.03106846030887,0.00179115969362389,0.212316393683489,-1.01843994514293,0.673016471159472,"P27635"
"114",1.23764026934273,13.5796849599213,3.48541120740535,0.00454593516322926,0.131351775998659,-1.95348263786998,0.881564050771304,"NPNT","sp|Q6UXI9|NPNT_HUMAN",0.251287778998668,13.8727484092892,0.478542313949364,0.641183020431493,0.940382874419852,-6.03217783297016,0.0266952885354869,"Q6UXI9"
"115",0.325997549660524,19.0933180289212,3.47658066886198,0.00462026524982735,0.131351775998659,-1.968855712061,0.881564050771304,"CAMP","sp|P49913|CAMP_HUMAN",0.14847429191619,19.0374516530515,1.42568190858103,0.180387104995724,0.744074283000103,-5.1817134105366,0.128383705466685,"P49913"
"116",2.43170592826702,15.9243664211088,3.47543061945522,0.00463003635329314,0.131351775998659,-1.97085805504206,0.881564050771304,"CRY1","sp|Q16526|CRY1_HUMAN",0.7513897820041,15.5447027092898,1.0861359816617,0.299537771147308,0.809428974673681,-5.56812172501299,0.0918212534709299,"Q16526"
"117",0.673237935891064,12.9730731693451,3.47187260068775,0.00466039963388167,0.131351775998659,-1.97705321683018,0.881564050771304,"BASP1","sp|P80723|BASP1_HUMAN",-0.380295683440364,13.1118570632826,-1.38592415865784,0.191910378015714,0.752526853111309,-5.23088490632181,0.123477998126165,"P80723"
"118",-0.861158451877765,12.7255776715354,-3.47076026502081,0.00466993358476701,0.131351775998659,-1.97899009531535,0.881564050771304,"GLOD4","sp|Q9HC38|GLOD4_HUMAN",0.0134427229532366,12.2741920487255,0.0417883168840902,0.967380164460618,0.991579606499318,-6.14890806322355,0.00367241380809858,"Q9HC38"
"119",-0.572099856361449,16.6701875277353,-3.46100289808176,0.00475442088637434,0.132604394301483,-1.99598229380532,0.877442083855346,"F10A1","sp|P50502|F10A1_HUMAN",0.023645422034364,16.736982564825,0.102663578154808,0.919988467528716,0.986613644973353,-6.14434685343378,0.00585288249271538,"P50502"
"120",-0.644034254183124,14.4206688401438,-3.44445158241693,0.00490131033331805,0.133421302184503,-2.02481376959979,0.874774824972717,"PP6R1","sp|Q9UPN7|PP6R1_HUMAN",-0.00646629332431864,14.2498840107109,-0.0359811096687009,0.971910956794446,0.992753437395198,-6.14914241779526,0.00315860052277279,"Q9UPN7"
"121",0.852488701493649,12.0915438216321,3.44420981406336,0.00490348986113889,0.133421302184503,-2.02523498658479,0.874774824972717,"KLK14","sp|Q9P0G3|KLK14_HUMAN",0.251692477408139,12.249076040508,1.23516188005868,0.241273483075663,0.77039683551692,-5.40820976672985,0.113285509788458,"Q9P0G3"
"122",0.537964347102345,13.5135131608572,3.44150436714575,0.0049279466679362,0.133421302184503,-2.029948640749,0.874774824972717,"ITIH5","sp|Q86UX2|ITIH5_HUMAN",0.160751897013571,13.606596169713,0.816170317326244,0.430891929927942,0.872562730586235,-5.81411559986949,0.0592033407950018,"Q86UX2"
"123",0.482650412598639,18.2006560394949,3.43666312151029,0.00497202089711041,0.133421302184503,-2.03838406380317,0.874774824972717,"COR1B","sp|Q9BR76|COR1B_HUMAN",0.14397674887867,18.1166114477068,1.09462939699854,0.295951438862912,0.807673858820119,-5.55944483598342,0.0927639732705794,"Q9BR76"
"124",-0.589035651797455,15.966947560642,-3.43099072383325,0.00502417229889855,0.133421302184503,-2.04826865632459,0.874774824972717,"TXNL1","sp|O43396|TXNL1_HUMAN",0.0420329045615591,16.0006331847877,0.259013961655822,0.800176709763695,0.973599473204371,-6.11510141221607,0.0116196697661764,"O43396"
"125",-0.898603974523042,14.3812070794734,-3.42998882807618,0.00503344126487064,0.133421302184503,-2.0500146433766,0.874774824972717,"PIBF1","sp|Q8WXW3|PIBF1_HUMAN",-1.17653909686299,14.1673776647872,-4.65862983138194,0.000608667546780119,0.117786891643736,-0.0168137342609178,0.928903038950935,"Q8WXW3"
"126",0.911351385514163,17.2082895129211,3.42314937044812,0.00509718225554597,0.133421302184503,-2.06193448381051,0.874774824972717,"TTC3","sp|P53804|TTC3_HUMAN",0.574300723077851,17.4357250884786,1.98173627238702,0.0717810921720247,0.609740800734631,-4.40756193172389,0.214854743241087,"P53804"
"127",0.650849633314649,13.8463715138479,3.42228410831488,0.0051053044222452,0.133421302184503,-2.06344256874767,0.874774824972717,"3HIDH","sp|P31937|3HIDH_HUMAN",0.641890891258654,13.6453566935728,2.19783296648622,0.0491287672647706,0.589635363006715,-4.0731024538553,0.229416477831962,"P31937"
"128",0.74937385468506,15.317057759957,3.40909188836472,0.00523078129150949,0.134620607696482,-2.08643831710448,0.870888453308071,"DP13B","sp|Q8NEU8|DP13B_HUMAN",0.351897041458545,15.2929845760541,1.25350511165904,0.234768924224466,0.766165792444393,-5.38743935685452,0.115677242178419,"Q8NEU8"
"129",-0.966966816142306,13.6450345957301,-3.40893248305745,0.00523231647871233,0.134620607696482,-2.08671621172887,0.870888453308071,"SHOX2","sp|O60902|SHOX2_HUMAN",-1.18439489968433,13.7114031109873,-5.48404646440396,0.00015948741731222,0.0506338333068379,1.20890199575565,1.29555919248304,"O60902"
"130",-0.852454052717599,21.0170380332992,-3.39072402973281,0.00541072428029381,0.136395973774069,-2.11846390466226,0.865198449280069,"ANK1","sp|P16157|ANK1_HUMAN",-0.382076125529935,21.0173892749662,-0.93726786817056,0.367780583270825,0.854052682405479,-5.71111755996272,0.0685153389452927,"P16157"
"131",-0.410247408084382,17.1023642867709,-3.38985921150808,0.00541934993802279,0.136395973774069,-2.11997198884517,0.865198449280069,"PRS10","sp|P62333|PRS10_HUMAN",-0.0735693279868023,17.0500634314615,-0.465390858632542,0.650292278496403,0.941197234759129,-6.03849340026072,0.0263193574528965,"P62333"
"132",0.630759124400467,14.062590588339,3.38933288101814,0.00542460636883914,0.136395973774069,-2.12088982168383,0.865198449280069,"NDUA4","sp|O00483|NDUA4_HUMAN",0.230781325890852,13.6494316770262,0.914917064050103,0.378915066128278,0.859029442950653,-5.73105314201723,0.0659919506136197,"O00483"
"133",0.542983676820132,13.7325545744767,3.3733784823085,0.00558642293697345,0.13778585233574,-2.1487147866504,0.860795372906992,"UB2L3","sp|P68036|UB2L3_HUMAN",0.185371981855928,13.6544442989718,0.864266460729839,0.405009826981853,0.867345430800147,-5.77469196568403,0.0618079050462365,"P68036"
"134",-0.437350260454922,16.4004549409417,-3.37122416331329,0.00560864537595005,0.13778585233574,-2.152472432585,0.860795372906992,"HUWE1","sp|Q7Z6Z7|HUWE1_HUMAN",-0.338261528650111,16.509469395576,-2.82692628971375,0.0157538903432225,0.483041313812467,-3.04024127380109,0.316015723092241,"Q7Z6Z7"
"135",1.15290733281069,11.308542591509,3.37070054953132,0.00561406014729008,0.13778585233574,-2.15338575519873,0.860795372906992,"CAH4","sp|P22748|CAH4_HUMAN",0.263359529110636,11.6020589279707,1.17896966575834,0.262095547801318,0.782271152840982,-5.47038346721083,0.106642684573063,"P22748"
"136",-0.697269892719188,16.0998357352839,-3.36762805930312,0.00564594031866846,0.13778585233574,-2.15874511984905,0.860795372906992,"PRS4","sp|P62191|PRS4_HUMAN",-0.17559437333954,16.066298667666,-0.719930783830625,0.485862329448632,0.900345108808889,-5.88693673080289,0.0455909904241634,"P62191"
"137",-0.437724954365874,15.5754025484009,-3.35917518075134,0.00573459862076154,0.138927976805165,-2.17349054872056,0.857210288829385,"LIPE","sp|Q9Y5X9|LIPE_HUMAN",-0.398078982068084,15.4715510977958,-1.57892929518608,0.141295826373201,0.725371814250508,-4.98355942372975,0.139439323794586,"Q9Y5X9"
"138",-1.02586847130266,13.8044926984921,-3.34909002427041,0.00584222720622114,0.140509797807594,-2.1910852077964,0.852293391165213,"SFI1","sp|A8K8P3|SFI1_HUMAN",-0.661328199775031,13.6521610825626,-2.78845313157748,0.0169010701508586,0.48357458474741,-3.10494906594411,0.31553653244734,"A8K8P3"
"139",0.423032244632883,27.4241290125594,3.31298665129268,0.00624459461542396,0.149106543371166,-2.25408533373568,0.826503297609137,"VWF","sp|P04275|VWF_HUMAN",0.17128662829438,27.327245887638,1.39445029121999,0.18938870192058,0.752526853111309,-5.22042138504161,0.123477998126165,"P04275"
"140",0.543546467912891,19.964710896777,3.2863693501972,0.00655912391127949,0.154419197826214,-2.30054269239679,0.811298707940071,"FBLN5","sp|Q9UBX5|FBLN5_HUMAN",0.32607487373076,19.9597227528177,2.17050352575885,0.0515661099458733,0.589635363006715,-4.11617478246642,0.229416477831962,"Q9UBX5"
"141",-0.901868601317814,14.3355415983691,-3.28525399649852,0.00657264834930994,0.154419197826214,-2.30248954492714,0.811298707940071,"KCNU1","sp|A8MYU2|KCNU1_HUMAN",-1.01229937387154,14.1359304336725,-5.99434876138137,7.31028251318179e-05,0.030328534576563,1.90984697988975,1.51814857355639,"A8MYU2"
"142",0.942742921328368,10.8781432252113,3.28245877094186,0.006606666493318,0.154419197826214,-2.30736865532589,0.811298707940071,"S28A3","sp|Q9HAS3|S28A3_HUMAN",0.143185906631478,10.896955822801,0.513559644174562,0.617228518581353,0.930949474286698,-6.01454062953268,0.0310738889799154,"Q9HAS3"
"143",1.4161035717501,19.6099626958375,3.27793984445533,0.00666203941435729,0.154624537176586,-2.31525661817032,0.810721587294629,"FA20C","sp|Q8IXL6|FA20C_HUMAN",1.16625678474457,19.7674347199891,1.89798075570177,0.082930034685305,0.632405319477049,-4.53297432560278,0.199004485656633,"Q8IXL6"
"144",-1.31449953327715,10.2535542105624,-3.26438240676239,0.00683099925528132,0.157445045335269,-2.33892228244581,0.802871001698822,"DCTN6","sp|O00399|DCTN6_HUMAN",-0.111311693583286,10.74483067554,-0.363052368488753,0.723114081929981,0.962413436307593,-6.08181220132767,0.016638322416434,"O00399"
"145",-0.538580166359443,14.2093078070609,-3.25105587899074,0.00700130415362796,0.159481610053237,-2.36218545016398,0.79728938854948,"TRXR1","sp|Q16881|TRXR1_HUMAN",-0.227534383527214,14.3047978857511,-1.33480156426358,0.207622203489629,0.757046932651169,-5.29267037501101,0.120877195850511,"Q16881"
"146",-0.595783278690952,13.3699845971789,-3.24996288010356,0.00701546100264314,0.159481610053237,-2.36409343220293,0.79728938854948,"PSMD9","sp|O00233|PSMD9_HUMAN",-0.0145150059285056,13.1797417336367,-0.0778290049265528,0.939294282231872,0.988040648929326,-6.14667144955736,0.00522518775796543,"O00233"
"147",-0.746039191258951,15.6541768930796,-3.23778986861718,0.00717509793690691,0.162001020765946,-2.38534311267877,0.790482248965882,"PKH4B","sp|Q96PX9|PKH4B_HUMAN",-0.45227821341421,15.5323469861862,-1.68312094575209,0.119123550802342,0.697332628869831,-4.84163038289039,0.15656001325975,"Q96PX9"
"148",-0.399146126300407,19.9866460692764,-3.20351619738838,0.00764454672215835,0.171434125478673,-2.44517011898603,0.765902723650245,"APOA5","sp|Q6Q788|APOA5_HUMAN",-0.514827415270846,19.9948924979156,-2.76310653491253,0.0177017458849266,0.493715080605641,-3.14751314362465,0.30652360698386,"Q6Q788"
"149",-0.747286269535099,11.8927843994625,-3.18134878149092,0.00796455929104001,0.177411894543368,-2.48386021540595,0.751017266345456,"F1142","sp|Q9NRY5|F1142_HUMAN",-0.445442741729771,11.531246294015,-1.59953168791016,0.136644840818036,0.718424431608244,-4.95593477470349,0.143618906947343,"Q9NRY5"
"150",0.605328594522388,11.5559954929887,3.17746033679908,0.00802207011576411,0.177501671428141,-2.49064637700151,0.750797553095644,"EMC1","sp|Q8N766|EMC1_HUMAN",-0.140055405683472,11.6904619182868,-0.498560459650107,0.62743483839863,0.934255822631249,-6.02224104258397,0.029534186784462,"Q8N766"
"151",-0.544608838790983,15.1036720988238,-3.16690640129798,0.00818028268452615,0.179615925017142,-2.50906419686621,0.74565516076191,"KIF11","sp|P52732|KIF11_HUMAN",0.0436283395200786,15.0650604796513,0.175525369369805,0.863702291172385,0.983382563387846,-6.13384692345465,0.00727749656607012,"P52732"
"152",-0.431067452757328,17.9286777652494,-3.16390436165652,0.00822585736746177,0.179615925017142,-2.51430279759767,0.74565516076191,"TPP2","sp|P29144|TPP2_HUMAN",-0.0202575755762314,17.9180949479635,-0.107417237453444,0.916298776480696,0.986613644973353,-6.14382908153596,0.00585288249271538,"P29144"
"153",2.32876227680503,13.4136695953235,3.15742026444348,0.00832516848827199,0.180596302042972,-2.52561714234894,0.743291146706754,"MAP4","sp|P27816|MAP4_HUMAN",3.09375531260745,13.6458402194927,4.14166371678943,0.00147573123794254,0.188382768412742,-0.838108655779344,0.724958825139299,"P27816"
"154",1.05251243384582,18.1703204635698,3.13920974473889,0.00861058575423245,0.185574896872062,-2.5573893332362,0.73148077212194,"SHIP1","sp|Q92835|SHIP1_HUMAN",0.766045517358967,17.965077937294,1.96132502917522,0.0743626091641431,0.612430520634717,-4.43836279967229,0.212943174255693,"Q92835"
"155",-0.75779374977553,15.5702589466366,-3.12502365673559,0.00883973314096058,0.189284350289343,-2.58213531834414,0.722885291286805,"TTC24","sp|A2A3L6|TTC24_HUMAN",-0.617740222110094,15.6486555245067,-2.33428105205515,0.038514240870602,0.566969009161247,-3.85519780078769,0.246440679234246,"A2A3L6"
"156",-0.535457655266062,16.9343135118222,-3.11943526706252,0.00893167701703538,0.190027153971413,-2.59188234098948,0.721184336008553,"PRS7","sp|P35998|PRS7_HUMAN",-0.223351484644339,16.9550831498336,-1.20907586661345,0.250770288983542,0.775681816529707,-5.43734782429477,0.110316389132545,"P35998"
"157",0.911999287280377,9.58094147855889,3.11540738707145,0.00899854195518591,0.190230323243707,-2.59890711331569,0.720720254129653,"IL16","sp|Q14005|IL16_HUMAN",-1.25475346839263,9.50411942630105,-2.14899967376985,0.0535639573056423,0.589635363006715,-4.14991953009373,0.229416477831962,"Q14005"
"158",-0.750349247406875,13.1948728845944,-3.10342055573144,0.00920052069651493,0.192104066476869,-2.61981008053252,0.716463441854741,"DDX50","sp|Q9BQ39|DDX50_HUMAN",-0.387334589665115,13.2584832435761,-1.96992684544847,0.073264386475629,0.610966077167368,-4.42540071249664,0.213982902536518,"Q9BQ39"
"159",-0.858404758707988,14.6271838538472,-3.09788592470684,0.00929531044445005,0.192104066476869,-2.62946018198966,0.716463441854741,"ANM5","sp|O14744|ANM5_HUMAN",-0.20820749958372,14.7064951456559,-0.724130775930541,0.4833762730528,0.899237641029829,-5.88393085748535,0.0461255223383996,"O14744"
"160",0.404180770262218,17.1991267357809,3.09676069049062,0.00931470160222139,0.192104066476869,-2.6314220154171,0.716463441854741,"MFGM","sp|Q08431|MFGM_HUMAN",0.072346883326558,17.1770508760685,0.416822663571509,0.6844397694938,0.953955901060617,-6.06034528114903,0.0204717011540782,"Q08431"
"161",0.83009538536065,10.354229703442,3.0965291481836,0.00931869680710331,0.192104066476869,-2.63182570225079,0.716463441854741,"JAGN1","sp|Q8N5M9|JAGN1_HUMAN",-0.126751268193297,10.3109945013306,-0.496434340837413,0.628888207980075,0.935514406805715,-6.02331492047299,0.0289495200313719,"Q8N5M9"
"162",-0.855656245653508,13.4934221694615,-3.09298314097657,0.00938009769617618,0.19217619909635,-2.63800785655188,0.716300400440542,"TSN","sp|Q15631|TSN_HUMAN",0.0634354421024775,13.4531754917319,0.318120992551687,0.756063657294913,0.967217051958264,-6.09753089564294,0.0144760555032612,"Q15631"
"163",0.708265235497237,12.2420247498622,3.08962744148903,0.00943857738380546,0.19218796525675,-2.64385787555973,0.716273811184776,"OSTC","sp|Q9NRP0|OSTC_HUMAN",0.449487406343642,12.1868031309769,1.66296669944356,0.123155890467839,0.700299306813659,-4.86950871036913,0.154716303535132,"Q9NRP0"
"164",-0.400095904206526,16.2082050507306,-3.08547179986027,0.00951150520655582,0.192491986466822,-2.6511019561216,0.71558734566551,"MTF1","sp|Q14872|MTF1_HUMAN",-0.694871207441713,15.9156514647664,-2.96859792475782,0.0121590492992992,0.453436905891844,-2.80113735313654,0.343483134908911,"Q14872"
"165",-0.669707579466301,12.9284272961295,-3.08205030076807,0.0095719738476007,0.192541704243556,-2.65706587327259,0.715475188434966,"COBA1","sp|P12107|COBA1_HUMAN",-0.146811556509782,12.8745661304835,-0.902408508536365,0.385248171919437,0.860101831254256,-5.7420297192532,0.065450127670707,"P12107"
"166",1.16904841503654,10.1191825011321,3.07381041722569,0.00971918654665462,0.193100256530987,-2.67142699756086,0.714217149266084,"ACINU","sp|Q9UKV3|ACINU_HUMAN",-0.214879295104546,10.5408153257261,-0.63259417424335,0.539304023598806,0.912613568562101,-5.94579702974925,0.0397130785089623,"Q9UKV3"
"167",1.0598511053971,14.2363767691032,3.07212156234978,0.00974963879521002,0.193100256530987,-2.67437018436938,0.714217149266084,"H2B2C","sp|Q6DN03|H2B2C_HUMAN / sp|Q6DRA6|H2B2D_HUMAN",0.485096427360421,14.6973790116649,1.33367805062051,0.207979066327289,0.757046932651169,-5.29400959153343,0.120877195850511,"Q6DN03"
"168",-0.743010309142731,11.6129772101302,-3.06886912168667,0.00980855444977386,0.193100256530987,-2.68003797063942,0.714217149266084,"KCMF1","sp|Q9P0J7|KCMF1_HUMAN",-0.873789814157522,11.5028756566091,-2.38040979203024,0.0354520791590951,0.564461874265568,-3.78056004553795,0.248365386520688,"Q9P0J7"
"169",0.456942920053187,15.0610084052548,3.06709817009475,0.0098407840050129,0.193100256530987,-2.68312391935509,0.714217149266084,"ANXA2","sp|P07355|ANXA2_HUMAN",0.171816690900496,15.1367251189532,1.01200838678625,0.332237730300784,0.831639201298847,-5.64150755797821,0.0800650473510164,"P07355"
"170",-0.856074882707645,14.8278970656734,-3.06436995114414,0.00989064284732384,0.193100256530987,-2.68787772213554,0.714217149266084,"UBAC1","sp|Q9BSL1|UBAC1_HUMAN",-0.14799415991517,14.9874815355324,-0.579844599376628,0.573141738818772,0.916271872807246,-5.97791956987618,0.0379756449553353,"Q9BSL1"
"171",0.791989852055696,13.5373984275571,3.04866820305513,0.0101825596245282,0.197636932127538,-2.71523194546527,0.704131896183259,"NUP98","sp|P52948|NUP98_HUMAN",0.405482922226139,13.3173934141866,1.98567635658529,0.0712924342882848,0.609740800734631,-4.401599217846,0.214854743241087,"P52948"
"172",-0.751449010807795,10.0411558184173,-3.04485731884468,0.0112400209936981,0.20841133898371,-2.74445211339942,0.681078656178218,"GPC3","sp|P51654|GPC3_HUMAN",0.183888385914783,10.1992306606279,0.412962535024962,0.68718674196293,0.953955901060617,-6.06198217207737,0.0204717011540782,"P51654"
"173",-0.936578597133038,11.9264701599502,-3.03077131912199,0.0105258308876199,0.202944182595413,-2.74639836013334,0.692623393240125,"ARI2","sp|O95376|ARI2_HUMAN",-0.292567713045469,12.1124157500161,-0.982617369574838,0.345904680631605,0.842302006615039,-5.66941585824673,0.0745321646880175,"O95376"
"174",0.425116999992393,22.0932389386753,3.02808791634289,0.0105782897225087,0.202944182595413,-2.75107018162861,0.692623393240125,"HGFA","sp|Q04756|HGFA_HUMAN",0.253676595802657,22.0856195063855,2.50899633408066,0.0281077519543038,0.561815904180584,-3.57031058137199,0.250405970723439,"Q04756"
"175",-0.873352742738055,10.9535980399185,-3.02011173408706,0.0107357694314693,0.204781716914061,-2.76495487129907,0.688708820146309,"DND1","sp|Q8IYX4|DND1_HUMAN",-0.193101474531297,10.8090380285416,-0.905099474181311,0.383879568534282,0.860069392436294,-5.73967931019921,0.0654665074350563,"Q8IYX4"
"176",-0.488398771599576,15.2803288511039,-3.01607886021002,0.0108162844606986,0.205138560714621,-2.77197406698974,0.687952695889522,"NSF","sp|P46459|NSF_HUMAN",-0.167901868636689,15.2602184384734,-1.53491872214179,0.151694408407238,0.728883053370811,-5.04181261598248,0.137342147059245,"P46459"
"177",-0.908679351904667,9.15425105619217,-3.02503878587119,0.0116436343845806,0.2088930947158,-2.77755426397162,0.680075916057942,"GOT1B","sp|Q9Y3E0|GOT1B_HUMAN",0.0708573908835865,9.02670058946989,0.091969068720162,0.928296333102665,0.9867756198111,-6.14542620007709,0.00578158912991695,"Q9Y3E0"
"178",0.359977786134494,15.0292318139183,3.01251105151426,0.010888018212608,0.205325752543444,-2.77818318457152,0.687556576756506,"STEA3","sp|Q658P3|STEA3_HUMAN",0.13158617943815,15.0197386372558,1.05082884217658,0.314798332168443,0.816736289063895,-5.60360429791185,0.0879181474969977,"Q658P3"
"179",-0.643725867639019,13.2572507028704,-3.00638083696117,0.0110123844937621,0.206154014197012,-2.78885027870942,0.685808204269664,"GLRX3","sp|O76003|GLRX3_HUMAN",-0.272402244465715,12.9064709581315,-1.17341207841651,0.264229382851224,0.784977866995185,-5.47641142912737,0.105142588321461,"O76003"
"180",-0.499284754535436,23.6472254138481,-3.00423925004259,0.0110561658713673,0.206154014197012,-2.79257639052363,0.685808204269664,"CO5","sp|P01031|CO5_HUMAN",-0.349936581040209,23.6050503703544,-2.65214090827791,0.0216719717538,0.531167334890038,-3.33312025345174,0.274768640554956,"P01031"
"181",-1.04530131599114,12.4282558179759,-2.99192262823022,0.011311360184893,0.208568913631443,-2.81400140481052,0.680750420954478,"NU160","sp|Q12769|NU160_HUMAN",-1.41461605229689,12.4505979344509,-4.44352238114038,0.000876242735217486,0.138488078008897,-0.353952798730053,0.858587611998859,"Q12769"
"182",-0.59779965177606,11.9771141385474,-2.98282380858942,0.0115036571418238,0.2088930947158,-2.82982391973954,0.680075916057942,"IKKB","sp|O14920|IKKB_HUMAN",0.164781106294492,11.7510127238837,0.477151189006711,0.642143714889131,0.940765473701383,-6.03285386710106,0.0265186296779271,"O14920"
"183",0.523890656731929,12.2480545424117,2.98246451699508,0.0115113171910842,0.2088930947158,-2.83044862353767,0.680075916057942,"TNR18","sp|Q9Y5U5|TNR18_HUMAN",0.318257648997757,11.9858125336935,1.05968893450624,0.310915249474867,0.813567297890723,-5.59478976361306,0.089606516613139,"Q9Y5U5"
"184",-0.510203943258654,17.5986851699874,-2.97934301356134,0.0115780820532754,0.2088930947158,-2.83587571534988,0.680075916057942,"S10A8","sp|P05109|S10A8_HUMAN",-0.465536300116641,17.8298252474964,-3.83212076076465,0.00254643542489002,0.2362326380489,-1.34633322632048,0.626660100180117,"P05109"
"185",0.607333821168744,13.9096214861704,2.97803162344278,0.0116062462342364,0.2088930947158,-2.83815555774052,0.680075916057942,"ODPB","sp|P11177|ODPB_HUMAN",0.0370802002220385,13.9241650178955,0.270691908275253,0.791398034587716,0.972723403089688,-6.11191124676529,0.0120106351572695,"P11177"
"186",-0.409488774886298,15.8773275247189,-2.97224515021694,0.0117313393134117,0.209335027855986,-2.84821415548982,0.679158095446517,"HCD2","sp|Q99714|HCD2_HUMAN",-0.29339972367759,15.9700562763191,-2.15734838666881,0.0527797669440884,0.589635363006715,-4.13683395090966,0.229416477831962,"Q99714"
"187",-0.484126032239805,14.6130459757263,-2.96862857718277,0.0118102059070564,0.20961536580492,-2.85449986470926,0.678576884666894,"CSN2","sp|P61201|CSN2_HUMAN",0.0756398584302341,14.5446424567945,0.374049060152437,0.715134763868019,0.960820446915146,-6.07765647665374,0.0173577634237046,"P61201"
"188",-0.602094522808376,14.0192298850609,-2.96436062789657,0.0119039583035285,0.209804553583166,-2.86191671550629,0.678185090143504,"IPO5","sp|O00410|IPO5_HUMAN",-0.112333554734378,14.0043173017917,-0.790941253009884,0.444895140671777,0.881285071958494,-5.83399596784461,0.0548835863069743,"O00410"
"189",-0.452485811691066,16.2766803420597,-2.96239926839346,0.0119472915417953,0.209804553583166,-2.8653248134142,0.678185090143504,"ADDA","sp|P35611|ADDA_HUMAN",0.0633915423878404,16.4181256939173,0.339994497181784,0.739955423493801,0.965162287770973,-6.09013238369736,0.0153996558193429,"P35611"
"190",0.311235706036949,26.1981323575626,2.95120996130554,0.0121975301975381,0.213071593292785,-2.88476318655957,0.671474446571731,"APOE","sp|P02649|APOE_HUMAN",0.117362999369336,26.2647690158845,1.0591918567464,0.311132149719516,0.813567297890723,-5.5952858828412,0.089606516613139,"P02649"
"191",0.395092578390584,14.0864107197464,2.94715276235591,0.0122895518780447,0.213555092582358,-2.89180957665327,0.670490067627249,"PKDCC","sp|Q504Y2|PKDCC_HUMAN",0.184545168424529,14.1595789748342,1.29436164308189,0.220787333501508,0.757046932651169,-5.34035839122035,0.120877195850511,"Q504Y2"
"192",-1.2280935033858,12.6676218655352,-2.94117971683751,0.0124262885885591,0.213750427673218,-2.90218145890086,0.670093007659753,"MEP50","sp|Q9BQA1|MEP50_HUMAN",-0.288329339231108,12.8227751953992,-0.700266863245168,0.497605630602323,0.903151205766242,-5.90079774814741,0.0442395339250954,"Q9BQA1"
"193",-0.439949287755162,16.4744089959144,-2.93819515601966,0.0124951793767204,0.213750427673218,-2.907363141646,0.670093007659753,"LAMA4","sp|Q16363|LAMA4_HUMAN",-0.415851017350675,16.4818624228934,-3.70047859696856,0.00322096502817765,0.254939745241682,-1.56547120449046,0.593562452512043,"Q16363"
"194",0.699717230719438,10.1325772161913,2.93740522510544,0.0125134765110199,0.213750427673218,-2.90873449401355,0.670093007659753,"RS14","sp|P62263|RS14_HUMAN",-0.384944187929188,10.0269693543925,-1.35959514992052,0.19987441999936,0.754702161522043,-5.26291139308426,0.122224406155744,"P62263"
"195",-0.441966482209744,17.5508413021775,-2.93521556452481,0.0125643352813956,0.213750427673218,-2.91253562248489,0.670093007659753,"2AAA","sp|P30153|2AAA_HUMAN",-0.14727298099718,17.5256211718846,-1.04617038029346,0.316854424040487,0.818540260268464,-5.60821454748963,0.0869599547585425,"P30153"
"196",1.01740437807242,16.5731438550203,2.9327091924355,0.0126228032009493,0.213750427673218,-2.91688615975823,0.670093007659753,"NLRX1","sp|Q86UT6|NLRX1_HUMAN",0.637231498829567,16.9185052969996,2.53716767091017,0.0267086313184537,0.541810085221108,-3.52386576362136,0.266152915295631,"Q86UT6"
"197",-0.375875718972236,24.1972051980841,-2.91806629334266,0.0129698482129046,0.218180349841832,-2.94229476841534,0.661184366211241,"FHR4","sp|Q92496|FHR4_HUMAN",-0.272229571268115,24.0900965225984,-2.58018585172715,0.0247024505129093,0.540813840188322,-3.45271037501426,0.266952202716375,"Q92496"
"198",0.357318367213585,15.8178253776919,2.91615054035432,0.0130159502352897,0.218180349841832,-2.94561793079117,0.661184366211241,"ICAM1","sp|P05362|ICAM1_HUMAN",0.308836650751508,15.987036315808,2.03565845902309,0.0653560423997238,0.609740800734631,-4.32549314199452,0.214854743241087,"P05362"
"199",0.492231073831898,13.649905891472,2.91343338256232,0.0130816178422792,0.218180349841832,-2.95033081043802,0.661184366211241,"MELT","sp|Q14D04|MELT_HUMAN",0.311661547655225,13.6540475736745,1.57458357687533,0.142294299409647,0.726283329837963,-4.9893577855865,0.138893923954356,"Q14D04"
"200",0.404552267069118,15.9460743732731,2.88745140487478,0.0137264366545935,0.227790216282979,-2.99536927002613,0.642464933046919,"ABCA1","sp|O95477|ABCA1_HUMAN",0.364966079670246,15.4355570625237,1.99382109751001,0.0702920759100326,0.609740800734631,-4.38925610875064,0.214854743241087,"O95477"
"201",-1.04377173207535,9.47646101831202,-2.87474504761483,0.0140531967115788,0.228760386006789,-3.01737649022957,0.640619179302857,"RWDD1","sp|Q9H446|RWDD1_HUMAN",-0.29736588044474,9.80841759048727,-0.932353304075393,0.370208875302158,0.85685024904314,-5.71553631707197,0.0670950727057824,"Q9H446"
"202",-0.452273168771454,13.6130926535219,-2.87454695105356,0.0140583517532844,0.228760386006789,-3.01771948965564,0.640619179302857,"PITH1","sp|Q9GZP4|PITH1_HUMAN",0.321352165511078,13.5645090981642,2.02264636647163,0.0668555124023992,0.609740800734631,-4.34538803321057,0.214854743241087,"Q9GZP4"
"203",0.657725822053047,24.8262145924669,2.87234604828347,0.0141157521443605,0.228760386006789,-3.02153008824362,0.640619179302857,"FIBA","sp|P02671|FIBA_HUMAN",0.474520827220897,24.7046499995227,3.22796360189332,0.00757130654851188,0.397469758249259,-2.36176454913705,0.400695909334819,"P02671"
"204",-0.813673264863648,15.4394119839431,-2.87140409026826,0.0141403898834763,0.228760386006789,-3.02316085628931,0.640619179302857,"PSMD5","sp|Q16401|PSMD5_HUMAN",-0.232430108111586,15.3406994574543,-0.920913935499052,0.375904727580753,0.858429459099652,-5.72574472146324,0.0662953869124561,"Q16401"
"205",0.644073206173023,21.2102103755146,2.87016550567109,0.0141728511943806,0.228760386006789,-3.02530505104559,0.640619179302857,"DEF3","sp|P59666|DEF3_HUMAN",-0.0952452849546985,21.7168728559729,-0.504160858167137,0.62361437587739,0.932637418833355,-6.01939135540901,0.0302871639760606,"P59666"
"206",1.24660662832459,18.1772393317957,2.86861836217125,0.014213503363177,0.228760386006789,-3.0279832375596,0.640619179302857,"H2A2B","sp|Q8IUE6|H2A2B_HUMAN",0.228914444402401,19.0396173337082,0.729369253036951,0.480286515059438,0.899237641029829,-5.88015948458913,0.0461255223383996,"Q8IUE6"
"207",0.452952713738072,17.9758152860309,2.86657507255353,0.014267369660562,0.228760386006789,-3.03151998013565,0.640619179302857,"ITA5","sp|P08648|ITA5_HUMAN",0.267964712436677,17.8731496642884,2.12879804109922,0.055507265146754,0.59071324196055,-4.1814998008651,0.228623293496481,"P08648"
"208",-0.775609975490233,11.8999499579315,-2.85495879889372,0.0145774795880325,0.230731081354445,-3.05162009553628,0.636893898536954,"HYDIN","sp|Q4G0P3|HYDIN_HUMAN",0.0188327851862422,10.8861173270338,0.056325797037783,0.956043599656284,0.989471316190957,-6.14816797923948,0.00459679104883991,"Q4G0P3"
"209",0.530655599553512,15.9487402427063,2.85307503431551,0.0146283957389324,0.230731081354445,-3.05487858229423,0.636893898536954,"PLCH1","sp|Q4KWH8|PLCH1_HUMAN",0.38769754215827,15.9646380555369,3.49306275470985,0.00467851375701898,0.315655191169246,-1.91355998661782,0.500787064002967,"Q4KWH8"
"210",1.27181177574945,18.5500809260961,2.85081576791204,0.0146896941865648,0.230731081354445,-3.05878620289698,0.636893898536954,"H2AZ","sp|P0C0S5|H2AZ_HUMAN / sp|Q71UI9|H2AV_HUMAN",0.229148919253945,19.4506305460657,0.7100384318103,0.491748708543594,0.902218885382084,-5.89395359268372,0.0446880864254218,"P0C0S5"
"211",-0.438239557104816,16.0066990336428,-2.84915036347661,0.0147350431414381,0.230731081354445,-3.06166640108054,0.636893898536954,"PURA","sp|Q00577|PURA_HUMAN",-0.173162747160968,15.9293322941342,-0.868534416376673,0.402764916962965,0.867111174600625,-5.77109812099593,0.0619252169179849,"Q00577"
"212",0.690971602194574,18.1160163727906,2.8489310098792,0.0147410264855622,0.230731081354445,-3.06204573966846,0.636893898536954,"apoE_E4","apoE_E4",0.652710011048337,17.1569614888725,3.12589856777315,0.00912103824356727,0.416618247691116,-2.53474684397671,0.380261712069493,NA
"213",-0.588840150849804,12.0689197871557,-2.84650406260436,0.0148073878663744,0.230731081354445,-3.06624249691222,0.636893898536954,"RL24","sp|P83731|RL24_HUMAN",0.155021872878693,12.2918777084173,1.4258181223105,0.180348646858669,0.744074283000103,-5.18154329630573,0.128383705466685,"P83731"
"214",-0.809060853770533,23.5796714298896,-2.83976356201563,0.0149932561851984,0.231729984994554,-3.07789569485121,0.635017766490048,"HBG1","sp|P69891|HBG1_HUMAN",-0.0670636282766477,23.8041297881083,-0.218170950014772,0.831097771413694,0.977505666396101,-6.12516417916442,0.00988071641043172,"P69891"
"215",-0.80857050474687,23.5800347229595,-2.83770636060392,0.0150504428705795,0.231729984994554,-3.0814514532238,0.635017766490048,"HBG2","sp|P69892|HBG2_HUMAN",-0.0676801142285431,23.8053357323364,-0.220250194513427,0.829515954094547,0.977505666396101,-6.12469312300918,0.00988071641043172,"P69892"
"216",-0.796616610891707,23.8176201837827,-2.8347705218599,0.0151324290478687,0.231729984994554,-3.0865252332526,0.635017766490048,"HBA","sp|P69905|HBA_HUMAN",-0.0831917694436012,24.119533818429,-0.287814083830161,0.778581164620016,0.972583004796852,-6.10698300796912,0.0120733236917914,"P69905"
"217",0.627337050181605,21.2570582663066,2.83139783381267,0.0152271614766269,0.231729984994554,-3.0923530286743,0.635017766490048,"DEF1","sp|P59665|DEF1_HUMAN",-0.0952921005371693,21.7465350225477,-0.513779099166765,0.617079801939753,0.930949474286698,-6.01442634759379,0.0310738889799154,"P59665"
"218",0.404332564468659,15.2651741499967,2.83045764314502,0.0152536743106405,0.231729984994554,-3.0939774361058,0.635017766490048,"IDHC","sp|O75874|IDHC_HUMAN",0.0447137255321593,15.123029862549,0.465048697006354,0.650530075761114,0.941197234759129,-6.03865545509259,0.0263193574528965,"O75874"
"219",0.315864498411667,13.335797134627,2.82594717511853,0.0153815047393834,0.231729984994554,-3.10176924111153,0.635017766490048,"LKHA4","sp|P09960|LKHA4_HUMAN",0.163734718590325,13.4735627405308,0.905088278601194,0.383885255518723,0.860069392436294,-5.73968910140806,0.0654665074350563,"P09960"
"220",-0.956051586065087,20.5326756549751,-2.8242964204787,0.0154285534764925,0.231729984994554,-3.1046204418485,0.635017766490048,"SAA1","sp|P0DJI8|SAA1_HUMAN",-0.416880866352093,20.2507806537775,-1.58189420183712,0.140618113836924,0.724922900959771,-4.9795976945324,0.139708180281757,"P0DJI8"
"221",-0.650184984222295,11.471549978383,-2.82424409308545,0.0154300472081339,0.231729984994554,-3.10471081815161,0.635017766490048,"DOCK8","sp|Q8NF50|DOCK8_HUMAN",-0.56923661062194,11.7648197627561,-3.03180610213616,0.0108320285285295,0.431567304626761,-2.6941634538366,0.364951464726011,"Q8NF50"
"222",0.450937090086824,15.0531556445761,2.82055923798962,0.0155355958756968,0.232264156357828,-3.11107440869076,0.634017806545406,"ILRL1","sp|Q01638|ILRL1_HUMAN",0.0265198963480595,14.8201439992016,0.135050559702812,0.89489367578606,0.986613644973353,-6.14035643664161,0.00585288249271538,"Q01638"
"223",-0.452197037826806,19.0444999568647,-2.81729344835061,0.015629738750184,0.232623779873814,-3.11671322940996,0.633345891756757,"UBB","sp|P0CG47|UBB_HUMAN / sp|P0CG48|UBC_HUMAN / sp|P62979|RS27A_HUMAN / sp|P62987|RL40_HUMAN",-0.184416123843038,19.0551497380652,-1.00758852771245,0.33426739587648,0.833533799334363,-5.64574818287099,0.0790767850779772,"P0CG47"
"224",1.15337379295529,18.4825947120807,2.81215318501808,0.015779063262587,0.233797816823778,-3.12558653597772,0.631159548545491,"H2B3B","sp|Q8N257|H2B3B_HUMAN",0.151749566118361,19.2660027233005,0.504550953949315,0.623348687105333,0.932637418833355,-6.01919172765381,0.0302871639760606,"Q8N257"
"225",0.927988293354653,9.82146162262264,2.80644210453871,0.0159466276305174,0.235230476025276,-3.13544224039419,0.628506412561108,"LAT1","sp|Q01650|LAT1_HUMAN",0.136141259465161,9.86251584161865,0.482155628094511,0.639528043115829,0.939874259186622,-5.98002337037778,0.0269302444791645,"Q01650"
"226",-0.499704306874618,12.7883455345301,-2.79702421533971,0.0162268072781268,0.23830430688541,-3.15168789863833,0.622868108557172,"RL34","sp|P49207|RL34_HUMAN",0.0591877009652637,12.4945944435494,0.30031119945588,0.769269093405827,0.970650420596958,-6.10319810169103,0.0129371529359489,"P49207"
"227",1.22393800542868,18.6707736424693,2.79290413608509,0.0163509054055708,0.239068964938721,-3.15879218190271,0.621476798751129,"H2A1B","sp|P04908|H2A1B_HUMAN / sp|Q7L7L0|H2A3_HUMAN / sp|Q93077|H2A1C_HUMAN",0.233069707428173,19.5492758524988,0.712499176579756,0.490280412769793,0.901708623345845,-5.89221640275027,0.0449337769994622,"P04908"
"228",-0.475152600830858,14.0695608657635,-2.786978556218,0.0165310339681103,0.240642551491922,-3.16900670136857,0.618627576313735,"NACAM","sp|E9PAV3|NACAM_HUMAN",0.199953328403716,13.8378947949756,0.923885493185342,0.374419268607836,0.858429459099652,-5.72310329265994,0.0662953869124561,"E9PAV3"
"229",-0.7125736470461,13.2777932192234,-2.78053197581998,0.0167292299001029,0.241711528673398,-3.18011524234989,0.616702634988149,"RIC8A","sp|Q9NPQ8|RIC8A_HUMAN",0.178584324095893,13.28481446658,0.722551613101761,0.48431009049744,0.899237641029829,-5.88506290724918,0.0461255223383996,"Q9NPQ8"
"230",0.47174908845335,13.1068315967195,2.77985687099502,0.0167501209987591,0.241711528673398,-3.18127831270352,0.616702634988149,"SRSF2","sp|Q01130|SRSF2_HUMAN",0.0918931900386971,13.6176490727557,0.457941222404342,0.655478759247837,0.942800633562724,-6.0419957695412,0.0255801343014022,"Q01130"
"231",1.22434881577017,18.7101936519444,2.77735942301058,0.0168276289084975,0.241778789382265,-3.18558050205867,0.616581801317618,"H2A1","sp|P0C0S8|H2A1_HUMAN / sp|Q6FI13|H2A2A_HUMAN / sp|P20671|H2A1D_HUMAN / sp|Q9BTM1|H2AJ_HUMAN / sp|Q99878|H2A1J_HUMAN / sp|Q96KK5|H2A1H_HUMAN / sp|Q16777|H2A2C_HUMAN",0.236074472399343,19.5936508045488,0.717333012638655,0.487403920210475,0.900768510021316,-5.88878795123134,0.0453868047340959,"P0C0S8"
"232",-0.503088738887642,18.0163708942224,-2.77095797526926,0.0170279196583372,0.242404050919046,-3.1966048605644,0.615460126761988,"CNN2","sp|Q99439|CNN2_HUMAN",-0.418055038531757,17.9177838563579,-2.12853709973636,0.0555327963557627,0.59071324196055,-4.18190693735703,0.228623293496481,"Q99439"
"233",0.345662662864141,16.5739990746134,2.76843308886555,0.0171075655354103,0.242404050919046,-3.200951939137,0.615460126761988,"ICOSL","sp|O75144|ICOSL_HUMAN",0.271794882668364,16.5343544151355,2.06459698538545,0.0621331290611479,0.609740800734631,-4.28104742957499,0.214854743241087,"O75144"
"234",-0.448722728534991,12.4271466545309,-2.76767145563332,0.0171316629441487,0.242404050919046,-3.20226310362726,0.615460126761988,"ZW10","sp|O43264|ZW10_HUMAN",-0.213574514480546,12.1360018051376,-0.856085437943081,0.409336643772502,0.867553245305968,-5.78153757808824,0.0617038612829758,"O43264"
"235",0.572638888501815,14.2864510970432,2.76180464991765,0.0173184110701371,0.242404050919046,-3.21236081271011,0.615460126761988,"ERCC6","sp|Q03468|ERCC6_HUMAN",0.515089648809854,13.7711778074657,2.56442658654434,0.0254196721396121,0.541810085221108,-3.47880892624994,0.266152915295631,"Q03468"
"236",-0.434729287841853,17.396024156084,-2.76113093780461,0.0173399845171121,0.242404050919046,-3.2135201398434,0.615460126761988,"HEM2","sp|P13716|HEM2_HUMAN",0.0710342560540426,17.4534996612606,0.32415628676175,0.751606692586449,0.966330048833094,-6.09553770261643,0.0148745155041135,"P13716"
"237",-0.804527047163884,24.1490170612269,-2.76061500479258,0.0173565235451673,0.242404050919046,-3.21440792644378,0.615460126761988,"HBD","sp|P02042|HBD_HUMAN",-0.0824319314840197,24.4022753369782,-0.273078097114596,0.789607904110843,0.972723403089688,-6.11124230843063,0.0120106351572695,"P02042"
"238",0.532608794364849,12.6221569345186,2.75980896675351,0.0173823935277894,0.242404050919046,-3.21579485017316,0.615460126761988,"CAPG","sp|P40121|CAPG_HUMAN",-0.392282014393869,12.5106627112979,-1.66071904008228,0.123612993430534,0.700299306813659,-4.8726054762929,0.154716303535132,"P40121"
"239",0.390632341471904,17.3392096697975,2.74702340264821,0.0177978779475732,0.247159652334708,-3.23778495624075,0.607022424354141,"FETUB","sp|Q9UGM5|FETUB_HUMAN",0.165896005133374,17.4970974967034,0.863483291637796,0.405422687083556,0.867345430800147,-5.77534975784654,0.0618079050462365,"Q9UGM5"
"240",-0.677369588143652,13.9152949687633,-2.73958993329278,0.0180439290450654,0.249532502085718,-3.25056145779301,0.602872878669234,"SPP2A","sp|Q8TCT8|SPP2A_HUMAN",0.105895922227566,14.3334699356718,0.631659870070204,0.539893373917305,0.912613568562101,-5.94638867230913,0.0397130785089623,"Q8TCT8"
"241",-0.45220795298106,15.0816320615683,-2.73419063762151,0.018224749131759,0.250035119314878,-3.25983768744437,0.601998987114076,"RUVB1","sp|Q9Y265|RUVB1_HUMAN",-0.0177256054984287,15.122433129302,-0.128753919870601,0.899764144361392,0.986613644973353,-6.14121716381582,0.00585288249271538,"Q9Y265"
"242",-0.816009618914495,20.1468724138266,-2.73233107741526,0.0182874378105714,0.250035119314878,-3.26303171126678,0.601998987114076,"MYH14","sp|Q7Z406|MYH14_HUMAN",-0.142335221427581,20.1022398750087,-0.756673062382113,0.464380996979623,0.891538289314238,-5.86010416671784,0.0498600002387095,"Q7Z406"
"243",0.755565899739404,16.3215101093988,2.73062872533946,0.0183450131618271,0.250035119314878,-3.26595535647889,0.601998987114076,"SNX2","sp|O60749|SNX2_HUMAN",0.0763453620861622,16.4991957304608,0.304770281354559,0.765955493051758,0.968090739314084,-6.10180930343107,0.0140839342861301,"O60749"
"244",0.429633494921614,11.4069605204639,2.72954934014959,0.0183816116640043,0.250035119314878,-3.26780893287513,0.601998987114076,"STT3B","sp|Q8TCJ2|STT3B_HUMAN",-0.286992291076875,11.0698476284496,-0.86665610132022,0.403751851967975,0.867345430800147,-5.77268166438507,0.0618079050462365,"Q8TCJ2"
"245",1.06917990959215,18.5864355147299,2.72649882335154,0.0184854345840203,0.250421050548421,-3.27304669693895,0.601329166864312,"K1C14","sp|P02533|K1C14_HUMAN",0.00447091799700971,18.4612225362122,0.0158567197704444,0.987618941655616,0.998448756428568,-6.14968379012792,0.00067421959787531,"P02533"
"246",1.17004831341506,8.01121940438893,2.88516849380618,0.0350634231478752,0.343661766814617,-3.27332111276215,0.463868781464888,"MCA3","sp|O43324|MCA3_HUMAN",-0.711849356256534,7.83612680405051,-1.78066188841797,0.120996554595331,0.699199696842399,-4.48751526109048,0.155398768674142,"O43324"
"247",1.03925880638073,15.6105525409988,2.72260092068338,0.0186189394572254,0.250451229715287,-3.27973782474497,0.601276831583761,"AL1A1","sp|P00352|AL1A1_HUMAN",0.971264515260177,15.8130589643951,1.51119116612759,0.157570083886502,0.728883053370811,-5.07277940246323,0.137342147059245,"P00352"
"248",-0.537628206492022,13.8354341682284,-2.72202974823505,0.0186385820246086,0.250451229715287,-3.28071814546094,0.601276831583761,"PSME2","sp|Q9UL46|PSME2_HUMAN",-0.123742849864078,14.0298431535586,-0.672611813606768,0.514408016429093,0.907970131840623,-5.91969615385482,0.0419284375914184,"Q9UL46"
"249",-0.473242325877084,13.4210423144307,-2.71747047412141,0.0187961088367979,0.25154953721505,-3.28854196284156,0.599376477325055,"NRBP","sp|Q9UHY1|NRBP_HUMAN",-0.173303223242278,13.3299666745651,-1.32211059078584,0.211682622935684,0.757046932651169,-5.30775055866496,0.120877195850511,"Q9UHY1"
"250",0.93396252862398,11.5633785674449,2.71487777878886,0.0188862729809831,0.251684758647552,-3.29298996703788,0.599143083361779,"VPS8","sp|Q8N3P4|VPS8_HUMAN",-0.0953351126040591,11.3438478174004,-0.277578267669699,0.786235287783178,0.972723403089688,-6.10996498149093,0.0120106351572695,"Q8N3P4"
"251",-0.692753262592952,16.7326406097304,-2.71282749222107,0.0189578757643531,0.251684758647552,-3.29650684098375,0.599143083361779,"GET3","sp|O43681|GET3_HUMAN",-0.0645182825031143,16.7481577279387,-0.328829840091443,0.748161786028301,0.965663208308992,-6.09396898490009,0.0151743148645484,"O43681"
"252",0.471925604125902,12.7823735752793,2.7101288499594,0.019052528981486,0.251933640197419,-3.30113506144144,0.598713838152303,"MPRD","sp|P20645|MPRD_HUMAN",-0.00547881064784092,12.6579876136287,-0.028795531755778,0.97751856172339,0.994976977877517,-6.1493839612783,0.00218696799440344,"P20645"
"253",0.493993882169127,15.9782841360194,2.6999943594394,0.0194121632669135,0.255670515408278,-3.3185078560512,0.592319353060135,"EGLN","sp|P17813|EGLN_HUMAN",0.0891874223402625,15.9956101910989,0.744392825321277,0.471493295959786,0.892806855517381,-5.86920678255464,0.0492424836148991,"P17813"
"254",-0.721616315540052,11.3477986061119,-2.69509521144193,0.0195884028902808,0.256971973094237,-3.32690148303398,0.590114240848726,"RS17","sp|P08708|RS17_HUMAN",-0.130791793547951,11.652631348513,-0.455265344005017,0.657346350912479,0.942800633562724,-6.04324052495836,0.0255801343014022,"P08708"
"255",-3.07613493729031,10.6712972241717,-2.70760250002993,0.0270142403072034,0.300730406603231,-3.32937569380499,0.521822658522763,"MAZ","sp|P56270|MAZ_HUMAN",-1.05269351910242,10.2233920107538,-1.29008672870384,0.230757098941111,0.764354103179189,-5.18948751567354,0.11670539871599,"P56270"
"256",1.1312908481558,18.854393186076,2.68260716033246,0.0200447933299394,0.261039610748025,-3.34828316888634,0.583293586822506,"H2B2E","sp|Q16778|H2B2E_HUMAN / sp|P23527|H2B1O_HUMAN / sp|P06899|H2B1J_HUMAN / sp|P33778|H2B1B_HUMAN",0.152242780744972,19.6533182125538,0.524206180920936,0.610034366942156,0.928468578954848,-6.00894281457511,0.032232788981201,"Q16778"
"257",0.576042194782444,17.2723143167459,2.68095233121154,0.0201060502786231,0.261039610748025,-3.35111500334113,0.583293586822506,"AGR3","sp|Q8TD06|AGR3_HUMAN",0.398494457326632,17.2617771620473,1.58075419662173,0.140878358276304,0.724922900959771,-4.98112152778217,0.139708180281757,"Q8TD06"
"258",-0.520124842691064,16.831188012359,-2.68018761143052,0.0201344201119296,0.261039610748025,-3.35242351260419,0.583293586822506,"PROL4","sp|Q16378|PROL4_HUMAN",-0.34882361434022,16.449550980002,-1.79475022134747,0.0988479271057588,0.66470563563198,-4.68377146941012,0.177370639093326,"Q16378"
"259",0.376242227510306,14.3756798987775,2.67609101263889,0.0202870684154945,0.261995253194654,-3.35943187727639,0.581706577115535,"VPS35","sp|Q96QK1|VPS35_HUMAN",-0.0412986586637493,14.6539130584071,-0.186504675846711,0.855280248566137,0.980882911192471,-6.13179012539407,0.00838283161897733,"Q96QK1"
"260",0.376873289935728,13.6673973469307,2.66609026156401,0.0206645114611495,0.264905330340272,-3.37653154837864,0.576909302880284,"VA0D1","sp|P61421|VA0D1_HUMAN",-0.0980512687658579,13.7033753086325,-0.67648534347725,0.512034564259671,0.907970131840623,-5.9170912796165,0.0419284375914184,"P61421"
"261",-0.288881174020394,13.5662314423112,-2.66579487614673,0.0206757639913922,0.264905330340272,-3.37703640541682,0.576909302880284,"OBSCN","sp|Q5VST9|OBSCN_HUMAN",-0.0704843468910673,13.8306251807628,-0.317529811970348,0.756500732941952,0.967217051958264,-6.09772415912821,0.0144760555032612,"Q5VST9"
"262",-0.370833751020403,13.4067124843567,-2.66233180043273,0.020808137460163,0.264905330340272,-3.38295442701088,0.576909302880284,"CC146","sp|Q8IYE0|CC146_HUMAN",0.0455408592615862,13.4810667202464,0.285271812543742,0.780479983652442,0.972723403089688,-6.10773357350335,0.0120106351572695,"Q8IYE0"
"263",-0.701177743222718,18.619523263649,-2.66171859062194,0.020831663518774,0.264905330340272,-3.3840021660876,0.576909302880284,"IF2P","sp|O60841|IF2P_HUMAN",-0.359308426385693,18.3815097194355,-1.94776131551477,0.0761253042587573,0.61587755552954,-4.4587474649018,0.210505622646688,"O60841"
"264",-0.282941486123418,15.644797077564,-2.64679228710692,0.0214124388479634,0.271251467696147,-3.4094894658865,0.566627903242536,"ADH4","sp|P08319|ADH4_HUMAN",-0.173336133407567,15.8160927013204,-1.17836161441425,0.262328349837907,0.782271152840982,-5.4710440578013,0.106642684573063,"P08319"
"265",0.39269499335052,18.6079141992898,2.63899907016773,0.02172195171078,0.274126075011706,-3.42278430737401,0.562049652183599,"HMCN2","sp|Q8NDA2|HMCN2_HUMAN",0.373357603532403,18.7140110498611,3.87637574777134,0.00235390225116443,0.235774467467753,-1.27303289509448,0.62750322739296,"Q8NDA2"
"266",-0.296938505908063,22.5197156660065,-2.6363995858919,0.0218261644689913,0.274397878305236,-3.42721697235679,0.561619250996958,"SRGN","sp|P10124|SRGN_HUMAN",-0.279741591240551,22.6547877618508,-2.55800339160256,0.0257178086996573,0.541810085221108,-3.48943592718119,0.266152915295631,"P10124"
"267",0.40580088766636,15.8208730220693,2.63073486102185,0.0220549626958281,0.276228004480957,-3.43687314013247,0.558732293986877,"SIA8E","sp|O15466|SIA8E_HUMAN",0.121016804057028,15.7429658222401,0.675462830811841,0.512660464939956,0.907970131840623,-5.91778023757354,0.0419284375914184,"O15466"
"268",0.447165940674404,14.2308883195528,2.62583429752147,0.022254791441884,0.276885126503143,-3.44522294305553,0.557700372716329,"RISC","sp|Q9HB40|RISC_HUMAN",-0.174987229835651,14.3724817274431,-1.19416120876818,0.256331625248115,0.777929443098344,-5.45379385285108,0.109059791008534,"Q9HB40"
"269",-1.05181126377978,8.69575380427145,-2.62535872134109,0.022274278028424,0.276885126503143,-3.44603306408878,0.557700372716329,"SEM5A","sp|Q13591|SEM5A_HUMAN",0.0828511996641622,9.24952523421106,0.168725812895875,0.868927012404296,0.984019329631185,-6.13505850235336,0.00699637040025486,"Q13591"
"270",-0.521396732474209,17.6325934587392,-2.61762636114363,0.0225934640060291,0.278863423486297,-3.45920007628208,0.554608445288566,"UBE2O","sp|Q9C0C9|UBE2O_HUMAN",-0.0400083891984453,17.6606125435387,-0.228304909692566,0.823395665008954,0.977505666396101,-6.12282651448046,0.00988071641043172,"Q9C0C9"
"271",-0.622295467870221,13.4103530917067,-2.61663640801534,0.0226346505837073,0.278863423486297,-3.46088517127786,0.554608445288566,"TBD2B","sp|Q9UPU7|TBD2B_HUMAN",-0.00717769237137793,13.4912110401198,-0.0383700015041085,0.97004700560429,0.992339678919344,-6.14905024844345,0.0033396429373873,"Q9UPU7"
"272",-0.820006624195374,26.0526524005435,-2.61346422319124,0.0227671237622054,0.278863423486297,-3.46628386476163,0.554608445288566,"HPT","sp|P00738|HPT_HUMAN",-0.52735376000221,25.8582318923724,-3.07407787336766,0.0100266577403802,0.421246544814199,-2.62256191739217,0.375463648314744,"P00738"
"273",0.313416572069174,13.6060977465338,2.61340736304794,0.0227695052018037,0.278863423486297,-3.46638062038742,0.554608445288566,"NCF4","sp|Q15080|NCF4_HUMAN",-0.245469017962847,13.6163963491195,-1.88150514662338,0.0853024068466327,0.636087779974098,-4.55733134138428,0.196482947672635,"Q15080"
"274",1.0746947964767,18.4688418767898,2.60666478960504,0.0230536358047985,0.281305210426934,-3.47785060182973,0.550822223616139,"K1C16","sp|P08779|K1C16_HUMAN",-0.0432563391085839,18.3394045253522,-0.136919266170191,0.893449080980656,0.986613644973353,-6.14009311059186,0.00585288249271538,"P08779"
"275",0.486062172729621,16.6061932862057,2.60344128807294,0.023190696439393,0.281941104330936,-3.48333174582354,0.549841603508449,"UBA1","sp|P22314|UBA1_HUMAN",0.186849087077833,16.6186660288255,1.30094834602406,0.218597811734102,0.757046932651169,-5.33266406635308,0.120877195850511,"P22314"
"276",-0.424220379431329,12.9791217107517,-2.60026223352687,0.023326647840144,0.282558920370212,-3.48873575109979,0.548890977495771,"ZBT45","sp|Q96K62|ZBT45_HUMAN",0.17176663257944,12.8103818395663,0.595923779496767,0.56270696139084,0.914734232457629,-5.96840533274699,0.0387050678382534,"Q96K62"
"277",-1.25183594034292,11.383054839545,-2.58575805581152,0.023956868374173,0.288579891914462,-3.5133711318268,0.539733933584982,"GRM2A","sp|Q8IUY3|GRM2A_HUMAN",-0.904771690263304,10.9184738084274,-2.03264167921867,0.0657008659309267,0.609740800734631,-4.3301106925109,0.214854743241087,"Q8IUY3"
"278",0.314726070085921,19.9127622005734,2.58483340638005,0.0239976047509465,0.288579891914462,-3.51494052802156,0.539733933584982,"CETP","sp|P11597|CETP_HUMAN",0.0864081505339181,20.1043125415585,0.516370893319708,0.615324786249095,0.930840002534524,-6.01307314172889,0.0311249613256776,"P11597"
"279",0.385256974453515,16.4834478928644,2.5770862697084,0.0243415819041799,0.289889610369353,-3.52808428202446,0.537767349460855,"FCG2A","sp|P12318|FCG2A_HUMAN / sp|P31995|FCG2C_HUMAN",0.0202275817261597,16.3475016747215,0.132151779155598,0.89713534524858,0.986613644973353,-6.1407577769012,0.00585288249271538,"P12318"
"280",0.442286158180502,14.1409478819635,2.57650445898178,0.0243676081517603,0.289889610369353,-3.52907098990365,0.537767349460855,"UB2V2","sp|Q15819|UB2V2_HUMAN",-0.0151226845774309,14.1970944530131,-0.0821444125621648,0.935936313317651,0.987373398987653,-6.1463133733878,0.00551857736815413,"Q15819"
"281",1.10390558688897,20.4034406199974,2.57573824601796,0.0244019247597291,0.289889610369353,-3.53037034685502,0.537767349460855,"H4","sp|P62805|H4_HUMAN",0.146011999584805,21.301823426391,0.518366953087441,0.613974866620785,0.929782983745204,-6.01202655334662,0.0316184062419663,"P62805"
"282",-0.391956208787578,18.0489736021672,-2.57453550250786,0.0244558875876526,0.289889610369353,-3.53240978806379,0.537767349460855,"CAND1","sp|Q86VP6|CAND1_HUMAN",-0.024534356881469,18.0517030634514,-0.172716067815082,0.865860130314356,0.984019329631185,-6.13435326996938,0.00699637040025486,"Q86VP6"
"283",0.632066787551868,14.573020430455,2.56733829462616,0.0247812435263855,0.292700879943322,-3.54460886790593,0.533575971949691,"CNTP1","sp|P78357|CNTP1_HUMAN",0.431930039282311,14.6192157950856,2.95014669721036,0.0125762905671236,0.453703352090037,-2.83233705931018,0.343228012030373,"P78357"
"284",-0.61746879531018,12.4464409896517,-2.55864216550957,0.0251799978042992,0.296356073448472,-3.55933721170701,0.528186168009476,"CHM4A","sp|Q9BY43|CHM4A_HUMAN",0.210696264506126,12.6103843771636,1.29774834205427,0.219659325743547,0.757046932651169,-5.33640575898165,0.120877195850511,"Q9BY43"
"285",-0.449766130799657,20.7414387451271,-2.55349279393573,0.0254190612039748,0.297385924796121,-3.56805259012316,0.526679590380414,"LBP","sp|P18428|LBP_HUMAN",-0.357209371115078,21.0041882535306,-1.25597185696784,0.233905036684924,0.766165792444393,-5.38462869374743,0.115677242178419,"P18428"
"286",0.277336111959747,23.7100579621377,2.55290047413751,0.0254467016095506,0.297385924796121,-3.56905481322563,0.526679590380414,"HRG","sp|P04196|HRG_HUMAN",0.154740765726184,23.6321301267082,1.35565964325516,0.201088039460288,0.755926708752107,-5.2676611466684,0.121520309693936,"P04196"
"287",-0.622178164885799,12.8409302542465,-2.54780006793896,0.0256859259079159,0.298177038960649,-3.57768239891477,0.525525802320378,"ZN266","sp|Q14584|ZN266_HUMAN",-0.226767894808389,13.100569751644,-0.830141269972513,0.423263423661929,0.872011982081901,-5.80286868529601,0.0594775475028692,"Q14584"
"288",-0.615878047266795,25.1463745159098,-2.54762715238794,0.0256940744630146,0.298177038960649,-3.57797481657485,0.525525802320378,"HPTR","sp|P00739|HPTR_HUMAN",-0.347439601090315,25.0371549903681,-2.58449505184123,0.024509808610637,0.540813840188322,-3.44556787068504,0.266952202716375,"P00739"
"289",0.530966962624562,13.2211586950941,2.54214305718769,0.0259538204676357,0.29995469784332,-3.58724632417345,0.522944331821363,"HXK3","sp|P52790|HXK3_HUMAN",-0.180898516551728,13.3695039979233,-1.15356049673223,0.271962306298164,0.7878411521707,-5.4977619086866,0.103561337954553,"P52790"
"290",0.609554463035785,12.2110411713705,2.53969763497174,0.0260704673111253,0.29995469784332,-3.59137893269854,0.522944331821363,"TIMP2","sp|P16035|TIMP2_HUMAN",0.0364169346686843,11.6806880853478,0.126255407308506,0.901697949953338,0.986613644973353,-6.14154734864119,0.00585288249271538,"P16035"
"291",-0.72526438013133,24.9963940655946,-2.53869623639671,0.0261183813427898,0.29995469784332,-3.59307093481866,0.522944331821363,"HBB","sp|P68871|HBB_HUMAN",-0.0948333267113999,25.2790417749234,-0.315925408830201,0.757687356158929,0.967217051958264,-6.09824687723778,0.0144760555032612,"P68871"
"292",0.4325169039836,22.9428245977742,2.53176556034554,0.0264523528147983,0.300254416865616,-3.60477650009253,0.52251059522812,"FETUA","sp|P02765|FETUA_HUMAN",0.499916510817627,22.845135437887,3.47311379144413,0.00485038106346235,0.315655191169246,-1.94718571583801,0.500787064002967,"P02765"
"293",0.521895034229399,19.1995821804317,2.5309070627105,0.0264940099127298,0.300254416865616,-3.60622587575452,0.52251059522812,"H31","sp|P68431|H31_HUMAN / sp|Q71DI3|H32_HUMAN / sp|Q16695|H31T_HUMAN",0.436419547292378,19.5880317083842,1.55559946103647,0.146728339619058,0.726852774918887,-5.01456948502874,0.138553547208858,"P68431"
"294",-0.784034382388004,17.4266833705758,-2.52973894599297,0.0265507933089988,0.300254416865616,-3.60819776416241,0.52251059522812,"CAH1","sp|P00915|CAH1_HUMAN",-0.222936616125132,17.8330569820927,-0.844174900052843,0.415691481430401,0.871380058403275,-5.79140194169362,0.0597923831477007,"P00915"
"295",-0.382036168092214,15.1985932553643,-2.52888288649927,0.0265924824727194,0.300254416865616,-3.60964271891702,0.52251059522812,"AP2B1","sp|P63010|AP2B1_HUMAN",-0.116577283575615,14.9477770430474,-0.620142625267223,0.547188271336813,0.912613568562101,-5.95361499674682,0.0397130785089623,"P63010"
"296",-0.354775183084896,14.8459515809293,-2.52848049961802,0.026612100280682,0.300254416865616,-3.61032186875282,0.52251059522812,"LIMA1","sp|Q9UHB6|LIMA1_HUMAN",-0.0118615337826259,14.6822554715561,-0.0919656171934195,0.928299015855952,0.9867756198111,-6.1454265293076,0.00578158912991695,"Q9UHB6"
"297",0.574274401468065,15.2874649173701,2.52694131455815,0.0266872711585889,0.300254416865616,-3.61291944651784,0.52251059522812,"ARK72","sp|O43488|ARK72_HUMAN",0.140191502363528,15.3295972724143,0.785599311329669,0.447897554323536,0.88223856545983,-5.83813399830422,0.0544139617465481,"O43488"
"298",-0.637189278162947,14.9732667599545,-2.52249219143724,0.0269057216120641,0.300730406603231,-3.62042556970329,0.521822658522763,"CLC14","sp|Q86T13|CLC14_HUMAN",0.101804890494678,15.0069684026505,0.378270495417657,0.71208093635774,0.959949889427839,-6.07602905089012,0.0177514370781252,"Q86T13"
"299",0.456677087752057,12.4408291191487,2.51876263408606,0.027090181152846,0.300730406603231,-3.62671499630847,0.521822658522763,"TKNK","sp|Q9UHF0|TKNK_HUMAN",-0.0780872651887478,12.4022418629216,-0.26390317540497,0.796497771609516,0.973542616980155,-6.11378268612411,0.0116450324190306,"Q9UHF0"
"300",-0.96372749808886,12.8612890274955,-2.51872571768516,0.0270920131287635,0.300730406603231,-3.62677723870807,0.521822658522763,"FKBP8","sp|Q14318|FKBP8_HUMAN",-0.385848485001692,13.0960334848516,-0.826198442759209,0.42540718883866,0.872069691618375,-5.80605983079222,0.0594488069528928,"Q14318"
"301",-0.868825658126838,10.9019334609004,-2.51653852533498,0.0272007678285209,0.300931161409536,-3.63046448813493,0.521532838755423,"SCMC1","sp|Q6NUK1|SCMC1_HUMAN",0.0519223322399601,11.0303352095685,0.18244182473889,0.858394674849957,0.982790401403936,-6.13256569004347,0.00753909378501886,"Q6NUK1"
"302",0.373452949743301,15.3613424195721,2.51461141081787,0.0272969423043068,0.300991865475064,-3.6337125752409,0.521445241373034,"ROBO4","sp|Q8WZ75|ROBO4_HUMAN",0.177869513011204,15.4501481370376,1.19878956781835,0.254595508928624,0.777364072933162,-5.44870703815535,0.109375534823134,"Q8WZ75"
"303",1.02973164285379,9.43200039568625,2.50088275202268,0.0315803219274898,0.329607196469618,-3.63553361313581,0.482003314714833,"SMD3","sp|P62318|SMD3_HUMAN",0.252695821685993,9.87414676198198,1.18586710288927,0.259466072163262,0.777929443098344,-5.46287159181623,0.109059791008534,"P62318"
"304",0.351315674819208,15.3821466020144,2.50559609837131,0.0277512682392386,0.304261144548199,-3.6488986376171,0.516753505366938,"SMTN","sp|P53814|SMTN_HUMAN",0.267749365758643,15.3286180665616,2.15733028561753,0.0527814553643237,0.589635363006715,-4.13686234358336,0.229416477831962,"P53814"
"305",-0.520448920189416,14.8748293760007,-2.50483557189215,0.0277899292924377,0.304261144548199,-3.65017904621296,0.516753505366938,"PSDE","sp|O00487|PSDE_HUMAN",-0.398269058113757,14.8505054653293,-1.54160588077582,0.15007296728781,0.728883053370811,-5.03302902828068,0.137342147059245,"O00487"
"306",0.701613195949336,12.9163835990728,2.50177011520573,0.027946291770607,0.304261144548199,-3.6553389149212,0.516753505366938,"SCAM4","sp|Q969E2|SCAM4_HUMAN",0.836818923835041,12.8654823701885,3.01724573042166,0.0111242277011913,0.431567304626761,-2.71881657908955,0.364951464726011,"Q969E2"
"307",0.337066986658067,13.7125484562981,2.50149975423603,0.0279601232561617,0.304261144548199,-3.65579391148493,0.516753505366938,"ERAP1","sp|Q9NZ08|ERAP1_HUMAN",-0.275712350899683,13.9554585497539,-1.77081749321251,0.102913171424631,0.669032409161068,-4.7180907163945,0.174552843698699,"Q9NZ08"
"308",-0.651429489685119,12.2887555808498,-2.4904410262052,0.0285316133244933,0.309465439947691,-3.67439324993418,0.509387844472851,"NUDC2","sp|Q8WVJ2|NUDC2_HUMAN",0.108641234705876,11.8874345742532,0.443027948149901,0.665918073578517,0.947624621531316,-6.04884345168732,0.0233636638037777,"Q8WVJ2"
"309",0.623967381313766,14.5537518628282,2.48781217402304,0.0286691257035406,0.309944065830786,-3.67881126574528,0.508716674207118,"BRK1","sp|Q8WUW1|BRK1_HUMAN",0.214977402988286,14.754548779881,0.904601621912799,0.384132517530296,0.860069392436294,-5.7401146111412,0.0654665074350563,"Q8WUW1"
"310",0.513020810731181,14.972501280355,2.46809148360292,0.0297213940488594,0.320276970286248,-3.71191153932753,0.494474288426975,"PRTN3","sp|P24158|PRTN3_HUMAN",0.430594256276794,15.0604636935023,2.09196740236237,0.0592223355285438,0.607868733149162,-4.23876325624,0.216190194779748,"P24158"
"311",0.290177437690734,20.6198765041698,2.4573839396031,0.0303083157472639,0.323720917205836,-3.72985198561719,0.489829237781311,"KAIN","sp|P29622|KAIN_HUMAN",0.197874916164994,20.6301884370179,1.70580966623237,0.114724734103959,0.694838307465401,-4.81001198392451,0.158116246266638,"P29622"
"312",-0.660719421712184,16.4538254900777,-2.45665391491794,0.0303487373787958,0.323720917205836,-3.73107431328128,0.489829237781311,"MIF","sp|P14174|MIF_HUMAN",-0.533896407840538,16.439441234988,-1.76732521717981,0.103518809275913,0.669032409161068,-4.72307751120992,0.174552843698699,"P14174"
"313",-0.362846543113421,15.4025715010915,-2.45635323987791,0.0303654009955078,0.323720917205836,-3.73157772215266,0.489829237781311,"GRAB","sp|P10144|GRAB_HUMAN",-0.299990998225865,15.5077511902299,-2.58972101178738,0.024278157132732,0.540800023647902,-3.4369023612754,0.266963298075752,"P10144"
"314",0.47840712074099,13.1022499569085,2.4537673969783,0.0305090763167701,0.323720917205836,-3.73590635699949,0.489829237781311,"ITB7","sp|P26010|ITB7_HUMAN",-0.251202281918584,13.0930756798966,-0.860676676877885,0.406904579973114,0.867345430800147,-5.77770278577192,0.0618079050462365,"P26010"
"315",-0.812134771859602,13.140189918075,-2.45341571388737,0.0305286673954283,0.323720917205836,-3.73649496229431,0.489829237781311,"ACVR1","sp|Q04771|ACVR1_HUMAN",-0.00178614878870817,13.5123850895668,-0.00801888744263357,0.993738573998753,0.999157324175056,-6.1497809084228,0.00036612374429512,"Q04771"
"316",0.62157314525042,12.0042882777578,2.44108265068399,0.0312234524429349,0.328583559702986,-3.75712081792901,0.483354169777677,"PK3CG","sp|P48736|PK3CG_HUMAN",-0.0861381023206023,11.6533788361746,-0.192647120215282,0.850576554665939,0.980636721353978,-6.1305853580288,0.00849184800315778,"P48736"
"317",0.689946185317862,20.2781319098106,2.43862290855272,0.0313638402536533,0.328583559702986,-3.76123080382882,0.483354169777677,"K1C10","sp|P13645|K1C10_HUMAN",-0.0072543224787453,20.1775255350363,-0.0252079380317818,0.980318801307431,0.995008593742924,-6.14948450455691,0.00217316830049207,"P13645"
"318",-0.39072069445448,19.7415845662952,-2.43856224762362,0.0313673101275994,0.328583559702986,-3.76133214659426,0.483354169777677,"PSB6","sp|P28072|PSB6_HUMAN",-0.199184964547218,19.6864360330498,-1.24701636865175,0.237053597722301,0.766165792444393,-5.39481299351462,0.115677242178419,"P28072"
"319",0.783261216364216,17.636570603411,2.43828376385235,0.0313832444790137,0.328583559702986,-3.76179738391632,0.483354169777677,"K1C15","sp|P19012|K1C15_HUMAN",-0.0427674233229773,17.565294051622,-0.161980072322742,0.874116806036644,0.985371444578884,-6.13621343507171,0.00640002744928762,"P19012"
"320",-0.432736471044681,15.3321220724924,-2.42917514055101,0.0319087588121336,0.331350409862879,-3.77700551716903,0.479712487873317,"IFIT1","sp|P09914|IFIT1_HUMAN / sp|Q13325|IFIT5_HUMAN",-0.236065629920423,15.5803924817049,-1.88666989975299,0.0845521120288363,0.636087779974098,-4.54970739503797,0.196482947672635,"P09914"
"321",-0.544858005837246,13.2581714232792,-2.42851778734481,0.0319470114962703,0.331350409862879,-3.77810239626843,0.479712487873317,"CHMP5","sp|Q9NZZ3|CHMP5_HUMAN",0.0858697772569798,13.2065621418066,0.381175621526966,0.709982374265933,0.959818517912726,-6.07489874411109,0.0178108754186703,"Q9NZZ3"
"322",0.237556766018968,21.0889941194416,2.42537004429955,0.0321307997245947,0.332218455719408,-3.78335356479758,0.478576244869393,"PRG4","sp|Q92954|PRG4_HUMAN",0.0778615987344818,21.005462737203,0.721744101000186,0.484788030621617,0.899237641029829,-5.88564091737552,0.0461255223383996,"Q92954"
"323",0.322191672230855,13.997230207029,2.42232052267093,0.0323098267821504,0.33303203444086,-3.7884388991321,0.477513989581496,"TGFB2","sp|P61812|TGFB2_HUMAN",-0.124882019028622,13.995984530809,-0.795286496728616,0.442462537987427,0.878082196819999,-5.83061155380518,0.0564648281092902,"P61812"
"324",-0.465829514242014,18.5578110032058,-2.42057220387716,0.0324128986792062,0.333060095096859,-3.79135348647069,0.477477398282709,"PSB5","sp|P28074|PSB5_HUMAN",-0.109244003578679,18.649507811916,-0.751337294609339,0.467462949386613,0.891884320053894,-5.86407577381395,0.0496914712070623,"P28074"
"325",0.254882110610532,22.0151409444032,2.41832636984351,0.0325457674430576,0.333393216492309,-3.79509652526728,0.477043240950513,"PGBM","sp|P98160|PGBM_HUMAN",0.141685254837422,22.0770572711629,1.37600551631469,0.194879041090306,0.752526853111309,-5.24300072328198,0.123477998126165,"P98160"
"326",-0.34254684344044,13.8927404608339,-2.41149218525984,0.0329533357631521,0.336115291337514,-3.80648019512805,0.473511729147785,"NDUS3","sp|O75489|NDUS3_HUMAN",0.0670580950160058,13.7423151561831,0.316043388177649,0.757600076033952,0.967217051958264,-6.0982085278825,0.0144760555032612,"O75489"
"327",-0.519093722314999,14.1508969281146,-2.41048133961523,0.0330140358469507,0.336115291337514,-3.80816311035486,0.473511729147785,"HECD3","sp|Q5T447|HECD3_HUMAN",0.0359039601483415,14.1729916660496,0.1749296577097,0.864159764701243,0.983382563387846,-6.13395497285444,0.00727749656607012,"Q5T447"
"328",-0.723672649500891,18.2467571997033,-2.406514533003,0.0332532817234613,0.336936651630391,-3.81476516437914,0.472451744331881,"ZN534","sp|Q76KX8|ZN534_HUMAN",-0.29660779632541,18.0837481938757,-1.61198287123488,0.133899314831142,0.708220132409959,-4.93913233029142,0.149831731813607,"Q76KX8"
"329",-0.39061777087692,17.6565130410875,-2.40578031575563,0.0332977468318073,0.336936651630391,-3.8159867687864,0.472451744331881,"TCPB","sp|P78371|TCPB_HUMAN",-0.111880843128335,17.7341803522327,-0.80735619982425,0.435750930395033,0.874928819105333,-5.82112412925921,0.0580272780945304,"P78371"
"330",0.613015899251172,11.1133838157988,2.40091176179988,0.0335940464108435,0.338901641451641,-3.82408420994021,0.46992632767586,"TB10B","sp|Q4KMP7|TB10B_HUMAN",0.239218349489252,11.0921311633675,0.706358828632902,0.493949268210089,0.903151205766242,-5.89654101354407,0.0442395339250954,"Q4KMP7"
"331",0.66629837848135,11.2576840852056,2.39327943033913,0.0340636708797264,0.341543762263324,-3.8367680118388,0.466553641933204,"VILI","sp|P09327|VILI_HUMAN",0.0698243011120673,11.1770500308664,0.257611872917026,0.801232658545972,0.973599473204371,-6.11547509088797,0.0116196697661764,"P09327"
"332",-0.384725432194538,13.1565883334962,-2.39044539319795,0.034239657246487,0.341543762263324,-3.8414745055182,0.466553641933204,"CDT1","sp|Q9H211|CDT1_HUMAN",-0.00502009171007917,13.2180012828598,-0.0277552873418454,0.97833047744262,0.994976977877517,-6.14941448937782,0.00218696799440344,"Q9H211"
"333",-0.377713993918157,14.7048280883386,-2.38966385933201,0.0342883423348094,0.341543762263324,-3.8427720891757,0.466553641933204,"BLVRB","sp|P30043|BLVRB_HUMAN",-0.176358100344678,15.0899486396158,-0.907837759911383,0.382490365999388,0.859930399743799,-5.73728138253767,0.0655366978615683,"P30043"
"334",0.542405545967181,10.4120932795312,2.38866623754659,0.0343505853477005,0.341543762263324,-3.84442824805714,0.466553641933204,"NDUBA","sp|O96000|NDUBA_HUMAN",-0.146158447029633,10.7107374199131,-0.353113993354528,0.730355000100547,0.964219667992726,-6.08546379211583,0.0158240140959132,"O96000"
"335",-0.46201372433096,16.8935155568601,-2.38834776761571,0.0343704780343327,0.341543762263324,-3.84495689578838,0.466553641933204,"TEBP","sp|Q15185|TEBP_HUMAN",-0.0845661750772848,16.9562250273085,-0.482280791114076,0.63860465088335,0.939874259186622,-6.03035172142425,0.0269302444791645,"Q15185"
"336",1.44046944168383,8.6006755957351,2.37517743768984,0.0369743750209171,0.352637789351793,-3.84923566614341,0.452671149700986,"P5CS","sp|P54886|P5CS_HUMAN",-0.29739887528182,9.16653634732136,-0.884269253429497,0.394561740943713,0.866783484471409,-5.75771550480493,0.0620893722383122,"P54886"
"337",-0.483185478689224,11.6543883226259,-2.38537858287684,0.0345564778036134,0.342367014418486,-3.84988454377089,0.465508084374877,"RIR1","sp|P23921|RIR1_HUMAN",0.734703400008614,11.8393410115466,1.38132319133816,0.193282738342127,0.752526853111309,-5.23651267721427,0.123477998126165,"P23921"
"338",-1.31698877050666,10.3776454460562,-2.38331739999735,0.034686166786735,0.342629129658254,-3.85330412125137,0.465175716933705,"JIP4","sp|O60271|JIP4_HUMAN",0.207945564165375,10.4682999147138,0.309454298250856,0.762479964906985,0.968056980052892,-6.10032877418648,0.01409907926779,"O60271"
"339",0.367929512480201,13.0461900397987,2.37814264801569,0.0350138285277218,0.343661766814617,-3.86188503433634,0.463868781464888,"MGAT2","sp|Q10469|MGAT2_HUMAN",0.488174584987589,12.6970845683011,1.44656961818736,0.174569889504835,0.737165441399294,-5.15549779353067,0.132435032868846,"Q10469"
"340",-0.422586352046953,15.6826817688483,-2.37676850770589,0.0351013374360214,0.343661766814617,-3.86416265968116,0.463868781464888,"PSMD1","sp|Q99460|PSMD1_HUMAN",-0.227983828647765,15.6008759884772,-0.831334177691422,0.422616239626731,0.872011982081901,-5.80190055848431,0.0594775475028692,"Q99460"
"341",-0.381872997657367,21.3064990333831,-2.37346415141796,0.0353126298617644,0.343926673626819,-3.86963785524491,0.463534140666167,"TERA","sp|P55072|TERA_HUMAN",-0.0826030712522016,21.2705163646366,-0.642270335675601,0.533221946273873,0.912613568562101,-5.93962188134538,0.0397130785089623,"P55072"
"342",1.21467556244655,17.1222877197049,2.37267360325374,0.0353633614334116,0.343926673626819,-3.87094739763927,0.463534140666167,"K1C27","sp|Q7Z3Y8|K1C27_HUMAN",0.0309318068367854,17.0065279432355,0.0822479501602208,0.935855762713479,0.987373398987653,-6.1463045451987,0.00551857736815413,"Q7Z3Y8"
"343",0.277189635025225,17.4535492124484,2.37149282682908,0.0354392655560024,0.343926673626819,-3.87290308858286,0.463534140666167,"CILP1","sp|O75339|CILP1_HUMAN",0.16562352620619,17.4382427493728,1.28554202821844,0.223746976345487,0.757046932651169,-5.35061616449152,0.120877195850511,"O75339"
"344",-0.682807997641893,9.17347086216946,-2.34751390769594,0.041014025439948,0.367564915079859,-3.87484799528167,0.434665949719018,"RHG09","sp|Q9BRR9|RHG09_HUMAN",-0.287529149715817,9.06730755569019,-0.656432424651016,0.524391516946474,0.911233217144161,-5.9304272418114,0.0403704573228598,"Q9BRR9"
"345",-0.509047105613529,16.5484383188151,-2.369289070566,0.0355813494419526,0.344298830314404,-3.87655226736194,0.463064452720429,"PRS6A","sp|P17980|PRS6A_HUMAN",-0.316986429254464,16.4994774846121,-1.61608175333768,0.133006129590515,0.708220132409959,-4.93358353234771,0.149831731813607,"P17980"
"346",-0.587622427442263,12.0998097920103,-2.36255324148888,0.0360190354195657,0.347520867899821,-3.88769917710512,0.459019111817365,"FSD1","sp|Q9BTV5|FSD1_HUMAN",0.087020135886911,11.9778048299183,0.234702876179821,0.818542885208703,0.976540152493457,-6.12129652268523,0.010309895081874,"Q9BTV5"
"347",-0.410381740266497,13.5675135090246,-2.36031292131028,0.0361657520833542,0.347925017868559,-3.89140429984014,0.458514341785261,"STAB2","sp|Q8WWQ8|STAB2_HUMAN",-0.406821291408804,13.5767269440543,-2.83373347205496,0.0155591261917857,0.482623736733988,-3.02878061871459,0.316391322130757,"Q8WWQ8"
"348",-0.630572739615246,13.1536379197684,-2.35366291412097,0.036604644849624,0.351129526751162,-3.90239547290201,0.454532648843044,"TFAM","sp|Q00059|TFAM_HUMAN",-0.667307686727529,13.2527273391604,-3.86187290545956,0.00241528529493932,0.235774467467753,-1.29703256394326,0.62750322739296,"Q00059"
"349",-1.03620463440598,12.7123672870129,-2.35174129468693,0.0367324192462291,0.351339767948803,-3.90556961878555,0.454272689879943,"RBM26","sp|Q5T8P6|RBM26_HUMAN",-0.448207818109787,13.375838699458,-1.79185932377837,0.0993311578267843,0.66470563563198,-4.68793026611058,0.177370639093326,"Q5T8P6"
"350",-0.435562335186757,17.4115041494809,-2.34638095485152,0.0370911120808079,0.352737538671064,-3.9144192918083,0.452548319832968,"IMB1","sp|Q14974|IMB1_HUMAN",-0.15790394357637,17.472262011105,-0.909575551975504,0.381610553922881,0.859930399743799,-5.73575635772599,0.0655366978615683,"Q14974"
"351",-0.408911416632304,12.0693975339607,-2.34365929792865,0.0372745191009491,0.353468939703001,-3.91891002906128,0.451648742852223,"IER2","sp|Q9BTL4|IER2_HUMAN",-1.04701903460549,11.7222933713304,-1.73926903492396,0.108501846800839,0.676912837466137,-4.76294184243678,0.169467249549014,"Q9BTL4"
"352",1.04980578337795,11.1860441787433,2.34030852693891,0.0375015162032076,0.353854818748128,-3.92443639387825,0.45117488585363,"TBC13","sp|Q9NVG8|TBC13_HUMAN",0.59482657018941,11.4743275567201,2.03594278177977,0.0653236310190496,0.609740800734631,-4.32505779541435,0.214854743241087,"Q9NVG8"
"353",0.286687334549561,17.309978399586,2.33991237138767,0.0375284411567765,0.353854818748128,-3.9250895894555,0.45117488585363,"LOXL3","sp|P58215|LOXL3_HUMAN",0.0132243005916409,17.4982631936053,0.106834361562608,0.916751084399909,0.986613644973353,-6.14389382666058,0.00585288249271538,"P58215"
"354",0.294020753299746,19.3846242819007,2.33535708678859,0.0378393792502199,0.355443737902538,-3.93259781488422,0.449229132633744,"FBLN4","sp|O95967|FBLN4_HUMAN",0.24587565452191,19.3918742083947,2.55631247537251,0.0257968605427865,0.541810085221108,-3.49223249351131,0.266152915295631,"O95967"
"355",-0.583328588812455,12.2860237938301,-2.33363791997996,0.0379573683381947,0.355443737902538,-3.93543013139101,0.449229132633744,"CSK2B","sp|P67870|CSK2B_HUMAN",-0.443846641305594,12.2122951133271,-1.79600610731403,0.0986386611224658,0.66470563563198,-4.68196364522182,0.177370639093326,"P67870"
"356",-0.325137826263213,16.3587771596133,-2.33200640678542,0.0380696677715048,0.355443737902538,-3.9381173819816,0.449229132633744,"VGF","sp|O15240|VGF_HUMAN",-0.06653312011861,16.274804759254,-0.432013844013965,0.673675540738935,0.95145919987767,-6.05376026682454,0.0216098302333967,"O15240"
"357",-0.28246387220104,15.6589351395665,-2.33112134348529,0.0381307211509406,0.355443737902538,-3.93957489342956,0.449229132633744,"AP1B1","sp|Q10567|AP1B1_HUMAN",-0.0940217491733301,15.3756477306518,-0.632208603943097,0.539547193432208,0.912613568562101,-5.94604128841772,0.0397130785089623,"Q10567"
"358",-0.525009671056479,13.0457749398243,-2.32965001830249,0.0382324237514932,0.355443737902538,-3.9419974353805,0.449229132633744,"RHG07","sp|Q96QB1|RHG07_HUMAN",-0.365693456311202,12.946556756861,-2.34793652702261,0.0375821652697069,0.564461874265568,-3.83315006679065,0.248365386520688,"Q96QB1"
"359",-0.30596263193621,16.0451559097943,-2.32610200209109,0.0384787441358207,0.356734502197734,-3.94783710088168,0.447654885084246,"GGH","sp|Q92820|GGH_HUMAN",-0.236420710270329,15.9369539878085,-2.2055392162458,0.048461507327697,0.589635363006715,-4.06092044712608,0.229416477831962,"Q92820"
"360",-0.802236752828584,8.79881809834709,-2.29601155555668,0.0447628173936374,0.375245847672602,-3.9544421535967,0.425684104795161,"PLA1A","sp|Q53H76|PLA1A_HUMAN",-0.874576439290648,8.8712636118103,-1.64638886427955,0.132090212517719,0.708220132409959,-4.807739218463,0.149831731813607,"Q53H76"
"361",-1.44664112248631,19.0558266164597,-2.32160664047552,0.038793017967325,0.358646313742484,-3.9552316022587,0.445333628594124,"CRP","sp|P02741|CRP_HUMAN",-1.32328172366049,19.0300777166357,-4.88382028348547,0.000418415620453835,0.0981368870043055,0.328552653860402,1.00816772237196,"P02741"
"362",-0.55540974951721,12.1809576064883,-2.31832573461657,0.0390239386854816,0.359427056906446,-3.96062530474232,0.444389233229067,"ACOT9","sp|Q9Y305|ACOT9_HUMAN",-0.0113567162867582,12.0719001384974,-0.0549289927811943,0.957132453934007,0.989471316190957,-6.14824860795312,0.00459679104883991,"Q9Y305"
"363",1.28334886238286,16.6977670497216,2.31733320981589,0.0390940546981703,0.359427056906446,-3.96225646257551,0.444389233229067,"K1C20","sp|P35900|K1C20_HUMAN",-0.0303357219745828,16.5879761804657,-0.0715581726029213,0.944176000241774,0.988040648929326,-6.14715738231637,0.00522518775796543,"P35900"
"364",0.523526602066438,14.0570778125459,2.31494110596249,0.0392635386701978,0.35998807968615,-3.96618675167107,0.443711879822264,"CO1A2","sp|P08123|CO1A2_HUMAN",0.130460498252827,13.9415610684744,0.46819957743914,0.648341788720891,0.941197234759129,-6.03715880209629,0.0263193574528965,"P08123"
"365",1.57424183597331,13.3492518839414,2.28815416449675,0.0453633354051543,0.376402275524267,-3.96654582030918,0.424347759727656,"CRBG1","sp|Q9Y4K1|CRBG1_HUMAN",-0.715872275868077,13.6527345600037,-1.41598492876309,0.185577314868894,0.750220594457808,-5.14869309996626,0.124811018115688,"Q9Y4K1"
"366",-0.344843283620678,16.0988371233369,-2.31098113237135,0.0395456552655183,0.360608806129216,-3.97268998340843,0.442963671937998,"LEGL","sp|Q3ZCW2|LEGL_HUMAN",-0.00258862162209736,15.8741273343527,-0.0122695498263206,0.99041965868744,0.998674325310052,-6.14973615174505,0.000576115157713409,"Q3ZCW2"
"367",-0.321732586697914,18.6674590265104,-2.31094077521012,0.0395485403528275,0.360608806129216,-3.97275623959111,0.442963671937998,"PSA5","sp|P28066|PSA5_HUMAN",0.0172340458049925,18.7611322646472,0.146579347970935,0.88598791037207,0.986191942633613,-6.13867437919311,0.00603855005478495,"P28066"
"368",0.500824116382823,14.7873407626253,2.30693296175267,0.0398360595702934,0.362235292366585,-3.97933403026671,0.441009238910494,"CY24B","sp|P04839|CY24B_HUMAN",-0.0853790411489791,15.2383876989529,-0.392876016893935,0.701555802908318,0.956136992772092,-6.07026121520204,0.0194798787044241,"P04839"
"369",1.74395402531852,8.35488566958642,2.29309911412369,0.0427148862734115,0.373080809319613,-3.98063714521911,0.428197089798482,"PX11B","sp|O96011|PX11B_HUMAN",-0.266811264725779,8.86434816701082,-0.777965475043016,0.453657870682103,0.888030022481217,-5.79381306171443,0.0515723513638328,"O96011"
"370",-0.560270796909134,10.3932034579802,-2.30234024962053,0.0401679975771677,0.36425569387601,-3.98686684671821,0.438593650815063,"CHSS1","sp|Q86X52|CHSS1_HUMAN",-0.192894780026532,9.90137530520945,-0.626557286397373,0.543118475615244,0.912613568562101,-5.94960549294257,0.0397130785089623,"Q86X52"
"371",0.551701971312861,13.1938638601526,2.29982222475685,0.0403511085046098,0.36491915293406,-3.99099458045374,0.437803341909993,"DJB11","sp|Q9UBS4|DJB11_HUMAN",0.313627137020926,13.5032243481238,1.37365206501518,0.195589009559344,0.752526853111309,-5.24586652327126,0.123477998126165,"Q9UBS4"
"372",-0.443178799115208,12.2475253145516,-2.29634818149632,0.0406050514320211,0.365996249149823,-3.99668686365907,0.436523365375757,"UBE2Z","sp|Q9H832|UBE2Z_HUMAN",-0.196812785381037,11.9623907415363,-0.752244110223379,0.466938265048559,0.891884320053894,-5.86340258614875,0.0496914712070623,"Q9H832"
"373",0.441803239629922,14.2906787459857,2.29518040625485,0.0406907550275037,0.365996249149823,-3.99859959831819,0.436523365375757,"ZCCHL","sp|Q96H79|ZCCHL_HUMAN",-0.298127316574831,14.5072585127834,-1.66795001622632,0.122147769769983,0.700133244405574,-4.86263398038867,0.154819300266761,"Q96H79"
"374",0.372672243460044,16.177628993398,2.28850229133738,0.0411841949225544,0.367564915079859,-4.00953121683386,0.434665949719018,"LRP1B","sp|Q9NZR2|LRP1B_HUMAN",0.247803928471119,16.0680002572238,1.30959560015089,0.215750205649067,0.757046932651169,-5.32251935196507,0.120877195850511,"Q9NZR2"
"375",0.546045617709329,14.9706695006519,2.28832471840785,0.0411973933141632,0.367564915079859,-4.00982173606605,0.434665949719018,"FAAA","sp|P16930|FAAA_HUMAN",0.161545757438815,14.9674115760752,1.06469260946907,0.308738189827257,0.81335054112204,-5.5897851886877,0.089722240058852,"P16930"
"376",0.428515421462423,20.4296794154419,2.28557441045643,0.0414023307845883,0.368403045238736,-4.01432036009024,0.433676788559572,"AGRG6","sp|Q86SQ4|AGRG6_HUMAN",-0.181264861399836,20.7817132586226,-0.828482774025701,0.42416429409155,0.872069691618375,-5.80421263080716,0.0594488069528928,"Q86SQ4"
"377",0.335939239171817,14.6270332698016,2.2819709852879,0.0416723110677132,0.3689361685614,-4.02021146386409,0.433048766739438,"VPP1","sp|Q93050|VPP1_HUMAN",0.00567604317528955,14.6787751550439,0.0442590392925507,0.965452855412324,0.991439396338831,-6.14879774540382,0.00373382774212562,"Q93050"
"378",0.518862925073259,12.5880290794333,2.28180799344402,0.0416845625822612,0.3689361685614,-4.02047785381684,0.433048766739438,"MIC19","sp|Q9NX63|MIC19_HUMAN",0.154681380353229,12.1758655417789,0.709376578181378,0.49214408471746,0.902445423854834,-5.8944198996548,0.0445790529518087,"Q9NX63"
"379",-0.246382673093369,21.3368782268117,-2.28001825252693,0.0418193173173902,0.369144452596856,-4.02340251098429,0.432803653652668,"ATL2","sp|Q86TH1|ATL2_HUMAN",-0.0516062915182386,21.3834815739578,-0.465899769043198,0.64993866799653,0.941197234759129,-6.03825215776075,0.0263193574528965,"Q86TH1"
"380",0.227910517003328,27.5920511084998,2.2779114044204,0.0419784806719845,0.369566518170601,-4.02684429574403,0.432307381695493,"APOB","sp|P04114|APOB_HUMAN",-0.0173667623447511,27.6248570995887,-0.134248750053524,0.895513632564709,0.986613644973353,-6.14046831670717,0.00585288249271538,"P04114"
"381",-0.301802593666225,22.6441031818336,-2.27396308237356,0.0422783171445679,0.371221520113282,-4.03329123369534,0.430366855202253,"FHR3","sp|Q02985|FHR3_HUMAN",-0.222112720871748,22.5444844417766,-1.85017140241405,0.0899863361415862,0.643850116117451,-4.6033563896503,0.191215221645184,"Q02985"
"382",0.223992063969142,16.191561289788,2.26884350535313,0.0426701410778042,0.373080809319613,-4.04164455867224,0.428197089798482,"LEG1","sp|P09382|LEG1_HUMAN",-0.143164929051992,16.4022997469197,-1.06430948005447,0.308904481571883,0.81335054112204,-5.59016906481698,0.089722240058852,"P09382"
"383",-0.300087223422227,16.613520126268,-2.2649535169033,0.0429701711026528,0.374286909443348,-4.04798702142884,0.42679536192094,"ERF3A","sp|P15170|ERF3A_HUMAN",0.0672298490045286,16.5033955807682,0.485941508279055,0.636084704158732,0.939130397287737,-6.0285503923033,0.0272741022059108,"P15170"
"384",0.387513516887308,18.8729651782881,2.2635551296502,0.0430785174472308,0.374286909443348,-4.05026605533798,0.42679536192094,"PERE","sp|P11678|PERE_HUMAN",-0.181356456070104,19.3904175839805,-1.19052348446996,0.257702680589346,0.777929443098344,-5.4577812766378,0.109059791008534,"P11678"
"385",-0.409976744718207,11.9691529969194,-2.26072662931783,0.0432984644636614,0.375215675078047,-4.05487424203123,0.425719026748998,"RL11","sp|P62913|RL11_HUMAN",-0.112099988384024,11.9432659010383,-0.622456374081258,0.545718336617315,0.912613568562101,-5.95217321503377,0.0397130785089623,"P62913"
"386",0.555958727120468,11.410692911416,2.25548470937384,0.0437089125081592,0.375245847672602,-4.06340872875229,0.425684104795161,"CAC1I","sp|Q9P0X4|CAC1I_HUMAN",-0.120527651835722,11.2049459535255,-0.396941108707567,0.698637788554771,0.956136992772092,-6.0686180718396,0.0194798787044241,"Q9P0X4"
"387",0.427687012437976,13.4468639553613,2.25452480095305,0.0437844746301628,0.375245847672602,-4.06497078041565,0.425684104795161,"OLM2A","sp|Q68BL7|OLM2A_HUMAN",0.391390481419244,13.4203091870221,1.76499883972477,0.103924032950284,0.669600480977937,-4.72639645151582,0.174184243058421,"Q68BL7"
"388",-0.336996516051625,20.4489567549723,-2.25450170045955,0.0437862945876162,0.375245847672602,-4.06500836862558,0.425684104795161,"1433E","sp|P62258|1433E_HUMAN",-0.212860665014587,20.4765188155712,-1.49772453868517,0.160990989511306,0.728883053370811,-5.0902146028398,0.137342147059245,"P62258"
"389",0.5988513469925,12.5370675381461,2.25388840606973,0.0438346389356111,0.375245847672602,-4.06600624460254,0.425684104795161,"TTC13","sp|Q8NBP0|TTC13_HUMAN",0.748901321291241,12.7460063591729,2.28058524993788,0.0423992162087163,0.579106990109998,-3.94148730191328,0.237241192884139,"Q8NBP0"
"390",0.447034595385637,16.9217781186671,2.25327156894756,0.043883313800296,0.375245847672602,-4.06700978291658,0.425684104795161,"STX11","sp|O75558|STX11_HUMAN",-0.0206497275226311,16.880191127853,-0.106207202905856,0.917237789598292,0.986613644973353,-6.14396309802406,0.00585288249271538,"O75558"
"391",0.234436850155863,17.3932392366126,2.25190113212238,0.0439916397192534,0.375245847672602,-4.06923899355853,0.425684104795161,"LEG3","sp|P17931|LEG3_HUMAN",0.193878011005317,17.3006048780895,1.85397591025015,0.0894053606591952,0.643850116117451,-4.59778922604107,0.191215221645184,"P17931"
"392",-0.613506424958601,17.3443455197603,-2.24704782716497,0.0443773184116716,0.375245847672602,-4.07712950937301,0.425684104795161,"EPB41","sp|P11171|EPB41_HUMAN",0.0589201639834731,17.7119879769597,0.174394539049827,0.864570750215648,0.983382563387846,-6.13405172051438,0.00727749656607012,"P11171"
"393",0.716286033321179,9.43185232931221,2.24169513418013,0.0448064118918327,0.375245847672602,-4.08582452184465,0.425684104795161,"PREP","sp|Q5JRX3|PREP_HUMAN",0.988258766201626,9.2870257371087,2.35307854255263,0.0372368461052839,0.564461874265568,-3.82483746672867,0.248365386520688,"Q5JRX3"
"394",0.287636932573178,14.4399383005721,2.24124182443607,0.0448429317026526,0.375245847672602,-4.08656052780972,0.425684104795161,"T132E","sp|Q6IEE7|T132E_HUMAN",-0.0505511012137728,14.3894265815269,-0.253011075162994,0.804700520403689,0.974324183315953,-6.11668719553707,0.0112965178645011,"Q6IEE7"
"395",-0.423200470421459,13.6649628578105,-2.24091742258973,0.0448690837312892,0.375245847672602,-4.08708720094786,0.425684104795161,"VIGLN","sp|Q00341|VIGLN_HUMAN",0.243316212057841,13.5700791349551,1.53307461872639,0.152144200395414,0.728883053370811,-5.04423052716055,0.137342147059245,"Q00341"
"396",0.277410108973662,21.749657314,2.24067899767679,0.0448883138757354,0.375245847672602,-4.08747427040207,0.425684104795161,"CXCL7","sp|P02775|CXCL7_HUMAN",0.103771999725961,21.8149208382054,0.93666052600238,0.368080061507887,0.854052682405479,-5.71166470276531,0.0685153389452927,"P02775"
"397",0.380247340677332,14.5059696979489,2.24022708275824,0.0449247845465491,0.375245847672602,-4.08820788621801,0.425684104795161,"AMPL","sp|P28838|AMPL_HUMAN",-0.0491577825465247,14.5062081747833,-0.353310829150745,0.730211321373465,0.964219667992726,-6.08539243155337,0.0158240140959132,"P28838"
"398",0.312506866755917,16.8716392223326,2.23946368688995,0.0449864565136697,0.375245847672602,-4.08944701747099,0.425684104795161,"MRP2","sp|Q92887|MRP2_HUMAN",0.424860428603759,16.313597759194,2.59233539460033,0.0241630757078264,0.540800023647902,-3.43256586347881,0.266963298075752,"Q92887"
"399",1.31931128683909,11.0159462619727,2.23932282598089,0.0449978449453738,0.375245847672602,-4.08967564307086,0.425684104795161,"PRRC1","sp|Q96M27|PRRC1_HUMAN",0.146375351752667,11.2952161135203,0.659983379656156,0.522190787243661,0.909313338332481,-5.92809271502991,0.0412864383840576,"Q96M27"
"400",0.831418584017246,10.0519942359906,2.23653295841791,0.0452239677971202,0.376186338643213,-4.09420264182555,0.424596980076435,"XPO1","sp|O14980|XPO1_HUMAN",-0.167408039993384,10.6441084664689,-0.658200898666962,0.523294819236702,0.909803826635208,-5.92926603811937,0.0410522408594816,"O14980"
"401",-0.588835046256126,14.0969068307594,-2.22291852931379,0.0463430137887132,0.382876498573728,-4.11626333290669,0.416941290358986,"PSD12","sp|O00232|PSD12_HUMAN",-0.245533129614667,14.1912846418097,-1.20551908089479,0.252087797938461,0.777364072933162,-5.44128400886091,0.109375534823134,"O00232"
"402",-0.90692388525384,10.8794878223774,-2.22224315896126,0.0463992052098124,0.382876498573728,-4.11735635294556,0.416941290358986,"ARHGC","sp|Q9NZN5|ARHGC_HUMAN",0.641720189055767,10.8516606213301,1.25076398241492,0.235731906487127,0.766165792444393,-5.39055780436637,0.115677242178419,"Q9NZN5"
"403",-0.315615254002062,16.4827358864777,-2.22103229800231,0.046500111875958,0.382876498573728,-4.11931569135516,0.416941290358986,"APT","sp|P07741|APT_HUMAN",-0.0723614221067423,16.427654348955,-0.486452587463759,0.635733268696506,0.939029247353674,-6.02829786719223,0.0273208808260098,"P07741"
"404",0.289466651038509,21.4327364777181,2.21977590275648,0.0466050332701976,0.382876498573728,-4.12134827534695,0.416941290358986,"RELN","sp|P78509|RELN_HUMAN",0.111997966976183,21.5887535195762,0.999475047220831,0.338016782276436,0.837584329040114,-5.65349246818479,0.0769714567770072,"P78509"
"405",0.449304860584019,15.5696417477539,2.21829942402367,0.04672862093678,0.382943933059686,-4.12373634090315,0.416864806567205,"LIRB1","sp|Q8NHL6|LIRB1_HUMAN",0.297919689753134,15.2761928400489,2.22855692968359,0.0465193952168548,0.589635363006715,-4.02444071815358,0.229416477831962,"Q8NHL6"
"406",-0.539160642017475,10.6584337180844,-2.21451854358481,0.0470465161385651,0.384599475526841,-4.12984875671572,0.414991312338709,"DUS22","sp|Q9NRW4|DUS22_HUMAN",-0.331754595608811,10.5101332696733,-0.687960537967352,0.505041457272817,0.906096656967774,-5.90929372345305,0.0428254719162299,"Q9NRW4"
"407",0.274166122819866,15.5635566833251,2.20742061444098,0.0476488550190885,0.387210456504995,-4.14131278102861,0.412052923209972,"OST48","sp|P39656|OST48_HUMAN",0.153597230367809,15.6046855062822,1.23796278387809,0.240271061364929,0.769006415303954,-5.40505316279139,0.114070037156325,"P39656"
"408",-0.412815755626826,14.8045292082812,-2.20593138724107,0.0477761570948245,0.387210456504995,-4.14371624251262,0.412052923209972,"GSH0","sp|P48507|GSH0_HUMAN",0.0666196896303919,14.6165246229932,0.421861951784464,0.680860793445356,0.953955901060617,-6.05818616241307,0.0204717011540782,"P48507"
"409",-0.444081205140551,15.6212277374473,-2.20335523706896,0.0479971328316342,0.387210456504995,-4.14787238735874,0.412052923209972,"A0A0J9YW62","tr|A0A0J9YW62|A0A0J9YW62_HUMAN",-0.418729843828426,15.6481705344145,-2.3600429292497,0.0367740113025983,0.564461874265568,-3.81356982308102,0.248365386520688,"A0A0J9YW62"
"410",0.423387151942907,15.6430289265974,2.19957301499339,0.0483233175543743,0.387210456504995,-4.15397085161761,0.412052923209972,"RHG01","sp|Q07960|RHG01_HUMAN",-0.0312271787602393,15.5475791322726,-0.17216225526714,0.866285651092753,0.984019329631185,-6.13445212996456,0.00699637040025486,"Q07960"
"411",0.305086821597701,17.1964450918986,2.19663148943716,0.0485784495073539,0.387210456504995,-4.15871092110696,0.412052923209972,"UBR4","sp|Q5T4S7|UBR4_HUMAN",0.316327404361127,16.9886859836494,2.80596287221614,0.0163690343841105,0.483041313812467,-3.07551388458099,0.316015723092241,"Q5T4S7"
"412",-0.300780158563723,13.0835155398776,-2.19513321348879,0.0487088915944143,0.387210456504995,-4.16112432830305,0.412052923209972,"AT131","sp|Q9HD20|AT131_HUMAN",-0.244183268024947,12.8333223159093,-1.08492724030612,0.300050821724483,0.809428974673681,-5.5693521533109,0.0918212534709299,"Q9HD20"
"413",-0.433759972086672,14.2352912352602,-2.19492386707634,0.0487271439797846,0.387210456504995,-4.16146148944633,0.412052923209972,"P4HA1","sp|P13674|P4HA1_HUMAN",-0.19184825387429,14.4405015232566,-1.07514016677704,0.30422941970288,0.811034091561332,-5.57927407189284,0.0909608899740679,"P13674"
"414",0.711326876604634,13.9763682355887,2.19481092657084,0.0487369936660715,0.387210456504995,-4.16164337956389,0.412052923209972,"OLFM4","sp|Q6UX06|OLFM4_HUMAN",0.123285385677236,14.1311177022866,0.542314449478358,0.597896003958601,0.924268458929614,-5.99917100599747,0.0342018672020061,"Q6UX06"
"415",0.470484454147156,12.1507606033021,2.19472404708,0.0487445718204414,0.387210456504995,-4.16178329602704,0.412052923209972,"PA2GA","sp|P14555|PA2GA_HUMAN",0.160126848937007,11.8304137562746,0.969490202859333,0.35213850904824,0.845081497853297,-5.68165809292229,0.0731014065991187,"P14555"
"416",-0.628169554243676,11.2348650726939,-2.19005279155579,0.0491536730730781,0.387210456504995,-4.16930295963316,0.412052923209972,"GIPC1","sp|O14908|GIPC1_HUMAN",0.399629437480835,11.3258765606785,1.66745114357581,0.122248361261852,0.700133244405574,-4.8633227478278,0.154819300266761,"O14908"
"417",0.514840991319481,15.4071088490535,2.18996651353894,0.0491612596402992,0.387210456504995,-4.16944178784685,0.412052923209972,"CRIS3","sp|P54108|CRIS3_HUMAN",0.412971048439906,14.8890991007438,1.86659412094773,0.0875028758944661,0.639643356953234,-4.5792828491007,0.19406210614006,"P54108"
"418",-0.284905143150211,19.1229393739943,-2.18967157738972,0.0491872022267862,0.387210456504995,-4.16991634721465,0.412052923209972,"PSA4","sp|P25789|PSA4_HUMAN",-0.0164827675466893,19.214345753776,-0.13373437056703,0.895911387362044,0.986613644973353,-6.14053974071271,0.00585288249271538,"P25789"
"419",-0.457792525129706,14.9010081419681,-2.18878760694509,0.0492650338870985,0.387210456504995,-4.17133852457605,0.412052923209972,"CSN8","sp|Q99627|CSN8_HUMAN",-0.343214965453519,14.8271040477093,-1.40156737419302,0.187305007537896,0.751711390590421,-5.21165284626112,0.123948868893075,"Q99627"
"420",-0.895266384692674,12.0058165002763,-2.18875556940474,0.0492678569092193,0.387210456504995,-4.17139006393444,0.412052923209972,"EIF3J","sp|O75822|EIF3J_HUMAN",-0.333180876234988,12.0685400121059,-0.881657122780083,0.395915565669978,0.866783484471409,-5.75995159568715,0.0620893722383122,"O75822"
"421",0.38049865307419,12.9557742240303,2.18702605364631,0.0494204823741458,0.387210456504995,-4.17417192035645,0.412052923209972,"DNJB1","sp|P25685|DNJB1_HUMAN",0.139912229371126,12.9203831932991,0.800141125659504,0.439754989792751,0.876629379092586,-5.82681084890838,0.0571839786238945,"P25685"
"422",0.741993594115358,16.2648863780749,2.18668049686144,0.0494510304628749,0.387210456504995,-4.17472762941195,0.412052923209972,"PHB2","sp|Q99623|PHB2_HUMAN",-0.169495443970387,16.5745965167238,-0.496087162001746,0.629125687252292,0.935514406805715,-6.0234898596205,0.0289495200313719,"Q99623"
"423",-0.391968144091892,15.2844608627377,-2.18628790208943,0.0494857585013271,0.387210456504995,-4.17535894034168,0.412052923209972,"RLA2","sp|P05387|RLA2_HUMAN",-0.232843497104421,15.4365644616283,-0.975592814818183,0.349230528407756,0.844428376563205,-5.67598408575552,0.0734371808857621,"P05387"
"424",0.49998631421252,10.5353685581958,2.18471346587082,0.0496252614251823,0.387210456504995,-4.17789025321618,0.412052923209972,"DCXR","sp|Q7Z4W1|DCXR_HUMAN",-0.0678717782912449,10.8313494120329,-0.201949472806488,0.843464630067716,0.979774508889009,-6.12868700197785,0.00887386391301568,"Q7Z4W1"
"425",-0.603745649864339,13.8401652588797,-2.18370090774665,0.049715175564998,0.387210456504995,-4.17951781667586,0.412052923209972,"ARHG7","sp|Q14155|ARHG7_HUMAN / sp|Q15052|ARHG6_HUMAN",-0.33382614407755,13.9190433679181,-1.56870576061306,0.143654547402994,0.726283329837963,-4.99718439758802,0.138893923954356,"Q14155"
"426",0.605410139348046,14.1612759041865,2.183157406538,0.0497635014404381,0.387210456504995,-4.18039130391073,0.412052923209972,"SFTA1","sp|Q8IWL2|SFTA1_HUMAN / sp|Q8IWL1|SFPA2_HUMAN",0.321200506191594,13.6817008254427,1.20099608687176,0.253771104042955,0.777364072933162,-5.44627663587501,0.109375534823134,"Q8IWL2"
"427",0.272156631792679,13.4812459398327,2.18256902780869,0.0498158677094405,0.387210456504995,-4.18133681782668,0.412052923209972,"RS15A","sp|P62244|RS15A_HUMAN",-0.0694320403326103,13.4404079246539,-0.579906673388218,0.573101255590581,0.916271872807246,-5.97788331035206,0.0379756449553353,"P62244"
"428",0.376269882315924,11.7136021843547,2.17923986139583,0.0501131494387863,0.387485026739823,-4.18668480162273,0.411745074912278,"ACSL3","sp|O95573|ACSL3_HUMAN",0.247210976354056,11.7152285391793,1.00280528990807,0.336474125090673,0.835705559864536,-5.65032006869208,0.0779467085059675,"O95573"
"429",-0.622231734587816,13.3176752250781,-2.17878922247172,0.0501535183843118,0.387485026739823,-4.18740845744791,0.411745074912278,"TM263","sp|Q8WUH6|TM263_HUMAN",-0.773366304486649,13.0680715136513,-1.75020409156016,0.106534629922876,0.673352839571618,-4.74744676048809,0.171757304091438,"Q8WUH6"
"430",0.344593759915051,15.0659363782595,2.17825477784942,0.0502014346182959,0.387485026739823,-4.18826661411724,0.411745074912278,"ERP29","sp|P30040|ERP29_HUMAN",0.119167260048916,15.2809354275485,0.52427172330478,0.60999020917434,0.928468578954848,-6.00890801458961,0.032232788981201,"P30040"
"431",0.312068278041779,15.2093657525885,2.17579733677452,0.0504223166219726,0.388286934729297,-4.19221143098975,0.41084722256349,"IHH","sp|Q14623|IHH_HUMAN",0.220473866540241,15.1168216714917,1.37263227030134,0.19589731879728,0.752526853111309,-5.24710725434656,0.123477998126165,"Q14623"
"432",1.23803076946514,11.0739283851194,2.17372607313279,0.0506092007337346,0.388823928785336,-4.19553493967068,0.410247015814565,"SPR1B","sp|P22528|SPR1B_HUMAN / sp|P35321|SPR1A_HUMAN",-0.661391958320555,10.3030281945679,-0.989297972217903,0.342762963503108,0.842302006615039,-5.66313260070738,0.0745321646880175,"P22528"
"433",0.544977702054615,13.9021622657074,2.16890274730078,0.0510469344799411,0.391281236810449,-4.20326938651887,0.407510977412535,"PYR1","sp|P27708|PYR1_HUMAN",0.369556499757174,13.9519436099817,1.92020517139766,0.0798257501416196,0.625528627758299,-4.49995176284131,0.203752809722832,"P27708"
"434",0.296973255980102,19.6183602300371,2.16453138451847,0.0514467369812316,0.39343714295094,-4.21027305668756,0.405124642339464,"NUCB1","sp|Q02818|NUCB1_HUMAN",0.108873808737676,19.748392904004,0.822235081866379,0.427569350958229,0.872187078027514,-5.80925406699565,0.0593903519470659,"Q02818"
"435",1.07128714358738,13.590438461483,2.16166759640784,0.0517102578762854,0.394073826329712,-4.21485820982212,0.404422409229955,"PD1L1","sp|Q9NZQ7|PD1L1_HUMAN",0.365249901263897,13.1896794219007,0.396053037145972,0.699274837270893,0.956136992772092,-6.06897844128758,0.0194798787044241,"Q9NZQ7"
"436",-0.39892872427775,13.4559231401422,-2.15886618297388,0.0519692710635878,0.394073826329712,-4.2193410926266,0.404422409229955,"ARLY","sp|P04424|ARLY_HUMAN",-0.548299512451,13.4015443353037,-2.13138464544083,0.0552547827481526,0.59071324196055,-4.17746293877979,0.228623293496481,"P04424"
"437",0.263896823580222,25.5800924085024,2.15873503241987,0.0519814269258267,0.394073826329712,-4.21955090421304,0.404422409229955,"APOC3","sp|P02656|APOC3_HUMAN",0.0788698031266014,25.5351948694001,0.710995157013963,0.491177524696105,0.902132234216297,-5.89327883345016,0.0447297990641337,"P02656"
"438",0.375780381756373,12.5228549991012,2.15744282409019,0.0521013404363279,0.394073826329712,-4.22161786914108,0.404422409229955,"TRYB1","sp|Q15661|TRYB1_HUMAN / sp|P20231|TRYB2_HUMAN",0.122392389176871,12.8515029897426,0.744850398254039,0.471227068073894,0.892806855517381,-5.86887002422165,0.0492424836148991,"Q15661"
"439",-0.319463453451698,16.6387320700937,-2.15720267201687,0.0521236546425862,0.394073826329712,-4.22200195082065,0.404422409229955,"IF4A2","sp|Q14240|IF4A2_HUMAN",-0.10025702230715,16.6683534420573,-0.548790148571915,0.593585562872288,0.924268458929614,-5.99560011538259,0.0342018672020061,"Q14240"
"440",-0.650794967519638,12.8581985877053,-2.15141424250655,0.052664232250159,0.395385549603849,-4.23125421535011,0.402979207156868,"PATL1","sp|Q86TB9|PATL1_HUMAN",-0.135037094432916,13.0698780788828,-0.412343926177107,0.687627397992119,0.953955901060617,-6.06224312098059,0.0204717011540782,"Q86TB9"
"441",-0.494563000150664,20.0802799149893,-2.15079147338031,0.0527227061118507,0.395385549603849,-4.23224904254893,0.402979207156868,"SPTA1","sp|P02549|SPTA1_HUMAN",0.00756832183821124,20.3465007998585,0.0256318991697486,0.979987870045677,0.994976977877517,-6.1494733188947,0.00218696799440344,"P02549"
"442",-0.343957841477927,15.3959244400664,-2.15055536226595,0.0527448913620928,0.395385549603849,-4.23262618130606,0.402979207156868,"S10A6","sp|P06703|S10A6_HUMAN",-0.213716059656965,15.6252765395149,-1.28610145147119,0.223558297117404,0.757046932651169,-5.34996705361134,0.120877195850511,"P06703"
"443",-0.412612623704799,14.5472533456222,-2.14899277380324,0.0528919357575199,0.395385549603849,-4.23512166193148,0.402979207156868,"IF1AX","sp|P47813|IF1AX_HUMAN",-0.41939242937927,14.599066327522,-2.12675441247118,0.0557075157377681,0.59071324196055,-4.18468785577264,0.228623293496481,"P47813"
"444",0.266453890957249,16.3801683615873,2.14898366322822,0.052892794222389,0.395385549603849,-4.23513620947469,0.402979207156868,"LV136","sp|A0A0B4J1U3|LV136_HUMAN",0.378805725330601,15.6257358000272,2.2102926842667,0.0480542229865716,0.589635363006715,-4.0533982942265,0.229416477831962,"A0A0B4J1U3"
"445",0.287963987505137,16.6566147692343,2.1461147085062,0.0531637820610126,0.395735282148371,-4.23971601426193,0.402595228078007,"CATB","sp|P07858|CATB_HUMAN",0.00792060942552079,16.7699664941741,0.0615363176535534,0.951982668987396,0.989471316190957,-6.1478493572663,0.00459679104883991,"P07858"
"446",0.490579199655782,13.7599321053287,2.14596407410572,0.0531780463507603,0.395735282148371,-4.23995640665279,0.402595228078007,"DDR2","sp|Q16832|DDR2_HUMAN",-0.097700377645602,13.6730596686626,-0.553434084015061,0.590504365992739,0.923616858095106,-5.99301460395004,0.0345081488266848,"Q16832"
"447",0.763296752472396,14.1456621713025,2.13981798246108,0.0537631326680441,0.399194266946842,-4.24975875700246,0.398815704486946,"ARHGF","sp|O94989|ARHGF_HUMAN",0.775366954761365,13.3479731299279,1.6353785319882,0.128871057888459,0.704650809113335,-4.90734560069708,0.152026045057714,"O94989"
"448",0.294897684188929,16.2918137383469,2.1321441824359,0.0545021595076567,0.403778275459627,-4.26198112423022,0.393857051172007,"TELO2","sp|Q9Y4R8|TELO2_HUMAN",0.16132703066563,15.6106502755394,1.09165376876613,0.297204170351055,0.807673858820119,-5.56249092923308,0.0927639732705794,"Q9Y4R8"
"449",0.28402160928547,19.0206806868156,2.12649974802154,0.0550518363983224,0.406378932230059,-4.27095944170282,0.391068815127182,"CBPB2","sp|Q96IY4|CBPB2_HUMAN",0.173452432911049,18.9107863282553,1.31734368875488,0.213224485477132,0.757046932651169,-5.31338794836671,0.120877195850511,"Q96IY4"
"450",-0.826049235952575,11.0205463769322,-2.12591169579631,0.0551094020584807,0.406378932230059,-4.27189424827998,0.391068815127182,"LUC7L","sp|Q9NQ29|LUC7L_HUMAN",0.134988851185343,11.1912717028745,0.39769944646565,0.69809399348216,0.956136992772092,-6.06830972597663,0.0194798787044241,"Q9NQ29"
"451",-0.487407226115356,14.7457482685928,-2.12209437117243,0.0554844659391395,0.406378932230059,-4.2779598539856,0.391068815127182,"OFD1","sp|O75665|OFD1_HUMAN",-0.406219379869735,14.7762632676622,-1.51986953901929,0.155398741319463,0.728883053370811,-5.06148957493561,0.137342147059245,"O75665"
"452",0.748212373121299,20.6733953205968,2.12008521798586,0.0556828336511021,0.406378932230059,-4.28115047355877,0.391068815127182,"K2C1","sp|P04264|K2C1_HUMAN",0.283946349097836,20.3818909512899,1.07957378685669,0.302331081391652,0.811034091561332,-5.5747883653931,0.0909608899740679,"P04264"
"453",0.730335548298821,10.2958775781677,2.11941847542663,0.0557488095925086,0.406378932230059,-4.28220900449284,0.391068815127182,"HM13","sp|Q8TCT9|HM13_HUMAN",0.00672130528042434,10.713517679432,0.0373241416882856,0.970863023593166,0.992391245859476,-6.14909132900838,0.00331707540717652,"Q8TCT9"
"454",-0.343628196024314,15.1102817187797,-2.11920278278082,0.0557701686674054,0.406378932230059,-4.28255141115943,0.391068815127182,"MARF1","sp|Q9Y4F3|MARF1_HUMAN",-0.14581997809004,15.222439551268,-1.14936398904634,0.273619290213774,0.78968906453871,-5.50223878329726,0.102543875971207,"Q9Y4F3"
"455",0.996561783612425,6.70905259651842,1.82531942196286,0.168063240691549,0.609811526918423,-4.28419236862775,0.214804370672916,"NDUS4","sp|O43181|NDUS4_HUMAN",-0.0989095586577446,6.73633049287021,-0.194082833681411,0.860433441463178,0.983382563387846,-5.14967846486184,0.00727749656607012,"O43181"
"456",-0.348579282851172,15.5095266303428,-2.11616370351535,0.0560719333793273,0.406378932230059,-4.28737429313945,0.391068815127182,"FCER2","sp|P06734|FCER2_HUMAN",-0.287603159072295,15.6425380456044,-2.37125382436262,0.0360405861610474,0.564461874265568,-3.79541031546979,0.248365386520688,"P06734"
"457",-0.292063045934637,18.5942053510103,-2.11521271910191,0.0561666757289985,0.406378932230059,-4.28888285540315,0.391068815127182,"PSB3","sp|P49720|PSB3_HUMAN",-0.153584612901016,18.6308335767372,-1.30678853978911,0.216671256500779,0.757046932651169,-5.32581789325897,0.120877195850511,"P49720"
"458",-0.31980587833179,20.0472025837501,-2.11482809049122,0.0562050372445362,0.406378932230059,-4.28949291576491,0.391068815127182,"GPVI","sp|Q9HCN6|GPVI_HUMAN",-0.348726472367913,20.354208180451,-3.10060970858245,0.00955220801518851,0.417431266314695,-2.57760502380638,0.37941502465391,"Q9HCN6"
"459",0.207797316012766,15.5742684380248,2.1126674404068,0.0564209905857432,0.406378932230059,-4.29291904524049,0.391068815127182,"FGL2","sp|Q14314|FGL2_HUMAN",0.0786205463837474,15.6270077991162,0.454858577458431,0.657630460926733,0.942800633562724,-6.04342912797498,0.0255801343014022,"Q14314"
"460",-0.53106065986901,12.3915717451665,-2.11245161524036,0.0564426046866904,0.406378932230059,-4.29326119544656,0.391068815127182,"UBP7","sp|Q93009|UBP7_HUMAN",-0.0974772252163879,12.5064236045113,-0.414893159009245,0.685812268714643,0.953955901060617,-6.06116533459358,0.0204717011540782,"Q93009"
"461",0.273766580672672,17.929639227175,2.11123157712611,0.0565649332678098,0.406378932230059,-4.29519505446668,0.391068815127182,"PODN","sp|Q7Z5L7|PODN_HUMAN",-0.0190570113348605,18.0402407981103,-0.118777218208662,0.907489843928218,0.986613644973353,-6.14249705257417,0.00585288249271538,"Q7Z5L7"
"462",-0.410324100957138,15.3603893722352,-2.1111854375732,0.0565695643852782,0.406378932230059,-4.29526817997964,0.391068815127182,"IF5","sp|P55010|IF5_HUMAN",-0.246615887450317,15.302325577105,-2.32011344631381,0.0395047459089989,0.574673817068442,-3.87802903840027,0.240578589471024,"P55010"
"463",0.832413046564422,9.9685767089635,2.11024516303719,0.0566640191439702,0.406378932230059,-4.29675824991076,0.391068815127182,"ODP2","sp|P10515|ODP2_HUMAN",0.594011599822301,10.3146997590606,1.03436134213709,0.32406176579606,0.823872143869656,-5.57063454851761,0.0841401809245796,"P10515"
"464",0.330372517765286,14.3481413192899,2.10998877805855,0.056689799826007,0.406378932230059,-4.29716449831374,0.391068815127182,"CFA47","sp|Q6ZTR5|CFA47_HUMAN",0.0154365682915643,14.417580150222,0.122337523297229,0.90473165250711,0.986613644973353,-6.14205211617418,0.00585288249271538,"Q6ZTR5"
"465",-0.233835697321357,18.4238038439634,-2.10704189905311,0.0569869133922535,0.407068353586472,-4.30183237700125,0.390332659342519,"FUND2","sp|Q9BWH2|FUND2_HUMAN",-0.103178851302712,18.40557054267,-0.881703065774442,0.395891726707945,0.866783484471409,-5.75991231620168,0.0620893722383122,"Q9BWH2"
"466",0.496872687735475,12.8920548436932,2.10660319366433,0.05703126978539,0.407068353586472,-4.30252704940927,0.390332659342519,"CELF2","sp|O95319|CELF2_HUMAN",-0.131016966841193,12.5750072387204,-0.412581373537303,0.687458241955476,0.953955901060617,-6.06214300298232,0.0204717011540782,"O95319"
"467",-0.405237939755388,13.3620399390544,-2.10413802963219,0.0572811192057736,0.407974323270306,-4.30642937724498,0.389367169294743,"PTPRK","sp|Q15262|PTPRK_HUMAN",0.12384511067753,13.3255268169927,0.606797944420702,0.555709382023815,0.913137076706219,-5.96183269231655,0.0394640229163576,"Q15262"
"468",0.323600575970651,16.2328852103302,2.10103312491924,0.0575972684844431,0.40934761049222,-4.3113415968251,0.387907740398576,"NGAL","sp|P80188|NGAL_HUMAN",0.0327549985791597,16.2037524117254,0.174766518468587,0.864285055612093,0.983382563387846,-6.13398449911754,0.00727749656607012,"P80188"
"469",0.390401200652038,14.0124300718622,2.0990163371885,0.0578034986211214,0.409461393215077,-4.31453064025135,0.38778704018945,"MGAT3","sp|Q09327|MGAT3_HUMAN",0.0661499583111655,14.1201528747249,0.326903819240991,0.749580782775221,0.965663208308992,-6.09461813828828,0.0151743148645484,"Q09327"
"470",0.24390833485081,19.8989341873033,2.09846481304671,0.0578600160945679,0.409461393215077,-4.31540250577453,0.38778704018945,"MUC18","sp|P43121|MUC18_HUMAN",0.0650344926216147,19.8352948940326,0.579832230283592,0.573149805837699,0.916271872807246,-5.9779267946443,0.0379756449553353,"P43121"
"471",-0.450296602766577,11.6576265529669,-2.0954739734441,0.0581674056263031,0.410308458938747,-4.32012877782735,0.386889529505055,"MFN2","sp|O95140|MFN2_HUMAN",-0.0920402773679933,11.3896603130616,-0.226794581621467,0.824542357371677,0.977505666396101,-6.12318157939307,0.00988071641043172,"O95140"
"472",0.368585019779973,13.0459442537492,2.09489622288146,0.0582269611811237,0.410308458938747,-4.32104142956869,0.386889529505055,"MYO1F","sp|O00160|MYO1F_HUMAN",-0.257737330266792,13.3271722829408,-1.03344534993089,0.322521678885119,0.823207854373805,-5.62072225069587,0.0844904945443003,"O00160"
"473",-0.299644864681401,12.6116746037618,-2.09243155987433,0.058481665289061,0.41123018452202,-4.32493353609649,0.385915015388662,"QCR10","sp|O14957|QCR10_HUMAN",0.0941830761512694,12.8721076916778,0.546558372230815,0.595069285316878,0.924268458929614,-5.99683531753884,0.0342018672020061,"O14957"
"474",-0.793447572086589,19.137695919022,-2.08697569601014,0.0590492035982707,0.414343143219156,-4.33354211024937,0.382639843707511,"PRDX2","sp|P32119|PRDX2_HUMAN",0.0998455259860559,19.8202768922263,0.264605608316789,0.795969637723302,0.973542616980155,-6.11359122409272,0.0116450324190306,"P32119"
"475",0.373065036822539,16.7241455802087,2.07874371207483,0.0599152894972558,0.41887259618499,-4.34651229959802,0.377918051467242,"TSK","sp|Q8WUA8|TSK_HUMAN",0.259156958386322,16.5802163883964,1.2213347024999,0.246271082288764,0.772206478342405,-5.42371358085282,0.112266559230286,"Q8WUA8"
"476",-0.280039717827977,15.0552753611942,-2.07470889066655,0.0603441185682546,0.41887259618499,-4.35286122920528,0.377918051467242,"AOC1","sp|P19801|AOC1_HUMAN",-0.0612859261262983,15.0788247215779,-0.400463366223152,0.696113508803128,0.956136992772092,-6.06718105522774,0.0194798787044241,"P19801"
"477",-0.362144913599086,13.8038171692688,-2.07443020364232,0.0603738436955312,0.41887259618499,-4.3532995508327,0.377918051467242,"KCJ14","sp|Q9UNX9|KCJ14_HUMAN",-0.0644172677727761,13.7248568844284,-0.345250613468441,0.736103538177073,0.964602283830354,-6.08828275288583,0.0156517141602005,"Q9UNX9"
"478",0.258691752293648,21.5138316542039,2.0741683216597,0.0604017888495089,0.41887259618499,-4.35371141750517,0.377918051467242,"PGRP2","sp|Q96PD5|PGRP2_HUMAN",0.337618752812013,21.4836987432838,2.48249638396566,0.0294889124397954,0.562492530963683,-3.61388224569146,0.249883239941566,"Q96PD5"
"479",1.05711574711481,8.50938661646284,2.00454694138892,0.0762893530082761,0.462051756632242,-4.35738879722907,0.33530937431222,"FACE1","sp|O75844|FACE1_HUMAN",1.3334366235871,8.18007211565224,3.03834650975621,0.011774041940173,0.444068695448116,-2.71245905415042,0.352549841267515,"O75844"
"480",0.224904480944266,18.7414030327459,2.07137202116603,0.0607009339277121,0.41887259618499,-4.35810777035179,0.377918051467242,"VDAC3","sp|Q9Y277|VDAC3_HUMAN",0.16482820165431,18.8816566606288,1.48070936381393,0.165404034288562,0.728883053370811,-5.11209689315205,0.137342147059245,"Q9Y277"
"481",0.82889527509974,19.3044345662025,2.07127288947931,0.0607115642950323,0.41887259618499,-4.3582635770894,0.377918051467242,"H2B1M","sp|Q99879|H2B1M_HUMAN / sp|Q5QNW6|H2B2F_HUMAN / sp|P62807|H2B1C_HUMAN / sp|O60814|H2B1K_HUMAN / sp|Q99877|H2B1N_HUMAN / sp|Q99880|H2B1L_HUMAN / sp|Q93079|H2B1H_HUMAN / sp|P58876|H2B1D_HUMAN",0.010960201252426,20.0473448407211,0.039243497845137,0.969365499108567,0.992240563594278,-6.14901506841988,0.00338302262832847,"Q99879"
"482",0.33398531601053,15.6868988633452,2.07086056492584,0.0607557985089924,0.41887259618499,-4.35891159806018,0.377918051467242,"NXP20","sp|Q8IWE2|NXP20_HUMAN",0.24801139575292,15.8095694807195,1.99109595167021,0.0706253256374218,0.609740800734631,-4.39338857019943,0.214854743241087,"Q8IWE2"
"483",-0.396424977521026,17.8380497896576,-2.07076245116384,0.0607663285969161,0.41887259618499,-4.35906578797078,0.377918051467242,"MARE2","sp|Q15555|MARE2_HUMAN",0.0404664041797174,17.8144110195757,0.2702174826989,0.791754100106426,0.972723403089688,-6.11204355562855,0.0120106351572695,"Q15555"
"484",-0.919296201081477,18.6998117605309,-2.07016442543246,0.0608305487680522,0.41887259618499,-4.36000554022699,0.377918051467242,"SAA2","sp|P0DJI9|SAA2_HUMAN",-0.316326802720191,18.589363711487,-0.979356851517325,0.347445552505479,0.844428376563205,-5.67246948706925,0.0734371808857621,"P0DJI9"
"485",-0.788802535654866,10.6797444706988,-2.06759280506092,0.0611074306227853,0.419907996349947,-4.36404526767948,0.376845854970084,"SAMN1","sp|Q9NSI8|SAMN1_HUMAN",-1.10282565655287,10.7058960412627,-2.57043676364474,0.025143769626666,0.541810085221108,-3.46885981246153,0.266152915295631,"Q9NSI8"
"486",0.225132582579249,19.1453311891199,2.06616820375366,0.0612613212502146,0.420095713284013,-4.36628219137372,0.376651750041625,"LRIG1","sp|Q96JA1|LRIG1_HUMAN",-0.0748337893704005,19.2496946780853,-0.652980228668258,0.526536197534532,0.911686477091096,-5.93268567216895,0.0401544869775934,"Q96JA1"
"487",0.263631504431422,18.6466342018844,2.05739538385798,0.0622169975471576,0.425738703405363,-4.38004211939265,0.370856866827025,"SEPR","sp|Q12884|SEPR_HUMAN",-0.0184267949224156,18.5730820826092,-0.167863705151065,0.869589918235551,0.984019329631185,-6.13520871596352,0.00699637040025486,"Q12884"
"488",0.302931034128859,17.8435988900657,2.05626841867694,0.06234076826002,0.425738703405363,-4.38180782396214,0.370856866827025,"ITB2","sp|P05107|ITB2_HUMAN",0.0598263734682258,18.0085815586065,0.408318861649546,0.690497520917931,0.953955901060617,-6.06393175470289,0.0204717011540782,"P05107"
"489",-0.276274132127886,15.7297549335509,-2.05268037900097,0.0627363618288281,0.426181542690326,-4.38742657605429,0.370405362883944,"PRPS1","sp|P60891|PRPS1_HUMAN",-0.231111260174087,15.7600552992586,-1.02643638716876,0.325675062927896,0.823872143869656,-5.6275577229609,0.0841401809245796,"P60891"
"490",0.454670993838917,18.5826659614043,2.05265724059838,0.0627389204974,0.426181542690326,-4.38746279563004,0.370405362883944,"ECHB","sp|P55084|ECHB_HUMAN",0.0151696594250684,18.4163532121745,0.0660804071539302,0.948442285758652,0.988571809281324,-6.14754850628274,0.00499177830587694,"P55084"
"491",-0.339012941731938,18.7399311942137,-2.05094794798958,0.0629282051912944,0.426181542690326,-4.39013791632095,0.370405362883944,"QPCT","sp|Q16769|QPCT_HUMAN",-0.0132890530599856,18.711852692078,-0.103856909138475,0.919062041651128,0.986613644973353,-6.14421907345087,0.00585288249271538,"Q16769"
"492",0.246436002854971,15.5457250771446,2.04997865917332,0.0630357793433325,0.426181542690326,-4.39165444854433,0.370405362883944,"DOB","sp|P13765|DOB_HUMAN",0.0857941554808882,15.4627101443495,0.70137980675209,0.496936430218322,0.903151205766242,-5.90002260068164,0.0442395339250954,"P13765"
"493",0.250160469425012,13.0026795778868,2.04987182896551,0.0630476461165863,0.426181542690326,-4.39182157331077,0.370405362883944,"SR140","sp|O15042|SR140_HUMAN",0.563371400554481,13.1493443934201,2.0236333667272,0.0667406591374315,0.609740800734631,-4.34388094336922,0.214854743241087,"O15042"
"494",-0.414070245009157,11.8492986986406,-2.04564424302531,0.0635189244518649,0.427773621311166,-4.39843201469141,0.368785999736942,"KSR1","sp|Q8IVT5|KSR1_HUMAN",0.228497815573012,11.3864993730437,1.02354517557368,0.326982443175537,0.825288767224036,-5.63036619195399,0.083394065911878,"Q8IVT5"
"495",0.271075205944735,16.5797400550985,2.04544742719768,0.0635409446539333,0.427773621311166,-4.39873961339544,0.368785999736942,"GPDM","sp|P43304|GPDM_HUMAN",-0.0365169233061373,16.5552455954649,-0.263235180571086,0.797000110847104,0.973576863980054,-6.11396429514973,0.0116297552023781,"P43304"
"496",0.340625914765202,22.7474915815058,2.0415390375972,0.0639796998310443,0.429464114987759,-4.40484514490255,0.367073118943077,"TSP4","sp|P35443|TSP4_HUMAN",0.158002885200946,22.7046479045294,0.871114667970299,0.40141183420744,0.867111174600625,-5.76891792748933,0.0619252169179849,"P35443"
"497",0.248666962577722,23.0167865176981,2.03876830589784,0.0642924492455312,0.429464114987759,-4.40917023865701,0.367073118943077,"KVD11","sp|A0A0A0MRZ8|KVD11_HUMAN / sp|P04433|KV311_HUMAN",0.352640404813816,22.7041063351107,2.41274310598144,0.0334471699069731,0.564461874265568,-3.72798266972002,0.248365386520688,"A0A0A0MRZ8"
"498",0.350956797917593,13.5581772781896,2.03827361511093,0.0643484375659591,0.429464114987759,-4.4099421646554,0.367073118943077,"ODPA","sp|P08559|ODPA_HUMAN",0.131550612567675,13.5353603550166,0.807848686728431,0.435478492544478,0.874928819105333,-5.82073431084665,0.0580272780945304,"P08559"
"499",-0.672297508860886,14.0311326534303,-2.03827350741566,0.0643484497596793,0.429464114987759,-4.40994233269602,0.367073118943077,"C8AP2","sp|Q9UKL3|C8AP2_HUMAN",-0.489739214589437,14.205719490156,-2.2415842392857,0.0454532945918839,0.589635363006715,-4.00373355329559,0.229416477831962,"Q9UKL3"
"500",0.499634008911741,11.6304128148578,2.0374740541691,0.0644390265935233,0.429464114987759,-4.41118963491801,0.367073118943077,"P85A","sp|P27986|P85A_HUMAN",0.120874171358521,11.5665900074407,0.275384994522442,0.787878455070074,0.972723403089688,-6.11059009196248,0.0120106351572695,"P27986"
"501",0.407576358851921,13.369415140147,2.03583221756342,0.064625416466207,0.429843200904491,-4.41375051452473,0.366689938375568,"RMD3","sp|Q96TC7|RMD3_HUMAN",-0.0227411193421215,13.1988234108824,-0.14739027407701,0.885362084912687,0.986191942633613,-6.13855089997144,0.00603855005478495,"Q96TC7"
"502",0.619917313096283,17.0440498295501,2.03108541288493,0.0651671247067614,0.431107147846187,-4.42114907327316,0.365414776393568,"ARPC5","sp|O15511|ARPC5_HUMAN",0.104598732816537,17.1536701288847,0.407118262077535,0.691354604423095,0.953955901060617,-6.06443232994764,0.0204717011540782,"O15511"
"503",-0.709815303811299,10.7370809055803,-2.0304921699023,0.065235122152483,0.431107147846187,-4.42207316587868,0.365414776393568,"LRCH4","sp|O75427|LRCH4_HUMAN",0.388412741258631,10.3285967024318,0.613533390746427,0.551399356557288,0.912613568562101,-5.95770585331752,0.0397130785089623,"O75427"
"504",-0.29413624105491,14.2680841535116,-2.03012353040473,0.0652774088126381,0.431107147846187,-4.4226473316257,0.365414776393568,"DDX3X","sp|O00571|DDX3X_HUMAN",-0.113814402963645,14.3332327057414,-0.751270390329244,0.467501674939447,0.891884320053894,-5.86412541214284,0.0496914712070623,"O00571"
"505",-0.549024565566275,11.3179143674086,-2.02962174911061,0.0653350091493317,0.431107147846187,-4.42342879188474,0.365414776393568,"RL7","sp|P18124|RL7_HUMAN",-0.467313885195106,11.0668335305775,-1.22210398415596,0.245990893110768,0.772206478342405,-5.42285449733805,0.112266559230286,"P18124"
"506",-0.449881760629904,10.7800167119008,-2.02544162375654,0.0658166931917847,0.433423818856217,-4.42993533046737,0.363087225656772,"NFKB1","sp|P19838|NFKB1_HUMAN",0.351737926569133,11.1256198992181,0.972726422276273,0.350594246129586,0.844428376563205,-5.67865289429235,0.0734371808857621,"P19838"
"507",0.314708917768372,13.5090530257679,2.02042495079073,0.0663991321773396,0.43625027374964,-4.43773577372291,0.360264287510309,"SPB9","sp|P50453|SPB9_HUMAN",-0.369158353539886,13.7442265424716,-1.98612341335227,0.0712371846932301,0.609740800734631,-4.40092232032894,0.214854743241087,"P50453"
"508",-0.395723875056311,15.8802740752022,-2.01914987572475,0.066547930670882,0.43625027374964,-4.43971695832568,0.360264287510309,"ATG3","sp|Q9NT62|ATG3_HUMAN",-0.0818821891991664,15.8822099169335,-0.523103019191721,0.610777839879844,0.928468578954848,-6.0095279213501,0.032232788981201,"Q9NT62"
"509",0.281886339467749,17.5519001852143,2.01761163729638,0.0667278519982586,0.43625027374964,-4.44210626460065,0.360264287510309,"MAVS","sp|Q7Z434|MAVS_HUMAN",0.407541316475476,17.7285704535314,2.29126704184676,0.0415976034086906,0.577667136876336,-3.92437471667138,0.238322338498449,"Q7Z434"
"510",-0.808111158517288,11.8602471450097,-2.01723768498305,0.0667716598568295,0.43625027374964,-4.44268698675908,0.360264287510309,"RHAG","sp|Q02094|RHAG_HUMAN",0.165835280940704,12.5537861189986,0.510883412489385,0.619043534121947,0.930949474286698,-6.01593054040999,0.0310738889799154,"Q02094"
"511",-0.281223584508781,16.0334226067392,-2.0157936728081,0.0669410741838105,0.436497888440211,-4.44492896622588,0.360017852854134,"HTRA1","sp|Q92743|HTRA1_HUMAN",-0.0923235703972014,15.9774470380213,-0.626174061794993,0.543361132479008,0.912613568562101,-5.94984610837616,0.0397130785089623,"Q92743"
"512",0.328933224609193,12.9904506965096,2.01359579661119,0.0671996995379478,0.437325103463625,-4.44833995722972,0.359195592440611,"VNN1","sp|O95497|VNN1_HUMAN",-0.099960259808597,12.6987352127805,-0.62213766858609,0.545920679645683,0.912613568562101,-5.95237210939526,0.0397130785089623,"O95497"
"513",-0.505083533392249,12.4359345849971,-2.01001158084535,0.0676234467378892,0.437810837653605,-4.45389873519819,0.358713492025965,"UFM1","sp|P61960|UFM1_HUMAN",0.0218771809187582,12.5454646006377,0.108488483404997,0.91546757682858,0.986613644973353,-6.14370917212435,0.00585288249271538,"P61960"
"514",-0.256484613620275,16.2335256769791,-2.00927689156358,0.0677106117271328,0.437810837653605,-4.45503759429376,0.358713492025965,"SLK","sp|Q9H2G2|SLK_HUMAN",0.1503624720243,16.059803217563,1.22355045686831,0.245464742116359,0.772206478342405,-5.42123805835178,0.112266559230286,"Q9H2G2"
"515",0.270131443705359,15.3774444636525,2.00895313132062,0.0677490563654997,0.437810837653605,-4.45553940052967,0.358713492025965,"C1QT5","sp|Q9BXJ0|C1QT5_HUMAN",-0.237272739315997,15.4928547242293,-1.31996823452878,0.212374438569392,0.757046932651169,-5.31028595834021,0.120877195850511,"Q9BXJ0"
"516",-0.586806880005005,11.7153477681694,-2.00850771812959,0.0678019796788047,0.437810837653605,-4.45622969838229,0.358713492025965,"CE170","sp|Q5SW79|CE170_HUMAN",0.33141759038555,11.6992539770827,0.88644516492611,0.393436428147294,0.866783484471409,-5.75584845562264,0.0620893722383122,"Q5SW79"
"517",-0.380501054784583,17.1118368756639,-2.00637535866246,0.0680558751007203,0.438596989241341,-4.45953341432223,0.357934353872267,"TSN9","sp|O75954|TSN9_HUMAN",-0.358284933886802,17.2738009250743,-2.22798537467542,0.0465667101606993,0.589635363006715,-4.0253482207992,0.229416477831962,"O75954"
"518",-0.210216220199711,14.2119660604737,-2.00473345108458,0.068251974119154,0.439008337405953,-4.46207613447212,0.357527231796567,"ZZEF1","sp|O43149|ZZEF1_HUMAN",0.0274116833921917,14.1740445940384,0.258598520972652,0.800489545651731,0.973599473204371,-6.11521234260109,0.0116196697661764,"O43149"
"519",-0.673901367582293,11.1887725880779,-1.99995028796925,0.0688262351890461,0.439882962837918,-4.46947791568239,0.35666285841133,"NDUB3","sp|O43676|NDUB3_HUMAN",0.397447534464499,10.6386345039045,0.796682553753995,0.441682816028406,0.877811536765436,-5.82952068712378,0.056598715675321,"O43676"
"520",-0.45024852048009,12.5209196754676,-1.99948942984568,0.0688818011947573,0.439882962837918,-4.47019063587878,0.35666285841133,"RMP","sp|O94763|RMP_HUMAN",-0.201985339201814,12.1587625719988,-0.753597843227614,0.466155683504267,0.891884320053894,-5.86239625969655,0.0496914712070623,"O94763"
"521",0.214545850184258,20.3745504537415,1.99931936044707,0.0689023170884031,0.439882962837918,-4.47045362968819,0.35666285841133,"FCN1","sp|O00602|FCN1_HUMAN",0.113164957829554,20.5308711255744,0.907829353002023,0.382494625686905,0.859930399743799,-5.73728875404415,0.0655366978615683,"O00602"
"522",0.316155333791175,16.3765102913515,1.99918864066038,0.0689180899896708,0.439882962837918,-4.47065576639968,0.35666285841133,"MEIG1","sp|Q5JSS6|MEIG1_HUMAN",-0.04641496302516,16.530002177284,-0.32856956449706,0.748353487790042,0.965663208308992,-6.0940569277216,0.0151743148645484,"Q5JSS6"
"523",-0.258284660259763,26.1806016663286,-1.9966448383884,0.0692256969341685,0.440998249759127,-4.47458809105207,0.355563134163593,"FA9","sp|P00740|FA9_HUMAN",-0.238793443373843,26.1255260924149,-2.30167707578624,0.0408303644302248,0.576465523948543,-3.90767169032938,0.239226660974012,"P00740"
"524",-0.791781153627302,17.5350699709291,-1.99179959118957,0.0698151253044263,0.443901151121439,-4.48207150592179,0.352713728763684,"EIF3A","sp|Q14152|EIF3A_HUMAN",0.203513544527711,15.9741601830187,0.219449683997344,0.830124862432496,0.977505666396101,-6.12487500432429,0.00988071641043172,"Q14152"
"525",-0.45972821756301,12.2356443497694,-1.98920119873661,0.070133132967691,0.444678680444154,-4.48608111393555,0.351953691750552,"GMPPA","sp|Q96IJ6|GMPPA_HUMAN",-0.164198607407269,12.249059698949,-0.694930423838419,0.500821920381952,0.903899750993912,-5.90449883801158,0.0438797332463046,"Q96IJ6"
"526",0.380246564438736,12.1526109274287,1.98861246768109,0.0702053716639761,0.444678680444154,-4.48698924377292,0.351953691750552,"TAP2","sp|Q03519|TAP2_HUMAN",-0.429336230957643,11.8856274068546,-1.6564182516988,0.124491820203345,0.700299306813659,-4.87852405011665,0.154716303535132,"Q03519"
"527",-0.388399864831309,15.5147320473632,-1.98712487948773,0.0703882092164619,0.444987555027499,-4.48928330627799,0.351652134768421,"ADDB","sp|P35612|ADDB_HUMAN",0.131389118740584,15.7195177186141,0.544217453539296,0.596627628387931,0.924268458929614,-5.99812580127928,0.0342018672020061,"P35612"
"528",-0.317940775820209,17.891669204927,-1.98547115469271,0.0705919835458709,0.445427363856931,-4.49183260877173,0.351223106549784,"INHBE","sp|P58166|INHBE_HUMAN",0.0158033220206521,18.0072902190555,0.0849035392234638,0.93379001381858,0.987021992313333,-6.14607431939791,0.00567317049762038,"P58166"
"529",-0.435378796172166,11.1964010374133,-1.98436105906509,0.0707290771295535,0.445445554066391,-4.49354330781408,0.351205371343257,"GDE","sp|P35573|GDE_HUMAN",-0.220078627973427,11.1650535421774,-0.610411759676638,0.553394576198474,0.912613568562101,-5.95962378536385,0.0397130785089623,"P35573"
"530",-0.848236531136387,12.1667478076605,-1.98057661703797,0.0711982977409297,0.447551420837397,-4.49937182006298,0.349157059782714,"DDTL","sp|A6NHG4|DDTL_HUMAN / sp|P30046|DOPD_HUMAN",0.0894804332475898,12.493166336774,0.112308745989646,0.91250422475045,0.986613644973353,-6.14327188599268,0.00585288249271538,"A6NHG4"
"531",0.460396278137112,13.7351490644303,1.97786828624187,0.0715358600471522,0.448547839245239,-4.50353969788926,0.348191231076408,"SC31A","sp|O94979|SC31A_HUMAN",-0.00380987721810418,13.608168720128,-0.0258758583568942,0.979797444637884,0.994976977877517,-6.14946679779785,0.00218696799440344,"O94979"
"532",-0.652027860613153,11.0751751339786,-1.97708419598377,0.0716338636833138,0.448547839245239,-4.50474582882094,0.348191231076408,"PRIO","sp|P04156|PRIO_HUMAN",0.353001049641747,10.7998636106552,0.523660778949689,0.610401882192435,0.928468578954848,-6.00923223733125,0.032232788981201,"P04156"
"533",0.209821937908747,26.0087940678257,1.9760585363948,0.0717622484601451,0.448547839245239,-4.50632320636109,0.348191231076408,"PLF4","sp|P02776|PLF4_HUMAN",0.0493878002222963,25.9371343126337,0.410486120015798,0.688951499213029,0.953955901060617,-6.0630245221991,0.0204717011540782,"P02776"
"534",0.44429790735219,14.7589924089597,1.97475489817254,0.0719257355140188,0.448699245496961,-4.50832752043764,0.348044660747251,"PGM1","sp|P36871|PGM1_HUMAN",0.162921197688657,14.8126502317165,0.644777445511358,0.531652504665219,0.912613568562101,-5.93800769726596,0.0397130785089623,"P36871"
"535",0.324670549766759,15.431102442708,1.9737113437577,0.0720568538264177,0.448699245496961,-4.50993150038828,0.348044660747251,"CNDP2","sp|Q96KP4|CNDP2_HUMAN",-0.072109537576832,15.3945119105966,-0.487755693431719,0.634837629702668,0.939029247353674,-6.02765284948575,0.0273208808260098,"Q96KP4"
"536",0.310160581140852,15.8760600957977,1.97198171614384,0.0722746608061768,0.449211931066567,-4.51258909458123,0.3475487173982,"ANGL2","sp|Q9UKU9|ANGL2_HUMAN",-0.00331969524783001,15.9547915528371,-0.0329750782093008,0.974256681814322,0.99421036951189,-6.14924998426053,0.0025217115266227,"Q9UKU9"
"537",0.495494281298969,12.1462701337168,1.97015219515476,0.0725057087450678,0.449211931066567,-4.51539894628126,0.3475487173982,"CP131","sp|Q9UPN4|CP131_HUMAN",-0.272531759269798,12.2573209045308,-1.09609053842198,0.295337770688941,0.807522654643593,-5.55794665603223,0.0928452849117949,"Q9UPN4"
"538",-0.300917342288164,18.2441449921201,-1.96983984647134,0.0725452229742934,0.449211931066567,-4.51587853737522,0.3475487173982,"PSB4","sp|P28070|PSB4_HUMAN",-0.0269585707140553,18.3731437200497,-0.220892558144445,0.829027424160183,0.977505666396101,-6.12454669897083,0.00988071641043172,"P28070"
"539",-0.475826141342514,14.2730182665512,-1.95447463005949,0.0745137424149595,0.458638393943392,-4.53942497671496,0.338529592039991,"GRDN","sp|Q3V6T2|GRDN_HUMAN",-0.200573776216299,14.2186803956076,-0.83040809304392,0.423118607987754,0.872011982081901,-5.80265224645857,0.0594775475028692,"Q3V6T2"
"540",-0.385323812426733,14.0903510155866,-1.9525748893976,0.0747605201052038,0.458638393943392,-4.54232995341078,0.338529592039991,"RIPR2","sp|Q9Y4F9|RIPR2_HUMAN",-0.00685089765204547,13.8378635953107,-0.0261700430600086,0.979567816810778,0.994976977877517,-6.1494588520111,0.00218696799440344,"Q9Y4F9"
"541",0.361828354179824,14.5986297898792,1.95235051714602,0.0747897158959267,0.458638393943392,-4.54267295899089,0.338529592039991,"NADK","sp|O95544|NADK_HUMAN",-0.0195096925518719,14.9342228526454,-0.0960092943280968,0.925156647521405,0.986613644973353,-6.14503235649143,0.00585288249271538,"O95544"
"542",0.276695505452805,17.847193860727,1.95188217894917,0.0748506909020228,0.458638393943392,-4.54338886111503,0.338529592039991,"AGRL4","sp|Q9HBW9|AGRL4_HUMAN",0.18055838425333,17.9463687792064,1.49220736005895,0.162410763064351,0.728883053370811,-5.09732804323031,0.137342147059245,"Q9HBW9"
"543",0.311742375766801,16.2384429928863,1.95182320125189,0.0748583727135802,0.458638393943392,-4.54347900846639,0.338529592039991,"SALL3","sp|Q9BXA9|SALL3_HUMAN",0.296640273168387,16.1001311699595,2.04609595978599,0.0641760076735013,0.609740800734631,-4.30949405169899,0.214854743241087,"Q9BXA9"
"544",-0.43559173627131,15.8065049104968,-1.9515293424145,0.0748966584866883,0.458638393943392,-4.54392815139108,0.338529592039991,"TM1L2","sp|Q6ZVM7|TM1L2_HUMAN",0.446272111687713,15.8134937638273,1.62373650562003,0.131352069264274,0.708220132409959,-4.92319798940111,0.149831731813607,"Q6ZVM7"
"545",-0.331569797730544,16.7573367563593,-1.94772106155694,0.075394459476012,0.460666844309399,-4.54974582541806,0.336613044208451,"ZN337","sp|Q9Y3M9|ZN337_HUMAN",-0.29602721410547,16.8442367268212,-2.63546453486449,0.02234004116978,0.533299812609672,-3.36089575620755,0.273028568919036,"Q9Y3M9"
"546",-0.420792993396754,20.102082352517,-1.94622390446892,0.0755909939971924,0.460666844309399,-4.55203140064671,0.336613044208451,"SPTB1","sp|P11277|SPTB1_HUMAN",0.0962438479496458,20.3707564136997,0.34642239317418,0.735245832929038,0.964602283830354,-6.08786661692966,0.0156517141602005,"P11277"
"547",0.175730265332308,16.051504082943,1.94581845239251,0.0756442995325768,0.460666844309399,-4.55265021817594,0.336613044208451,"H6ST3","sp|Q8IZP7|H6ST3_HUMAN",-0.0780322870456334,16.0106899696256,-0.667476442522828,0.517564623054181,0.907970131840623,-5.92312833941193,0.0419284375914184,"Q8IZP7"
"548",0.2774379205387,16.3339102143321,1.94462461232546,0.0758014569190483,0.460778453322933,-4.55447193467452,0.336507837357713,"SYNE1","sp|Q8NF91|SYNE1_HUMAN",-0.331307361912675,16.2892758075921,-2.01281727633665,0.068009374631086,0.609740800734631,-4.36037848907246,0.214854743241087,"Q8NF91"
"549",0.762473995568519,10.5864065301456,1.94097338050541,0.0762839728399751,0.462051756632242,-4.56004001532556,0.33530937431222,"LMNA","sp|P02545|LMNA_HUMAN",-0.304788553566902,10.6173202799327,-0.703965180740534,0.495383974881079,0.903151205766242,-5.89821758439966,0.0442395339250954,"P02545"
"550",0.290365277670645,12.4048535807826,1.93018065208797,0.0777268144814547,0.469900359315024,-4.57646826835318,0.327994222888365,"EIF3G","sp|O75821|EIF3G_HUMAN",0.34109382895472,12.2784917925771,1.21630277657172,0.248110075433009,0.773944868761424,-5.4293227563775,0.111289974776357,"O75821"
"551",0.205061285659609,25.6672136453866,1.9283815201396,0.0779697588315551,0.469956051338247,-4.57920237377603,0.327942753880703,"PF4V","sp|P10720|PF4V_HUMAN",0.0632832430054635,25.5879134232657,0.525256001513212,0.609327266695073,0.928468578954848,-6.00838491039011,0.032232788981201,"P10720"
"552",0.201867913579834,22.8199596553965,1.92801588028261,0.0780192179232824,0.469956051338247,-4.57975787292667,0.327942753880703,"SVEP1","sp|Q4LDE5|SVEP1_HUMAN",0.184198062414993,22.9354108568346,1.67300401229302,0.121132818826267,0.699199696842399,-4.85564933670496,0.155398768674142,"Q4LDE5"
"553",-0.450276841714009,16.5984261466817,-1.92477561836789,0.0784587799277423,0.470542601205565,-4.58467833269042,0.327401051023236,"TZAP","sp|P10074|TZAP_HUMAN",-0.112635766112937,16.670328145944,-0.511393906393971,0.618697114132767,0.930949474286698,-6.01566594803893,0.0310738889799154,"P10074"
"554",0.251268318463709,13.6010582750625,1.9223996239717,0.078782542248493,0.470542601205565,-4.58828371995385,0.327401051023236,"RUFY1","sp|Q96T51|RUFY1_HUMAN",0.0944528230985414,13.7061320983996,0.662410715413348,0.520689531297295,0.908128509918929,-5.9264902000465,0.0418526898054166,"Q96T51"
"555",0.518288786735422,12.6272303484654,1.92166228764364,0.0788832636348875,0.470542601205565,-4.58940211382058,0.327401051023236,"VWA1","sp|Q6PCB0|VWA1_HUMAN",0.102688710323034,12.827001288195,0.417471146557875,0.683978754173238,0.953955901060617,-6.06006884330203,0.0204717011540782,"Q6PCB0"
"556",-0.355524563918814,15.4244747879739,-1.92139122425855,0.0789203210491435,0.470542601205565,-4.58981320908268,0.327401051023236,"PPP6","sp|O00743|PPP6_HUMAN",-0.133762158800327,15.1974556319106,-1.0438698628182,0.317873473479664,0.819752959191146,-5.61048507071535,0.0863170069146926,"O00743"
"557",0.328739158788154,13.3296154675954,1.92092124716193,0.0789846100700344,0.470542601205565,-4.59052590784342,0.327401051023236,"HPLN3","sp|Q96S86|HPLN3_HUMAN / sp|Q86UW8|HPLN4_HUMAN",0.0518892656458908,13.6101256143608,0.225559633534683,0.825480287795064,0.977505666396101,-6.12347016973302,0.00988071641043172,"Q96S86"
"558",-0.555177455346973,10.8904384427264,-1.9200197480042,0.0791080622953629,0.470542601205565,-4.59189274345292,0.327401051023236,"LPPRC","sp|P42704|LPPRC_HUMAN",-0.289797320220242,10.8121607689431,-0.592383811610282,0.564995320531001,0.914734232457629,-5.9705209457156,0.0387050678382534,"P42704"
"559",0.424521262769092,12.2634594598357,1.9200129043993,0.079109000142424,0.470542601205565,-4.59190311835396,0.327401051023236,"CC50A","sp|Q9NV96|CC50A_HUMAN",-0.216299645600651,11.7804393020786,-0.588462710139003,0.567535970201688,0.914734232457629,-5.97285052761854,0.0387050678382534,"Q9NV96"
"560",0.331013456162639,17.4356008697565,1.91549926904753,0.0797297749083513,0.473266336142787,-4.5987417075082,0.32489438618779,"CAB45","sp|Q9BRK5|CAB45_HUMAN",0.166439586473445,17.5891584822446,1.25020304659935,0.235929357982645,0.766165792444393,-5.39119532266706,0.115677242178419,"Q9BRK5"
"561",0.284310005273224,21.8113177166105,1.91461358802365,0.0798521085387047,0.473266336142787,-4.60008264105002,0.32489438618779,"COMP","sp|P49747|COMP_HUMAN",0.162722655147757,21.8138433819146,1.13641689988765,0.278780713485578,0.795591735218086,-5.51596998754061,0.0993097370707581,"P49747"
"562",0.367802954962627,14.0697903019661,1.91062365870817,0.0804053493470774,0.474842576640053,-4.60611954078497,0.323450347066179,"ATP5J","sp|P18859|ATP5J_HUMAN",0.0159498581860662,14.1044952077166,0.123931611811698,0.903497121969122,0.986613644973353,-6.141848653443,0.00585288249271538,"P18859"
"563",0.385071368340077,13.7783179623402,1.9095142556689,0.0805598013651843,0.474842576640053,-4.60779696632649,0.323450347066179,"IL27B","sp|Q14213|IL27B_HUMAN",0.234697610903848,13.8088448001123,0.963340557792257,0.355086441544836,0.846003487579491,-5.68734547225938,0.0726278466141605,"Q14213"
"564",0.349421917803463,14.332438127187,1.90930369873147,0.0805891459539373,0.474842576640053,-4.60811527388956,0.323450347066179,"RGS10","sp|O43665|RGS10_HUMAN",-0.149116102020603,14.3489489809075,-0.775197958652083,0.453780933452288,0.888030022481217,-5.8461192003233,0.0515723513638328,"O43665"
"565",1.03470659636047,10.2146827252641,1.90857819152494,0.0806903323968032,0.474842576640053,-4.60921191579541,0.323450347066179,"ZN248","sp|Q8NDW4|ZN248_HUMAN",-0.624959899442968,9.70985520484218,-1.06146069713771,0.312140775997367,0.813567297890723,-5.54400210314912,0.089606516613139,"Q8NDW4"
"566",-0.644392767992266,10.1383030010435,-1.90666928484198,0.0809571237269659,0.475569369291681,-4.6120963113066,0.322786125407416,"RGCC","sp|Q9H4X1|RGCC_HUMAN",0.0427382173148741,10.4609104886884,0.0852172713383264,0.933545998697594,0.987021992313333,-6.14604663790277,0.00567317049762038,"Q9H4X1"
"567",0.338622668713881,11.8466632144246,1.90350863144628,0.0814006376231128,0.47732988740479,-4.61686887603647,0.321181371984879,"CBLN4","sp|Q9NTU7|CBLN4_HUMAN",0.241979599000251,12.0972573405892,0.984738408552686,0.34490496288321,0.842302006615039,-5.66742483698211,0.0745321646880175,"Q9NTU7"
"568",0.310574895501662,13.7969248773951,1.89955547964529,0.0819584883103586,0.477738652712072,-4.62283239546381,0.320809619548841,"PIPNB","sp|P48739|PIPNB_HUMAN",0.24405987225123,13.6046881486696,1.17313001821072,0.26433804091799,0.784977866995185,-5.4767167724114,0.105142588321461,"P48739"
"569",0.204732228843727,13.3456582319442,1.89846854354756,0.0821124837910914,0.477738652712072,-4.62447097485079,0.320809619548841,"HEXB","sp|P07686|HEXB_HUMAN",-0.108684861711517,13.5467602442405,-0.678633301476081,0.510721229150695,0.907970131840623,-5.91564088571693,0.0419284375914184,"P07686"
"570",-0.427932812293348,18.6214733825942,-1.89736438926187,0.0822691897245711,0.477738652712072,-4.62613501716233,0.320809619548841,"ANXA7","sp|P20073|ANXA7_HUMAN",-0.342669333783293,18.8190607304115,-1.96393675506016,0.0740275614553513,0.612430520634717,-4.43443000593387,0.212943174255693,"P20073"
"571",0.342256296744721,17.2035876233576,1.89405856411052,0.0827400024316234,0.477738652712072,-4.63111415897465,0.320809619548841,"TYPH","sp|P19971|TYPH_HUMAN",-0.115813993934458,17.2682860060439,-0.609805742524292,0.55378238236941,0.912613568562101,-5.95999506283967,0.0397130785089623,"P19971"
"572",0.24434964126811,16.0811986929405,1.89397957499479,0.0827512820710182,0.477738652712072,-4.63123307541667,0.320809619548841,"MAOM","sp|P23368|MAOM_HUMAN",0.399316968028279,16.0508380005451,3.37089226458717,0.00583766287620233,0.365569869549349,-2.11979674527046,0.437029606230592,"P23368"
"573",0.470956152713602,11.6181419372016,1.89354763852092,0.0828129874336932,0.477738652712072,-4.63188330137324,0.320809619548841,"IDH3A","sp|P50213|IDH3A_HUMAN",0.106959400483256,11.691180280721,0.416152523489836,0.68491632129492,0.953955901060617,-6.0606305135161,0.0204717011540782,"P50213"
"574",0.623762321105915,19.6149519236408,1.89334974203335,0.082841272480112,0.477738652712072,-4.63218118403866,0.320809619548841,"K22E","sp|P35908|K22E_HUMAN",-0.0583763755375005,19.4973827036137,-0.218342134172166,0.830967510994406,0.977505666396101,-6.12512556445119,0.00988071641043172,"P35908"
"575",-0.312244340876117,18.1355620920189,-1.89269868269461,0.0829343897476725,0.477738652712072,-4.63316107430326,0.320809619548841,"PI42A","sp|P48426|PI42A_HUMAN",0.00592282148528935,18.0870336350498,0.0442765676419539,0.965439183069788,0.991439396338831,-6.14879694013853,0.00373382774212562,"P48426"
"576",0.424272889535508,15.8117419736011,1.89135132054254,0.0831273991681124,0.477738652712072,-4.63518839640807,0.320809619548841,"ELNE","sp|P08246|ELNE_HUMAN",0.143259998239736,16.0865137337016,0.63592615425574,0.537205221167162,0.912613568562101,-5.94368045341743,0.0397130785089623,"P08246"
"577",0.519046218533048,10.6941544269961,1.89094712863793,0.0831853796020898,0.477738652712072,-4.6357964223179,0.320809619548841,"DEFI6","sp|Q9H4E7|DEFI6_HUMAN",0.320240158353667,10.630195566105,1.56566052162024,0.144363711294884,0.726283329837963,-5.0012320340124,0.138893923954356,"Q9H4E7"
"578",0.236099269312655,16.9361769471146,1.89063912930045,0.0832295862361787,0.477738652712072,-4.63625970061926,0.320809619548841,"CBLN1","sp|P23435|CBLN1_HUMAN",0.0715719507854871,17.0475601134893,0.686746999187312,0.505778294585863,0.906096656967774,-5.910124036654,0.0428254719162299,"P23435"
"579",0.370145488802805,12.8234870927825,1.88950555977649,0.0833924705701364,0.477738652712072,-4.63796442689489,0.320809619548841,"RXFP2","sp|Q8WXD0|RXFP2_HUMAN",-0.266482214238313,13.0874185677225,-1.08930846405777,0.298194366181018,0.808584233133004,-5.56488707377221,0.0922747313799023,"Q8WXD0"
"580",0.199989035626848,14.8907270347793,1.88757325466256,0.0836707980265419,0.477738652712072,-4.64086911631218,0.320809619548841,"CYC","sp|P99999|CYC_HUMAN",-0.0188403336404308,14.9182056027477,-0.161677378589814,0.874349827619123,0.985371444578884,-6.13626415980087,0.00640002744928762,"P99999"
"581",-0.337312300048996,17.6932219586342,-1.88746383174582,0.0836865845644098,0.477738652712072,-4.64103355749015,0.320809619548841,"TCPE","sp|P48643|TCPE_HUMAN",-0.0887916183919649,17.6635947263952,-0.542327832210683,0.59788707935454,0.924268458929614,-5.99916366779326,0.0342018672020061,"P48643"
"582",-0.278952596638036,14.7146799468317,-1.8853922352409,0.0839859693696563,0.477738652712072,-4.64414582724015,0.320809619548841,"RHG04","sp|P98171|RHG04_HUMAN",-0.083338616287131,14.667188782431,-0.666802860348064,0.517979502218208,0.907970131840623,-5.92357672330356,0.0419284375914184,"P98171"
"583",-0.2933109540877,18.3747430246416,-1.88452756634083,0.0841112194486703,0.477738652712072,-4.6454443403261,0.320809619548841,"RAN","sp|P62826|RAN_HUMAN",-0.183260927189817,18.3257937729762,-1.5344006708124,0.151820649380248,0.728883053370811,-5.04249205220567,0.137342147059245,"P62826"
"584",0.345783427638794,13.6882467104233,1.88327474659627,0.0842929970448626,0.477738652712072,-4.64732520800746,0.320809619548841,"SLN14","sp|P0C7P3|SLN14_HUMAN",-0.0594865872309289,13.7282263837129,-0.297438244866352,0.771406562119972,0.970950409826952,-6.10408222685023,0.0128029506156658,"P0C7P3"
"585",0.305706442945178,16.5830794434927,1.88299018288568,0.0843343357081099,0.477738652712072,-4.6477523349655,0.320809619548841,"G6PI","sp|P06744|G6PI_HUMAN",0.0572098951115572,16.6336613370403,0.345583427858591,0.735859890697661,0.964602283830354,-6.08816470028933,0.0156517141602005,"P06744"
"586",0.488087178079953,10.646232103904,1.88133633409177,0.0845749574394324,0.477738652712072,-4.65023407838998,0.320809619548841,"CAC1F","sp|O60840|CAC1F_HUMAN",0.165873649963136,10.8680242971542,0.627749923771109,0.542363692394105,0.912613568562101,-5.94885579390568,0.0397130785089623,"O60840"
"587",-0.250616011760166,18.9330418268078,-1.88130757640837,0.0845791469892972,0.477738652712072,-4.65027722173908,0.320809619548841,"PSB7","sp|Q99436|PSB7_HUMAN",-0.0306795395810973,18.8853107694957,-0.22442243584572,0.826344227805677,0.977505666396101,-6.12373453629794,0.00988071641043172,"Q99436"
"588",0.215142576368236,19.5660623207308,1.88130551877986,0.0845794467612218,0.477738652712072,-4.65028030865694,0.320809619548841,"OMD","sp|Q99983|OMD_HUMAN",0.0383639742624733,19.8274325824772,0.367514915529495,0.719871826111144,0.962038770061052,-6.0801403622883,0.016807425587659,"Q99983"
"589",0.220851889207548,21.7105905668656,1.88090376967019,0.0846379953958894,0.477738652712072,-4.65088299137425,0.320809619548841,"FBN1","sp|P35555|FBN1_HUMAN",0.204480373817073,21.742448775279,2.02282516260722,0.0668346929606009,0.609740800734631,-4.3451150466295,0.214854743241087,"P35555"
"590",-1.16054101916982,18.5309808598234,-1.87980864613506,0.0847977803754466,0.477738652712072,-4.65252549687211,0.320809619548841,"FAT4","sp|Q6V0I7|FAT4_HUMAN",0.602928396519244,18.8626010104597,1.20091412253414,0.253801690046115,0.777364072933162,-5.44636697801232,0.109375534823134,"Q6V0I7"
"591",0.63176862845744,10.285598328242,1.87893861866708,0.0849249186803624,0.477738652712072,-4.65383003951502,0.320809619548841,"ISK1","sp|P00995|ISK1_HUMAN",0.664482140852786,10.1628304806338,1.37769404223782,0.194370982183894,0.752526853111309,-5.24094247551787,0.123477998126165,"P00995"
"592",-0.247069535564758,23.1472540750473,-1.87499236105374,0.0855037769353759,0.479561797824384,-4.65974320237685,0.319155420349823,"SAA4","sp|P35542|SAA4_HUMAN",-0.140841096382585,23.1052031268561,-1.29358997425642,0.221045010630126,0.757046932651169,-5.34125794916556,0.120877195850511,"P35542"
"593",-0.201160342475365,17.4811742183329,-1.87413302917006,0.0856303045151201,0.479561797824384,-4.66102998242721,0.319155420349823,"HS2ST","sp|Q7LGA3|HS2ST_HUMAN",-0.182975505595271,17.5178350401235,-1.72858750170845,0.110454817520609,0.682680706426259,-4.77802488996006,0.165782370783907,"Q7LGA3"
"594",0.546340476184234,13.7899555938614,1.87377901855823,0.0856824784904669,0.479561797824384,-4.66155999483677,0.319155420349823,"CDD","sp|P32320|CDD_HUMAN",-0.0083825264418696,13.4624484031434,-0.0420962922741067,0.967139913456712,0.991579606499318,-6.14889465762695,0.00367241380809858,"P32320"
"595",0.460265979459547,16.0232383935873,1.86795621253409,0.0865448105863875,0.483088328637222,-4.67027015484446,0.31597345489535,"FMNL3","sp|Q8IVF7|FMNL3_HUMAN",0.0209385184532958,15.7784867784783,0.0827466329362137,0.935467805896435,0.987373398987653,-6.1462618691686,0.00551857736815413,"Q8IVF7"
"596",-0.252001321725325,16.884303054179,-1.86756075180782,0.0866036624101075,0.483088328637222,-4.67086119574007,0.31597345489535,"EFTU","sp|P49411|EFTU_HUMAN",-0.0846395655508153,16.8236477961809,-0.596662426713491,0.562230114356908,0.914734232457629,-5.96796239985188,0.0387050678382534,"P49411"
"597",0.215387838623765,23.2941341339162,1.86614401795855,0.0868147978220086,0.483453546931622,-4.67297805242955,0.315645249151748,"GELS","sp|P06396|GELS_HUMAN",0.219143070403755,23.3310140557144,1.8600854596306,0.0884795421241663,0.640402790552487,-4.58883675698321,0.193546784312222,"P06396"
"598",-0.237219469189648,19.3067527224636,-1.86490866477474,0.0869992846612739,0.483669389934285,-4.67482320246195,0.315451397009487,"PSB2","sp|P49721|PSB2_HUMAN",0.0335359118529795,19.3226639601928,0.287707151584406,0.778661002072247,0.972583004796852,-6.10701471020281,0.0120733236917914,"P49721"
"599",0.198458823918792,15.2327333476516,1.86290383081383,0.0872994452254823,0.484526519570863,-4.67781629302066,0.314682447739956,"PABP1","sp|P11940|PABP1_HUMAN",0.178547419432869,15.3482069553543,1.48386583546962,0.164577659944106,0.728883053370811,-5.10805003440254,0.137342147059245,"P11940"
"600",-0.514866328363145,11.3263100977901,-1.86184127952707,0.087458910713866,0.484601209781838,-4.67940192541671,0.314615506003463,"OGA","sp|O60502|OGA_HUMAN",-0.0198819042387069,11.5138135819397,-0.0694785840069342,0.945795454116306,0.988195249262353,-6.14730953216388,0.0051572383074646,"O60502"
"601",0.189711306496022,19.5812760778149,1.86034345033472,0.087684152147782,0.484855315654338,-4.68163630508203,0.314387838691155,"PIGR","sp|P01833|PIGR_HUMAN",0.30180939007114,19.5046352313169,2.44934718493282,0.0313097803466005,0.564461874265568,-3.66821709324997,0.248365386520688,"P01833"
"602",0.198276936617702,17.5530695346285,1.85944534917855,0.0878194603806332,0.484855315654338,-4.68297558675685,0.314387838691155,"EPMIP","sp|Q7L775|EPMIP_HUMAN",0.0933483329983491,17.5641743358564,0.708435950922121,0.492706326451534,0.902977524844088,-5.89508193279395,0.0443230591634217,"Q7L775"
"603",0.528014618872524,11.9185094458931,1.85862629484924,0.0879430250147368,0.484855315654338,-4.6841966921767,0.314387838691155,"DAPP1","sp|Q9UN19|DAPP1_HUMAN",0.299089496373537,11.8584461886335,0.833210617259738,0.421599552391612,0.871380058403275,-5.80037521788842,0.0597923831477007,"Q9UN19"
"604",0.671494526231832,8.05122156689755,1.68180048042488,0.137006688216376,0.570492311103405,-4.68563368820042,0.243750204476031,"F136A","sp|Q96C01|F136A_HUMAN",-1.00741642714356,7.92571376426668,-1.56686789826785,0.157934680895638,0.728883053370811,-4.80465482829398,0.137342147059245,"Q96C01"
"605",0.471873016355952,13.6417535332015,1.85521888374086,0.0884587753603591,0.486707424225792,-4.68927364324567,0.3127320289862,"AT5EL","sp|Q5VTU8|AT5EL_HUMAN / sp|P56381|ATP5E_HUMAN",0.130014763081849,13.9789528181376,1.02272541378589,0.327353834466226,0.82559831048131,-5.63116130297765,0.0832312044637086,"Q5VTU8"
"606",0.375665802615497,15.2586330474354,1.85447164268062,0.0885722459272005,0.486707424225792,-4.69038635079578,0.3127320289862,"MK01","sp|P28482|MK01_HUMAN",0.289791730045003,15.4278273771083,2.05415328474751,0.0632787169290075,0.609740800734631,-4.29711898121107,0.214854743241087,"P28482"
"607",0.532605520792792,6.61886790533504,1.61476632195059,0.158183783743477,0.59522343318769,-4.69361360098194,0.22531997950556,"MPRIP","sp|Q6WCQ1|MPRIP_HUMAN",-0.547024361383195,7.34270074078445,-0.925872820995967,0.387277510816414,0.861474961558659,-5.40282188244293,0.0647573406360728,"Q6WCQ1"
"608",0.551489379899715,13.0516830725261,1.85205802484738,0.0889396650331786,0.486814466190158,-4.69397881037251,0.312636524745152,"TNR6A","sp|Q8NDV7|TNR6A_HUMAN",0.468020403279738,12.4519281014153,1.83232321943269,0.0927580556772353,0.650368547620527,-4.62939437857803,0.18684046975891,"Q8NDV7"
"609",-0.360385766249405,14.0984958312174,-1.85181365599755,0.0889769418404734,0.486814466190158,-4.69434239321292,0.312636524745152,"ADH1A","sp|P07327|ADH1A_HUMAN",0.100240010142972,13.9912582554478,0.755176977470108,0.465243843655396,0.891538289314238,-5.86122031433866,0.0498600002387095,"P07327"
"610",0.524630754323051,10.0444119989691,1.85098140049848,0.0891040033294242,0.486814466190158,-4.69558046815149,0.312636524745152,"MOT2","sp|O60669|MOT2_HUMAN",-0.075404279479811,10.0940960576693,-0.278370269735676,0.785642196574842,0.972723403089688,-6.10973804911337,0.0120106351572695,"O60669"
"611",-0.581808530305215,11.0113412990138,-1.84914928327855,0.0893842962413534,0.486814466190158,-4.69830490548782,0.312636524745152,"AIMP1","sp|Q12904|AIMP1_HUMAN",-0.658692438186698,10.9003776322452,-2.46744368756005,0.0303026240463486,0.564461874265568,-3.63857908599545,0.248365386520688,"Q12904"
"612",0.495503245379921,13.4338453172323,1.84869688601885,0.0894536310622179,0.486814466190158,-4.69897741805772,0.312636524745152,"DLGP4","sp|Q9Y2H0|DLGP4_HUMAN",0.614458944057275,13.4599279523198,1.94501516563204,0.0764868501983348,0.61587755552954,-4.46286640709564,0.210505622646688,"Q9Y2H0"
"613",-0.921550714518762,11.9482217081886,-1.84857854648647,0.0894717759493813,0.486814466190158,-4.69915332156407,0.312636524745152,"UB2J1","sp|Q9Y385|UB2J1_HUMAN",0.110734251348607,12.4974525045407,0.189611631172928,0.85290029678809,0.980636721353978,-6.13118558029224,0.00849184800315778,"Q9Y385"
"614",-0.782536500878054,10.9496869718822,-1.84616418876333,0.0898426978628553,0.488032592809848,-4.70274078297608,0.311551173069429,"JAK3","sp|P52333|JAK3_HUMAN",-0.420918267736625,10.846143453262,-0.970723007116757,0.35154966322626,0.845081497853297,-5.68051428796202,0.0731014065991187,"P52333"
"615",-0.374201203412897,14.61456282012,-1.84252636486389,0.090404220910489,0.490280407192668,-4.70814143585491,0.309555461879516,"GAK1A","sp|Q9UFP1|GAK1A_HUMAN",0.30649750109081,14.6361183847612,1.90805877411504,0.081508857955503,0.629134650126312,-4.51802320982718,0.201256395018067,"Q9UFP1"
"616",0.34191411725109,11.138079938764,1.83667006927005,0.0913148752298285,0.49336235878208,-4.71682357664906,0.30683398820022,"PO2F3","sp|Q9UKI9|PO2F3_HUMAN",0.14666505667348,10.967401959734,0.526424636022988,0.608540626586777,0.928468578954848,-6.00776261636318,0.032232788981201,"Q9UKI9"
"617",0.269276656525941,20.8773671833016,1.83601386095487,0.0914174324323065,0.49336235878208,-4.71779549908994,0.30683398820022,"PMEL","sp|P40967|PMEL_HUMAN",0.0964372826749839,20.8860040733966,0.662724500870034,0.5204956457944,0.908128509918929,-5.92628264383864,0.0418526898054166,"P40967"
"618",-0.510754149561306,13.3306034746585,-1.83600732433597,0.0914184545498581,0.49336235878208,-4.71780517965721,0.30683398820022,"RBX1","sp|P62877|RBX1_HUMAN",-0.388894846487065,13.512812151228,-1.82905637458906,0.0932737055340075,0.650368547620527,-4.63414595280044,0.18684046975891,"P62877"
"619",-0.520943681023123,12.3586693025253,-1.83352059762745,0.0918080515991989,0.494660589704125,-4.72148661007563,0.305692689101809,"RS11","sp|P62280|RS11_HUMAN",-0.428970982875246,12.563326756825,-2.34070385429413,0.0380731060339529,0.564461874265568,-3.8448327862115,0.248365386520688,"P62280"
"620",0.729586650313307,10.101671477546,1.82989890253793,0.0923781576170062,0.496473063874252,-4.7268434613697,0.304104309158758,"MRP1","sp|P33527|MRP1_HUMAN",-0.0434634109655882,10.6972012738414,-0.224057473101261,0.826621544126941,0.977505666396101,-6.12381909923687,0.00988071641043172,"P33527"
"621",0.554143940625941,10.9382882574616,1.82948437964276,0.0924436135806833,0.496473063874252,-4.72745621689495,0.304104309158758,"AGRA3","sp|Q8IWK6|AGRA3_HUMAN",0.222630344985047,11.422301571013,1.03732699425229,0.320785040309333,0.820250808002062,-5.61692022160462,0.0860533331325101,"Q8IWK6"
"622",-0.331203208855503,13.3727087437528,-1.82540968948113,0.0930892746875703,0.499132960723822,-4.73347549342811,0.301783750134231,"GALK1","sp|P51570|GALK1_HUMAN",0.0680733480005942,13.202523749237,0.281933260032991,0.782975799670427,0.972723403089688,-6.10870926068066,0.0120106351572695,"P51570"
"623",-0.204528293518938,24.1578474547354,-1.82317838073097,0.0934445678962086,0.500229872334704,-4.73676857270237,0.300830376974272,"MMRN1","sp|Q13201|MMRN1_HUMAN",-0.243092798299181,24.2727907681336,-2.49453697426962,0.0288533637304755,0.561815904180584,-3.59409942414602,0.250405970723439,"Q13201"
"624",0.473242620121822,14.9949817408781,1.82140391154131,0.0937279939303815,0.500939149524857,-4.73938586025305,0.300215025890425,"H2AY","sp|O75367|H2AY_HUMAN",-0.165559059394412,15.4832068503658,-0.619802666516637,0.547404435727507,0.912613568562101,-5.95382641559712,0.0397130785089623,"O75367"
"625",0.204060486806559,18.7954976965522,1.82039131716495,0.0938900783974927,0.500998665918454,-4.74087878364296,0.300163430589891,"VASN","sp|Q6EMK4|VASN_HUMAN",0.189030900971915,18.7077607422249,1.44484863788991,0.175043114362764,0.737165441399294,-5.15766755197936,0.132435032868846,"Q6EMK4"
"626",0.202525631269056,20.5798622839818,1.81819534446424,0.0942424561603719,0.501346324827817,-4.74411487059892,0.299862164352478,"C1QT3","sp|Q9BXJ4|C1QT3_HUMAN",0.0784473310840271,20.7048204301956,0.686525256078678,0.505913002031253,0.906096656967774,-5.91027560970167,0.0428254719162299,"Q9BXJ4"
"627",0.504843912798637,12.4745361878549,1.81810276282646,0.0942573385635908,0.501346324827817,-4.74425125634364,0.299862164352478,"LX15B","sp|O15296|LX15B_HUMAN",-0.335680338671653,12.4875322354889,-1.08578040223572,0.299688628016793,0.809428974673681,-5.56848379880002,0.0918212534709299,"O15296"
"628",0.353509577665018,22.6663256868279,1.81585001932655,0.0946201205229291,0.502161185320894,-4.74756869393693,0.299156859230461,"TITIN","sp|Q8WZ42|TITIN_HUMAN",0.400506310729845,22.3687855282377,2.45410369746956,0.0310419531945125,0.564461874265568,-3.66043267312371,0.248365386520688,"Q8WZ42"
"629",-0.363746945380342,17.2962013582095,-1.81527367855942,0.0947131370927629,0.502161185320894,-4.74841706417807,0.299156859230461,"GTR1","sp|P11166|GTR1_HUMAN",0.0139451188430673,17.5566930570487,0.0654264560545867,0.948951721762846,0.988571809281324,-6.14759312129061,0.00499177830587694,"P11166"
"630",-0.264290786462337,16.7935028793782,-1.81014638757276,0.0955442847679379,0.504979118460684,-4.75595790920117,0.296726580148265,"TRAP1","sp|Q12931|TRAP1_HUMAN",-0.236449555175106,16.8842705280024,-1.97815976023907,0.0722273465785864,0.609740800734631,-4.41296968354583,0.214854743241087,"Q12931"
"631",-0.241587964042308,17.5898969308791,-1.80961029131938,0.0956315668952276,0.504979118460684,-4.75674568449311,0.296726580148265,"DIAP1","sp|O60610|DIAP1_HUMAN",-0.116223103125543,17.6112486355645,-0.988153739998415,0.343299594974966,0.842302006615039,-5.66421130631814,0.0745321646880175,"O60610"
"632",-0.212289251569971,14.9362957931078,-1.80791736955262,0.0959076654942303,0.504979118460684,-4.75923253362426,0.296726580148265,"NB5R1","sp|Q9UHQ9|NB5R1_HUMAN",-0.341513769921453,14.9847427833439,-2.77235158596484,0.0174054393476641,0.489564857583874,-3.13199454149715,0.31018976468842,"Q9UHQ9"
"633",0.292297709197246,14.196434239588,1.80788250950935,0.0959133583762041,0.504979118460684,-4.75928372848713,0.296726580148265,"ISOC1","sp|Q96CN7|ISOC1_HUMAN",0.0522895548113401,14.157664185135,0.275333391164246,0.787917128463837,0.972723403089688,-6.11060474067666,0.0120106351572695,"Q96CN7"
"634",-0.430417024198767,16.8159533111278,-1.80731933919345,0.0960053702165386,0.504979118460684,-4.76011071550666,0.296726580148265,"ACTZ","sp|P61163|ACTZ_HUMAN",-0.0202102713009154,16.8386713244206,-0.106092847483088,0.917326538690378,0.986613644973353,-6.14397568501521,0.00585288249271538,"P61163"
"635",0.253669464239878,25.7110771112264,1.80471297886599,0.0964322412491586,0.505857963292652,-4.76393617526138,0.29597140888668,"APOA4","sp|P06727|APOA4_HUMAN",0.166395826553307,25.6821188224672,1.26395831350905,0.231125580302008,0.764811366921599,-5.37550044610968,0.116445666031849,"P06727"
"636",0.218781028921646,23.0809552653557,1.80331568747529,0.0966617952052435,0.505857963292652,-4.76598578261962,0.29597140888668,"ALS","sp|P35858|ALS_HUMAN",0.154744900572379,23.0452277121841,1.48336889752432,0.16470752582523,0.728883053370811,-5.10868752945726,0.137342147059245,"P35858"
"637",-0.622160247847227,11.337773605703,-1.80183732057709,0.096905205486109,0.505857963292652,-4.76815336089177,0.29597140888668,"PIPNA","sp|Q00169|PIPNA_HUMAN",0.313109064298083,11.7266254264748,1.06573874589735,0.308284471295016,0.81335054112204,-5.58873644152179,0.089722240058852,"Q00169"
"638",0.220316706148036,14.6421443309783,1.8015922003352,0.0969456174797086,0.505857963292652,-4.76851266073672,0.29597140888668,"AT8A1","sp|Q9Y2Q0|AT8A1_HUMAN",-0.188180002125139,14.7166578100845,-1.15030041649573,0.273248866870349,0.78968906453871,-5.5012409026963,0.102543875971207,"Q9Y2Q0"
"639",0.577909156491601,11.6787376071322,1.80093186761029,0.0970545595641432,0.505857963292652,-4.76948044900598,0.29597140888668,"AT1B3","sp|P54709|AT1B3_HUMAN",-0.416646824708419,11.3967486308346,-1.10326541248041,0.292338395693128,0.804174755558491,-5.55056665973529,0.0946495642767864,"P54709"
"640",0.316593595242356,12.8194683861991,1.80073578539421,0.0970869305867488,0.505857963292652,-4.76976779070691,0.29597140888668,"PEPD","sp|P12955|PEPD_HUMAN",0.594940239819208,12.6024825834934,3.50582247963967,0.0045718584375569,0.315655191169246,-1.8920640222426,0.500787064002967,"P12955"
"641",-0.373613563796986,28.1805392539697,-1.79872006976292,0.0974202682797701,0.505981392655862,-4.77272064573207,0.295865453941762,"C4BPA","sp|P04003|C4BPA_HUMAN",-0.297577597175609,28.24517003568,-2.30767305436541,0.0403946256971526,0.574849831713476,-3.89803966481433,0.24044559144223,"P04003"
"642",0.242864520776998,20.7076308079768,1.79803995076567,0.0975329718452717,0.505981392655862,-4.77371655011424,0.295865453941762,"HV432","sp|A0A087WSY4|HV432_HUMAN",0.2048473351184,20.4345054691147,1.50633146527897,0.158797327645111,0.728883053370811,-5.0790830306673,0.137342147059245,"A0A087WSY4"
"643",-0.195649793687998,17.8780197658594,-1.79721923913104,0.0976691297798213,0.505981392655862,-4.77491804770216,0.295865453941762,"SKAP2","sp|O75563|SKAP2_HUMAN",-0.312659622276687,17.9930661612469,-2.17866951255377,0.0508260814467544,0.589635363006715,-4.10332634721927,0.229416477831962,"O75563"
"644",-0.284774876221995,14.7374914288063,-1.79691034974732,0.097720419612054,0.505981392655862,-4.77537017387851,0.295865453941762,"APOL2","sp|Q9BQE5|APOL2_HUMAN",-0.211389459204998,14.7957201152446,-1.29671342950527,0.220003525748835,0.757046932651169,-5.33761441394787,0.120877195850511,"Q9BQE5"
"645",0.466430951471926,12.6156509768763,1.79465853297442,0.0980950590648545,0.506920532469877,-4.77866489004905,0.295060117619025,"PTN18","sp|Q99952|PTN18_HUMAN",-0.05754572295495,12.3560665305742,-0.194690519304452,0.849013109156577,0.980342486398055,-6.13017597415893,0.00862217536021909,"Q99952"
"646",0.317988017949716,14.7678000365854,1.79398563225161,0.0982072619397803,0.506920532469877,-4.7796489907598,0.295060117619025,"MATN2","sp|O00339|MATN2_HUMAN",0.09827982499082,14.7311836340339,0.422888490332693,0.680132725292888,0.953955901060617,-6.05774325404671,0.0204717011540782,"O00339"
"647",0.476068318303269,12.8486245688631,1.79266339980173,0.0984280746725071,0.507271397264055,-4.78158212559763,0.294759624890544,"HIBCH","sp|Q6NVY1|HIBCH_HUMAN",0.499596392542597,12.6674547773498,2.0657545976139,0.0620073507733459,0.609740800734631,-4.27926385090828,0.214854743241087,"Q6NVY1"
"648",-0.330945947748835,13.6158961295126,-1.78881099989104,0.0990739777943075,0.509808577208227,-4.78720990096416,0.292592862074151,"LPIN2","sp|Q92539|LPIN2_HUMAN",-0.0123083296950643,13.8260204930406,-0.0519435832072942,0.959459978966806,0.99079827275201,-6.14841415253281,0.00401475918644791,"Q92539"
"649",0.198627711655325,16.7933379119215,1.78598792683699,0.0995497222442604,0.511463665833902,-4.79132969769835,0.29118521295538,"MGT5A","sp|Q09328|MGT5A_HUMAN",-0.0379905053300015,16.9569667437386,-0.390247176834004,0.703445508728803,0.956934774229908,-6.07131505559374,0.0191176632235889,"Q09328"
"650",0.312636695782181,19.3691908361882,1.78347875885037,0.0999742924749315,0.51285112322148,-4.79498835045674,0.290008688976121,"TRFL","sp|P02788|TRFL_HUMAN",0.16587638803881,19.5705099632662,0.909558993442345,0.381618930554492,0.859930399743799,-5.7357709007476,0.0655366978615683,"P02788"
"651",0.393880215613798,19.0001865226976,1.78068054119415,0.100449693190125,0.514494647682136,-4.79906507329239,0.288619138868904,"IBP5","sp|P24593|IBP5_HUMAN",-0.0458248464754708,18.8819571756809,-0.245711286581286,0.810211679276456,0.974957702965865,-6.11856604779983,0.0110142250881126,"P24593"
"652",-0.380850122997531,12.9112243919477,-1.77826342646948,0.100861982472651,0.515810354124392,-4.80258367659146,0.28750994429588,"LHPL2","sp|Q6ZUX7|LHPL2_HUMAN",-0.0183940282176242,12.7278512790936,-0.0888531936715995,0.930718567956301,0.986837723161755,-6.14571839196592,0.00575425739079757,"Q6ZUX7"
"653",-0.346078364444174,16.2411499720736,-1.77638259277689,0.101183849739881,0.516660303517945,-4.80531975563851,0.286794905254006,"TTYH3","sp|Q9C0H2|TTYH3_HUMAN",-0.323245780200663,16.3114695433025,-1.95605006163617,0.075043594408331,0.613472142466134,-4.44629842436689,0.21220515363449,"Q9C0H2"
"654",0.406804480405536,17.6454586533655,1.77538509426582,0.101354926158514,0.516738863164529,-4.80677017180751,0.286728874581295,"CH60","sp|P10809|CH60_HUMAN",0.151570086007826,17.6779487768091,1.20959113350821,0.250579875684752,0.775681816529707,-5.43677685910775,0.110316389132545,"P10809"
"655",0.166218745430798,16.8505696253422,1.7691015116958,0.1024385824707,0.521462661380755,-4.81589627386059,0.282776783185383,"DMKN","sp|Q6E0U4|DMKN_HUMAN",0.236399534900015,16.9087037980999,1.98093814850626,0.071880454826421,0.609740800734631,-4.40876910228617,0.214854743241087,"Q6E0U4"
"656",-0.255861335526771,12.4284731860003,-1.76546571494089,0.103070346515646,0.523535257506467,-4.82116844959995,0.281054065418005,"HGD","sp|Q93099|HGD_HUMAN",-0.149742151709103,12.1354139727702,-0.714733746261077,0.488949391874393,0.901067757707447,-5.89063413557126,0.0452425500952794,"Q93099"
"657",0.474895801653304,16.4423086437065,1.76468823963818,0.103205895261883,0.523535257506467,-4.82229504903562,0.281054065418005,"ANGL8","sp|Q6UXH0|ANGL8_HUMAN",0.476638163176065,16.6017695696286,1.69688333814344,0.116437795124864,0.694998681119888,-4.82248077219924,0.158016019557941,"Q6UXH0"
"658",-0.29799522801005,20.0499165717648,-1.76404048737484,0.103318949583229,0.523535257506467,-4.82323345855653,0.281054065418005,"CO8G","sp|P07360|CO8G_HUMAN",-0.362051910153567,19.9502448126847,-3.2242036123229,0.00762337440011891,0.397469758249259,-2.36813584193285,0.400695909334819,"P07360"
"659",1.15560291487022,9.1685012042057,1.73482520021198,0.110876158322796,0.531788973227398,-4.82477406601605,0.274260672111904,"NDUA6","sp|P56556|NDUA6_HUMAN",0.136584284121069,9.44791563151674,0.250874873128865,0.80631217568583,0.974324183315953,-6.11724264947098,0.0112965178645011,"P56556"
"660",-0.19811976736063,16.4073541849909,-1.76248585470437,0.103590738107893,0.52363778278028,-4.82548488297729,0.280969024724439,"PP1R7","sp|Q15435|PP1R7_HUMAN",-0.0650856746897024,16.5139124826205,-0.546747396863167,0.59494354414601,0.924268458929614,-5.99673088450005,0.0342018672020061,"Q15435"
"661",0.302244870794373,17.7320388345787,1.76148278429354,0.103766439973074,0.52363778278028,-4.82693693455743,0.280969024724439,"LYSC","sp|P61626|LYSC_HUMAN",0.2006612739524,17.9504220481918,1.09775925988182,0.294638102741778,0.80685137211218,-5.5562336725326,0.093206458111018,"P61626"
"662",0.276306032462501,15.0281867426709,1.7612102635402,0.103814221951971,0.52363778278028,-4.82733135630009,0.280969024724439,"BST1","sp|Q10588|BST1_HUMAN",0.0372408909098635,15.0095917055787,0.21735439223584,0.831719193101112,0.977505666396101,-6.1253479602181,0.00988071641043172,"Q10588"
"663",0.481591649221291,11.7029722926953,1.7603210853384,0.103970261781321,0.52363778278028,-4.82861803059314,0.280969024724439,"CYTSB","sp|Q5M775|CYTSB_HUMAN",0.080552934529811,11.6836255039755,0.298763350267793,0.770420442253542,0.970650420596958,-6.10367547698552,0.0129371529359489,"Q5M775"
"664",-0.474724081205533,11.3472074195454,-1.75908889655831,0.104186843334007,0.523712275024347,-4.83040044293562,0.280907246772824,"QOR","sp|Q08257|QOR_HUMAN",0.219710565691891,11.3126016186588,0.944256468345263,0.36434691199845,0.851596761213279,-5.7047999448786,0.0697659989362464,"Q08257"
"665",0.204545504496052,17.8740843038119,1.75844241533503,0.104300636875894,0.523712275024347,-4.83133532071536,0.280907246772824,"ANTR1","sp|Q9H6X2|ANTR1_HUMAN",0.184651612446048,17.9424183853469,1.76679913048192,0.103610321876706,0.669032409161068,-4.72382826681696,0.174552843698699,"Q9H6X2"
"666",0.413311618357794,11.5588861468176,1.75717379281311,0.104524263472403,0.524042342092001,-4.8331693091679,0.280633621043021,"GGT2","sp|P36268|GGT2_HUMAN / sp|A6NGU5|GGT3_HUMAN / sp|P19440|GGT1_HUMAN",-0.0322447228563904,11.5938127620112,-0.150505073202234,0.882959022590171,0.986191942633613,-6.13807030294489,0.00603855005478495,"P36268"
"667",0.218257485548537,16.1121522845264,1.75593456764587,0.104743122783303,0.524347548292282,-4.83496007055501,0.280380758298759,"ETFA","sp|P13804|ETFA_HUMAN",0.0227281302891915,15.9846170456034,0.153428138519717,0.88070499291152,0.986191942633613,-6.1376101857763,0.00603855005478495,"P13804"
"668",0.288787281915351,15.665801336622,1.75497489328574,0.104912892676668,0.524406462038949,-4.83634636743201,0.280331965321835,"BBS2","sp|Q9BXC9|BBS2_HUMAN",0.241341016679365,15.4016151284921,1.65633494063545,0.124508898424863,0.700299306813659,-4.87863860931124,0.154716303535132,"Q9BXC9"
"669",0.220510018592803,16.8038639994568,1.74918602124827,0.105942202166784,0.527325598725218,-4.844699485648,0.277921145574931,"SYDC","sp|P14868|SYDC_HUMAN",0.10020556480103,16.5898827983512,0.813120833894361,0.432568989582929,0.873931350518796,-5.8165480273505,0.0585226809374819,"P14868"
"670",0.190240639370227,21.8807102767985,1.74864810068321,0.106038306428453,0.527325598725218,-4.84547488156784,0.277921145574931,"PEDF","sp|P36955|PEDF_HUMAN",0.183309449210603,21.8711673225456,1.29058397972245,0.222051108133092,0.757046932651169,-5.3447583702504,0.120877195850511,"P36955"
"671",0.388905839797432,11.2416646692773,1.7483987966858,0.106082873241876,0.527325598725218,-4.84583419921908,0.277921145574931,"CY1","sp|P08574|CY1_HUMAN",-0.290130900429813,10.958622541671,-0.917688058209515,0.377521983519518,0.858804292872708,-5.72860395963206,0.0661057933388761,"P08574"
"672",0.404847187908637,12.9300555753413,1.74765953092702,0.10621512659643,0.527325598725218,-4.84689951771569,0.277921145574931,"SPIR2","sp|Q8WWL2|SPIR2_HUMAN",-0.582909977154918,12.9141194987282,-2.39119247918992,0.0347709018225327,0.564461874265568,-3.763049428589,0.248365386520688,"Q8WWL2"
"673",-0.690678245616709,9.47846290923473,-1.74672213792248,0.106383036686341,0.527325598725218,-4.84824997555094,0.277921145574931,"ACAP2","sp|Q15057|ACAP2_HUMAN",0.459781360191315,9.35311382110852,1.19131856771951,0.257402522917683,0.777929443098344,-5.45691056120954,0.109059791008534,"Q15057"
"674",-0.512820548518003,14.4325261731983,-1.74614711854037,0.106486154242269,0.527325598725218,-4.84907817294013,0.277921145574931,"MGT5B","sp|Q3V5L5|MGT5B_HUMAN",-0.280383998888188,14.5294593766985,-1.17260186062751,0.264541596991573,0.784977866995185,-5.47728837418897,0.105142588321461,"Q3V5L5"
"675",-0.403998983299133,14.1037975689884,-1.74528907137584,0.10664019309307,0.527325598725218,-4.85031372244265,0.277921145574931,"B2L12","sp|Q9HB09|B2L12_HUMAN",0.230770476310798,14.2098245863704,1.01995254223235,0.328612378622876,0.827514783497213,-5.63384689009891,0.082224238840567,"Q9HB09"
"676",0.237290332840002,16.9960365287223,1.74406082638238,0.10686103763439,0.527325598725218,-4.85208173267359,0.277921145574931,"GDIB","sp|P50395|GDIB_HUMAN",-0.103491434825153,17.140152855657,-0.746120262019311,0.470488720918923,0.892806855517381,-5.86793446703038,0.0492424836148991,"P50395"
"677",-0.299032789335018,14.0305850688947,-1.74137962656592,0.107344551969895,0.527325598725218,-4.8559387251,0.277921145574931,"PDE3A","sp|Q14432|PDE3A_HUMAN",0.00132585927418127,14.1570901054758,0.00883348310787561,0.99310252653864,0.999123154162396,-6.14977378387753,0.000380976361940231,"Q14432"
"678",-0.639200608695564,10.0361316699385,-1.73989300888596,0.10761348316556,0.527325598725218,-4.85807579889889,0.277921145574931,"TTC27","sp|Q6P3X3|TTC27_HUMAN",-0.764288680577737,10.1197434275068,-1.39822444343651,0.188281329987824,0.751992459963404,-5.21577534308798,0.123786513946527,"Q6P3X3"
"679",-0.352076016439997,13.841503520012,-1.73986679994429,0.107618229795718,0.527325598725218,-4.8581134658832,0.277921145574931,"RS12","sp|P25398|RS12_HUMAN",-0.0599461455183731,13.7571627544034,-0.350094061108371,0.732560718389152,0.964602283830354,-6.0865537587274,0.0156517141602005,"P25398"
"680",-0.471285210660468,11.336295434522,-1.73900848382499,0.107773780517135,0.527325598725218,-4.85934684027825,0.277921145574931,"PACS2","sp|Q86VP3|PACS2_HUMAN",0.384553155545076,11.5749659789321,1.19738444687866,0.255121593086582,0.777364072933162,-5.45025294013695,0.109375534823134,"Q86VP3"
"681",0.27042062965669,15.5436421159615,1.73836301817042,0.107890889126748,0.527325598725218,-4.86027412353113,0.277921145574931,"TRI58","sp|Q8NG06|TRI58_HUMAN",-0.0157315931342672,15.5484672374363,-0.15397727819791,0.88028166281389,0.986191942633613,-6.13752276283688,0.00603855005478495,"Q8NG06"
"682",-0.201743351607809,16.2927163023744,-1.73795368909257,0.10796521372261,0.527325598725218,-4.86086206730065,0.277921145574931,"ENDD1","sp|O94919|ENDD1_HUMAN",-0.142039961607884,16.3500428358062,-1.71968730843395,0.112106047468779,0.686734451410911,-4.79055232597524,0.16321116480567,"O94919"
"683",0.33030174801463,15.8432386154363,1.73731324989522,0.108081594284561,0.527325598725218,-4.86178180783565,0.277921145574931,"COPZ1","sp|P61923|COPZ1_HUMAN",0.0618589821128886,15.8887494549589,0.348910580728609,0.733425801862286,0.964602283830354,-6.08697840818296,0.0156517141602005,"P61923"
"684",0.240937400966544,16.7046963965818,1.73721278609616,0.108099860722968,0.527325598725218,-4.8619260670339,0.277921145574931,"SEPT2","sp|Q15019|SEPT2_HUMAN",0.0568332158713746,16.65288746606,0.342122125820506,0.738395316527312,0.965162287770973,-6.08938701633866,0.0153996558193429,"Q15019"
"685",0.563024343938611,10.6910260804145,1.73634612688683,0.108257552182493,0.527325598725218,-4.86317033060586,0.277921145574931,"CC88B","sp|A6NC98|CC88B_HUMAN",-0.29102329718075,10.7011971874906,-0.834046964338006,0.421146929601493,0.871380058403275,-5.79969438236777,0.0597923831477007,"A6NC98"
"686",0.20230093347393,14.8534096103145,1.73580151301633,0.108356751530762,0.527325598725218,-4.86395204962511,0.277921145574931,"LRC4B","sp|Q9NT99|LRC4B_HUMAN",0.258777708985492,14.699391540392,1.29598383827251,0.220246442869821,0.757046932651169,-5.33846606493921,0.120877195850511,"Q9NT99"
"687",-0.246032442848596,15.3087052201846,-1.73476069298621,0.108546558772998,0.527475883700705,-4.86544561027742,0.277797391603978,"IFIT2","sp|P09913|IFIT2_HUMAN",-0.224537698331453,15.5611028371359,-1.84054297805397,0.0914720655037203,0.650098041556419,-4.61741924032037,0.187021142286195,"P09913"
"688",0.420806610578285,11.2753808993253,1.73068063106489,0.10929347738103,0.530269012430346,-4.87129542970291,0.275503751202611,"MAPK2","sp|P49137|MAPK2_HUMAN",-0.0943535891118283,11.3344572845526,-0.27962966014324,0.784699392057614,0.972723403089688,-6.10937588300453,0.0120106351572695,"P49137"
"689",0.899723794015303,8.94580050988778,1.52842477703239,0.170762255381948,0.610732678461945,-4.87193031799602,0.214148841595741,"DHX29","sp|Q7Z478|DHX29_HUMAN",-0.393579689820577,8.5724206991816,-0.650993117976719,0.532123041007167,0.912613568562101,-5.76476424979456,0.0397130785089623,"Q7Z478"
"690",0.205980287964225,20.2230858138713,1.72987839347545,0.109440877829101,0.530269012430346,-4.87244470366316,0.275503751202611,"IBP3","sp|P17936|IBP3_HUMAN",0.229210937113056,20.2388024961212,1.92127080973296,0.0796796220335948,0.625528627758299,-4.49836362347299,0.203752809722832,"P17936"
"691",-0.662678446058956,10.0626391360754,-1.72699286183512,0.109972522908094,0.530920537273378,-4.87657591407487,0.274970474786945,"TPD52","sp|P55327|TPD52_HUMAN",-0.72828072641007,10.0563800668987,-1.6166220750228,0.132888778908635,0.708220132409959,-4.93285143697074,0.149831731813607,"P55327"
"692",0.27490962756471,18.9069180985181,1.72597673424026,0.110160287050268,0.530920537273378,-4.87802974678908,0.274970474786945,"TSP3","sp|P49746|TSP3_HUMAN",0.124247210581482,18.9503222399755,0.857299015326788,0.408692837683344,0.867345430800147,-5.78052569253325,0.0618079050462365,"P49746"
"693",0.312421235587173,14.4402378986856,1.72588315813519,0.110177592784269,0.530920537273378,-4.87816360650015,0.274970474786945,"RAB5A","sp|P20339|RAB5A_HUMAN",-0.296772610263131,14.5190394310135,-1.98662052863352,0.0711757952570114,0.609740800734631,-4.40016954567724,0.214854743241087,"P20339"
"694",0.389005706011206,16.7023262940508,1.72567985014616,0.110215200416197,0.530920537273378,-4.87845442203954,0.274970474786945,"SEPT6","sp|Q14141|SEPT6_HUMAN",-0.143543141187709,16.8855355645095,-0.616749186221907,0.549348151324155,0.912613568562101,-5.95572051254572,0.0397130785089623,"Q14141"
"695",-0.485979391703522,13.2423803101488,-1.72292835762592,0.110725294285082,0.531788973227398,-4.8823882442077,0.274260672111904,"CKLF5","sp|Q96DZ9|CKLF5_HUMAN",0.0830888667217526,12.8722910500908,0.463691991189626,0.651473363284757,0.941197234759129,-6.03929689073726,0.0263193574528965,"Q96DZ9"
"696",-0.273640774976284,13.0073061912434,-1.72289985203464,0.110730589874835,0.531788973227398,-4.88242897962818,0.274260672111904,"G3BP2","sp|Q9UN86|G3BP2_HUMAN",0.0232399798047206,12.8295282401857,0.10847541193919,0.915477718592194,0.986613644973353,-6.1437106424286,0.00585288249271538,"Q9UN86"
"697",-0.198803364362839,15.1628552245199,-1.71819401300349,0.111607910632485,0.533627642308048,-4.88914837795119,0.272761681732221,"ST1C2","sp|O00338|ST1C2_HUMAN",-0.0218736639977361,15.3511681274888,-0.130831182770178,0.898156891916967,0.986613644973353,-6.14093773724784,0.00585288249271538,"O00338"
"698",-0.33250627896721,15.6368180436324,-1.71710514158052,0.111811791295672,0.533627642308048,-4.8907016295966,0.272761681732221,"NEXN","sp|Q0ZGT2|NEXN_HUMAN",-0.224207383478154,15.7095273694947,-1.50929819147516,0.158047154866495,0.728883053370811,-5.07523640064018,0.137342147059245,"Q0ZGT2"
"699",0.403186210963343,26.6670579077955,1.71707315053765,0.111817786320445,0.533627642308048,-4.89074725540988,0.272761681732221,"TRFE","sp|P02787|TRFE_HUMAN",0.529658752195139,26.3796545074873,2.4870519515895,0.0292468661498981,0.562492530963683,-3.60640028133391,0.249883239941566,"P02787"
"700",-0.278444033268788,14.9656949295652,-1.71561790685978,0.112090797326787,0.533627642308048,-4.89282220571685,0.272761681732221,"DDB1","sp|Q16531|DDB1_HUMAN",-0.195598282956803,14.9524667245241,-0.881741542975906,0.395871762362883,0.866783484471409,-5.75987941831364,0.0620893722383122,"Q16531"
"701",-0.529253860757007,19.5777693755356,-1.71480778318499,0.112243037521406,0.533627642308048,-4.89397686861444,0.272761681732221,"B3AT","sp|P02730|B3AT_HUMAN",-0.023789195280933,20.0729776155333,-0.0735030488655662,0.942661688595513,0.988040648929326,-6.1470110319523,0.00522518775796543,"P02730"
"702",-0.3790177533255,12.2499132528588,-1.71464677759335,0.11227331595105,0.533627642308048,-4.89420631050616,0.272761681732221,"GGPPS","sp|O95749|GGPPS_HUMAN",0.199272925052812,11.7796155556324,1.1150503617743,0.287462257251013,0.803677098634372,-5.53836130077919,0.0949184070341135,"O95749"
"703",0.35498952207526,13.1868904500202,1.71339179789958,0.112509574460802,0.533627642308048,-4.89599429269681,0.272761681732221,"TKFC","sp|Q3LXA3|TKFC_HUMAN",0.034048522956286,13.3211321389639,0.178635257658333,0.861314914784116,0.983382563387846,-6.13327692536418,0.00727749656607012,"Q3LXA3"
"704",0.194490360454274,21.7936706168405,1.713143520038,0.112556366843477,0.533627642308048,-4.89634792558526,0.272761681732221,"SODE","sp|P08294|SODE_HUMAN",0.130465509233518,21.9013753163216,1.3008808192518,0.218620168694022,0.757046932651169,-5.33274309356006,0.120877195850511,"P08294"
"705",-0.3409143622577,16.1762662049826,-1.71234737542436,0.112706531261808,0.533627642308048,-4.89748170571296,0.272761681732221,"FSTL3","sp|O95633|FSTL3_HUMAN",-0.323881598014633,15.9719862999745,-1.30399567379897,0.217590829684065,0.757046932651169,-5.32909462855722,0.120877195850511,"O95633"
"706",-0.310441884220178,16.035200820554,-1.70946546487566,0.113251592439331,0.535064109164637,-4.90158320891163,0.271594179495775,"IF4G2","sp|P78344|IF4G2_HUMAN",-0.0329082631433864,16.0100611377091,-0.282979071948581,0.78219370350189,0.972723403089688,-6.10840484129577,0.0120106351572695,"P78344"
"707",0.225719540098244,20.8838098109869,1.7088034293322,0.113377135051228,0.535064109164637,-4.90252483619795,0.271594179495775,"HV404","sp|A0A075B6R2|HV404_HUMAN",0.205510203947787,20.6101219372874,1.56414686755363,0.144717334993053,0.726283329837963,-5.00324208784572,0.138893923954356,"A0A075B6R2"
"708",-0.713959721984696,11.7058955458926,-1.7077038321111,0.113585926434288,0.535064109164637,-4.9040883419221,0.271594179495775,"PP6R3","sp|Q5H9R7|PP6R3_HUMAN",-0.183526596206027,11.7301886465715,-0.661126636651353,0.52148339268081,0.90885734198424,-5.92733861950504,0.0415042800906753,"Q5H9R7"
"709",0.220068164298414,16.4808440454413,1.70706755912105,0.113706897906284,0.535064109164637,-4.90499278083423,0.271594179495775,"LIS1","sp|P43034|LIS1_HUMAN",0.0839527766488724,16.6510260954004,0.836613081209233,0.41976019141018,0.871380058403275,-5.79760165755707,0.0597923831477007,"P43034"
"710",0.224550909117108,16.6145238759768,1.70592523503226,0.113924369743253,0.535064109164637,-4.90661605410563,0.271594179495775,"TRY2","sp|P07478|TRY2_HUMAN",0.417170991993676,16.8859812372231,1.1784668597246,0.262288043430985,0.782271152840982,-5.47092973756935,0.106642684573063,"P07478"
"711",-0.7668028092035,12.0190766430408,-1.70564802629113,0.11397719951172,0.535064109164637,-4.90700987850559,0.271594179495775,"MYL4","sp|P12829|MYL4_HUMAN",-0.431776929515856,12.2454565748939,-1.52601494775342,0.153876755174382,0.728883053370811,-5.05346953678178,0.137342147059245,"P12829"
"712",-0.947508662811502,8.81519750370638,-1.70295663864799,0.11449125021862,0.536042978560734,-4.91083150869857,0.270800388285818,"TMED2","sp|Q15363|TMED2_HUMAN",-0.479107116695422,9.25016886472935,-1.026346857509,0.325715489555186,0.823872143869656,-5.62764478847962,0.0841401809245796,"Q15363"
"713",-0.239116744024333,19.6134363071268,-1.70286531436939,0.11450872907489,0.536042978560734,-4.91096112184305,0.270800388285818,"PSA2","sp|P25787|PSA2_HUMAN",0.00682302721762369,19.6653711762956,0.0557466033250551,0.956495088803888,0.989471316190957,-6.14820165800792,0.00459679104883991,"P25787"
"714",-0.48546761276856,17.3113438976286,-1.70134329469201,0.114800382519179,0.536651365607261,-4.91312066225171,0.270307761160608,"NEU1B","sp|A8MQ27|NEU1B_HUMAN",0.0504351570537408,17.340609994905,0.223648489978411,0.826932338405227,0.977505666396101,-6.12391369976936,0.00988071641043172,"A8MQ27"
"715",-0.230169060841213,17.7006447618468,-1.69971826614857,0.115112502641125,0.537319012910996,-4.91542509630035,0.269767791748002,"IER5","sp|Q5VY09|IER5_HUMAN",0.0352920497784194,17.7024872946431,0.25966496177823,0.799686565634769,0.973599473204371,-6.11492722926409,0.0116196697661764,"Q5VY09"
"716",0.288437255630772,21.5606530901655,1.69891539069316,0.115266989211398,0.537319012910996,-4.91656316301765,0.269767791748002,"AFAM","sp|P43652|AFAM_HUMAN",0.356388280789886,21.3678800452855,2.13095251706439,0.0552968879628583,0.59071324196055,-4.17813749004194,0.228623293496481,"P43652"
"717",0.226799176384666,15.3985421842196,1.6958209776693,0.11586412815564,0.538541264785974,-4.92094647332589,0.268781014033144,"CATL1","sp|P07711|CATL1_HUMAN",0.127867639375763,15.4397956818498,0.828914573936426,0.423929624436066,0.872069691618375,-5.80386295447076,0.0594488069528928,"P07711"
"718",0.304768556106985,16.3827547023601,1.69553391266317,0.115919662885236,0.538541264785974,-4.92135286726807,0.268781014033144,"LIRA3","sp|Q8N6C8|LIRA3_HUMAN",0.244342107287409,16.1038520686481,2.66796759051462,0.0210561394555579,0.527621436125473,-3.30672910071443,0.27767756831542,"Q8N6C8"
"719",-0.390000325844311,11.9814687208876,-1.69503638004373,0.116015969967451,0.538541264785974,-4.92205712044834,0.268781014033144,"RXLT1","sp|Q9Y2B1|RXLT1_HUMAN",-0.239251249315682,12.0513937606353,-1.45499183467173,0.172269582475051,0.737164200701138,-5.1448541346323,0.132435763815776,"Q9Y2B1"
"720",-0.288794836444255,13.8331839077542,-1.69243308648924,0.116521045805202,0.539080828360491,-4.92574005570941,0.268346112959528,"EIF3B","sp|P55884|EIF3B_HUMAN",-0.462539271963515,13.9385898734135,-2.66570764127024,0.0211430102454618,0.527621436125473,-3.31049938458889,0.27767756831542,"P55884"
"721",-0.316616452981581,12.4820082760495,-1.69228435496108,0.116549960612732,0.539080828360491,-4.92595036765333,0.268346112959528,"TRM2A","sp|Q8IZ69|TRM2A_HUMAN",-0.21735851488392,12.5525467136317,-0.571075548027745,0.578876123955917,0.918681549222175,-5.98300513539037,0.0368350058969403,"Q8IZ69"
"722",0.213861835714382,17.292488425314,1.69080159857327,0.116838570363992,0.539080828360491,-4.92804643858412,0.268346112959528,"FLOT2","sp|Q14254|FLOT2_HUMAN",-0.0836757922876081,17.3725198929607,-0.578842405075999,0.573795559515361,0.916271872807246,-5.97850447984917,0.0379756449553353,"Q14254"
"723",0.334305108930057,13.8731864273187,1.69019710717695,0.11695641267472,0.539080828360491,-4.92890065235476,0.268346112959528,"DEF5","sp|Q01523|DEF5_HUMAN",0.233490391227535,13.7785097536149,0.808079071824469,0.435351084533342,0.874928819105333,-5.82055188152875,0.0580272780945304,"Q01523"
"724",-0.388287827985213,15.5725226494091,-1.68959565719579,0.117073766599816,0.539080828360491,-4.9297503874871,0.268346112959528,"HMCS1","sp|Q01581|HMCS1_HUMAN",-0.608540595832208,15.4301781113777,-2.49305687358522,0.028930764558354,0.561815904180584,-3.59653256240358,0.250405970723439,"Q01581"
"725",0.172103490495636,23.8922144620361,1.68942675044617,0.117106742165687,0.539080828360491,-4.92998898835178,0.268346112959528,"CD44","sp|P16070|CD44_HUMAN",0.0605218818801465,23.9351299012216,0.658430954021267,0.523152251369166,0.909803826635208,-5.92911476838841,0.0410522408594816,"P16070"
"726",0.330034375714182,13.2197960131637,1.68655493298436,0.117668666143155,0.540917317076358,-4.93404359220171,0.266869114711903,"MYO9B","sp|Q13459|MYO9B_HUMAN",0.192562002205742,13.1167507773959,1.67415685915465,0.120902351541209,0.699199696842399,-4.85405435330357,0.155398768674142,"Q13459"
"727",-0.223027180415336,17.2346381033059,-1.68521420548224,0.117931820905824,0.541013491081149,-4.93593509994246,0.266791904895198,"CAH2","sp|P00918|CAH2_HUMAN",-0.120917748495104,17.1883891408455,-0.997554965155127,0.338908553061287,0.838179946058428,-5.65531754750867,0.0766627341253577,"P00918"
"728",0.181380747053446,24.7551989949528,1.68478793513724,0.11801559733135,0.541013491081149,-4.93653629660977,0.266791904895198,"TENX","sp|P22105|TENX_HUMAN",0.124596289751838,24.7782306114638,1.2710558135468,0.228677873288254,0.762029981369191,-5.36735209044965,0.118027941407051,"P22105"
"729",-0.745578555924104,10.2450923890967,-1.68340265744065,0.118288214823642,0.541262574738804,-4.93848941476684,0.266592000890336,"UACA","sp|Q9BZF9|UACA_HUMAN",-0.722013000256514,10.0569534228087,-1.45135023319988,0.173261020336937,0.737165441399294,-5.1494613689778,0.132435032868846,"Q9BZF9"
"730",0.214301864390132,16.3969630412259,1.68285527111681,0.118396091973598,0.541262574738804,-4.93926091551425,0.266592000890336,"CBLN2","sp|Q8IUK8|CBLN2_HUMAN",0.0728671178449122,16.5274974514768,0.719503259681256,0.48611582855846,0.900345108808889,-5.88724181135398,0.0455909904241634,"Q8IUK8"
"731",0.304253376680502,14.5785531665455,1.67939748186263,0.119079556287538,0.542251238082253,-4.94413093766981,0.265799447720083,"ACO13","sp|Q9NPJ3|ACO13_HUMAN",0.0506379309000941,14.5005934737172,0.269112184702716,0.792583838542095,0.972723403089688,-6.11235091512802,0.0120106351572695,"Q9NPJ3"
"732",-0.520062578321979,17.3085500872434,-1.6786128263336,0.119235135788565,0.542251238082253,-4.94523522577288,0.265799447720083,"EPB42","sp|P16452|EPB42_HUMAN",-0.0181050644972687,17.8336664194533,-0.0527312686741792,0.958845834067609,0.990479092209896,-6.14837137215714,0.00415468744871086,"P16452"
"733",0.233804136874932,17.7484150604965,1.67799919442697,0.119356930399972,0.542251238082253,-4.94609860703668,0.265799447720083,"TCPG","sp|P49368|TCPG_HUMAN",0.114791190373941,17.9482242816673,0.833653288494957,0.421359942796003,0.871380058403275,-5.80001493255612,0.0597923831477007,"P49368"
"734",0.292999861461663,16.8378833888893,1.67788467269797,0.119379673028471,0.542251238082253,-4.94625971832055,0.265799447720083,"DPYL2","sp|Q16555|DPYL2_HUMAN",0.171801281830707,16.9253413914453,0.974715576392064,0.349647478213747,0.844428376563205,-5.67680155631442,0.0734371808857621,"Q16555"
"735",-0.288147129595233,14.2185144229998,-1.67763513103557,0.119429242253126,0.542251238082253,-4.9466107552477,0.265799447720083,"DCTN4","sp|Q9UJW0|DCTN4_HUMAN",0.264498665172518,14.1212192502588,2.01416551049194,0.0678500119485454,0.609740800734631,-4.3583242222045,0.214854743241087,"Q9UJW0"
"736",0.188070681855078,14.7785490587248,1.67532337924819,0.11988931700375,0.542753927606337,-4.94986126504488,0.265397025116127,"ATP5H","sp|O75947|ATP5H_HUMAN",-0.0650625448248544,14.8206718173234,-0.45843735033868,0.655132761618247,0.942800633562724,-6.04176421070626,0.0255801343014022,"O75947"
"737",0.293658852182847,14.1650568081292,1.67423717472507,0.120106029155876,0.542753927606337,-4.95138762456372,0.265397025116127,"AT1A4","sp|Q13733|AT1A4_HUMAN",0.129927256912325,14.0170771879142,0.518474744009296,0.61390201061134,0.929782983745204,-6.01196992617092,0.0316184062419663,"Q13733"
"738",0.273965697607795,17.6328251476053,1.67421164312681,0.120111127208681,0.542753927606337,-4.95142349497824,0.265397025116127,"PCD12","sp|Q9NPG4|PCD12_HUMAN",0.00608804344072735,17.5484525026953,0.0316690232865645,0.975275928101875,0.994757469382337,-6.14929379758386,0.00228279116186753,"Q9NPG4"
"739",0.201300504267968,15.6502829869462,1.67362759872129,0.120227799213959,0.542753927606337,-4.95224395347221,0.265397025116127,"ARAP1","sp|Q96P48|ARAP1_HUMAN",-0.0756578791566687,15.8126071116438,-0.882354707121115,0.395553708037973,0.866783484471409,-5.75935499672225,0.0620893722383122,"Q96P48"
"740",0.293265504528467,12.4368095570443,1.67297839704326,0.120357604916621,0.542753927606337,-4.95315574160572,0.265397025116127,"TXTP","sp|P53007|TXTP_HUMAN",0.144353845312602,12.3977974743177,0.42626566527677,0.677739867282253,0.953143482843135,-6.05627879202207,0.0208417172876589,"P53007"
"741",-0.5699570043189,11.9873735308482,-1.67092444875541,0.120769100906103,0.543311624140748,-4.95603905686264,0.264951003145593,"PITM2","sp|Q9BZ72|PITM2_HUMAN",0.613685145254303,11.6718361020652,1.38912721795192,0.190959782162162,0.752526853111309,-5.2269592782746,0.123477998126165,"Q9BZ72"
"742",0.330683311807498,11.8223323943215,1.67037378841624,0.120879633359821,0.543311624140748,-4.95681170572501,0.264951003145593,"AMPE","sp|Q07075|AMPE_HUMAN",0.0221314638818795,11.4302478626294,0.0743496617871642,0.942002575356238,0.988040648929326,-6.14694610026324,0.00522518775796543,"Q07075"
"743",0.29921496080997,14.7700384032531,1.66900923888861,0.121153920493907,0.543311624140748,-4.9587256850761,0.264951003145593,"SDHA","sp|P31040|SDHA_HUMAN",0.0539398647122693,14.8513212991836,0.383247352644543,0.708487349041761,0.959749054568656,-6.07408754391275,0.0178423070259448,"P31040"
"744",0.166056516141167,22.1112513671239,1.66840482981289,0.121275587840441,0.543311624140748,-4.95957315462973,0.264951003145593,"CD248","sp|Q9HCU0|CD248_HUMAN",0.0825049199039448,22.1825349583136,0.787058691983775,0.447076022171013,0.88223856545983,-5.83700600493483,0.0544139617465481,"Q9HCU0"
"745",-0.541144452771359,9.45203022616036,-1.66828479805398,0.121299763027506,0.543311624140748,-4.95974143454591,0.264951003145593,"USE1","sp|Q9NZ43|USE1_HUMAN",-0.815968928786641,9.59499580150932,-1.6703099343347,0.121672914062763,0.700133244405574,-4.85937411530545,0.154819300266761,"Q9NZ43"
"746",-0.515864262040582,11.3089888564423,-1.66532511033708,0.121897210721806,0.54508429823578,-4.96388848481376,0.26353632813149,"TDRP","sp|Q86YL5|TDRP_HUMAN",-0.142140197180652,10.9767031742933,-0.322567548447206,0.752779046259914,0.966539474991828,-6.0960659583135,0.0147804040037366,"Q86YL5"
"747",-0.246404710517804,19.5840045200205,-1.66427106497691,0.122110608327327,0.54508429823578,-4.9653643130273,0.26353632813149,"PSA7","sp|O14818|PSA7_HUMAN",0.0707706343768661,19.6734649796615,0.605825073616116,0.556333462970983,0.913137076706219,-5.96242525351205,0.0394640229163576,"O14818"
"748",0.313232404533629,13.9823955880176,1.6626767247757,0.122434018000185,0.54508429823578,-4.96759556148532,0.26353632813149,"LYPA2","sp|O95372|LYPA2_HUMAN",0.0601265614484368,14.0276598756418,0.410409532736828,0.689006107973193,0.953955901060617,-6.06305666168474,0.0204717011540782,"O95372"
"749",-0.520009690423059,10.7240943109115,-1.66194639413184,0.122582416657178,0.54508429823578,-4.96861721172179,0.26353632813149,"HMGB3","sp|O15347|HMGB3_HUMAN",0.00595713216334627,10.7667239658514,0.0145864645617459,0.988610687712517,0.998674325310052,-6.14970385926987,0.000576115157713409,"O15347"
"750",0.208377298280503,21.6846417164395,1.66169739213538,0.122633048563461,0.54508429823578,-4.96896547513816,0.26353632813149,"LAMB1","sp|P07942|LAMB1_HUMAN",0.116997044928796,21.7300123400369,0.782777860785008,0.449488595128331,0.883275694038444,-5.84030946296738,0.0539037203048794,"P07942"
"751",0.279951444301131,13.7479401868211,1.66146205316958,0.122680919187143,0.54508429823578,-4.96929459980037,0.26353632813149,"RL4","sp|P36578|RL4_HUMAN",-0.0311638084277528,13.8864118027251,-0.187767354068571,0.854312845706665,0.980636721353978,-6.13154563308187,0.00849184800315778,"P36578"
"752",0.370858619518677,14.6555388318926,1.65848891832125,0.123287108893477,0.547045340130283,-4.9734501276884,0.261976677044346,"A0A075B6W8","tr|A0A075B6W8|A0A075B6W8_HUMAN",0.103967595997131,14.6199193154969,0.397288026063344,0.698388996413081,0.956136992772092,-6.06847708359818,0.0194798787044241,"A0A075B6W8"
"753",0.179894143495387,18.6454436293724,1.65389896204697,0.124228133836733,0.550113430883495,-4.97985657279401,0.259547751728323,"CAN2","sp|P17655|CAN2_HUMAN",0.103340850664181,18.8460167280253,1.0258836360763,0.325924713739337,0.823872143869656,-5.62809516051189,0.0841401809245796,"P17655"
"754",0.384526533879617,18.7340383350535,1.65350083174179,0.124310055186086,0.550113430883495,-4.98041175392713,0.259547751728323,"ARP2","sp|P61160|ARP2_HUMAN",-0.023739151320106,18.8599919575242,-0.109464426397637,0.914710415751547,0.986613644973353,-6.14359889679835,0.00585288249271538,"P61160"
"755",0.217539534449346,17.8748107522428,1.64954548991972,0.125126513416586,0.552105239742494,-4.9859229258064,0.257978131178186,"CHLE","sp|P06276|CHLE_HUMAN",0.265716431064732,17.7519737677324,1.73255547351675,0.109725685597722,0.680709440184747,-4.77242797052431,0.167038226489988,"P06276"
"756",0.340839625245001,13.6268386070161,1.64914547347385,0.125209346621457,0.552105239742494,-4.98647983878457,0.257978131178186,"SIAT2","sp|Q96JF0|SIAT2_HUMAN",-0.428776741890047,13.481975358479,-2.44844583270905,0.0313607853055844,0.564461874265568,-3.66969176791598,0.248365386520688,"Q96JF0"
"757",-0.396059134099817,12.8520486257393,-1.6489048918605,0.125259188166947,0.552105239742494,-4.98681474274887,0.257978131178186,"CYTL1","sp|Q9NRR1|CYTL1_HUMAN",0.1299508569782,12.867937666473,0.587711035547105,0.568023720342902,0.914734232457629,-5.97329544863572,0.0387050678382534,"Q9NRR1"
"758",-0.312550298620412,24.2572535773494,-1.6476404689804,0.125521426995605,0.552527342438214,-4.98857440289149,0.2576462255592,"C4BPB","sp|P20851|C4BPB_HUMAN",-0.276212642804893,24.2358820021361,-2.5594383817151,0.0256509074916125,0.541810085221108,-3.48706230016687,0.266152915295631,"P20851"
"759",-0.211827983970267,13.8071011923828,-1.64574890102017,0.125914635966067,0.553524075193877,-4.99120529753041,0.256863484999413,"HMGCL","sp|P35914|HMGCL_HUMAN",0.123522540888722,13.9492909546124,1.03922184413285,0.319939808882053,0.820250808002062,-5.6150599831115,0.0860533331325101,"P35914"
"760",0.401510625515943,13.7570911598379,1.64291145531937,0.126506499522646,0.555390306766751,-4.99514829146925,0.255401704266078,"CCDC3","sp|Q9BQI4|CCDC3_HUMAN",0.0630807898430052,13.8967920433184,0.195831956357181,0.84814006555411,0.980342486398055,-6.1299454260098,0.00862217536021909,"Q9BQI4"
"761",0.814307261757237,11.3929232325743,1.6399471697168,0.127127430387176,0.557379050799257,-4.99926307757491,0.253849358359095,"TP4A2","sp|Q12974|TP4A2_HUMAN",0.313514637785554,11.7154339196251,0.67763865515675,0.511329141673896,0.907970131840623,-5.91631303975445,0.0419284375914184,"Q12974"
"762",0.299545875432833,17.5829223350213,1.63793812104287,0.127549787561107,0.55757684176064,-5.0020492778502,0.253695272400047,"CNDP1","sp|Q96KN2|CNDP1_HUMAN",0.186024593859833,17.1837326817321,0.945636356754124,0.363671632080225,0.850954166069728,-5.7035478237329,0.070093831171655,"Q96KN2"
"763",0.436259926563267,18.8705480829642,1.63728520060594,0.127687314363777,0.55757684176064,-5.00295431137449,0.253695272400047,"K2C6B","sp|P04259|K2C6B_HUMAN",0.00262400812799486,18.74872124266,0.0122933922376001,0.990401043012713,0.998674325310052,-6.1497358478095,0.000576115157713409,"P04259"
"764",-0.496244676235581,9.58419966872542,-1.63685858056554,0.127777245060246,0.55757684176064,-5.00354554258909,0.253695272400047,"INP4B","sp|O15327|INP4B_HUMAN",-0.143397618094548,9.13334988258345,-0.346828437153088,0.73494870899954,0.964602283830354,-6.08772209601205,0.0156517141602005,"O15327"
"765",0.191588786761891,18.3645313681609,1.63617778127934,0.127920871411788,0.55757684176064,-5.00448883110665,0.253695272400047,"MIME","sp|P20774|MIME_HUMAN",9.78287935570556e-06,18.2115815265781,9.56816169902793e-05,0.999925287598368,0.99998415467369,-6.14981427579338,6.88159230085131e-06,"P20774"
"766",-0.268768835051732,18.7589147978635,-1.63574371154727,0.128012519861888,0.55757684176064,-5.00509013448513,0.253695272400047,"PTX3","sp|P26022|PTX3_HUMAN",-0.103319504425833,18.9015392058723,-0.756183128957392,0.464663448182169,0.891538289314238,-5.86046989868133,0.0498600002387095,"P26022"
"767",-0.62306184046952,10.9817518307676,-1.63438745027111,0.128299249030775,0.558093325731508,-5.00696828640364,0.253293171203657,"ZN428","sp|Q96B54|ZN428_HUMAN",0.350096568131368,10.9606789845004,0.871993449357365,0.400951708670738,0.867111174600625,-5.76817411170024,0.0619252169179849,"Q96B54"
"768",-0.302417004722464,13.5359090107029,-1.63211453818785,0.128781032160287,0.55907753133868,-5.0101136579158,0.252527961169526,"INGR1","sp|P15260|INGR1_HUMAN",0.189201667537647,13.7569021656113,1.01691693092793,0.329994248504128,0.829110821388314,-5.6367800309427,0.0813874164934677,"P15260"
"769",0.187935476185738,19.4467216635111,1.63122564416108,0.128969879840099,0.55907753133868,-5.01134301807564,0.252527961169526,"UFO","sp|P30530|UFO_HUMAN",0.259029978193142,19.4887662254065,2.30582110907816,0.0405287317327368,0.574849831713476,-3.90101553934907,0.24044559144223,"P30530"
"770",-0.233098829591015,22.508404381636,-1.63082792328464,0.129054455203021,0.55907753133868,-5.0118929406086,0.252527961169526,"APOF","sp|Q13790|APOF_HUMAN",-0.256287515911892,22.5122605148142,-2.63165867147841,0.0224953220142676,0.533299812609672,-3.36722983949362,0.273028568919036,"Q13790"
"771",-0.193389855301429,18.8587515611376,-1.63014732656745,0.129199296937863,0.55907753133868,-5.01283379854385,0.252527961169526,"HSP74","sp|P34932|HSP74_HUMAN",0.0464793350000062,18.9173539458758,0.475359387244339,0.643382113354416,0.940765473701383,-6.03372183180355,0.0265186296779271,"P34932"
"772",0.163023362509321,17.5027155180315,1.62658624895198,0.129959476161546,0.559800816165747,-5.01775266696015,0.251966472686537,"LRP2","sp|P98164|LRP2_HUMAN",0.0381248790028426,17.6577309616605,0.309060462362114,0.762771982241537,0.968056980052892,-6.10045411296416,0.01409907926779,"P98164"
"773",0.425580769083517,15.226865526439,1.62646436107203,0.129985564652417,0.559800816165747,-5.01792091088967,0.251966472686537,"DIDO1","sp|Q9BTC0|DIDO1_HUMAN",0.0636062422048284,15.4638524517473,0.353411558617981,0.730137798852295,0.964219667992726,-6.08535589820005,0.0158240140959132,"Q9BTC0"
"774",0.412633007015909,12.0199085304905,1.62589785531412,0.130106877952902,0.559800816165747,-5.01870276572905,0.251966472686537,"SLAP2","sp|Q9H6Q3|SLAP2_HUMAN",0.513149845829516,12.2667362912498,2.03757389257063,0.0651379822257155,0.609740800734631,-4.32255976924423,0.214854743241087,"Q9H6Q3"
"775",-0.454714962183517,15.6756291791873,-1.62577431893283,0.130133345585167,0.559800816165747,-5.01887324023429,0.251966472686537,"PRS6B","sp|P43686|PRS6B_HUMAN",0.095071945460666,15.5908230629396,0.408378070127384,0.690455264827065,0.953955901060617,-6.06390703144783,0.0204717011540782,"P43686"
"776",-0.30421723762408,15.4866365327068,-1.62473955197392,0.130355229354984,0.559800816165747,-5.02030085481123,0.251966472686537,"TCPW","sp|Q92526|TCPW_HUMAN",-0.0116187345050305,15.7267979527418,-0.0616681384002474,0.951879949505576,0.989471316190957,-6.14784093132947,0.00459679104883991,"Q92526"
"777",0.169510300425407,20.8476381153029,1.6246314131138,0.130378436545985,0.559800816165747,-5.02045001581223,0.251966472686537,"QSOX1","sp|O00391|QSOX1_HUMAN",0.0819174820635164,20.9612522214028,0.828950617320519,0.423910039886088,0.872069691618375,-5.80383375886852,0.0594488069528928,"O00391"
"778",-0.234229031558594,21.0499253208181,-1.62220934586192,0.130899174281014,0.561310541910448,-5.02378926844672,0.250796801267689,"PSA1","sp|P25786|PSA1_HUMAN",-0.0072550654738243,21.1443283729652,-0.0613351972890303,0.952139390974744,0.989471316190957,-6.14786217809445,0.00459679104883991,"P25786"
"779",1.13759131378596,11.0618145419781,1.62110087881269,0.131138098315846,0.561609481690699,-5.02531645390366,0.250565568593372,"ACDSB","sp|P45954|ACDSB_HUMAN",1.15336655327065,10.076270579496,1.58239677090188,0.143007254724712,0.726283329837963,-4.93692881735599,0.138893923954356,"P45954"
"780",0.19451156213566,20.7132212632102,1.61960193707504,0.131461794008524,0.56170569915221,-5.027380579475,0.250491169683053,"COL11","sp|Q9BWP8|COL11_HUMAN",0.176659912287014,20.808581505898,1.57575636660683,0.142024236067322,0.726283329837963,-4.98779395504677,0.138893923954356,"Q9BWP8"
"781",-0.229348491064242,15.7275277251069,-1.61942964865421,0.131499044363142,0.56170569915221,-5.02761775386561,0.250491169683053,"COPD","sp|P48444|COPD_HUMAN",-0.0573374285077042,15.6715680617503,-0.402663352545059,0.694538787609031,0.956136992772092,-6.06627724447129,0.0194798787044241,"P48444"
"782",-0.395357990034764,11.4484862773304,-1.61650742260636,0.132132264702127,0.562997858875474,-5.03163812789145,0.249493256801114,"IMA7","sp|O60684|IMA7_HUMAN",-0.0847491754559207,11.0095735822671,-0.31984954284433,0.754786202082688,0.967217051958264,-6.09696378874367,0.0144760555032612,"O60684"
"783",-0.185804903139298,15.5287436337665,-1.61607162157757,0.132226927034819,0.562997858875474,-5.03223731068668,0.249493256801114,"CEL","sp|P19835|CEL_HUMAN",-0.278243837724324,15.4917933418239,-1.87153156924796,0.0867685594662159,0.638547336736964,-4.57202392768334,0.194806902125498,"P19835"
"784",0.50513102348692,14.3299338633134,1.61568740412567,0.132310433842383,0.562997858875474,-5.03276548747659,0.249493256801114,"H13","sp|P16402|H13_HUMAN / sp|P10412|H14_HUMAN / sp|P16403|H12_HUMAN",0.199667293259488,14.7041860408237,0.783915614251664,0.448846568998428,0.882946828045894,-5.83943304636175,0.0540654492894378,"P16402"
"785",-0.575272482902826,16.2176609343876,-1.61394772758924,0.132689116863732,0.563886272561751,-5.03515600650487,0.248808477894798,"CADH3","sp|P22223|CADH3_HUMAN",-0.117332933546219,16.1526441919751,-0.324833448163912,0.751107202466152,0.966249924412853,-6.09531177232992,0.0149105270473132,"P22223"
"786",-0.591949885085165,11.4162982088917,-1.61190587780994,0.133134783308814,0.564335325845379,-5.03795969055071,0.248462763234249,"CERS2","sp|Q96G23|CERS2_HUMAN",0.668794125105521,11.3234344837472,2.14958048684133,0.0535090473607814,0.589635363006715,-4.14900982279092,0.229416477831962,"Q96G23"
"787",0.209054428677039,24.402949987632,1.61190558237385,0.133134847886994,0.564335325845379,-5.03796009605606,0.248462763234249,"MASP1","sp|P48740|MASP1_HUMAN",0.108963610894228,24.3767695430008,0.912391445754459,0.380187910031318,0.859930399743799,-5.73327990509955,0.0655366978615683,"P48740"
"788",-0.231407795253281,20.0938583567768,-1.61006454430497,0.133537804740237,0.564744441844184,-5.0404861364382,0.2481480346675,"PSA6","sp|P60900|PSA6_HUMAN",-0.0281246312930356,20.1646500726371,-0.22576887761561,0.82532134913047,0.977505666396101,-6.12342138213202,0.00988071641043172,"P60900"
"789",-0.283066823947569,25.7771434360233,-1.60991002169171,0.133571674253596,0.564744441844184,-5.04069807054449,0.2481480346675,"PROS","sp|P07225|PROS_HUMAN",-0.238863222189046,25.7921149458691,-1.9890579168258,0.0708755087002284,0.609740800734631,-4.39647738690645,0.214854743241087,"P07225"
"790",0.644644800284526,16.2788675555902,1.60745820963003,0.134110086883579,0.565257302293579,-5.04405912278543,0.247753818499945,"K2C4","sp|P19013|K2C4_HUMAN",-0.276251520871683,15.8700713612151,-0.854608977219124,0.410120832143737,0.867553245305968,-5.78276696502272,0.0617038612829758,"P19013"
"791",-0.852941137339896,10.2009145068434,-1.60613746701269,0.134400903529695,0.565257302293579,-5.04586832136852,0.247753818499945,"GPX4","sp|P36969|GPX4_HUMAN",-0.686872193525682,10.8761976720389,-1.97399664124334,0.072750032266018,0.609740800734631,-4.41925867504674,0.214854743241087,"P36969"
"792",-0.353457386343121,11.5705147002198,-1.6051057072004,0.134628471297994,0.565257302293579,-5.04728101079852,0.247753818499945,"RELCH","sp|Q9P260|RELCH_HUMAN",0.203221997626798,11.4409545588267,0.592149445566977,0.565147001925298,0.914734232457629,-5.97066059394231,0.0387050678382534,"Q9P260"
"793",0.26891618825427,18.9433779773859,1.60490196061194,0.134673449934219,0.565257302293579,-5.04755991387517,0.247753818499945,"RAC2","sp|P15153|RAC2_HUMAN",-0.0337736182287575,19.1155117510448,-0.210106884427008,0.837239917038327,0.979496539518255,-6.12694918880355,0.00899709399367683,"P15153"
"794",0.196017774120246,16.2365896118268,1.60486328019811,0.134681990415588,0.565257302293579,-5.04761285990903,0.247753818499945,"GALT2","sp|Q10471|GALT2_HUMAN",0.141965143300664,16.3275454466127,0.813532397725369,0.432342400698705,0.873931350518796,-5.81622021370072,0.0585226809374819,"Q10471"
"795",0.277607078888881,14.2116843035743,1.60471456015546,0.13471483161019,0.565257302293579,-5.04781642151395,0.247753818499945,"HPLN1","sp|P10915|HPLN1_HUMAN",-0.0632665225980557,14.4672609209129,-0.342210836150446,0.738330295177763,0.965162287770973,-6.08935583977879,0.0153996558193429,"P10915"
"796",0.200081259367513,17.4271952261408,1.60370126021121,0.134938780217156,0.565395907213953,-5.04920306685639,0.247647339604598,"IL7RA","sp|P16871|IL7RA_HUMAN",0.0147963338371377,17.7739311311657,0.171347686107891,0.86691160355633,0.984019329631185,-6.13459696324917,0.00699637040025486,"P16871"
"797",0.302143022766619,20.9681095828316,1.60302433782312,0.135088567165009,0.565395907213953,-5.05012909068182,0.247647339604598,"FA12","sp|P00748|FA12_HUMAN",0.350320048432454,20.757338580093,1.95661969524262,0.0749697793972657,0.613472142466134,-4.44544195840773,0.21220515363449,"P00748"
"798",-0.458893690555096,18.6300575828138,-1.60123166005435,0.135485945159388,0.566147624262931,-5.05258026774779,0.247070310784638,"CILP2","sp|Q8IUL8|CILP2_HUMAN",-0.304782359443474,19.0292876728857,-0.885673807442444,0.393835097529436,0.866783484471409,-5.75651077702812,0.0620893722383122,"Q8IUL8"
"799",0.240208765719216,13.3841473243524,1.60067597772897,0.135609328499256,0.566147624262931,-5.05333971617996,0.247070310784638,"LRRN1","sp|Q6UXK5|LRRN1_HUMAN",0.3854689087183,13.4333866498454,3.00631977056001,0.0113486740059015,0.4329453910987,-2.73731207511041,0.363566879258983,"Q6UXK5"
"800",-0.655561803722538,10.3520029222705,-1.59430906811752,0.137030037017589,0.570492311103405,-5.06202945336659,0.243750204476031,"GMDS","sp|O60547|GMDS_HUMAN",-0.672261300457087,10.0384276104674,-2.17902721044562,0.0507938968548795,0.589635363006715,-4.10276311979272,0.229416477831962,"O60547"
"801",0.32462538297769,13.7965537180519,1.59370423173158,0.13716567166632,0.570492311103405,-5.06285381130205,0.243750204476031,"LV552","sp|A0A0A0MRZ9|LV552_HUMAN",0.354486717560888,13.6915670067005,1.75143227482546,0.106315690915972,0.673352839571618,-4.74570302267412,0.171757304091438,"A0A0A0MRZ9"
"802",0.234644931381064,13.9590452263177,1.59118120306261,0.137732722566509,0.571324896543699,-5.06629041859591,0.243116850338265,"TADBP","sp|Q13148|TADBP_HUMAN",0.19185685854946,14.0537855913923,1.50763011336914,0.158468573709034,0.728883053370811,-5.07739982465013,0.137342147059245,"Q13148"
"803",-0.30426976329244,12.7889199203166,-1.59091939284546,0.137791681101857,0.571324896543699,-5.06664683147172,0.243116850338265,"DUS2","sp|Q05923|DUS2_HUMAN",-0.0171759712785081,13.0088869890468,-0.101432156310779,0.920944593868055,0.986613644973353,-6.14447716690201,0.00585288249271538,"Q05923"
"804",0.35548695564963,12.65796030192,1.58979664362643,0.138044768475042,0.571324896543699,-5.06817485341867,0.243116850338265,"GSTM2","sp|P28161|GSTM2_HUMAN",-0.128116722361528,12.9384998995328,-0.651992882690219,0.527150520601308,0.911731411086889,-5.93332956810019,0.0401330825737503,"P28161"
"805",-0.405757573556927,14.929482429623,-1.58927287831108,0.138162972634191,0.571324896543699,-5.06888744516294,0.243116850338265,"TTL12","sp|Q14166|TTL12_HUMAN",-0.479229018557101,14.8969363335656,-2.35692239592203,0.036980704427749,0.564461874265568,-3.81861979022074,0.248365386520688,"Q14166"
"806",0.274922662322826,13.5326110417254,1.58899136346426,0.138226541706716,0.571324896543699,-5.06927038934003,0.243116850338265,"ARHG2","sp|Q92974|ARHG2_HUMAN",0.227730081337779,13.6773722426438,1.39361935524103,0.189633235690023,0.752526853111309,-5.22144310487107,0.123477998126165,"Q92974"
"807",0.242824662069784,17.232713914844,1.58796836555254,0.138457759845198,0.571568787221656,-5.07066160872939,0.24293149560451,"PRAP1","sp|Q96NZ9|PRAP1_HUMAN",0.0971480853299254,17.2369478449171,0.736810821261109,0.47591837754368,0.894435501170711,-5.87475961586363,0.0484509714695499,"Q96NZ9"
"808",0.299762679579606,15.9995647153907,1.58629125952296,0.13883754728471,0.572302120823152,-5.07294114556516,0.242374644690798,"AT10A","sp|O60312|AT10A_HUMAN",0.184166896334469,15.6775992197571,1.36182580953012,0.199189231459352,0.754702161522043,-5.26021487313871,0.122224406155744,"O60312"
"809",0.203179686241195,14.9011299917615,1.58504302797214,0.139120801925456,0.572302120823152,-5.07463675749508,0.242374644690798,"S10AB","sp|P31949|S10AB_HUMAN",-0.0692525827901154,15.1574922586133,-0.556764616831161,0.588299747999524,0.923616858095106,-5.99114763916691,0.0345081488266848,"P31949"
"810",-0.326726709304351,18.9278401593325,-1.58472957185726,0.13919201173229,0.572302120823152,-5.07506242632897,0.242374644690798,"THBG","sp|P05543|THBG_HUMAN",-0.0838718614351462,18.8416661648678,-0.534453319255982,0.603150215170797,0.926984034752897,-6.00345183519308,0.0329277455517564,"P05543"
"811",0.229058418226107,16.3647975999525,1.58403475922626,0.139349969644009,0.572302120823152,-5.076005780556,0.242374644690798,"CO5A2","sp|P05997|CO5A2_HUMAN",0.15499093530269,16.4441577216162,1.13970568068488,0.277462557119146,0.792511383027922,-5.51249363482601,0.100994491191333,"P05997"
"812",-0.553431921997876,11.4299035293487,-1.58331501207337,0.139513760365544,0.572302120823152,-5.07698271064047,0.242374644690798,"PMGE","sp|P07738|PMGE_HUMAN",0.180347457487416,11.3354893889711,0.404388977263734,0.693304653336542,0.955597236056471,-6.0655649487217,0.0197251150619241,"P07738"
"813",-0.350210114304015,15.2674543346713,-1.58262914661162,0.139669996344306,0.572302120823152,-5.07791338890362,0.242374644690798,"UBP15","sp|Q9Y4E8|UBP15_HUMAN",-0.126590365208374,15.1714146535071,-0.626657519590779,0.543055018305607,0.912613568562101,-5.94954253685486,0.0397130785089623,"Q9Y4E8"
"814",0.154302944406191,17.6010809847566,1.58090827698734,0.140062669199159,0.572833003488999,-5.08024737317706,0.241971968318485,"INVO","sp|P07476|INVO_HUMAN",-0.0464204438432846,17.6221364483757,-0.323456896068209,0.752122703490026,0.966432540798837,-6.09577056391287,0.0148284553253394,"P07476"
"815",0.174712986149905,17.4372466947289,1.58054912625705,0.140144742040695,0.572833003488999,-5.08073427837258,0.241971968318485,"GPNMB","sp|Q14956|GPNMB_HUMAN",0.207011190974362,17.4953523528779,1.75347462211656,0.105952511294636,0.673352839571618,-4.74280185032339,0.171757304091438,"Q14956"
"816",0.373317790255301,15.4793378178885,1.57641025270035,0.141093571367488,0.575617379745955,-5.08634029846328,0.239866101785787,"PPN","sp|O95428|PPN_HUMAN",0.318139897351489,15.5647309332358,1.40665730682274,0.185826600223467,0.750314460026383,-5.20536282848823,0.124756683765545,"O95428"
"817",0.239491962081979,12.7371578782195,1.57606571311069,0.141172807204944,0.575617379745955,-5.08680654633192,0.239866101785787,"NOE2","sp|O95897|NOE2_HUMAN",0.18147868123369,12.9200472482955,0.839002175525875,0.418471855362873,0.871380058403275,-5.79564821111444,0.0597923831477007,"O95897"
"818",-0.183179347637539,19.189262926787,-1.57329950433501,0.141810369073871,0.577507503013716,-5.09054754905459,0.238442369018005,"LTBP3","sp|Q9NS15|LTBP3_HUMAN",-0.10874775228067,19.2583579799474,-1.05217905182799,0.314204255957137,0.816736289063895,-5.60226493251903,0.0879181474969977,"Q9NS15"
"819",0.215712268318738,27.1977342561396,1.56992589283623,0.142591304273067,0.579117359345566,-5.09510429229102,0.237233416667397,"IGHG2","sp|P01859|IGHG2_HUMAN",0.181940515956348,26.983335729023,1.3045337972509,0.217413401324237,0.757046932651169,-5.32846367237415,0.120877195850511,"P01859"
"820",0.29683894521863,14.3245495426859,1.56939868595746,0.142713680045515,0.579117359345566,-5.09581582393452,0.237233416667397,"STRN4","sp|Q9NRL3|STRN4_HUMAN",-0.0510535788949346,14.2441959820985,-0.372228391509432,0.716453455225798,0.960820446915146,-6.07835287518351,0.0173577634237046,"Q9NRL3"
"821",-0.227887571520435,13.6835115548978,-1.5693321312104,0.142729135265041,0.579117359345566,-5.09590563697291,0.237233416667397,"K0100","sp|Q14667|K0100_HUMAN",0.116922357373511,12.6349107590087,0.41507351742803,0.685683925864292,0.953955901060617,-6.06108883720774,0.0204717011540782,"Q14667"
"822",0.747256569600969,8.60768238174428,1.56847884111924,0.142927413211139,0.579213778324507,-5.0970569017388,0.237161115700531,"LIMD2","sp|Q9BT23|LIMD2_HUMAN",-0.615728499879828,8.10654544990763,-0.669649713106027,0.518917034137595,0.907970131840623,-5.81541050257042,0.0419284375914184,"Q9BT23"
"823",0.576657741420045,11.4775689484874,1.56512883471848,0.143708158696393,0.580814608110013,-5.10157285604008,0.235962469198826,"IRAG2","sp|Q12912|IRAG2_HUMAN",0.196847521372904,11.5536305428379,0.329195532666281,0.748440844274536,0.965663208308992,-6.04352208977413,0.0151743148645484,"Q12912"
"824",0.356552261883796,15.039384032394,1.56510798075739,0.143713030418575,0.580814608110013,-5.10160094860933,0.235962469198826,"ESYT2","sp|A0FGR8|ESYT2_HUMAN",-0.0835252490712114,15.0838577698512,-0.453132633625079,0.658836586750385,0.942800633562724,-6.04422757946976,0.0255801343014022,"A0FGR8"
"825",0.2256714322997,16.5668361330005,1.56453292508134,0.143847426292989,0.580814608110013,-5.10237551652748,0.235962469198826,"HNRPK","sp|P61978|HNRPK_HUMAN",0.0451953128167298,16.6927493583549,0.453569882436022,0.658530932700761,0.942800633562724,-6.04402557719145,0.0255801343014022,"P61978"
"826",0.232545093451506,16.6531957312489,1.56281381326338,0.144249847631732,0.581190467906665,-5.10468996962698,0.235681517170788,"DSG2","sp|Q14126|DSG2_HUMAN",0.152149809347132,16.4966877076422,1.16498297861325,0.267491612411582,0.78566784211862,-5.48551167164492,0.104761022438977,"Q14126"
"827",0.271845755910836,13.2396348447724,1.56263938305314,0.144290733821962,0.581190467906665,-5.10492471459105,0.235681517170788,"XRCC6","sp|P12956|XRCC6_HUMAN",0.10395319918504,13.4258636840342,0.491752674358111,0.63209424476986,0.93800786082764,-6.02566409760551,0.0277935220689503,"P12956"
"828",0.149721104134386,22.8779545194923,1.55956919815432,0.145012023668214,0.582056961837278,-5.10905374248628,0.23503451191181,"SEPP1","sp|P49908|SEPP1_HUMAN",0.108017953804998,22.9120470227562,1.12897512017699,0.281781224554918,0.799343490852798,-5.52380690027997,0.0972665571995872,"P49908"
"829",-0.193232830786628,16.5122427459755,-1.55860538890356,0.145239097042602,0.582056961837278,-5.110348867007,0.23503451191181,"STIM1","sp|Q13586|STIM1_HUMAN",-0.214601722378864,16.5814369203668,-1.65572748102692,0.124633486233687,0.700299306813659,-4.87947380978276,0.154716303535132,"Q13586"
"830",0.166143965913347,21.1602008205419,1.55825364219825,0.14532204506847,0.582056961837278,-5.11082139978082,0.23503451191181,"CSF1R","sp|P07333|CSF1R_HUMAN",0.117244352592116,21.0320737069359,1.07766873105655,0.303145670104967,0.811034091561332,-5.57671763089425,0.0909608899740679,"P07333"
"831",0.279135563633268,19.7466781017747,1.55818058914586,0.145339277390941,0.582056961837278,-5.11091952981865,0.23503451191181,"COR1A","sp|P31146|COR1A_HUMAN",0.0259262824821138,19.7595697186018,0.160061370095062,0.875594082011385,0.985398017397777,-6.13653336893968,0.00638831585253577,"P31146"
"832",0.183338541900069,20.2385411920926,1.55699157790756,0.145619999043725,0.582056961837278,-5.11251627534288,0.23503451191181,"FBLN3","sp|Q12805|FBLN3_HUMAN",0.0861147840693831,20.2862087264274,0.922690528670426,0.375016126903858,0.858429459099652,-5.72416637712243,0.0662953869124561,"Q12805"
"833",-0.231614296916378,19.4595635444864,-1.5564429275562,0.145749691517511,0.582056961837278,-5.1132528020995,0.23503451191181,"PSA3","sp|P25788|PSA3_HUMAN",-0.0113264875379211,19.5390652800292,-0.0920499380173377,0.928233476437927,0.9867756198111,-6.14541848267301,0.00578158912991695,"P25788"
"834",0.426314817370106,13.797201609614,1.55604048892428,0.145844885245463,0.582056961837278,-5.11379294241036,0.23503451191181,"GLUC","sp|P01275|GLUC_HUMAN",-0.063413435827759,13.6522501906266,-0.361300692625233,0.724388305733477,0.962467889002967,-6.08246299502995,0.0166137510261658,"P01275"
"835",0.391168792119462,13.4883120114385,1.55543744981834,0.145987630016762,0.582056961837278,-5.11460215287461,0.23503451191181,"SEPT4","sp|O43236|SEPT4_HUMAN",-0.0282404819735953,13.707753005536,-0.114211887826059,0.911028482303068,0.986613644973353,-6.14304840899854,0.00585288249271538,"O43236"
"836",-0.22175133527291,13.1974822908293,-1.55452603144616,0.146203599995074,0.582056961837278,-5.11582478767535,0.23503451191181,"UBP14","sp|P54578|UBP14_HUMAN",-0.0422373078917543,13.2786105019949,-0.168649768623571,0.868985481401423,0.984019329631185,-6.1350717830889,0.00699637040025486,"P54578"
"837",0.294236548636434,13.9382403212107,1.55429002975065,0.146259567994061,0.582056961837278,-5.11614129968433,0.23503451191181,"CL050","sp|Q8NA57|CL050_HUMAN",0.247565203748632,13.7505684438911,1.79186497715905,0.0993302107511104,0.66470563563198,-4.68792213678908,0.177370639093326,"Q8NA57"
"838",-0.42998623321542,16.2562514970982,-1.55260506033276,0.146659697850484,0.582219103178455,-5.11840017858576,0.234913549036539,"ANK2","sp|Q01484|ANK2_HUMAN",-0.172736085154513,16.6307030136116,-0.601918788558073,0.558843179569755,0.914734232457629,-5.96479555325143,0.0387050678382534,"Q01484"
"839",0.439569795777782,11.9964398682544,1.55259137268485,0.146662952124291,0.582219103178455,-5.11841852180781,0.234913549036539,"REPS1","sp|Q96D71|REPS1_HUMAN",0.351868253861416,12.1997392190371,1.56373856884459,0.144812851438364,0.726283329837963,-5.00378407685429,0.138893923954356,"Q96D71"
"840",0.275542221907924,14.733928894145,1.55190352056566,0.146826571063684,0.582219103178455,-5.1193401975682,0.234913549036539,"SRSF3","sp|P84103|SRSF3_HUMAN",-0.425557163425654,15.1496305935831,-1.64403174222309,0.127053794477033,0.702819239782118,-4.89551864809921,0.153156358137419,"P84103"
"841",0.259740016575466,16.5384842398006,1.55108408568598,0.147021695176362,0.582297143544567,-5.12043783916692,0.234855340315941,"MPCP","sp|Q00325|MPCP_HUMAN",0.10392832125437,16.4287798220846,0.36147517379615,0.724261343750916,0.962467889002967,-6.08239830852643,0.0166137510261658,"Q00325"
"842",0.623525933240743,9.77817664552207,1.51694984430845,0.157690337010861,0.59522343318769,-5.12075575663237,0.22531997950556,"PDCD4","sp|Q53EL6|PDCD4_HUMAN",-0.350153206992304,9.0460649417307,-0.582884124850794,0.5722012501801,0.916271872807246,-5.92574766035388,0.0379756449553353,"Q53EL6"
"843",-0.954255365272105,8.111153707345,-1.43144158516738,0.186405919867541,0.62191174388197,-5.12223869093469,0.206271242101126,"RM47","sp|Q9HD33|RM47_HUMAN",0.787259636126604,8.17279578034228,1.49715930779657,0.170261052838746,0.734845818428867,-4.94686067809822,0.133803772792929,"Q9HD33"
"844",-0.210942613353551,20.5265931055002,-1.54893575299825,0.147534319805049,0.582564420069964,-5.12331376419313,0.234656043290809,"HYOU1","sp|Q9Y4L1|HYOU1_HUMAN",-0.262403891672503,20.6436668973617,-2.68699422874447,0.0203385767480593,0.523284776952005,-3.27496381180001,0.281261899278883,"Q9Y4L1"
"845",-0.487410904395388,10.5867092424093,-1.5485237882143,0.147632796857549,0.582564420069964,-5.12386495601276,0.234656043290809,"HACD4","sp|Q5VWC8|HACD4_HUMAN",-0.624915360782882,10.7053662928247,-2.1491338142768,0.0535512709640755,0.589635363006715,-4.14970943909116,0.229416477831962,"Q5VWC8"
"846",-0.716667090289522,10.8288707179473,-1.54834966625523,0.147674436436045,0.582564420069964,-5.12409789529927,0.234656043290809,"ABRAL","sp|Q9P1F3|ABRAL_HUMAN",-0.349377206856879,10.9740697782865,-0.53864452100055,0.60034597209463,0.924268458929614,-6.00117687018271,0.0342018672020061,"Q9P1F3"
"847",-0.6204347090087,14.1112441844297,-1.54705986037595,0.147983196604958,0.582564420069964,-5.12582285869315,0.234656043290809,"S38AA","sp|Q9HBR0|S38AA_HUMAN",0.156960682995907,14.1180512372781,0.36310436744127,0.723076269547699,0.962413436307593,-6.08179283537298,0.016638322416434,"Q9HBR0"
"848",0.779693729778489,9.78964736943872,1.54700165105989,0.147997144163229,0.582564420069964,-5.12590068471989,0.234656043290809,"TXD12","sp|O95881|TXD12_HUMAN",0.243910567843497,9.85799892835968,0.427677633486703,0.676740523793466,0.953143482843135,-6.05566317125958,0.0208417172876589,"O95881"
"849",0.180486259572985,16.621910810141,1.54629194085278,0.148167289317387,0.582564420069964,-5.12684941594463,0.234656043290809,"DOK3","sp|Q7L591|DOK3_HUMAN",0.0304630371154175,16.6147710937177,0.306271240992767,0.764841198806217,0.968090739314084,-6.10133729557971,0.0140839342861301,"Q7L591"
"850",-0.287982695170552,12.9339312411635,-1.54566451887084,0.148317847230828,0.582564420069964,-5.12768790911859,0.234656043290809,"PCDB3","sp|Q9Y5E6|PCDB3_HUMAN / sp|Q9Y5G0|PCDGH_HUMAN / sp|Q9Y5E7|PCDB2_HUMAN / sp|Q96TA0|PCDBI_HUMAN / sp|Q9Y5E1|PCDB9_HUMAN / sp|Q9Y5F0|PCDBD_HUMAN / sp|Q9Y5E4|PCDB5_HUMAN / sp|Q9Y5E9|PCDBE_HUMAN / sp|Q9Y5G3|PCDGD_HUMAN / sp|Q9Y5F2|PCDBB_HUMAN / sp|Q9Y5E2|PCDB7_HUMAN / sp|Q9Y5E5|PCDB4_HUMAN / sp|Q9UN67|PCDBA_HUMAN / sp|Q9UN66|PCDB8_HUMAN / sp|Q9Y5G2|PCDGE_HUMAN / sp|Q9Y5E3|PCDB6_HUMAN / sp|Q9NRJ7|PCDBG_HUMAN / sp|Q9Y5E8|PCDBF_HUMAN",-0.00687492407935245,12.6034681527598,-0.0289601448736341,0.977390082797709,0.994976977877517,-6.14937902745884,0.00218696799440344,"Q9Y5E6"
"851",-1.11138586291287,9.7430224477072,-1.54307009632524,0.148941813169353,0.584323732753051,-5.13115276577775,0.233346474130646,"PCYXL","sp|Q8NBM8|PCYXL_HUMAN",-0.356588688731202,9.71671103215534,-0.722154934208656,0.484544835613787,0.899237641029829,-5.88534692001799,0.0461255223383996,"Q8NBM8"
"852",0.188460330594797,24.1559475819296,1.54208646182004,0.14917897078806,0.584563168884971,-5.13246541846418,0.233168551369822,"APOC1","sp|P02654|APOC1_HUMAN",0.148150697897538,23.9828412954791,1.4324001082111,0.178498519591722,0.740705173220034,-5.1733099511803,0.130354622145937,"P02654"
"853",0.174824745802652,18.4450109185002,1.54126931549832,0.149376234879468,0.584645900430371,-5.13355547819377,0.233107091268887,"PTPRC","sp|P08575|PTPRC_HUMAN",-4.03344711906363e-05,18.454350703887,-0.000463905115802419,0.99963776255954,0.99998415467369,-6.14981416885447,6.88159230085131e-06,"P08575"
"854",-0.211896665903517,13.4458072457154,-1.53771889138008,0.150235939784607,0.585957332007716,-5.13828729794253,0.232134007101804,"RAB18","sp|Q9NP72|RAB18_HUMAN",-0.129159626454173,13.6315578437081,-0.777778715775519,0.452316568166004,0.887387786538561,-5.84414682328697,0.0518865529413139,"Q9NP72"
"855",0.217506181769021,15.8802247745771,1.53733539144949,0.150329055425351,0.585957332007716,-5.13879797920351,0.232134007101804,"PADI4","sp|Q9UM07|PADI4_HUMAN",0.155677685134032,15.9904519906463,1.45226219910131,0.17301228212855,0.737165441399294,-5.14830831141521,0.132435032868846,"Q9UM07"
"856",0.281898326054382,12.5582152794528,1.53696941320924,0.150417963032156,0.585957332007716,-5.13928525020167,0.232134007101804,"GLYC","sp|P34896|GLYC_HUMAN",-0.0102025320422001,12.7124238601607,-0.0572644678821839,0.955311927382523,0.989471316190957,-6.14811265890886,0.00459679104883991,"P34896"
"857",-0.452316032076745,18.4126096108714,-1.5363273544835,0.150574048596696,0.585957332007716,-5.14013991683003,0.232134007101804,"ESAM","sp|Q96AP7|ESAM_HUMAN",-0.560869149668387,18.3377857267908,-2.69581235959066,0.0200142419423507,0.519263570737536,-3.26022815914804,0.28461214453882,"Q96AP7"
"858",0.172513258633299,18.5786224866807,1.53624517916321,0.150594035613914,0.585957332007716,-5.14024928635657,0.232134007101804,"PAPP1","sp|Q13219|PAPP1_HUMAN",0.110466293770677,18.5620972520962,1.11883189512922,0.28591085933192,0.803677098634372,-5.534422970782,0.0949184070341135,"Q13219"
"859",-0.53663836787339,7.75726581253906,-1.36111477217588,0.210953749205877,0.635342727739595,-5.14080055499244,0.196991936735346,"CPIN1","sp|Q6FI81|CPIN1_HUMAN",0.909171376382743,7.33952130512657,0.676345579795411,0.518957318500049,0.907970131840623,-5.67629816849069,0.0419284375914184,"Q6FI81"
"860",0.226758581270781,16.8570138453522,1.5344895694738,0.151021587856553,0.586659103506136,-5.1425849620907,0.231614185757882,"TACC1","sp|O75410|TACC1_HUMAN",0.217644409241079,16.8873252653092,0.957170137231126,0.358062039615722,0.848256894707053,-5.69302133885466,0.0714726016845444,"O75410"
"861",0.194782243497385,16.816158342272,1.53368455115389,0.151217986843132,0.586659103506136,-5.14365537839703,0.231614185757882,"RPN1","sp|P04843|RPN1_HUMAN",-0.0283692432070759,16.7335422110818,-0.216772491756098,0.832162107343051,0.977680012131534,-6.12547851045528,0.0098032635200242,"P04843"
"862",0.219565910824302,21.0792696431988,1.53332954101628,0.15130466785214,0.586659103506136,-5.14412731094436,0.231614185757882,"A0A075B7D0","tr|A0A075B7D0|A0A075B7D0_HUMAN",0.269079434011817,20.66228339816,1.96195926336204,0.0742811171136946,0.612430520634717,-4.43740798270657,0.212943174255693,"A0A075B7D0"
"863",-0.251454165136707,16.9020950876081,-1.53245012166254,0.151519575221699,0.586806849662566,-5.14529605768413,0.231504825378698,"MFAP2","sp|P55001|MFAP2_HUMAN",-0.403682086987434,16.904577356213,-2.89528431964537,0.0139033683281003,0.457044243427612,-2.92501191198799,0.340041756721354,"P55001"
"864",0.224883200310191,15.3557069853173,1.5314778062068,0.151757489456738,0.587043248842558,-5.14658775049801,0.231329902088381,"IZUM1","sp|Q8IYV9|IZUM1_HUMAN",0.171281203745279,15.2531978990822,1.15470560704114,0.271511516154771,0.7878411521707,-5.49653807367797,0.103561337954553,"Q8IYV9"
"865",0.210589527596313,14.9167525175302,1.52842015000324,0.152507755994255,0.58925872193822,-5.15064624455568,0.229693980527682,"MUCL1","sp|Q96DR8|MUCL1_HUMAN",0.055503847185718,14.7292768987263,0.355593881532885,0.728545611404021,0.964219667992726,-6.08456189671364,0.0158240140959132,"Q96DR8"
"866",0.284382443993657,16.0912776532833,1.52712611082551,0.152826236844653,0.589802651264421,-5.15236224325155,0.229293279551395,"VTA1","sp|Q9NP79|VTA1_HUMAN",0.223304459367941,16.2704275976152,1.06160816348511,0.310078853869501,0.81335054112204,-5.59287245717977,0.089722240058852,"Q9NP79"
"867",-0.335296048941706,11.85282005998,-1.52399450317863,0.153599333074181,0.592097777553085,-5.15651103861722,0.227606569045078,"NDUV1","sp|P49821|NDUV1_HUMAN",-0.139345860476275,11.9036078561061,-0.759064131825977,0.463004078616312,0.891538289314238,-5.85831618710666,0.0498600002387095,"P49821"
"868",-0.351934634513467,13.4503399514214,-1.52143158701039,0.154234532507239,0.593856628064414,-5.15990224088051,0.226318391981982,"HNRPC","sp|P07910|HNRPC_HUMAN",-0.698611748490562,13.8655380403621,-2.03699826861363,0.0652034419426517,0.609740800734631,-4.32344143088631,0.214854743241087,"P07910"
"869",0.28860455695962,13.9691370932942,1.51942217339283,0.154734125219321,0.595089874395047,-5.16255842028872,0.225417439302957,"NHLC2","sp|Q8NBF2|NHLC2_HUMAN",-0.100294179331888,14.1145602881302,-0.768642136309525,0.45751443091028,0.89072334793151,-5.85110312414729,0.0502571636661918,"Q8NBF2"
"870",0.675207430757916,10.587442842109,1.51815255653753,0.155050499964117,0.59522343318769,-5.16423548858408,0.22531997950556,"BROX","sp|Q5VW32|BROX_HUMAN",0.70082026142195,11.5655537961685,1.16520926489404,0.267403626818421,0.78566784211862,-5.48526803535508,0.104761022438977,"Q5VW32"
"871",-0.336658875755473,12.6453558106874,-1.51558189198616,0.155692779864208,0.59522343318769,-5.16762829890853,0.22531997950556,"GDS1","sp|P52306|GDS1_HUMAN",0.209535539578781,12.5686918921274,0.855245666128251,0.409782545279773,0.867553245305968,-5.78223704868318,0.0617038612829758,"P52306"
"872",0.21522298801255,18.4758138072802,1.51475641393118,0.155899508296665,0.59522343318769,-5.1687169713841,0.22531997950556,"PTGDS","sp|P41222|PTGDS_HUMAN",-0.0351891733133604,18.5300149519557,-0.234792183079914,0.818475202262004,0.976540152493457,-6.12127486977734,0.010309895081874,"P41222"
"873",0.155791603271521,23.750626294279,1.51420129158718,0.156038662439513,0.59522343318769,-5.16944886696887,0.22531997950556,"LRP1","sp|Q07954|LRP1_HUMAN",0.0692821378853569,23.8092184575534,0.637235275976098,0.536381885341002,0.912613568562101,-5.9428460313746,0.0397130785089623,"Q07954"
"874",0.199279373559698,18.7828535044199,1.51228175782838,0.156520657735648,0.59522343318769,-5.17197828456757,0.22531997950556,"GOGA1","sp|Q92805|GOGA1_HUMAN",-0.106329816605441,18.7622188298088,-0.699204479525671,0.498244937278343,0.903151205766242,-5.90153663085331,0.0442395339250954,"Q92805"
"875",0.212673730991666,20.3603520261025,1.5119290284938,0.156609366643596,0.59522343318769,-5.17244285302733,0.22531997950556,"PHLD","sp|P80108|PHLD_HUMAN",0.151976910118057,20.3995126944039,1.40900603404633,0.185147698327373,0.749396598473841,-5.20245500094299,0.125288282509092,"P80108"
"876",0.41012515715783,14.1531671532223,1.51175609061042,0.156652875007323,0.59522343318769,-5.17267059764226,0.22531997950556,"NCAM2","sp|O15394|NCAM2_HUMAN",0.37677990222433,13.8939551391319,1.96766612048941,0.0735515572041219,0.611823604913485,-4.42880998117455,0.213373771408365,"O15394"
"877",-0.309981604819298,18.0879020892962,-1.51062548087993,0.156937573066767,0.59522343318769,-5.17415908866043,0.22531997950556,"PRDX1","sp|Q06830|PRDX1_HUMAN",0.0588951446143651,18.395890576309,0.232685957829884,0.820071852950193,0.976540152493457,-6.12178336246925,0.010309895081874,"Q06830"
"878",-0.348968684089409,14.6204496301073,-1.5102803592377,0.157024566078862,0.59522343318769,-5.17461330700458,0.22531997950556,"FRIL","sp|P02792|FRIL_HUMAN",-0.11821424887315,14.7488953503023,-0.615602300331662,0.550079206287613,0.912613568562101,-5.95642967904384,0.0397130785089623,"P02792"
"879",0.341952773246029,12.828292406226,1.50982286023098,0.15713994907232,0.59522343318769,-5.17521532000883,0.22531997950556,"TMM40","sp|Q8WWA1|TMM40_HUMAN",0.137444823391866,13.291328186849,0.954129233461095,0.359534999381748,0.849682789063033,-5.69580716514287,0.0707431786054195,"Q8WWA1"
"880",-0.328204611837825,14.4813998654224,-1.50971536252226,0.157167070927721,0.59522343318769,-5.17535675630357,0.22531997950556,"HYAL1","sp|Q12794|HYAL1_HUMAN",-0.0994934424500077,14.5637546582854,-0.588884380714908,0.567262454228556,0.914734232457629,-5.97260070424981,0.0387050678382534,"Q12794"
"881",-0.284240306406938,12.1145174154299,-1.50938870419447,0.157249511960926,0.59522343318769,-5.17578650428628,0.22531997950556,"RIPR3","sp|Q96MK2|RIPR3_HUMAN",0.103782702428535,12.3421145389216,0.677907146933066,0.511165001416046,0.907970131840623,-5.91613168992756,0.0419284375914184,"Q96MK2"
"882",-0.59903857681673,9.98221852312297,-1.50925688512862,0.157282790531265,0.59522343318769,-5.17595990642618,0.22531997950556,"CHKB","sp|Q9Y259|CHKB_HUMAN",0.0315868913502613,10.2679975270199,0.104110472654046,0.918865207155101,0.986613644973353,-6.14419173241945,0.00585288249271538,"Q9Y259"
"883",0.351315012663616,10.8726250061456,1.50772441542821,0.157670114736601,0.59522343318769,-5.17797506246266,0.22531997950556,"SYNC","sp|O43776|SYNC_HUMAN",-0.515859412147393,10.8647296790717,-2.20036873515461,0.0489082456173215,0.589635363006715,-4.06909567643949,0.229416477831962,"O43776"
"884",-0.331425193569048,13.6207357302406,-1.50725312852191,0.157789394096746,0.59522343318769,-5.17859451781736,0.22531997950556,"DNPH1","sp|O43598|DNPH1_HUMAN",-0.0759463652020949,13.3588643907759,-0.332870740085654,0.745187799707026,0.965375638139256,-6.09259487343756,0.0153036650731462,"O43598"
"885",-0.350734490700706,11.6177343579208,-1.50694930097464,0.157866331589146,0.59522343318769,-5.17899379766357,0.22531997950556,"GRK5","sp|P34947|GRK5_HUMAN",-0.323088470452101,11.5479153767998,-0.765528246197102,0.459294603505095,0.89072334793151,-5.85345707454796,0.0502571636661918,"P34947"
"886",0.296157126448807,15.3476571963274,1.50519309317962,0.158311680575018,0.59522343318769,-5.18130069478488,0.22531997950556,"ARL8B","sp|Q9NVJ2|ARL8B_HUMAN",-0.0322082280220573,15.501475390031,-0.208083869122124,0.838782569182098,0.979552680786868,-6.12738652812226,0.00897220248720586,"Q9NVJ2"
"887",0.208246984108373,19.0692839266708,1.50485326339003,0.158397980416172,0.59522343318769,-5.1817468769229,0.22531997950556,"KV621","sp|A0A0C4DH24|KV621_HUMAN",0.294750855150641,18.9224635560265,1.94387997249247,0.0766367672291955,0.61587755552954,-4.46456826820319,0.210505622646688,"A0A0C4DH24"
"888",0.350263783463369,13.2313839166258,1.50431421322831,0.158534954786959,0.59522343318769,-5.1824544891021,0.22531997950556,"NBPF4","sp|Q96M43|NBPF4_HUMAN / sp|Q5VWK0|NBPF6_HUMAN / sp|Q86XG9|NBPF5_HUMAN",0.406154144398731,13.2030536427075,1.65329997628259,0.125132458709034,0.700299306813659,-4.88280957961781,0.154716303535132,"Q96M43"
"889",-0.390041674478871,10.9449534056732,-1.50289726662852,0.158895488291008,0.595602920838025,-5.18431371052275,0.225043181133551,"SYFB","sp|Q9NSD9|SYFB_HUMAN",-0.0991728731345275,10.8853506627452,-0.654463764594409,0.525613926983275,0.911686477091096,-5.93171649144746,0.0401544869775934,"Q9NSD9"
"890",-0.259095024318659,15.7386875868804,-1.50250691233236,0.15899493457743,0.595602920838025,-5.18482570143984,0.225043181133551,"IF2A","sp|P05198|IF2A_HUMAN",-0.0969622804097369,15.5876160810009,-0.736197722164985,0.476277325862049,0.894603533976311,-5.87520638118286,0.0483693905548445,"P05198"
"891",-0.197538417093655,20.6195761183072,-1.50158281141731,0.159230569584473,0.595793686025935,-5.18603740326633,0.224904103569154,"APLP1","sp|P51693|APLP1_HUMAN",-0.0382532109271353,20.6537302752333,-0.335990451097824,0.74289472226583,0.965375638139256,-6.09152276135834,0.0153036650731462,"P51693"
"892",-0.683168953737291,11.5529072641575,-1.50089996553051,0.159404878936737,0.595793686025935,-5.1869324459637,0.224904103569154,"SPAG7","sp|O75391|SPAG7_HUMAN",-0.0886634819270576,11.4919105775443,-0.220002190613923,0.829704585866351,0.977505666396101,-6.12474954133345,0.00988071641043172,"O75391"
"893",0.438312996227222,11.3136714992859,1.49991464168167,0.159656688718854,0.595915724282604,-5.18822348287567,0.224815154801646,"DHI1","sp|P28845|DHI1_HUMAN",0.159561949935095,11.6851081005829,0.922134734446204,0.375293960838112,0.858429459099652,-5.7246604307045,0.0662953869124561,"P28845"
"894",-0.255780409206405,13.2136202321616,-1.49818574999733,0.160099345787437,0.595915724282604,-5.19048742070541,0.224815154801646,"ASAH1","sp|Q13510|ASAH1_HUMAN",-0.297222948511068,13.1598105266072,-1.61762928163194,0.132670269395672,0.708220132409959,-4.93148634818151,0.149831731813607,"Q13510"
"895",0.232180170961375,14.7752268200988,1.49771523969451,0.16021999414875,0.595915724282604,-5.19110323884438,0.224815154801646,"WAC2C","sp|Q9Y4E1|WAC2C_HUMAN / sp|Q641Q2|WAC2A_HUMAN",0.0777690561394134,14.7160525723504,0.421292318099469,0.681264949362179,0.953955901060617,-6.0584314857953,0.0204717011540782,"Q9Y4E1"
"896",-0.298797619274196,22.3109995989566,-1.49729488563266,0.160327847050222,0.595915724282604,-5.19165330138834,0.224815154801646,"MYH9","sp|P35579|MYH9_HUMAN",-0.104805204361285,22.4059871152603,-0.583022388045171,0.571071237588043,0.915782410846095,-5.976058625667,0.0382077020900864,"P35579"
"897",-0.429016447194439,12.6720365963666,-1.49726598645243,0.160335264171246,0.595915724282604,-5.19169111417661,0.224815154801646,"PPR3E","sp|Q9H7J1|PPR3E_HUMAN",0.0519723717345405,12.6470415093446,0.201422157192059,0.843867398114212,0.979774508889009,-6.12879698861492,0.00887386391301568,"Q9H7J1"
"898",0.424428125929098,13.5483467742001,1.49529996921838,0.160840540359919,0.596388823953893,-5.1942623772788,0.224470503617151,"PLIN4","sp|Q96Q06|PLIN4_HUMAN",-0.191540742316669,13.180493386503,-0.87741832842546,0.398119225752083,0.866973336418611,-5.76356795195508,0.0619942589532371,"Q96Q06"
"899",-0.581740702927418,11.2878382598725,-1.49479882282031,0.160969554495604,0.596388823953893,-5.19491744112745,0.224470503617151,"NQO1","sp|P15559|NQO1_HUMAN",-0.861731903964244,11.0440010429997,-1.97490740601101,0.0726353858018086,0.609740800734631,-4.41788336083653,0.214854743241087,"P15559"
"900",-0.455777242231984,12.6959942663307,-1.49467430866831,0.161001622857092,0.596388823953893,-5.19508017455222,0.224470503617151,"FAF1","sp|Q9UNN5|FAF1_HUMAN",-0.291094401036432,12.836625227459,-0.948223743713932,0.362407828830149,0.850954166069728,-5.7011958233821,0.070093831171655,"Q9UNN5"
"901",-0.424863608486519,11.5887431363218,-1.49383670582513,0.161217487357357,0.596522676186253,-5.19617464082405,0.224373042428887,"CCD50","sp|Q8IVM0|CCD50_HUMAN",0.174995392252385,11.2802395525699,0.561132391315939,0.585415088827089,0.923005280315519,-5.98868319132265,0.0347958144612676,"Q8IVM0"
"902",-0.222604953765383,15.3634704654348,-1.49174985959968,0.161756376649323,0.59754892874193,-5.19889965768998,0.223626527848237,"GOGB1","sp|Q14789|GOGB1_HUMAN",-0.362880581220948,15.2974443539616,-2.43099228871538,0.0323644678288908,0.564461874265568,-3.69821757438817,0.248365386520688,"Q14789"
"903",-0.619873256467954,10.7539215777938,-1.49136888331893,0.161854922247362,0.59754892874193,-5.19939686260822,0.223626527848237,"DI3L2","sp|Q8IYB7|DI3L2_HUMAN",0.545521242594178,10.4379803046905,1.52615888778968,0.153841260999875,0.728883053370811,-5.05328143728705,0.137342147059245,"Q8IYB7"
"904",-0.277729808012758,16.6394712913188,-1.49035409577647,0.162117662909902,0.597853914664407,-5.2007208259651,0.223404922710196,"STK24","sp|Q9Y6E0|STK24_HUMAN",-0.193615688603315,16.6526198302015,-1.23853392826295,0.240067062021791,0.769006415303954,-5.40440882397028,0.114070037156325,"Q9Y6E0"
"905",-0.25516007354846,27.5598643262276,-1.48885875499722,0.162505486750927,0.598618990595256,-5.20267064807759,0.222849509714497,"CO3","sp|P01024|CO3_HUMAN",-0.117491663995856,27.4462589828302,-0.859493696612598,0.407530290087625,0.867345430800147,-5.7786925749564,0.0618079050462365,"P01024"
"906",0.259826499248835,12.6933203604011,1.48440477461831,0.163665332557121,0.60198850175686,-5.20847051994263,0.220411803877121,"IST1","sp|P53990|IST1_HUMAN",-0.149620763126775,12.7374431564549,-0.546007184626515,0.59543601964668,0.924268458929614,-5.99713964441084,0.0342018672020061,"P53990"
"907",-0.263645990762035,19.4640404508371,-1.48395460082712,0.163782951818754,0.60198850175686,-5.20905607390559,0.220411803877121,"IBP4","sp|P22692|IBP4_HUMAN",-0.043746191594603,19.3171488935898,-0.263750665770299,0.796612452064905,0.973542616980155,-6.11382418924871,0.0116450324190306,"P22692"
"908",-0.3538862279577,12.6751161483415,-1.48172184908802,0.164367377842707,0.603468282145956,-5.21195850551486,0.219345551168922,"PGTB2","sp|P53611|PGTB2_HUMAN",-1.14154530762122,12.6793039511559,-4.1619897558836,0.0014243360272687,0.188382768412742,-0.805129224420138,0.724958825139299,"P53611"
"909",-0.178523677574039,15.3227511448157,-1.48070653090248,0.164633724875772,0.603580241948489,-5.21327737611993,0.21926498518735,"CDHR2","sp|Q9BYE9|CDHR2_HUMAN",0.119633359273885,15.0801448840225,0.903258277290576,0.384815621502831,0.860069392436294,-5.74128814505639,0.0654665074350563,"Q9BYE9"
"910",-0.231500967626061,15.4443297069145,-1.47969953559256,0.164898250913023,0.603580241948489,-5.21458483168665,0.21926498518735,"NB5R3","sp|P00387|NB5R3_HUMAN",-0.274193440983303,15.6094729832941,-1.52381006854598,0.154421338234007,0.728883053370811,-5.05634941689757,0.137342147059245,"P00387"
"911",0.238937696772825,17.6785161895028,1.47905913920031,0.165066663502735,0.603580241948489,-5.21541599206365,0.21926498518735,"ILEU","sp|P30740|ILEU_HUMAN",-0.0537173034903096,17.7622093815504,-0.399534052032818,0.696779146875991,0.956136992772092,-6.06756139626934,0.0194798787044241,"P30740"
"912",-0.273111621453701,18.4745550863075,-1.4787802300186,0.165140057220666,0.603580241948489,-5.21577790777373,0.21926498518735,"K1671","sp|Q9BY89|K1671_HUMAN",-0.498770156199777,18.4299492474725,-3.30979154457058,0.00652322400441202,0.378766077928184,-2.22316989585632,0.421628923090852,"Q9BY89"
"913",-0.440143656907233,12.1445718132929,-1.47814563002106,0.165307152736118,0.603580241948489,-5.21660119974423,0.21926498518735,"XRRA1","sp|Q6P2D8|XRRA1_HUMAN",0.347312598461106,11.9327308054449,1.23125980996596,0.242675562972181,0.77039683551692,-5.41259837312041,0.113285509788458,"Q6P2D8"
"914",0.160760028718095,18.9537735156654,1.47669693817934,0.165689143813373,0.604310184963282,-5.21847974877929,0.21874008614857,"ICAM3","sp|P32942|ICAM3_HUMAN",0.0263137064208843,18.7945153192024,0.263676534120101,0.79666819756496,0.973542616980155,-6.1138443544672,0.0116450324190306,"P32942"
"915",-0.697847646246858,8.383526555558,-0.996954941882729,0.365290046728387,0.765397276214145,-5.22000632033975,0.116113087613573,"TES","sp|Q9UGI8|TES_HUMAN",-1.37416402531051,7.40110966820541,-2.79511883285576,0.0218787658003781,0.531167334890038,-3.14611568787191,0.274768640554956,"Q9UGI8"
"916",0.394679010274803,11.8750187506808,1.47406378604719,0.166385373219717,0.606183374002458,-5.22189101443854,0.217395979347493,"ZC3H6","sp|P61129|ZC3H6_HUMAN",-0.114559374561151,11.7786577661672,-0.44468186418694,0.664756649949348,0.94692159707377,-6.04809480657965,0.023685978090514,"P61129"
"917",-0.231806432487675,15.9948932867854,-1.46800554402855,0.167996660854326,0.609811526918423,-5.22972379963995,0.214804370672916,"PSG1","sp|P11464|PSG1_HUMAN",-0.100943441098137,16.0371725637545,-0.68674040716137,0.505782298888439,0.906096656967774,-5.91012854329764,0.0428254719162299,"P11464"
"918",-0.312123441066578,14.4256807720831,-1.46788261204641,0.16802949309163,0.609811526918423,-5.22988251293298,0.214804370672916,"ATPD","sp|P30049|ATPD_HUMAN",-0.564309566092072,14.2212850261634,-2.24355126855173,0.0452943589640966,0.589635363006715,-4.00060317270708,0.229416477831962,"P30049"
"919",0.270210908159651,14.4013755974346,1.46755819394741,0.168116163642771,0.609811526918423,-5.23030131462536,0.214804370672916,"UNK","sp|Q9C0B0|UNK_HUMAN",0.104214653460449,14.1068973974071,0.365635455745736,0.72123665223339,0.962132013168256,-6.08084690922477,0.0167653347635814,"Q9C0B0"
"920",0.504253943287799,15.496670746667,1.46670487392124,0.168344314946654,0.609863021038629,-5.23140259166608,0.214767699230839,"OVGP1","sp|Q12889|OVGP1_HUMAN",-0.240399174771959,15.273597915127,-1.47314821364151,0.167397962838684,0.730218139886144,-5.1217675912773,0.136547382623484,"Q12889"
"921",0.234835171821554,20.0087376612578,1.46613115193309,0.168497857876596,0.609863021038629,-5.23214277994072,0.214767699230839,"CATG","sp|P08311|CATG_HUMAN",-0.175337275422061,20.555315685752,-0.963993401879846,0.35477265442099,0.846003487579491,-5.68674315088656,0.0726278466141605,"P08311"
"922",-0.208593843743973,16.1695989052147,-1.46417263715647,0.16902290154958,0.610523785166422,-5.23466807310951,0.214297411874203,"WIPF1","sp|O43516|WIPF1_HUMAN",0.054106320157791,16.19725307899,0.454918291789517,0.657588749361725,0.942800633562724,-6.04340145075724,0.0255801343014022,"O43516"
"923",0.195759224010702,16.8627189610256,1.46396048865157,0.16907985795907,0.610523785166422,-5.23494147745814,0.214297411874203,"CPNE1","sp|Q99829|CPNE1_HUMAN",-0.149926227662044,16.8166153828998,-1.33011697938879,0.209113504676141,0.757046932651169,-5.29824898377177,0.120877195850511,"Q99829"
"924",-0.243261403086684,20.3328962923405,-1.463273532611,0.1692643995033,0.610523785166422,-5.23582659993358,0.214297411874203,"1433T","sp|P27348|1433T_HUMAN",-0.159872499897226,20.3947453532807,-1.06111388583783,0.310294097770471,0.81335054112204,-5.59336650969002,0.089722240058852,"P27348"
"925",-0.231601472590857,14.2123725336128,-1.46270888743095,0.169416211551152,0.610523785166422,-5.23655391613698,0.214297411874203,"GIT1","sp|Q9Y2X7|GIT1_HUMAN",0.070971452116021,14.1937320281949,0.537569741417238,0.601064446434424,0.924864579376845,-6.00176186361093,0.0339218529202992,"Q9Y2X7"
"926",0.248779698405692,15.6652087075852,1.45978929521901,0.17020302116092,0.610732678461945,-5.24031156609768,0.214148841595741,"OTUB1","sp|Q96FW1|OTUB1_HUMAN",0.362348849579724,15.3301797976892,2.22268677913851,0.0470075296959645,0.589635363006715,-4.03375719716679,0.229416477831962,"Q96FW1"
"927",0.223202465541212,14.2873441463211,1.45958287809166,0.170258765970612,0.610732678461945,-5.24057704019125,0.214148841595741,"CP054","sp|Q6UWD8|CP054_HUMAN",0.200744792313968,14.2989251591776,1.18759697498344,0.258809859260128,0.777929443098344,-5.46098230808096,0.109059791008534,"Q6UWD8"
"928",-0.39549952919375,17.0250690667264,-1.45888188276292,0.17044819140022,0.610732678461945,-5.24147840206528,0.214148841595741,"MYH2","sp|Q9UKX2|MYH2_HUMAN",-0.409854573677238,17.041430540682,-1.86784037801993,0.0873169939380734,0.639643356953234,-4.57745155309305,0.19406210614006,"Q9UKX2"
"929",-0.516495299620252,12.9797468147729,-1.45872956027678,0.170489376089149,0.610732678461945,-5.24167422393271,0.214148841595741,"RL14","sp|P50914|RL14_HUMAN",0.211069549124155,13.024772866519,0.823962220919814,0.426626240744192,0.872187078027514,-5.80786376329753,0.0593903519470659,"P50914"
"930",-0.233536203508297,20.5592615360191,-1.45822524571247,0.170625791856374,0.610732678461945,-5.24232245789359,0.214148841595741,"1433B","sp|P31946|1433B_HUMAN",-0.134684731938543,20.6126707251922,-0.960217567823473,0.356590242016446,0.847188985864412,-5.69022201010191,0.072019699040093,"P31946"
"931",-0.95082742284213,7.67015391471832,-1.33019045286914,0.21647305624628,0.6391811096622,-5.24259058287123,0.194376068629448,"MMP7","sp|P09237|MMP7_HUMAN",-0.846603497057474,7.87443124973434,-1.89950096891412,0.0851195218817353,0.636087779974098,-4.49733496669637,0.196482947672635,"P09237"
"932",0.292914745683869,12.8672259228255,1.45797359326513,0.170693897703011,0.610732678461945,-5.24264586858917,0.214148841595741,"CISD2","sp|Q8N5K1|CISD2_HUMAN",0.0920761951283655,13.0082529747508,0.636076602472664,0.53711056430626,0.912613568562101,-5.94358464021411,0.0397130785089623,"Q8N5K1"
"933",-0.235225604348701,13.8392128596008,-1.45397946052289,0.171777929317937,0.612340315186129,-5.2477737999654,0.213007146596451,"DGKG","sp|P49619|DGKG_HUMAN",0.0247273005333586,13.9358407594644,0.171677460636537,0.866658178186317,0.984019329631185,-6.13453841048057,0.00699637040025486,"P49619"
"934",0.205827890739644,14.080302235019,1.45340484938125,0.171934359899431,0.612340315186129,-5.2485107299318,0.213007146596451,"KCY","sp|P30085|KCY_HUMAN",-0.107613946535859,14.1000915110733,-0.859790904233728,0.407373027827769,0.867345430800147,-5.77844401588333,0.0618079050462365,"P30085"
"935",-0.186204366506653,15.9567284434158,-1.45316173471331,0.172000581000297,0.612340315186129,-5.24882246057891,0.213007146596451,"ERBIN","sp|Q96RT1|ERBIN_HUMAN",-0.293508346390409,16.044013294209,-1.59449121225672,0.13777020230746,0.720589887100448,-4.96271383786472,0.142311837144466,"Q96RT1"
"936",-0.303810790582644,14.8012358844965,-1.45120435945757,0.172534528569568,0.612340315186129,-5.25133097495991,0.213007146596451,"MYO3B","sp|Q8WXR4|MYO3B_HUMAN",-0.0159746796679046,14.7606762311802,-0.105925978121766,0.91745604495877,0.986613644973353,-6.14399402788415,0.00585288249271538,"Q8WXR4"
"937",0.405491521796934,18.9959542036864,1.45101302537258,0.172586797140303,0.612340315186129,-5.25157605846099,0.213007146596451,"ARP3","sp|P61158|ARP3_HUMAN",-0.0285253122935928,19.1706593358289,-0.117256358445647,0.908668451912627,0.986613644973353,-6.14268312146301,0.00585288249271538,"P61158"
"938",-0.349175298740228,16.893630522764,-1.45044520566277,0.172741992624326,0.612340315186129,-5.25230325887245,0.213007146596451,"SORCN","sp|P30626|SORCN_HUMAN",-0.388503017411695,17.1565851496635,-1.91725526339974,0.0802315499894231,0.625528627758299,-4.50434581543508,0.203752809722832,"P30626"
"939",0.435327324292647,18.0581100076542,1.44981956261502,0.172913128687966,0.612340315186129,-5.25310428642799,0.213007146596451,"K2C1B","sp|Q7Z794|K2C1B_HUMAN",0.169413652386027,17.6374543171397,0.664325169294872,0.519507262545643,0.908128509918929,-5.92522245503871,0.0418526898054166,"Q7Z794"
"940",-0.360294898015561,12.2677091947759,-1.44945900190732,0.173011820106489,0.612340315186129,-5.25356581402488,0.213007146596451,"ODO1","sp|Q02218|ODO1_HUMAN",0.0827473994308881,12.24604067888,0.393625393694766,0.70101750617629,0.956136992772092,-6.06995954733243,0.0194798787044241,"Q02218"
"941",0.157266775995568,16.2031947229663,1.44883915500386,0.173181593554796,0.612340315186129,-5.25435905052505,0.213007146596451,"PFKAL","sp|P17858|PFKAL_HUMAN",-0.0167330660317183,16.1981032657825,-0.152713754727163,0.881255767052312,0.986191942633613,-6.13772345006605,0.00603855005478495,"P17858"
"942",-0.226150015304701,16.935032823654,-1.44875488269123,0.173204686238287,0.612340315186129,-5.25446687828373,0.213007146596451,"EM55","sp|Q00013|EM55_HUMAN",-0.0647379392303752,17.1105885222695,-0.364873108914794,0.721790540781822,0.962413436307593,-6.08113249091744,0.016638322416434,"Q00013"
"943",-0.181838913285441,15.8104101608164,-1.44862163761217,0.173241203964982,0.612340315186129,-5.25463735866723,0.213007146596451,"PSMD7","sp|P51665|PSMD7_HUMAN",-0.0101626094799546,15.8439944086762,-0.0955378026401425,0.925522979703253,0.986613644973353,-6.14507918893268,0.00585288249271538,"P51665"
"944",-0.323625238586308,11.3341947936195,-1.44706231264662,0.173669042445353,0.613199523272474,-5.25663163440846,0.21239819145663,"NPL4","sp|Q8TAT6|NPL4_HUMAN",0.226841271383131,11.0316978207861,0.522833219804176,0.61095973981241,0.928468578954848,-6.0096708419267,0.032232788981201,"Q8TAT6"
"945",0.505264985099098,12.9722588356774,1.44614492175179,0.173921166997031,0.613294702522411,-5.2578042269497,0.212330786617286,"XP32","sp|Q5T750|XP32_HUMAN",-0.24901101200022,12.667741307921,-1.09244733298101,0.296869689555613,0.807673858820119,-5.56167922443171,0.0927639732705794,"Q5T750"
"946",0.271579174597043,14.4898254733685,1.44498744835644,0.174239713266797,0.613294702522411,-5.25928295752156,0.212330786617286,"MAGT1","sp|Q9H0U3|MAGT1_HUMAN",0.569258834960753,14.4483021422737,3.16269521892953,0.0085284535093474,0.405527701154281,-2.47237965473351,0.391979474257897,"Q9H0U3"
"947",-0.628147358257771,13.2088944513365,-1.44494883723947,0.174250347839299,0.613294702522411,-5.25933227110223,0.212330786617286,"TOM1","sp|O60784|TOM1_HUMAN",-0.387260676724403,13.009149066894,-0.533578037863743,0.603736689959041,0.926984034752897,-6.00392480411259,0.0329277455517564,"O60784"
"948",-0.18941358736552,15.975145229252,-1.4428756451634,0.174822166454046,0.61465547718324,-5.26197878852639,0.21136824403536,"NBEL2","sp|Q6ZNJ1|NBEL2_HUMAN",0.00629937255213503,15.9139120213759,0.0585390717328422,0.954318471594401,0.989471316190957,-6.14803607766757,0.00459679104883991,"Q6ZNJ1"
"949",0.182481287859943,18.3877306193529,1.44173722832022,0.17513683156081,0.615052399254328,-5.26343091038641,0.211087883025223,"ATL4","sp|Q6UY14|ATL4_HUMAN",0.282364723417801,18.2012064390323,2.06704830224412,0.0618670677776743,0.609740800734631,-4.27727008245794,0.214854743241087,"Q6UY14"
"950",-0.462812887541233,12.4191406706579,-1.44079246816685,0.175398331001026,0.615052399254328,-5.26463540997911,0.211087883025223,"CTRC","sp|Q99895|CTRC_HUMAN",-0.350452914057924,12.1188424733268,-0.94928876037449,0.361888530878867,0.850954166069728,-5.70022611133482,0.070093831171655,"Q99895"
"951",-0.315706615559356,13.9020420867324,-1.44045796052018,0.175490997919207,0.615052399254328,-5.26506175181915,0.211087883025223,"TOR4A","sp|Q9NXH8|TOR4A_HUMAN",-0.462237138853534,14.0100416657619,-2.78050159140987,0.0171483087733253,0.486455015544158,-3.11830788071719,0.312957314499895,"Q9NXH8"
"952",0.301220306259987,13.2113772753549,1.43978073812487,0.175678731569353,0.615060875610425,-5.2659246862659,0.211081897828973,"NPTX2","sp|P47972|NPTX2_HUMAN",0.514494192485376,13.0596751558129,1.41475764545559,0.183493965549832,0.749097751119181,-5.1953200974534,0.12546150673088,"P47972"
"953",0.163887185856907,18.0966522591328,1.43558338746319,0.176846059632514,0.618495333951858,-5.27126679658012,0.208663572423873,"NNTM","sp|Q13423|NNTM_HUMAN",-0.0337564820098789,18.072132801143,-0.240434638947045,0.814202093041724,0.976540152493457,-6.11989029588766,0.010309895081874,"Q13423"
"954",0.285114823649183,14.8751287793498,1.43348489419796,0.17743211562573,0.61923947276972,-5.2739335685402,0.208141367797244,"UBE2H","sp|P62256|UBE2H_HUMAN",0.266748411222274,14.7995963882532,1.38122644682609,0.193311682428702,0.752526853111309,-5.23663087135224,0.123477998126165,"P62256"
"955",0.281781493844046,14.7856165846654,1.43317393304485,0.17751909797184,0.61923947276972,-5.27432850883137,0.208141367797244,"NAMPT","sp|P43490|NAMPT_HUMAN",0.0132509341754023,15.0287830708205,0.075287324644522,0.94127262964657,0.988040648929326,-6.14687331843202,0.00522518775796543,"P43490"
"956",0.308141735703007,13.6781945237385,1.43281853837031,0.1776185532018,0.61923947276972,-5.27477980970824,0.208141367797244,"UBXN1","sp|Q04323|UBXN1_HUMAN",0.626708131586839,13.6622812642629,3.03532924058764,0.0107624911764765,0.431567304626761,-2.68819735472887,0.364951464726011,"Q04323"
"957",0.240888727979101,18.2425952821742,1.43208600217346,0.177823697178434,0.619304145787223,-5.27570978183473,0.208096012697537,"CADH5","sp|P33151|CADH5_HUMAN",0.0814849455887852,18.0639295443779,0.473837522374827,0.644434829051684,0.940765473701383,-6.03445657466298,0.0265186296779271,"P33151"
"958",0.212626863669695,14.6676328223023,1.43101883734774,0.178122908984593,0.619349991224924,-5.27706398211932,0.208063864222788,"AT8B2","sp|P98198|AT8B2_HUMAN",-0.00159595608773819,14.6376193165102,-0.0121024471838846,0.990550129231905,0.998674325310052,-6.14973826535797,0.000576115157713409,"P98198"
"959",-0.273611330941859,12.754864750221,-1.43033194782796,0.17831572286007,0.619349991224924,-5.27793525351553,0.208063864222788,"ICE1","sp|Q9Y2F5|ICE1_HUMAN",0.00421931068484744,12.8071274538696,0.0268719954114232,0.979019911032107,0.994976977877517,-6.14943952978798,0.00218696799440344,"Q9Y2F5"
"960",0.186704671996913,17.5910732690635,1.42979902815135,0.17846543728191,0.619349991224924,-5.2786110246956,0.208063864222788,"THAS","sp|P24557|THAS_HUMAN",-0.0358925181226414,17.6308231533217,-0.296682701190919,0.771969012018599,0.970950409826952,-6.10431334945269,0.0128029506156658,"P24557"
"961",0.371778018410737,18.6222588948259,1.4291183438724,0.178656817131842,0.619349991224924,-5.27947391488586,0.208063864222788,"K2C6C","sp|P48668|K2C6C_HUMAN",-0.117508987553276,18.5742096074218,-0.580862063105729,0.572478366738945,0.916271872807246,-5.97732477436431,0.0379756449553353,"P48668"
"962",-0.195463826731079,17.1846777135933,-1.42871643469855,0.178769898039614,0.619349991224924,-5.27998327318041,0.208063864222788,"IF4H","sp|Q15056|IF4H_HUMAN",-0.2181645053693,17.3439455031567,-1.15757005134509,0.270386424604937,0.7878411521707,-5.49347254090719,0.103561337954553,"Q15056"
"963",0.216725710280404,13.8413221237513,1.42739446184044,0.179142271571545,0.619494603153961,-5.28165796827392,0.207962472711104,"CLD5","sp|O00501|CLD5_HUMAN",-0.51915626162933,13.6202190527811,-1.96206691845726,0.0742672928333665,0.612430520634717,-4.43724589735111,0.212943174255693,"O00501"
"964",-0.210439751859035,16.3202518108881,-1.42631768669704,0.179446058807094,0.619494603153961,-5.28302124595714,0.207962472711104,"PP2AA","sp|P67775|PP2AA_HUMAN / sp|P62714|PP2AB_HUMAN",-0.210632816691943,16.1562431235692,-0.913093008993848,0.379834042423528,0.859930399743799,-5.73266188790647,0.0655366978615683,"P67775"
"965",0.181777841836061,15.5542737806627,1.42558770937705,0.179652250885423,0.619494603153961,-5.28394504430632,0.207962472711104,"TRY1","sp|P07477|TRY1_HUMAN",0.450491263796463,15.6520958194883,1.23266491587517,0.242169938140588,0.77039683551692,-5.41101927867905,0.113285509788458,"P07477"
"966",0.220007483776742,23.3477286169416,1.42528200750537,0.179738659609922,0.619494603153961,-5.28433181721867,0.207962472711104,"KLKB1","sp|P03952|KLKB1_HUMAN",0.253459498978628,23.216744159138,2.05081855037198,0.0636486520096789,0.609740800734631,-4.3022432927622,0.214854743241087,"P03952"
"967",-0.229763920951096,17.379266308266,-1.42514649042139,0.179776975595709,0.619494603153961,-5.28450325446242,0.207962472711104,"IF4A1","sp|P60842|IF4A1_HUMAN",-0.0181603886421786,17.4311413314055,-0.107819328167163,0.915986774593967,0.986613644973353,-6.14378421290058,0.00585288249271538,"P60842"
"968",0.512086797157675,10.6437787598583,1.42460005129382,0.179931544875088,0.619494603153961,-5.2851944175175,0.207962472711104,"COX7C","sp|P15954|COX7C_HUMAN",0.62897642332959,10.685013698357,1.28821571798087,0.222846373406048,0.757046932651169,-5.34751194533395,0.120877195850511,"P15954"
"969",-0.817833135810167,9.01200767826011,-1.42378383540393,0.180162632585486,0.619603500271843,-5.28622646341733,0.207886137484083,"PGM2L","sp|Q6PCE3|PGM2L_HUMAN",-0.153046275722634,9.12689725082565,-0.491832888057702,0.632039247517584,0.93800786082764,-6.02562402715132,0.0277935220689503,"Q6PCE3"
"970",0.206527362077709,15.5966788140802,1.42317015742733,0.180336541507261,0.619603500271843,-5.28700214321003,0.207886137484083,"QCR1","sp|P31930|QCR1_HUMAN",0.27467491936867,15.6266970543993,1.57098410763579,0.143125955422812,0.726283329837963,-4.99415284848116,0.138893923954356,"P31930"
"971",0.458330231870266,13.3386698030995,1.42222354089142,0.180605077267747,0.619704642842945,-5.28819819497699,0.207815250092829,"RS3A","sp|P61247|RS3A_HUMAN",0.760058721799236,13.2035835043835,3.22760905180843,0.00757620090368211,0.397469758249259,-2.36236532552972,0.400695909334819,"P61247"
"972",0.247617075666804,14.4308761165398,1.41971442987995,0.181318483282505,0.619704642842945,-5.29136577362716,0.207815250092829,"XPP1","sp|Q9NQW7|XPP1_HUMAN",0.0676613308315711,14.4874474351233,0.363962720688342,0.722452206684051,0.962413436307593,-6.0814727678223,0.016638322416434,"Q9NQW7"
"973",0.16948059975521,16.1789607386069,1.41841554144321,0.181688718047882,0.619704642842945,-5.29300399517909,0.207815250092829,"PTPRS","sp|Q13332|PTPRS_HUMAN",0.168371609706487,16.1666274870041,1.05690672400869,0.312130724766613,0.813567297890723,-5.59756416884775,0.089606516613139,"Q13332"
"974",-0.314195250124016,13.1051556411208,-1.4181821785624,0.181755302802769,0.619704642842945,-5.29329821276438,0.207815250092829,"RL22","sp|P35268|RL22_HUMAN",-0.425998192276838,12.985245272315,-2.61999413155017,0.0229778755262699,0.538136487745398,-3.3866316719482,0.269107560101348,"P35268"
"975",-0.204375737593311,14.6840579224936,-1.4175527915995,0.181934985874012,0.619704642842945,-5.29409155798655,0.207815250092829,"HEXA","sp|P06865|HEXA_HUMAN",-0.00815777302592435,14.7937715357233,-0.0665220993790023,0.948098215558953,0.988571809281324,-6.14751812151405,0.00499177830587694,"P06865"
"976",0.14237061886288,18.3808113160738,1.41714440617974,0.182051654999046,0.619704642842945,-5.29460619795662,0.207815250092829,"APOBR","sp|Q0VD83|APOBR_HUMAN",-0.00921142157721444,18.3786400190424,-0.0948193421648751,0.926081232220111,0.986613644973353,-6.14515010974405,0.00585288249271538,"Q0VD83"
"977",0.265347114968123,10.5455026454517,1.41693197750175,0.182112367212955,0.619704642842945,-5.29487385574512,0.207815250092829,"RL29","sp|P47914|RL29_HUMAN",-0.950066919522998,10.3829833801909,-2.29261502500854,0.0414974815937961,0.577667136876336,-3.9222132883111,0.238322338498449,"P47914"
"978",0.292122116742127,11.612803178945,1.41670647277581,0.182176835119047,0.619704642842945,-5.29515795848915,0.207815250092829,"RTN3","sp|O95197|RTN3_HUMAN",-0.214722668936562,11.735236564055,-0.87240213887509,0.400737843287944,0.867111174600625,-5.76782796732801,0.0619252169179849,"O95197"
"979",-0.133629971466298,21.1209335123434,-1.4158377891012,0.182425355395691,0.619704642842945,-5.29625207621406,0.207815250092829,"NID2","sp|Q14112|NID2_HUMAN",-0.244182342271794,21.2716608517136,-2.29949553638634,0.0409900161650666,0.576465523948543,-3.91117408668387,0.239226660974012,"Q14112"
"980",0.280400498535451,14.3673191771411,1.41526195004537,0.182590252624092,0.619704642842945,-5.29697709361177,0.207815250092829,"SYAC","sp|P49588|SYAC_HUMAN",0.0927071396957357,14.5018968820826,0.592207244201983,0.565109592662461,0.914734232457629,-5.97062615914233,0.0387050678382534,"P49588"
"981",0.15509793536589,18.8744220158866,1.41480901465462,0.182720042817457,0.619704642842945,-5.29754722248224,0.207815250092829,"LTBP2","sp|Q14767|LTBP2_HUMAN",0.137189511204942,18.8346447062062,1.37298570816227,0.195790420095899,0.752526853111309,-5.24667731850501,0.123477998126165,"Q14767"
"982",0.584095626886664,13.8874224690034,1.41460948048059,0.182777244518007,0.619704642842945,-5.29779834399951,0.207815250092829,"K2C80","sp|Q6KB66|K2C80_HUMAN",0.20548117998714,13.3603883956462,0.472926365815365,0.645065488521488,0.940765473701383,-6.03489539028511,0.0265186296779271,"Q6KB66"
"983",0.264468230482927,15.1219555898159,1.41455360755931,0.182793264640929,0.619704642842945,-5.29786865779713,0.207815250092829,"YI024","sp|Q5PR19|YI024_HUMAN",0.143805483489363,15.387056990452,1.14737362165752,0.274407913563044,0.790590160690749,-5.50435764953619,0.102048594982049,"Q5PR19"
"984",0.191248170131259,21.6441426550126,1.41097794788382,0.183820939391591,0.621682141984794,-5.30236443012876,0.206431607698359,"CO7","sp|P10643|CO7_HUMAN",-0.000448310679381015,21.6418657215817,-0.00432200419623628,0.99662520103823,0.99998415467369,-6.14980458601268,6.88159230085131e-06,"P10643"
"985",0.27978520816794,17.652587948187,1.41068555348742,0.18390518930533,0.621682141984794,-5.30273171232853,0.206431607698359,"RASA3","sp|Q14644|RASA3_HUMAN",-0.0316752335608503,17.6373535226216,-0.166398351809288,0.870716919732376,0.984447773372726,-6.13546228244989,0.00680731897499959,"Q14644"
"986",0.370860887764869,13.8861094667991,1.41035046319733,0.184001781224189,0.621682141984794,-5.30315255994983,0.206431607698359,"NAV2","sp|Q8IVL1|NAV2_HUMAN",-0.321445499209915,13.8070628563517,-1.23839695260058,0.240115973891864,0.769006415303954,-5.40456337404134,0.114070037156325,"Q8IVL1"
"987",0.475538646789523,12.2135315580401,1.40968134671406,0.184194785237707,0.621682141984794,-5.30399270872212,0.206431607698359,"CATZ","sp|Q9UBR2|CATZ_HUMAN",-0.282277976666876,12.2032342769785,-1.47941283576829,0.165744493138429,0.728883053370811,-5.11375749083964,0.137342147059245,"Q9UBR2"
"988",-0.511077749425651,11.7048045508328,-1.40927140563034,0.184313114707152,0.621682141984794,-5.3045072961671,0.206431607698359,"MA1A2","sp|O60476|MA1A2_HUMAN",-0.394998216414915,11.8893867890967,-2.13407475713919,0.0549933461662057,0.59071324196055,-4.17326244766085,0.228623293496481,"O60476"
"989",-0.312607187477272,18.6171917939039,-1.40834536353378,0.184580650584374,0.62191174388197,-5.30566934354814,0.206271242101126,"A0A0G2JRQ6","tr|A0A0G2JRQ6|A0A0G2JRQ6_HUMAN",0.333104962764408,18.4574220725474,2.59511368414009,0.024041365343647,0.540800023647902,-3.42795646442447,0.266963298075752,"A0A0G2JRQ6"
"990",0.225909314466927,14.6547665587543,1.40711407612749,0.184936875096223,0.62191174388197,-5.30721359757546,0.206271242101126,"MMP2","sp|P08253|MMP2_HUMAN",0.434493897439334,14.2966783419188,2.53976027861465,0.0265833399077105,0.541810085221108,-3.51958520895368,0.266152915295631,"P08253"
"991",-0.220106135823199,15.7460831524182,-1.40560786468633,0.185373418823236,0.62191174388197,-5.30910136341927,0.206271242101126,"AN32B","sp|Q92688|AN32B_HUMAN",-0.0329894319433569,15.9565963514581,-0.17995504994032,0.860302179054896,0.983382563387846,-6.13303201810258,0.00727749656607012,"Q92688"
"992",0.231672736757359,20.4431502861235,1.40509519809585,0.185522200617063,0.62191174388197,-5.30974357446224,0.206271242101126,"F13B","sp|P05160|F13B_HUMAN",0.254521836906439,20.1956163525419,1.79513865746422,0.0987831598776924,0.66470563563198,-4.68321239582106,0.177370639093326,"P05160"
"993",0.270843387202503,15.1542720046903,1.40450420493263,0.185693837394403,0.62191174388197,-5.31048369956046,0.206271242101126,"TMX1","sp|Q9H3N1|TMX1_HUMAN",0.339679217002251,15.156204581639,1.99222832418766,0.070486673533988,0.609740800734631,-4.39167173450951,0.214854743241087,"Q9H3N1"
"994",0.252271190199285,15.5731340320978,1.40399338371491,0.185842297350737,0.62191174388197,-5.31112324535217,0.206271242101126,"STRAP","sp|Q9Y3F4|STRAP_HUMAN",0.0183927426673729,15.631750363089,0.13931969078307,0.891594032879948,0.986270957608317,-6.13974956682612,0.0060037552127469,"Q9Y3F4"
"995",0.807526106034609,9.27117058125695,1.4037702529211,0.185907176930601,0.62191174388197,-5.31140255264582,0.206271242101126,"BCAT1","sp|P54687|BCAT1_HUMAN",0.39096641782413,9.37338540539734,0.88858887031805,0.392329928605091,0.865214835206627,-5.75400515248242,0.0628760426389327,"P54687"
"996",0.360875244090996,15.0181265903243,1.40261238573112,0.186244152786596,0.62191174388197,-5.31285142781451,0.206271242101126,"PTPRA","sp|P18433|PTPRA_HUMAN",0.350306433371778,15.1012327650466,1.36203573971208,0.199124847749099,0.754702161522043,-5.25996093876195,0.122224406155744,"P18433"
"997",-0.565612267448242,12.8825818112513,-1.4017097748921,0.186507194384511,0.62191174388197,-5.31398030820534,0.206271242101126,"SDK1","sp|Q7Z5N4|SDK1_HUMAN",-0.050778252721698,12.5414334455041,-0.16149531140155,0.874489993676153,0.985371444578884,-6.13629462472532,0.00640002744928762,"Q7Z5N4"
"998",0.308052198501809,18.9404956259976,1.40118592794866,0.186659997538383,0.62191174388197,-5.31463523985752,0.206271242101126,"K2C5","sp|P13647|K2C5_HUMAN",-0.0145267679271159,18.7984232153055,-0.0968467889278541,0.924505988607783,0.986613644973353,-6.14494860209673,0.00585288249271538,"P13647"
"999",0.45620797594997,12.5043521539546,1.40043762396981,0.1868784546356,0.62191174388197,-5.31557049592964,0.206271242101126,"ENPP2","sp|Q13822|ENPP2_HUMAN",0.172422571154998,12.347948742641,0.716813433705904,0.487712612092901,0.900768510021316,-5.88915748151131,0.0453868047340959,"Q13822"
"1000",0.807368885864524,8.342253416335,1.3613446513385,0.200841197770493,0.6330806629186,-5.31657008621009,0.198540951548822,"TM245","sp|Q9H330|TM245_HUMAN",0.451769618634639,8.19787312461222,0.496215271992587,0.62990298048749,0.936250780223009,-5.97303249244753,0.028607807373752,"Q9H330"
"1001",-0.829772335454386,11.4853713369919,-1.39938475086154,0.187186187535669,0.62191174388197,-5.31688581587791,0.206271242101126,"ITM2B","sp|Q9Y287|ITM2B_HUMAN",-0.682210868307762,11.8138171186223,-2.06501541463188,0.0670911189454597,0.609740800734631,-4.22459145077914,0.214854743241087,"Q9Y287"
"1002",-0.193174915890864,15.4963327492408,-1.39881749385163,0.187352160019228,0.62191174388197,-5.31759418198022,0.206271242101126,"TLL2","sp|Q9Y6L7|TLL2_HUMAN",-0.151802417235586,15.5786150504595,-1.16119819973045,0.26896657170684,0.787407807100095,-5.48958116803166,0.103800283521301,"Q9Y6L7"
"1003",0.410515940047407,16.4318534020435,1.3983537394085,0.187487940042856,0.62191174388197,-5.31817314783018,0.206271242101126,"GFAP","sp|P14136|GFAP_HUMAN",0.0397075921918201,16.5981502368843,0.167493943398615,0.869874273316631,0.984019329631185,-6.13527290863598,0.00699637040025486,"P14136"
"1004",0.199540602986327,28.0806880586892,1.39721642960773,0.187821273753659,0.62191174388197,-5.31959242743905,0.206271242101126,"SiltuxHC","SiltuxHC",0.169941195083423,27.7662415291554,1.32663650634728,0.210227170834531,0.757046932651169,-5.30238452446899,0.120877195850511,NA
"1005",0.178433494827062,19.4947829048898,1.39716660898316,0.187835886945784,0.62191174388197,-5.31965458128243,0.206271242101126,"CATS","sp|P25774|CATS_HUMAN",0.10801169133571,19.6032133795463,1.14755066546154,0.274337694030007,0.790590160690749,-5.50416929257559,0.102048594982049,"P25774"
"1006",0.429615502578596,10.783562510001,1.39638130096291,0.188066355631462,0.62191174388197,-5.32063408723755,0.206271242101126,"WDR37","sp|Q9Y2I8|WDR37_HUMAN",-0.14489553144694,10.622154781154,-0.266865008183603,0.794271596819559,0.973121974840943,-6.1129719722537,0.0118327201835552,"Q9Y2I8"
"1007",0.446512207546189,12.3800088329473,1.39635992726229,0.188072631581417,0.62191174388197,-5.32066074097317,0.206271242101126,"DNAS1","sp|P24855|DNAS1_HUMAN",-0.334880906703152,12.0455918034855,-0.901590379739267,0.385664935147928,0.860101831254256,-5.74274311333528,0.065450127670707,"P24855"
"1008",-0.239740431951195,16.7978767999673,-1.39616876246645,0.188128770972431,0.62191174388197,-5.320899117181,0.206271242101126,"PELI1","sp|Q96FA3|PELI1_HUMAN",-0.263881181095387,16.8377346278892,-2.06421866339925,0.0621742867316714,0.609740800734631,-4.28163023214815,0.214854743241087,"Q96FA3"
"1009",-0.319502405515891,11.6799821184212,-1.39464844207323,0.188575740807853,0.622769038548523,-5.32279408465881,0.205672986858207,"VPS16","sp|Q9H269|VPS16_HUMAN",-0.346460584017201,11.5867579373952,-0.812713837104178,0.432793140706439,0.873931350518796,-5.81687205865586,0.0585226809374819,"Q9H269"
"1010",0.204918984699128,15.854139779009,1.39288223190929,0.189096111595426,0.622990927812161,-5.32499370032098,0.205518277626231,"CPT1A","sp|P50416|CPT1A_HUMAN",0.0950476024898388,15.8998159372813,0.763196589191425,0.460630459967209,0.89092802833984,-5.85521406922568,0.0501573780701248,"P50416"
"1011",0.285311648131622,11.9325909697695,1.39238935977426,0.189241537499204,0.622990927812161,-5.32560716464136,0.205518277626231,"CRIM1","sp|Q9NZV1|CRIM1_HUMAN",-0.356040436432414,12.0148118524859,-1.24488992785735,0.237806176663592,0.767034694214249,-5.39722317415406,0.115184991768055,"Q9NZV1"
"1012",0.303309013822321,13.1044604198568,1.3921233729613,0.189320057720126,0.622990927812161,-5.32593816715776,0.205518277626231,"P2RX1","sp|P51575|P2RX1_HUMAN",0.304080204470546,12.5715558574329,0.841280847422972,0.417245527036891,0.871380058403275,-5.79378048587211,0.0597923831477007,"P51575"
"1013",0.273074102119544,13.4655975731567,1.39070369427158,0.189739610405294,0.622990927812161,-5.32770410263802,0.205518277626231,"RARR2","sp|Q99969|RARR2_HUMAN",-0.0450179188534037,13.4348862639451,-0.233632677386553,0.819354075067671,0.976540152493457,-6.12155536327267,0.010309895081874,"Q99969"
"1014",-0.329191298798372,22.6083719629028,-1.39003161914007,0.189938496023649,0.622990927812161,-5.32853964990218,0.205518277626231,"CFAB","sp|P00751|CFAB_HUMAN",-0.0663910368914804,22.3654432171698,-0.353570941688516,0.730021470765237,0.964219667992726,-6.08529807109716,0.0158240140959132,"P00751"
"1015",0.316554379491973,11.4233719890978,1.38937396453567,0.190133282037658,0.622990927812161,-5.32935699166153,0.205518277626231,"VATG1","sp|O75348|VATG1_HUMAN",-0.0991932684062059,11.2601714333701,-0.393696452448659,0.700966471666894,0.956136992772092,-6.06993091302395,0.0194798787044241,"O75348"
"1016",0.208038937560068,21.5833464820745,1.38919944945105,0.190184998294165,0.622990927812161,-5.32957383521132,0.205518277626231,"LV743","sp|P04211|LV743_HUMAN",0.278009836690869,21.470199824584,2.46354095662284,0.0305171329838947,0.564461874265568,-3.64497581282865,0.248365386520688,"P04211"
"1017",0.189993070661972,27.5204812809046,1.38879748986957,0.190304160549145,0.622990927812161,-5.33007321614867,0.205518277626231,"IGHG4","sp|P01861|IGHG4_HUMAN",0.185591159299716,27.3028496777959,1.34396099384394,0.204731632024018,0.757046932651169,-5.28172222706195,0.120877195850511,"P01861"
"1018",0.180276377980692,16.8463075935001,1.38840778968258,0.190419747729745,0.622990927812161,-5.33055726848078,0.205518277626231,"CHSTF","sp|Q7LFX5|CHSTF_HUMAN",-0.0679916221205321,17.0002600398301,-0.583170751102641,0.570974669758628,0.915782410846095,-5.97597150909941,0.0382077020900864,"Q7LFX5"
"1019",-0.157988225088643,17.7936855551394,-1.38716674714246,0.190788236625944,0.622990927812161,-5.33209814280557,0.205518277626231,"KPCB","sp|P05771|KPCB_HUMAN",0.0833641101861312,17.8119802256104,0.730970568088125,0.479344468317775,0.898838582116777,-5.87900171244426,0.0463182940179391,"P05771"
"1020",0.204850901837131,21.6209491937889,1.38699063807399,0.19084057471403,0.622990927812161,-5.33231671993356,0.205518277626231,"LV746","sp|A0A075B6I9|LV746_HUMAN",0.33313248792064,21.4703515424679,2.90398419286958,0.0136839565942396,0.457044243427612,-2.91032621638028,0.340041756721354,"A0A075B6I9"
"1021",0.17461923503429,20.0184479303055,1.3865402767236,0.19097447248012,0.622990927812161,-5.33287559458168,0.205518277626231,"KV224","sp|A0A0C4DH68|KV224_HUMAN",0.37848984018804,19.8689139482844,2.79505628187824,0.0166984467507847,0.48357458474741,-3.09385159120479,0.31553653244734,"A0A0C4DH68"
"1022",0.141903447716547,20.1228874583484,1.38534251093102,0.191330962394816,0.622990927812161,-5.33436133078151,0.205518277626231,"DYH8","sp|Q96JB1|DYH8_HUMAN",-0.0172516345723818,20.126278498699,-0.149909565418101,0.8834183621823,0.986191942633613,-6.13816296057463,0.00603855005478495,"Q96JB1"
"1023",0.199135682671807,28.1007722589562,1.3850054643154,0.191431376881228,0.622990927812161,-5.33477924653048,0.205518277626231,"TocilHC","TocilHC",0.155683450475677,27.7853865832343,1.21226457232254,0.249593761264086,0.77493142529046,-5.43381144922671,0.110736727088038,NA
"1024",0.539742908430689,9.82406313423188,1.38491446460161,0.191458495440917,0.622990927812161,-5.33489206782107,0.205518277626231,"BMP4","sp|P12644|BMP4_HUMAN",0.351936927682038,9.34653316531108,0.877913256652367,0.397861491588676,0.866973336418611,-5.76314648142128,0.0619942589532371,"P12644"
"1025",-0.270564089083149,18.2615482925032,-1.38369057757073,0.191823532608832,0.623567389548202,-5.33640892838488,0.205116605012362,"FGL1","sp|Q08830|FGL1_HUMAN",-0.0467658883448723,17.8895746554218,-0.113019725390538,0.911952873672861,0.986613644973353,-6.14318883739706,0.00585288249271538,"Q08830"
"1026",-0.545312267581081,13.1161551857715,-1.38178704861667,0.192392428427529,0.624433620268172,-5.33876622592969,0.204513722035197,"SMCA5","sp|O60264|SMCA5_HUMAN",-0.207573893128416,12.5468844732063,-0.621272766211503,0.546470010309412,0.912613568562101,-5.95291138996697,0.0397130785089623,"O60264"
"1027",0.17772417441675,18.5622000604785,1.38106566076886,0.192608390727117,0.624433620268172,-5.33965897618482,0.204513722035197,"TFPI1","sp|P10646|TFPI1_HUMAN",-0.16966076650756,18.6283161087445,-1.39913025695737,0.188016362514571,0.751992459963404,-5.21465897143084,0.123786513946527,"P10646"
"1028",-0.92094374638861,10.0794331507452,-1.38091198684607,0.192654422161678,0.624433620268172,-5.33984911172404,0.204513722035197,"LOXL4","sp|Q96JB6|LOXL4_HUMAN",-0.878609408516234,10.6482413462826,-1.1282722587957,0.282065896055477,0.799467727590205,-5.52454497584011,0.0971990628900756,"Q96JB6"
"1029",-0.230502325300659,20.3081666193812,-1.37831232334918,0.193434508718811,0.625924754160466,-5.34306330056321,0.203477872567636,"1433S","sp|P31947|1433S_HUMAN",-0.161911310361443,20.3661970292177,-1.09782090807127,0.294612278790002,0.80685137211218,-5.55617034911574,0.093206458111018,"P31947"
"1030",0.24210182710901,12.0952966747087,1.37812222876468,0.193491653440385,0.625924754160466,-5.34329816139653,0.203477872567636,"PG12B","sp|Q9BX93|PG12B_HUMAN",-0.485921262624648,12.3012277325665,-1.87485761733495,0.0862770764203673,0.636341370309331,-4.56712855376711,0.196309841162635,"Q9BX93"
"1031",0.346216127353945,11.8094949497694,1.37689616079665,0.19386056061866,0.62650749824083,-5.34481240612224,0.203073726864357,"PPBT","sp|P05186|PPBT_HUMAN",0.218723257887569,11.6944856669092,0.663265153116502,0.520161680127864,0.908128509918929,-5.9259248116274,0.0418526898054166,"P05186"
"1032",0.451603517899524,11.8135906455601,1.37514915330251,0.194387218469134,0.627172624346352,-5.3469683693787,0.20261290656531,"MOB3C","sp|Q70IA8|MOB3C_HUMAN",-0.369319449351817,11.8614475259787,-1.0682656736972,0.307190583500809,0.81335054112204,-5.58619975710439,0.089722240058852,"Q70IA8"
"1033",-0.281416250042459,12.0504588859937,-1.37496004174807,0.194444299624103,0.627172624346352,-5.34720163258034,0.20261290656531,"SCN1A","sp|P35498|SCN1A_HUMAN",-0.0167594665510643,12.5176224528804,-0.0748314492197678,0.94162750964906,0.988040648929326,-6.14690881751158,0.00522518775796543,"P35498"
"1034",-0.301402469398258,23.0826694520976,-1.37386525888644,0.194775020235726,0.627629409866383,-5.34855156228301,0.202296714155485,"A1AG1","sp|P02763|A1AG1_HUMAN",-0.0570147022558366,22.8632192241273,-0.380873127454227,0.710200769504342,0.959818517912726,-6.07501682937595,0.0178108754186703,"P02763"
"1035",0.359536321985526,15.2960949046084,1.371989391639,0.195342779966929,0.628848386721859,-5.3508628250219,0.201454048905964,"IRS4","sp|O14654|IRS4_HUMAN",0.224484405769759,15.4061750315519,1.22037183918323,0.246622135294652,0.772206478342405,-5.42478826428595,0.112266559230286,"O14654"
"1036",0.291887464461697,14.571033997707,1.3704701580142,0.195803602680075,0.629447763700044,-5.35273302095167,0.20104030507657,"PTN1","sp|P18031|PTN1_HUMAN",0.0296773732476087,14.7780856603123,0.242917639343761,0.812323658976824,0.975434958083965,-6.11927069531436,0.0108016840213554,"P18031"
"1037",0.399675888847828,18.1761803721396,1.37012551292482,0.195908267520984,0.629447763700044,-5.35315707686557,0.20104030507657,"ARPC3","sp|O15145|ARPC3_HUMAN",-0.0625441264799583,18.3556961068653,-0.251199294377479,0.806067356124522,0.974324183315953,-6.11715859351993,0.0112965178645011,"O15145"
"1038",0.315967615029735,18.8279990699696,1.36809696446292,0.196525253362853,0.630819454459679,-5.35565148037139,0.200094921503245,"VASP","sp|P50552|VASP_HUMAN",0.0446219266785413,18.8913209051175,0.23318395701035,0.819694261702553,0.976540152493457,-6.12166354322388,0.010309895081874,"P50552"
"1039",0.407765747337358,14.654717888573,1.36672928210541,0.196942142195359,0.631546830866083,-5.35733175379407,0.199594439831325,"GMFG","sp|O60234|GMFG_HUMAN",0.0538948408540885,14.8296992139763,0.199100495182901,0.84564125218293,0.979774508889009,-6.12927784164246,0.00887386391301568,"O60234"
"1040",0.629716231724673,11.2782634857621,1.36499615074151,0.197471474982544,0.632409480574343,-5.35945926809379,0.199001628097418,"NDUS6","sp|O75380|NDUS6_HUMAN",0.293088791631522,11.4706121705646,1.29259973562841,0.221376030845786,0.757046932651169,-5.34241172339334,0.120877195850511,"O75380"
"1041",-0.432770483601948,11.3344024616368,-1.36321771513987,0.198015866185218,0.632409480574343,-5.36164037915109,0.199001628097418,"PUR8","sp|P30566|PUR8_HUMAN",0.296221194479748,11.0192485256418,0.763849291817137,0.460256264447888,0.89072334793151,-5.85472271811382,0.0502571636661918,"P30566"
"1042",0.30878180141132,14.878374233513,1.36282465969369,0.198136350241538,0.632409480574343,-5.36212215479401,0.199001628097418,"SC23A","sp|Q15436|SC23A_HUMAN",0.135457093756481,14.7846713960764,0.728522831524815,0.48078492321205,0.899237641029829,-5.88077052729114,0.0461255223383996,"Q15436"
"1043",-0.49877639291062,9.67165011745629,-1.36252811437414,0.19822729092456,0.632409480574343,-5.36248556997665,0.199001628097418,"FA98A","sp|Q8NCA5|FA98A_HUMAN",-1.06018868865818,9.71553105802904,-2.51528747432779,0.0277892351397574,0.558984675326393,-3.55994960140743,0.252600098218073,"Q8NCA5"
"1044",0.494563053281293,15.5902705004835,1.36234538693649,0.198283344573242,0.632409480574343,-5.362709473441,0.199001628097418,"OLA1","sp|Q9NTK5|OLA1_HUMAN",-0.333040299398132,14.724987338218,-1.28823680017642,0.222839283799495,0.757046932651169,-5.34748744951308,0.120877195850511,"Q9NTK5"
"1045",0.217697054656165,19.7353341260407,1.3620949689849,0.198360184289848,0.632409480574343,-5.36301628579099,0.199001628097418,"LV151","sp|P01701|LV151_HUMAN",0.162411254577383,19.4331678326644,1.26865506048275,0.229503467948954,0.763179673600035,-5.37011209593839,0.117373205076626,"P01701"
"1046",0.247633540360415,16.3073024173102,1.36011605611866,0.198968270731793,0.632409480574343,-5.36543942390446,0.199001628097418,"LYOX","sp|P28300|LYOX_HUMAN",-0.0743609901410396,16.5614408244747,-0.60891342417191,0.554353674764254,0.912648733404048,-5.96054111567255,0.039696344588802,"P28300"
"1047",0.176847007599762,15.0042386247685,1.35998382129275,0.199008959036745,0.632409480574343,-5.36560125230959,0.199001628097418,"IBP7","sp|Q16270|IBP7_HUMAN",-0.0319640548591366,15.014429695241,-0.192050958767114,0.851032815636722,0.980636721353978,-6.13070398725438,0.00849184800315778,"Q16270"
"1048",0.217822436879931,13.3236237899934,1.35993639614984,0.199023553300164,0.632409480574343,-5.36565928823223,0.199001628097418,"CHMP3","sp|Q9Y3E7|CHMP3_HUMAN",-0.341906629398046,13.3018906591026,-0.964672867606151,0.354446282545131,0.846003487579491,-5.68611590231665,0.0726278466141605,"Q9Y3E7"
"1049",0.308152093799888,12.8932968033851,1.35931601625428,0.199214545784909,0.632409480574343,-5.36641833605386,0.199001628097418,"ICAL","sp|P20810|ICAL_HUMAN",-0.224690215155852,13.2496837773273,-0.634830525813909,0.53789483967519,0.912613568562101,-5.94437757096731,0.0397130785089623,"P20810"
"1050",-0.22533103263056,15.1172293384989,-1.3590155084507,0.199307115601315,0.632409480574343,-5.36678592394354,0.199001628097418,"CLC1B","sp|Q9P126|CLC1B_HUMAN",0.122219371682159,15.2052230367752,0.598257528457698,0.561201123351602,0.914734232457629,-5.96700413579318,0.0387050678382534,"Q9P126"
"1051",-0.14950012959464,20.0485215013635,-1.35726800459952,0.199846128205897,0.6330806629186,-5.36892234890053,0.198540951548822,"CALR","sp|P27797|CALR_HUMAN",-0.174871918113584,20.1924967117557,-1.97660082643991,0.0724226640476132,0.609740800734631,-4.4153254000308,0.214854743241087,"P27797"
"1052",-0.412545731352174,11.302254861971,-1.35666047565418,0.20003380017683,0.6330806629186,-5.36966462390873,0.198540951548822,"GLSK","sp|O94925|GLSK_HUMAN",0.139796268503675,11.6215118078181,0.942327247172587,0.365292509280623,0.853206079030534,-5.70654792878326,0.0689460588953574,"O94925"
"1053",-0.3010775380568,14.7414836463098,-1.35529373338731,0.200456532163647,0.6330806629186,-5.37133362431,0.198540951548822,"PSD11","sp|O00231|PSD11_HUMAN",-0.287280988257828,14.7168428538422,-1.18722406108724,0.258951210804717,0.777929443098344,-5.46138976660189,0.109059791008534,"O00231"
"1054",0.157361316534203,18.947670679857,1.35523825216062,0.200473707991136,0.6330806629186,-5.37140134968794,0.198540951548822,"FCN2","sp|Q15485|FCN2_HUMAN",0.326130515753469,19.2157148890139,3.74740308323621,0.00296160894463896,0.246622133486383,-1.48717933215443,0.607967949558429,"Q15485"
"1055",0.408258626950606,12.3864716379219,1.35336285241516,0.2010550062993,0.6330806629186,-5.37368945347867,0.198540951548822,"VATE1","sp|P36543|VATE1_HUMAN",-0.0469205745015594,12.4280896653856,-0.148739809111087,0.884320772527546,0.986191942633613,-6.13834390282975,0.00603855005478495,"P36543"
"1056",0.177150627326463,13.2046445221519,1.35333358617031,0.201064088647846,0.6330806629186,-5.37372514196889,0.198540951548822,"NRX3A","sp|Q9Y4C0|NRX3A_HUMAN",0.0350272580154018,13.0267116864619,0.190280331669046,0.852388264757556,0.980636721353978,-6.1310541681587,0.00849184800315778,"Q9Y4C0"
"1057",-0.16270944136454,22.6402576257576,-1.35072806244573,0.201874029894929,0.6330806629186,-5.37690019078262,0.198540951548822,"APOL1","sp|O14791|APOL1_HUMAN",-0.0676521028446985,22.7521183374838,-0.700685985544791,0.497353553234096,0.903151205766242,-5.90050596830718,0.0442395339250954,"O14791"
"1058",-0.27756760122305,13.0702632365432,-1.34986205677656,0.202143826496335,0.6330806629186,-5.37795451100888,0.198540951548822,"NDUV2","sp|P19404|NDUV2_HUMAN",-0.269856285813558,13.1963499925101,-1.80828057836422,0.0966143859509815,0.659800713932732,-4.66425901111896,0.180587218865125,"P19404"
"1059",0.136667100613744,21.0028865497372,1.34901934880196,0.202406649714596,0.6330806629186,-5.37897999746363,0.198540951548822,"LYAM1","sp|P14151|LYAM1_HUMAN",0.0847472233960356,21.085222410275,0.831617587212188,0.422462579131186,0.872011982081901,-5.80167037188134,0.0594775475028692,"P14151"
"1060",-0.396248854884777,11.2241614357037,-1.34890502797138,0.202442325671162,0.6330806629186,-5.37911907809813,0.198540951548822,"DEN2C","sp|Q68D51|DEN2C_HUMAN",0.408182302343895,11.5134681974736,1.24865836448428,0.236473777185452,0.766165792444393,-5.39294978578926,0.115677242178419,"Q68D51"
"1061",-0.707701981849524,14.2775111258937,-1.34847335035537,0.202577085412405,0.6330806629186,-5.37964417222112,0.198540951548822,"BABA2","sp|Q9NXR7|BABA2_HUMAN",-1.33603685699775,14.3257302968816,-2.95383083286238,0.0124918512782822,0.453703352090037,-2.82610859209142,0.343228012030373,"Q9NXR7"
"1062",-0.279339239725205,15.2522675202425,-1.34799108341347,0.202727725237991,0.6330806629186,-5.38023065937992,0.198540951548822,"KLOT","sp|Q9UEF7|KLOT_HUMAN",-0.228296701229646,15.2487657490267,-1.66015821416569,0.123727281294335,0.700299306813659,-4.87337777984296,0.154716303535132,"Q9UEF7"
"1063",-0.409599684425991,10.7900011046705,-1.34774017392548,0.202806135199478,0.6330806629186,-5.38053573150687,0.198540951548822,"GPX7","sp|Q96SL4|GPX7_HUMAN",0.418987001531537,10.7037502307221,1.12027668627386,0.285319820557257,0.803677098634372,-5.53291547390586,0.0949184070341135,"Q96SL4"
"1064",0.234332880825679,13.974221482557,1.34655024747988,0.203178330469023,0.6330806629186,-5.38198196121618,0.198540951548822,"RS2","sp|P15880|RS2_HUMAN",0.305453975475123,13.4557514251601,1.40365591204991,0.186697190122428,0.751477728518261,-5.20907379440935,0.124083886035092,"P15880"
"1065",0.160084188066137,18.7051647151924,1.34578370125335,0.203418394607661,0.6330806629186,-5.3829131265149,0.198540951548822,"SNED1","sp|Q8TER0|SNED1_HUMAN",0.175362448297909,18.7287338164795,1.44006554194999,0.1763640404825,0.73865676404082,-5.16368872144055,0.1315573208897,"Q8TER0"
"1066",-0.350038944795239,10.3141619649411,-1.34513804632192,0.203620779328555,0.6330806629186,-5.38369714017876,0.198540951548822,"PK3CB","sp|P42338|PK3CB_HUMAN",0.828389702225007,9.75046387964006,1.46435462666158,0.172206613926085,0.737164200701138,-5.08868072842067,0.132435763815776,"P42338"
"1067",0.227282215929623,14.2001106683159,1.34481214253893,0.203722998818408,0.6330806629186,-5.38409277888625,0.198540951548822,"BLMH","sp|Q13867|BLMH_HUMAN",0.222409717154565,14.1846241982415,1.72392468848652,0.111317165758377,0.684188283614914,-4.78459260080639,0.164824367164926,"Q13867"
"1068",0.287631952168148,12.1563974709152,1.34402464416475,0.203970171203013,0.6330806629186,-5.38504849421113,0.198540951548822,"AAAT","sp|Q15758|AAAT_HUMAN",0.728427258105559,12.0191290214601,2.85933199215576,0.0148479107967207,0.472930236951508,-2.98565362727375,0.325202918335199,"Q15758"
"1069",0.548457192925783,11.3088227237453,1.34341202547209,0.204162624406663,0.6330806629186,-5.38579169286767,0.198540951548822,"IGHE","sp|P01854|IGHE_HUMAN",0.250413070208976,11.1093181024608,0.653191101401702,0.526405047043484,0.911686477091096,-5.93254803500876,0.0401544869775934,"P01854"
"1070",0.184494877166316,14.8396955784993,1.34335167526723,0.204181591398647,0.6330806629186,-5.38586489343426,0.198540951548822,"B4GT5","sp|O43286|B4GT5_HUMAN",0.108063400759489,15.0302331155366,0.947825386452877,0.362602202190617,0.850954166069728,-5.7015582956175,0.070093831171655,"O43286"
"1071",0.362019547649191,12.3677967373761,1.34255725108547,0.204431399704967,0.6330806629186,-5.38682825159465,0.198540951548822,"F162A","sp|Q96A26|F162A_HUMAN",-0.15996318332962,12.4718766522421,-0.973479889492968,0.35023540539184,0.844428376563205,-5.67795200445078,0.0734371808857621,"Q96A26"
"1072",0.322264682359353,12.9510246707508,1.34244924884006,0.204465380607983,0.6330806629186,-5.38695918850746,0.198540951548822,"BMP6","sp|P22004|BMP6_HUMAN",-0.179507757405938,12.7327772181972,-1.37655311170033,0.194714154840405,0.752526853111309,-5.24233342036176,0.123477998126165,"P22004"
"1073",0.245587192167985,13.8331491054847,1.3414549164336,0.204778446860748,0.6330806629186,-5.38816431134609,0.198540951548822,"MUC1","sp|P15941|MUC1_HUMAN",0.388543424414641,13.6802561647562,2.02135673883215,0.0670058587690482,0.609740800734631,-4.34735672217363,0.214854743241087,"P15941"
"1074",0.268159645004026,14.3444838526176,1.34068687272736,0.205020535299032,0.6330806629186,-5.3890947297773,0.198540951548822,"CORIN","sp|Q9Y5Q5|CORIN_HUMAN",-0.351263728364599,14.8697563315923,-1.54779538500068,0.148585557837897,0.728883053370811,-5.02487731519643,0.137342147059245,"Q9Y5Q5"
"1075",-0.232431459291778,12.8156954839865,-1.33934933167616,0.205442690900126,0.6330806629186,-5.39071411976517,0.198540951548822,"PTMS","sp|P20962|PTMS_HUMAN",0.468589240365004,13.0550344012717,2.16066958262879,0.052470837263377,0.589635363006715,-4.13162286602571,0.229416477831962,"P20962"
"1076",0.142802798924006,27.7470341089854,1.33928936637678,0.205461633884098,0.6330806629186,-5.39078669351235,0.198540951548822,"LUM","sp|P51884|LUM_HUMAN",0.046521875279263,27.7910910837349,0.448668651195246,0.661960776663477,0.944966803331647,-6.04627912625276,0.0245834479808082,"P51884"
"1077",0.670987110007576,11.6985318678107,1.33868331572173,0.205653165195591,0.6330806629186,-5.39152004111024,0.198540951548822,"FRIH","sp|P02794|FRIH_HUMAN",0.527086443055617,12.0277420292291,2.15169488503246,0.0533096015747288,0.589635363006715,-4.14569729691416,0.229416477831962,"P02794"
"1078",0.364437984227949,7.99085415722455,1.13142064483436,0.290984407708308,0.714314617165127,-5.39153236857103,0.146110462728316,"PAIRB","sp|Q8NC51|PAIRB_HUMAN",0.179236892236909,7.54837418936391,0.775043705650665,0.469947556096683,0.892806855517381,-5.42444735218244,0.0492424836148991,"Q8NC51"
"1079",0.167975095130243,16.0613576191875,1.33837726800548,0.205749941676596,0.6330806629186,-5.39189028032286,0.198540951548822,"HSPB1","sp|P04792|HSPB1_HUMAN",-0.0382542459252437,15.8563449688676,-0.304925648034924,0.765840125173084,0.968090739314084,-6.10176055095543,0.0140839342861301,"P04792"
"1080",0.495643814786264,11.8003174095913,1.33837379609854,0.205751039755438,0.6330806629186,-5.39189448008595,0.198540951548822,"MBNL2","sp|Q5VZF2|MBNL2_HUMAN / sp|Q9NR56|MBNL1_HUMAN",0.631144048887139,11.5352958515092,2.19405518794589,0.0494590512734647,0.589635363006715,-4.079068526298,0.229416477831962,"Q5VZF2"
"1081",0.388386620054298,13.0743936617826,1.3371927588502,0.206124851883797,0.6330806629186,-5.39332265152634,0.198540951548822,"CSCL1","sp|O94886|CSCL1_HUMAN",-0.131057175536251,13.0446021214082,-0.565239202554266,0.582709592001526,0.922370183756853,-5.98634939843247,0.0350947443507824,"O94886"
"1082",-0.156369319613035,20.1862249346261,-1.33714502461127,0.206139972033949,0.6330806629186,-5.39338035493459,0.198540951548822,"PCSK6","sp|P29122|PCSK6_HUMAN",-0.0589000693236639,20.3055209211521,-0.496792923789416,0.628642973704229,0.935514406805715,-6.02313411205697,0.0289495200313719,"P29122"
"1083",0.390865037632582,12.7014624006678,1.33691407271505,0.206213140491311,0.6330806629186,-5.39365951932925,0.198540951548822,"CNPY2","sp|Q9Y2B0|CNPY2_HUMAN",-0.280019705548356,12.9131980984337,-1.00294375346789,0.336410096415919,0.835705559864536,-5.65018797764165,0.0779467085059675,"Q9Y2B0"
"1084",0.25243583418082,13.1543412124322,1.33659230781912,0.206315115151217,0.6330806629186,-5.39404839587657,0.198540951548822,"MAGD2","sp|Q9UNF1|MAGD2_HUMAN",0.218510366259362,13.066214653573,1.48149670157078,0.165197576225441,0.728883053370811,-5.11108799644525,0.137342147059245,"Q9UNF1"
"1085",-0.499739760726042,12.5214831142174,-1.33638875539124,0.206379646925826,0.6330806629186,-5.39429436873969,0.198540951548822,"ICLN","sp|P54105|ICLN_HUMAN",-0.0180834502094582,12.5429282437789,-0.0494907730170706,0.961372566129301,0.99079827275201,-6.14854324619481,0.00401475918644791,"P54105"
"1086",0.594681283277026,11.6274248535887,1.33637048304121,0.206385440577862,0.6330806629186,-5.39431644772205,0.198540951548822,"IMUP","sp|Q9GZP8|IMUP_HUMAN",-0.128888087813302,11.6952863310127,-0.348179161019181,0.733960636665262,0.964602283830354,-6.08724014858351,0.0156517141602005,"Q9GZP8"
"1087",0.328650176404615,12.3720004748544,1.33337002631926,0.207338611825931,0.635342727739595,-5.39793899603203,0.196991936735346,"DOC10","sp|Q96BY6|DOC10_HUMAN",-0.477496315488563,12.2608041142187,-1.48906647484767,0.163223799999621,0.728883053370811,-5.10136992695156,0.137342147059245,"Q96BY6"
"1088",-0.371598562660791,16.8025681343908,-1.33085673648973,0.208139795248136,0.635342727739595,-5.40096879784705,0.196991936735346,"MYH1","sp|P12882|MYH1_HUMAN",-0.457926357275084,16.833541324543,-1.93923266397007,0.077253336501446,0.619332907846134,-4.47153046248357,0.208075843426097,"P12882"
"1089",-0.25300721077348,12.8294483988892,-1.32977445436884,0.20848558373238,0.635342727739595,-5.4022722158236,0.196991936735346,"RTN1","sp|Q16799|RTN1_HUMAN",-0.330954342853466,12.8599241421235,-1.82985865074219,0.0931468308199228,0.650368547620527,-4.63297946740058,0.18684046975891,"Q16799"
"1090",0.168726286851727,20.1382818477805,1.32877408667685,0.208805618616605,0.635342727739595,-5.40347629284767,0.196991936735346,"MGP","sp|P08493|MGP_HUMAN",0.138305602263921,20.088165821297,0.877189011125845,0.398238681529425,0.866973336418611,-5.76376316373643,0.0619942589532371,"P08493"
"1091",-0.421460135088169,13.1211226084915,-1.327915778862,0.209080526393466,0.635342727739595,-5.40450885341375,0.196991936735346,"RS25","sp|P62851|RS25_HUMAN",-0.225454262422963,12.9120588603934,-0.682914473187493,0.508109538890848,0.907562895496897,-5.91273744279873,0.0421232679770005,"P62851"
"1092",-0.345920141523932,12.6008793173585,-1.32779340369617,0.209119746093877,0.635342727739595,-5.40465603329706,0.196991936735346,"PARD3","sp|Q8TEW0|PARD3_HUMAN",-0.0982597261710201,12.3593096734849,-0.278907654787065,0.785239855794389,0.972723403089688,-6.10958370909023,0.0120106351572695,"Q8TEW0"
"1093",0.179243026129165,19.3347653981227,1.32708110044605,0.209348149791186,0.635342727739595,-5.40551251912376,0.196991936735346,"FA11","sp|P03951|FA11_HUMAN",0.0304258233712997,19.4289189523442,0.329965544012795,0.747325508557251,0.965663208308992,-6.09358445028064,0.0151743148645484,"P03951"
"1094",0.172086929739345,15.318087222807,1.32707815701961,0.209349094039124,0.635342727739595,-5.40551605765305,0.196991936735346,"SCPDL","sp|Q8NBX0|SCPDL_HUMAN",-0.208335125643992,15.2979656963344,-1.76819727228609,0.103367275826487,0.669032409161068,-4.72183276784688,0.174552843698699,"Q8NBX0"
"1095",-0.299738992349113,12.2832480087522,-1.32668210503753,0.209476178844358,0.635342727739595,-5.40599213114865,0.196991936735346,"SSRD","sp|P51571|SSRD_HUMAN",-0.189015017096135,12.1837973649858,-0.686136274225034,0.506149357604741,0.906096656967774,-5.91054139064371,0.0428254719162299,"P51571"
"1096",0.19491249575348,17.7470464594364,1.32483825783228,0.210068661598864,0.635342727739595,-5.40820715386989,0.196991936735346,"MMP9","sp|P14780|MMP9_HUMAN",-0.0452946336869665,17.9218977767211,-0.361657873536159,0.724128410710665,0.962467889002967,-6.08233054241035,0.0166137510261658,"P14780"
"1097",-0.422396276584893,13.6911413786868,-1.32435609860616,0.210223819369697,0.635342727739595,-5.40878600183073,0.196991936735346,"DYH1","sp|Q9P2D7|DYH1_HUMAN",0.0325150166854924,13.6929206335128,0.0989085893301363,0.92290439797392,0.986613644973353,-6.14473931546211,0.00585288249271538,"Q9P2D7"
"1098",-0.246830549250686,13.2365146711255,-1.32399111656922,0.210341332049035,0.635342727739595,-5.40922407203289,0.196991936735346,"RLA1","sp|P05386|RLA1_HUMAN",-0.0650556531203289,13.4268301819285,-0.411830347134461,0.687993329188845,0.953955901060617,-6.06245947676501,0.0204717011540782,"P05386"
"1099",0.16656809409112,18.4745824324074,1.32370018811371,0.210435040256006,0.635342727739595,-5.40957319591985,0.196991936735346,"MUC20","sp|Q8N307|MUC20_HUMAN",-0.112251645896954,18.7655510271606,-1.13996106401127,0.277360400110676,0.792511383027922,-5.51222335463002,0.100994491191333,"Q8N307"
"1100",-0.190810970632979,16.3943132604804,-1.32350276263375,0.210498650531596,0.635342727739595,-5.40981008106645,0.196991936735346,"TCPZ","sp|P40227|TCPZ_HUMAN",-0.0421253370482123,16.5344287106922,-0.250657438619327,0.806476271385003,0.974324183315953,-6.11729892557128,0.0112965178645011,"P40227"
"1101",0.355848315919584,13.7278652387769,1.32343737703945,0.210519721161929,0.635342727739595,-5.40988852964647,0.196991936735346,"PLPP","sp|Q96GD0|PLPP_HUMAN",0.233304019652873,13.5629552279524,0.996493798604675,0.339402139420537,0.838775652075029,-5.65632495347479,0.0763541846956452,"Q96GD0"
"1102",0.175712685476719,15.3934840816684,1.32316419564459,0.210607773018421,0.635342727739595,-5.41021625752887,0.196991936735346,"SEP15","sp|O60613|SEP15_HUMAN",-0.145969585218065,15.5425116081649,-1.15800342068991,0.27021652247644,0.7878411521707,-5.49300823092755,0.103561337954553,"O60613"
"1103",-0.24600250412473,13.7640246597016,-1.32225242812669,0.210901871821734,0.635342727739595,-5.41130971964453,0.196991936735346,"NEUS","sp|Q99574|NEUS_HUMAN",-0.365892162185427,13.8438609817671,-2.53707887699175,0.0267129326067403,0.541810085221108,-3.52401234955702,0.266152915295631,"Q99574"
"1104",-0.200736842747142,22.4628899461776,-1.32098289947979,0.211311928256122,0.635342727739595,-5.41283131532718,0.196991936735346,"PCSK9","sp|Q8NBP7|PCSK9_HUMAN",-0.0986732359330232,22.479656170578,-0.646987186863904,0.530271418691969,0.912613568562101,-5.9365801366448,0.0397130785089623,"Q8NBP7"
"1105",-0.159212513838443,15.6154258571495,-1.32036371053274,0.211512161682665,0.635342727739595,-5.41357305597461,0.196991936735346,"C1TC","sp|P11586|C1TC_HUMAN",0.00161128938035881,15.5848425313422,0.0128536391808221,0.989963615209509,0.998674325310052,-6.14972853613477,0.000576115157713409,"P11586"
"1106",-0.362998238945878,12.7780935622669,-1.32022165964933,0.211558119956826,0.635342727739595,-5.41374318597419,0.196991936735346,"ISK5","sp|Q9NQ38|ISK5_HUMAN",0.385390843140036,12.6518768836855,1.581401653685,0.140730503059655,0.724922900959771,-4.9802561628679,0.139708180281757,"Q9NQ38"
"1107",0.248575720515497,15.4650601877287,1.31913176512876,0.211911009006398,0.635342727739595,-5.41504807195929,0.196991936735346,"RAB5B","sp|P61020|RAB5B_HUMAN",-0.226654324017557,15.3524810012924,-1.25840052867983,0.233056979284196,0.766165792444393,-5.3818573762964,0.115677242178419,"P61020"
"1108",0.471367462199576,18.2136928452687,1.31896408258645,0.211965344334625,0.635342727739595,-5.41524876110519,0.196991936735346,"K1C13","sp|P13646|K1C13_HUMAN",-0.0812918940143321,18.2559226744688,-0.263967062624122,0.796449732746276,0.973542616980155,-6.11376529317028,0.0116450324190306,"P13646"
"1109",0.133198704523798,13.6315302912562,1.31814084005245,0.212232270205997,0.635342727739595,-5.4162337785488,0.196991936735346,"TPST1","sp|O60507|TPST1_HUMAN",0.123047225044166,13.7984244464861,1.03342272260949,0.322531822643677,0.823207854373805,-5.62074437954928,0.0844904945443003,"O60507"
"1110",0.522287290360896,11.2164138380986,1.31801118005485,0.212274335788837,0.635342727739595,-5.41638887674838,0.196991936735346,"LSS","sp|P48449|LSS_HUMAN",0.0694616195959793,11.0551954678687,0.188602149530216,0.853673402183424,0.980636721353978,-6.13138309158135,0.00849184800315778,"P48449"
"1111",0.170557430033526,22.0254531166256,1.31779920185215,0.212343122509463,0.635342727739595,-5.41664241913278,0.196991936735346,"LV310","sp|A0A075B6K4|LV310_HUMAN",0.308530782641857,21.7687572125403,2.43849944083541,0.0319290023342625,0.564461874265568,-3.68595489579759,0.248365386520688,"A0A075B6K4"
"1112",-0.165041851027464,19.4743167867545,-1.31732148502524,0.212498207814067,0.635342727739595,-5.4172136955989,0.196991936735346,"PAI1","sp|P05121|PAI1_HUMAN",-0.109619295890109,19.6942723708424,-1.10079266130683,0.293369472943379,0.805074050651298,-5.55311446113567,0.0941641714207435,"P05121"
"1113",0.357945311342298,12.995029684802,1.3165066511454,0.21276294746934,0.635342727739595,-5.4181877610911,0.196991936735346,"DDRGK","sp|Q96HY6|DDRGK_HUMAN",0.685173500390197,13.2021087956306,4.24655941199421,0.00122967077225958,0.170053220547065,-0.668480565225216,0.769415138782276,"Q96HY6"
"1114",-0.399952594747503,12.7795702095524,-1.31637211798883,0.212806683170243,0.635342727739595,-5.41834854153867,0.196991936735346,"WDR91","sp|A4D1P6|WDR91_HUMAN",-0.0994470451818382,12.5274002908982,-0.317897650324411,0.756228769792407,0.967217051958264,-6.09760395017924,0.0144760555032612,"A4D1P6"
"1115",0.215590076761455,18.1968823872912,1.31619074945685,0.212865656296002,0.635342727739595,-5.41856527576333,0.196991936735346,"CADM1","sp|Q9BY67|CADM1_HUMAN",0.164218480360702,18.1381237436255,1.43701705803935,0.177210311997957,0.73889576070505,-5.16751920071884,0.131416825128452,"Q9BY67"
"1116",-0.163876789976772,16.0611435644807,-1.31513729113428,0.213208458439634,0.635553562672101,-5.41982371706148,0.19684784244644,"LRC39","sp|Q96DD0|LRC39_HUMAN",0.0331791368523906,15.9806154371349,0.198537584912457,0.846071475048569,0.979774508889009,-6.12939359563251,0.00887386391301568,"Q96DD0"
"1117",0.236028475333445,22.8506102182913,1.3147970428501,0.213319273521157,0.635553562672101,-5.42023001271416,0.19684784244644,"FCGBP","sp|Q9Y6R7|FCGBP_HUMAN",0.426114793700664,22.7658612163047,3.9313632884537,0.00213542684061737,0.228628441419647,-1.18223606932166,0.640869744267571,"Q9Y6R7"
"1118",0.256322140299202,16.8761649476901,1.31408964501494,0.213549815373725,0.635669809170757,-5.42107447943141,0.196768414685489,"EMD","sp|P50402|EMD_HUMAN",0.393111104913685,16.743377030397,2.35162153607255,0.0373343820078204,0.564461874265568,-3.82719344362795,0.248365386520688,"P50402"
"1119",0.244178687403426,17.1936370355673,1.3112458751725,0.214478652713377,0.637862588132347,-5.42446589245485,0.195272869309253,"F222A","sp|Q5U5X8|F222A_HUMAN",0.159088876274094,17.230152390487,1.31509952077131,0.213953539775247,0.757046932651169,-5.31603680977699,0.120877195850511,"Q5U5X8"
"1120",0.244798581344431,16.2073573505506,1.30938231329491,0.215089114905234,0.638106637039286,-5.42668539314044,0.19510673819449,"GSTP1","sp|P09211|GSTP1_HUMAN",-0.0481244242260966,16.215757592281,-0.282745434967061,0.782368404098773,0.972723403089688,-6.108472945717,0.0120106351572695,"P09211"
"1121",0.226003273520513,14.9766394933323,1.30857339639931,0.215354538153929,0.638106637039286,-5.42764808724538,0.19510673819449,"DOK2","sp|O60496|DOK2_HUMAN",0.0766532513123609,14.9804535969331,0.429838098740384,0.675212668855564,0.952166153101057,-6.05471739240249,0.0212872605665086,"O60496"
"1122",0.227056837934762,20.4435556755275,1.30821006620929,0.215473841394256,0.638106637039286,-5.42808034446482,0.19510673819449,"KPYM","sp|P14618|KPYM_HUMAN",-0.0541942356906083,20.4846722149877,-0.332134898850184,0.745729038687712,0.965375638139256,-6.09284632210268,0.0153036650731462,"P14618"
"1123",0.20010953240805,18.0871059677,1.30816725889955,0.215487901158617,0.638106637039286,-5.42813126687085,0.19510673819449,"CRDL2","sp|Q6WN34|CRDL2_HUMAN",0.184217722631124,18.0186973061234,1.83233049702629,0.0927569098552236,0.650368547620527,-4.62938378846524,0.18684046975891,"Q6WN34"
"1124",-0.266327234553926,15.1185752098639,-1.30806342840695,0.215522006664971,0.638106637039286,-5.42825477567445,0.19510673819449,"PDZ1I","sp|Q13113|PDZ1I_HUMAN",-0.176897063015861,14.4325430208015,-1.13032323115791,0.281235833692044,0.799116190861596,-5.52239022922557,0.0973900700209744,"Q13113"
"1125",-0.332150772249053,12.6730105953007,-1.30694100466058,0.215890972827236,0.638467620997355,-5.42958946263282,0.194861122486299,"ST14","sp|Q9Y5Y6|ST14_HUMAN",0.00101726798536879,12.827497755556,0.00375105922793539,0.997071015950273,0.99998415467369,-6.14980697816494,6.88159230085131e-06,"Q9Y5Y6"
"1126",-0.182416389693444,22.0261574003507,-1.30652253474543,0.216028664772531,0.638467620997355,-5.43008685330893,0.194861122486299,"C1RL","sp|Q9NZP8|C1RL_HUMAN",-0.0619796031949498,22.0126607907468,-0.563254462738657,0.584016278326643,0.922575226651601,-5.98747928016737,0.0349982114153286,"Q9NZP8"
"1127",-0.271020086828687,12.4750241922438,-1.30427267984224,0.216770173774817,0.6391811096622,-5.43275899726659,0.194376068629448,"CYBP","sp|Q9HB71|CYBP_HUMAN",-0.00524165710509655,12.3288746198952,-0.0357200073432851,0.972114694647302,0.992753437395198,-6.14915213280175,0.00315860052277279,"Q9HB71"
"1128",-0.26804445678303,14.5210576580287,-1.30330240610321,0.217090595045924,0.6391811096622,-5.43391033586234,0.194376068629448,"DYHC1","sp|Q14204|DYHC1_HUMAN",-0.322362609038372,14.7433768970695,-1.47776161873671,0.166178955327921,0.729560784038851,-5.1158709745656,0.13693851861229,"Q14204"
"1129",0.133577905717108,21.685323687111,1.30325900028254,0.217104938284298,0.6391811096622,-5.43396182691358,0.194376068629448,"PTPRG","sp|P23470|PTPRG_HUMAN",0.0308150304139802,21.77079499282,0.334782613623393,0.743782212093237,0.965375638139256,-6.09193900645884,0.0153036650731462,"P23470"
"1130",-0.282669621286055,12.6811758901833,-1.30287159250203,0.217232989363953,0.6391811096622,-5.43442134115201,0.194376068629448,"SEZ6","sp|Q53EL9|SEZ6_HUMAN",0.167248061190929,12.1528483292884,0.506203957812444,0.622223466498947,0.932352002397294,-6.0183441828943,0.0304200921125771,"Q53EL9"
"1131",0.237777491490679,14.6880901211294,1.30016007531549,0.218130953332244,0.641254768919148,-5.4376347071846,0.192969392082748,"VWCE","sp|Q96DN2|VWCE_HUMAN",0.0233746662132324,14.8519574354237,0.142656699715923,0.889016312591579,0.986191942633613,-6.13926209695082,0.00603855005478495,"Q96DN2"
"1132",-0.219031712727877,17.4984004084536,-1.29836531350368,0.218726973774743,0.642366189007058,-5.4397589140183,0.192217326250703,"KTDAP","sp|P60985|KTDAP_HUMAN",-0.0415685550409849,17.5495426493756,-0.353252521585358,0.73025388139876,0.964219667992726,-6.08541357434587,0.0158240140959132,"P60985"
"1133",0.216995385827173,18.9233090235935,1.29785675269528,0.218896101165105,0.642366189007058,-5.4403604299474,0.192217326250703,"PROP","sp|P27918|PROP_HUMAN",0.275527929354509,18.6917587974903,2.14807309551296,0.0536516660524338,0.589635363006715,-4.15137059667473,0.229416477831962,"P27918"
"1134",0.348083710856759,7.49868924771711,0.401247100409372,0.709163357227057,0.924838185711828,-5.44042098279424,0.0339342469365609,"GOSR1","sp|O95249|GOSR1_HUMAN",-0.838161183268255,7.71646804983535,-1.7081208092999,0.153864856586566,0.728883053370811,-4.45215729498576,0.137342147059245,"O95249"
"1135",-0.392282112565808,12.2875091397758,-1.2965199704687,0.219341168354988,0.643103655274033,-5.44194071583353,0.191719021966243,"COCH","sp|O43405|COCH_HUMAN",-0.0890565083910078,12.1724042801166,-0.4330457923671,0.67294702573676,0.951227050525213,-6.05330467202436,0.0217158079617043,"O43405"
"1136",-0.171456308509721,17.4493442472942,-1.2952111713643,0.219777629344204,0.643814608820311,-5.44348674928638,0.191239172946979,"CASS4","sp|Q9NQ75|CASS4_HUMAN",0.00244602676313427,17.464675963115,0.0224331389183773,0.982484817625813,0.996597527414448,-6.14955310827164,0.00148019466003849,"Q9NQ75"
"1137",0.312530632417869,14.9777597354548,1.28965885762041,0.221637056823566,0.648421818776269,-5.45003256343679,0.188142379982208,"GABP2","sp|Q8TAK5|GABP2_HUMAN",0.211927279293598,14.9620216925584,1.42133815074601,0.181617130961363,0.74596764370848,-5.18713238216397,0.127280009609923,"Q8TAK5"
"1138",-0.278356791360172,13.1497203947905,-1.28934924879313,0.221741116092517,0.648421818776269,-5.45039695554544,0.188142379982208,"PEPL","sp|O60437|PEPL_HUMAN",-0.362985693375111,13.3480102095339,-1.53141618897136,0.152549686889074,0.728883053370811,-5.04640339125456,0.137342147059245,"O60437"
"1139",0.226570035124889,14.5054125593914,1.28874329353689,0.22194489152332,0.648446386413642,-5.45110994196843,0.188125925589536,"AIFM1","sp|O95831|AIFM1_HUMAN",-0.102494947153894,14.6006872703984,-0.499341320184328,0.626901469670863,0.934255822631249,-6.02184553738241,0.029534186784462,"O95831"
"1140",0.191402686944739,27.9212037296286,1.2881221682734,0.222153925622491,0.648486261337772,-5.45184051858485,0.18809922033302,"IGHG3","sp|P01860|IGHG3_HUMAN",0.184763941464982,27.6771979398773,1.35264826902144,0.202020786581235,0.755926708752107,-5.27128894807192,0.121520309693936,"P01860"
"1141",0.195349849985283,15.2141709409417,1.28698817193755,0.222535972505637,0.649030661464157,-5.45317366411151,0.187734785803412,"BIRC2","sp|Q13490|BIRC2_HUMAN",0.161596039943232,15.2746627711368,1.09215058216615,0.296994734167781,0.807673858820119,-5.56198281436432,0.0927639732705794,"Q13490"
"1142",0.31385408615473,14.1723832291717,1.2842654004342,0.223455451406635,0.651140160859194,-5.45637102259546,0.186325517521104,"LEG7","sp|P47929|LEG7_HUMAN",0.184211965417819,13.912397913517,0.857919523914435,0.408363920420577,0.867345430800147,-5.78000782553602,0.0618079050462365,"P47929"
"1143",-0.35200225335017,11.4033365820578,-1.28205749832649,0.224203310316237,0.652746304332974,-5.45896005380658,0.185255578351958,"NDUAD","sp|Q9P0J0|NDUAD_HUMAN",-0.0805747955157368,11.5943464601419,-0.237033506337887,0.81677707642145,0.976540152493457,-6.12072877904802,0.010309895081874,"Q9P0J0"
"1144",-0.246845070418333,14.1226636196552,-1.2799017808074,0.224935441426181,0.653587662720086,-5.46148467753466,0.18469615424669,"NEUT","sp|P30990|NEUT_HUMAN",-0.003752112935288,14.0996537129848,-0.0206414093660654,0.983883525932637,0.996936243804291,-6.14959316097276,0.00133261485719963,"P30990"
"1145",0.227968524270761,16.4813319031741,1.27964556203145,0.225022587306572,0.653587662720086,-5.46178453141213,0.18469615424669,"EHD4","sp|Q9H223|EHD4_HUMAN",-0.00200457244791245,16.5056796394321,-0.0101135435451746,0.992103048027584,0.99872308656462,-6.14976119680161,0.000554910820842213,"Q9H223"
"1146",-0.270726576467493,15.751691967438,-1.27919984386524,0.225174251170355,0.653587662720086,-5.4623060500994,0.18469615424669,"PUR9","sp|P31939|PUR9_HUMAN",0.0624894244967007,15.939343282702,0.436614405497417,0.670430411434863,0.949704880730819,-6.05172106784132,0.0224113300607842,"P31939"
"1147",-0.543531945373227,10.0196830978035,-1.2788892365517,0.225279989801681,0.653587662720086,-5.46266940003555,0.18469615424669,"TM41B","sp|Q5BJD5|TM41B_HUMAN",0.10405232605924,10.5429278675203,0.29990613696377,0.769570338611963,0.970650420596958,-6.1033232623013,0.0129371529359489,"Q5BJD5"
"1148",0.19304147892842,13.9259109880998,1.27687278185352,0.225967416366189,0.655009480278936,-5.46502665086211,0.183752414202059,"CADH2","sp|P19022|CADH2_HUMAN",0.18941579095442,13.6124109155751,0.861405675786697,0.406519316589633,0.867345430800147,-5.77709224632717,0.0618079050462365,"P19022"
"1149",-0.218710999641469,14.1990055133902,-1.27583808140877,0.226320810370922,0.655461404555925,-5.46623514112599,0.183452875723508,"XRCC5","sp|P13010|XRCC5_HUMAN",-0.256115009273485,14.5241984227934,-1.46827729785402,0.16869326430005,0.730218139886144,-5.12797998230851,0.136547382623484,"P13010"
"1150",0.149409830584881,22.5836629798538,1.27497182801792,0.226617014929023,0.655747055404906,-5.46724632665429,0.183263650908058,"SPRL1","sp|Q14515|SPRL1_HUMAN",-0.00407621519805359,22.6077208976112,-0.0466053448807406,0.963622810539039,0.991439396338831,-6.14868712019647,0.00373382774212562,"Q14515"
"1151",0.143272578337124,21.6589165426149,1.27357037891103,0.227096884174037,0.656337226481141,-5.4688811597112,0.182872962500901,"FGFR1","sp|P11362|FGFR1_HUMAN",0.103510069622625,21.6374379280048,1.25225885627796,0.235206352424382,0.766165792444393,-5.38885779419034,0.115677242178419,"P11362"
"1152",-0.200829504975484,20.8213008228368,-1.27315510562366,0.227239234663423,0.656337226481141,-5.46936532942237,0.182872962500901,"1433G","sp|P61981|1433G_HUMAN",-0.167824829444355,20.8732265675047,-1.32088832431231,0.212077094168282,0.757046932651169,-5.30919743091716,0.120877195850511,"P61981"
"1153",0.311248106009505,12.9290248295085,1.27264490235081,0.227414224300486,0.656337226481141,-5.469960016271,0.182872962500901,"MCMD2","sp|Q4G0Z9|MCMD2_HUMAN",0.281220930692854,12.5224036606882,0.962065737835488,0.355699751490577,0.846003487579491,-5.68852064226469,0.0726278466141605,"Q4G0Z9"
"1154",-0.198404600463226,12.880604422429,-1.27186934643932,0.227680432390955,0.656466388032757,-5.47086365205818,0.182787505470311,"NECT2","sp|Q92692|NECT2_HUMAN",0.191004000142351,12.7732986257396,1.64078236724098,0.127733532643223,0.704379028355585,-4.89996420380108,0.152193582865223,"Q92692"
"1155",-0.200767081221872,14.4847465368819,-1.27112960383644,0.227934581253925,0.656466388032757,-5.47172517445452,0.182787505470311,"TOLIP","sp|Q9H0E2|TOLIP_HUMAN",-0.0139066374536179,14.6324139103596,-0.107362117563681,0.91634154784515,0.986613644973353,-6.14383521923468,0.00585288249271538,"Q9H0E2"
"1156",0.247114932343196,11.7486557647161,1.27078704700364,0.228052348720027,0.656466388032757,-5.47212399694221,0.182787505470311,"MPC2","sp|O95563|MPC2_HUMAN",-0.44636871688647,11.8399059324387,-1.46806911865522,0.168748813887518,0.730218139886144,-5.12824518849567,0.136547382623484,"O95563"
"1157",-0.286962794500397,13.1414832482919,-1.26965763241018,0.228440976454305,0.656926382216214,-5.47343834768644,0.182483296480774,"OGRL1","sp|Q5TC84|OGRL1_HUMAN",-0.159679718630148,13.1029644448335,-0.751145129167118,0.467574184059589,0.891884320053894,-5.86421833649718,0.0496914712070623,"Q5TC84"
"1158",0.158340520805284,16.5837607840663,1.26917269289386,0.22860800586313,0.656926382216214,-5.47400242398889,0.182483296480774,"PYGB","sp|P11216|PYGB_HUMAN",0.108021285744797,16.6185930832763,0.766485008843184,0.458747166270237,0.89072334793151,-5.85273472219021,0.0502571636661918,"P11216"
"1159",-0.194358449368811,16.3137149317933,-1.2678674510038,0.229058062765228,0.657415154284688,-5.47551986147744,0.182160289079522,"XPP3","sp|Q9NQH7|XPP3_HUMAN",-0.172281640760056,16.385114274975,-1.25507481641043,0.234218896576769,0.766165792444393,-5.38565127959414,0.115677242178419,"Q9NQH7"
"1160",0.150227606837886,15.8364443590739,1.26669307769138,0.229463603620221,0.657415154284688,-5.47688415034685,0.182160289079522,"VLDLR","sp|P98155|VLDLR_HUMAN",-0.000587117564135604,15.9295105623083,-0.0038577399633852,0.99698771560955,0.99998415467369,-6.149806556897,6.88159230085131e-06,"P98155"
"1161",-0.161969778938269,16.6611988971104,-1.26655172050178,0.229512456717151,0.657415154284688,-5.47704830313494,0.182160289079522,"AMPD2","sp|Q01433|AMPD2_HUMAN",0.0749431263355607,16.7491801532731,0.693410720767891,0.501740132250024,0.904549429080842,-5.90554808450742,0.0435676961446663,"Q01433"
"1162",-0.388080273586334,8.75218222621117,-1.17392046680078,0.267848939216905,0.690119766680081,-5.47779243767271,0.161075533183564,"M3K7","sp|O43318|M3K7_HUMAN",-0.218036415787137,8.69540017911993,-0.328791385128894,0.749397762696021,0.965663208308992,-5.9877152963477,0.0151743148645484,"O43318"
"1163",0.143225803944005,17.0756568235281,1.2658982355471,0.229738409979666,0.657415154284688,-5.47780699128382,0.182160289079522,"PDLI5","sp|Q96HC4|PDLI5_HUMAN",0.188053879224315,17.1163831053296,1.48095505663344,0.165339584380498,0.728883053370811,-5.11178209996294,0.137342147059245,"Q96HC4"
"1164",-0.301208323802427,14.6206046503157,-1.26581131359554,0.229768478147104,0.657415154284688,-5.47790788439431,0.182160289079522,"KPCT","sp|Q04759|KPCT_HUMAN",-0.470336247945475,14.7590228587252,-1.21558651848822,0.248372726110654,0.774036692921372,-5.43011974802779,0.111238451260826,"Q04759"
"1165",-0.220223722040003,15.6449483558461,-1.26494032267977,0.230069947151058,0.657710727471458,-5.47891858337231,0.181965074601646,"CRLF3","sp|Q8IUI8|CRLF3_HUMAN",-0.108751578814781,15.6340292355329,-0.663275415061806,0.52015534244541,0.908128509918929,-5.92591801712444,0.0418526898054166,"Q8IUI8"
"1166",0.287136970686482,13.3187955080277,1.2638075592891,0.230462496430822,0.658265942903527,-5.48023225893944,0.181598613678515,"MET7A","sp|Q9H8H3|MET7A_HUMAN",0.143433840542649,13.5947717632775,0.623193448537523,0.545250536841302,0.912613568562101,-5.95171286566878,0.0397130785089623,"Q9H8H3"
"1167",0.206236340214603,16.3769248930526,1.26232402903756,0.230977413902309,0.65916942110212,-5.48195137932085,0.181002947783397,"STX7","sp|O15400|STX7_HUMAN",-0.0865301328118551,16.5162669369616,-0.624204571019223,0.544609174129721,0.912613568562101,-5.95108053008416,0.0397130785089623,"O15400"
"1168",0.293333738336114,11.9720811762408,1.25946382155053,0.231972766516184,0.661429500842407,-5.48526149581003,0.179516438742931,"TRPC6","sp|Q9Y210|TRPC6_HUMAN / sp|Q9HCX4|TRPC7_HUMAN",-0.0487922562284316,11.9527145877351,-0.194919859671049,0.848837678162586,0.980342486398055,-6.13012975930039,0.00862217536021909,"Q9Y210"
"1169",-0.345027989926337,11.7366476649783,-1.25890415397458,0.232167932654837,0.661429500842407,-5.48590853522819,0.179516438742931,"EI2BB","sp|P49770|EI2BB_HUMAN",0.283617509275731,11.7046286877211,1.25336373049768,0.234818515314365,0.766165792444393,-5.38760032429352,0.115677242178419,"P49770"
"1170",-0.408984287248933,11.884220159818,-1.25798757240098,0.232487845375011,0.661646927838865,-5.48696773831352,0.179373699678759,"RPN2","sp|P04844|RPN2_HUMAN",-0.128787818406141,12.0416805601602,-0.299234714455488,0.77006976279425,0.970650420596958,-6.10353035963112,0.0129371529359489,"P04844"
"1171",0.254429677870555,13.0164224903854,1.25754353424064,0.232642954139185,0.661646927838865,-5.48748065976107,0.179373699678759,"GAL3A","sp|P0DPI2|GAL3A_HUMAN / sp|A0A0B4J2D5|GAL3B_HUMAN",0.259502751361718,13.1184331454742,1.30349531151522,0.21775591339278,0.757046932651169,-5.32968113866609,0.120877195850511,"P0DPI2"
"1172",0.182972160957162,20.7329323929313,1.25240907500069,0.234442520076403,0.666194113128065,-5.49340166629089,0.176399209302141,"ITB1","sp|P05556|ITB1_HUMAN",0.0584593874263643,20.7707379613421,0.469102956485635,0.64771502548153,0.941197234759129,-6.03672790968514,0.0263193574528965,"P05556"
"1173",0.176293393816601,17.1609901664528,1.25041872046902,0.235143103817984,0.667613311866456,-5.49569198512998,0.175475012297603,"B3GN2","sp|Q9NY97|B3GN2_HUMAN",-0.0825797063591123,17.1744435717577,-0.816678423260176,0.430612913826228,0.872562730586235,-5.81370952383943,0.0592033407950018,"Q9NY97"
"1174",-0.314493272184789,9.55237307263556,-1.2063848799567,0.253162871721632,0.679578887434161,-5.49665419654622,0.167760121876667,"ROA2","sp|P22626|ROA2_HUMAN",0.29046057389636,9.36707281349167,0.876821254544119,0.39843030409272,0.866973336418611,-5.76407613262113,0.0619942589532371,"P22626"
"1175",-0.17326922170681,15.1880792830013,-1.24896126416383,0.235657173788802,0.66842787718386,-5.49736734020188,0.174945445890174,"TSN14","sp|Q8NG11|TSN14_HUMAN",-0.295973060558582,15.2407889648328,-2.42772361818161,0.0325558661632303,0.564461874265568,-3.70355354409836,0.248365386520688,"Q8NG11"
"1176",-0.441724306152157,18.2605725693533,-1.24740428897908,0.236207337508829,0.66842787718386,-5.49915545378407,0.174945445890174,"DMBT1","sp|Q9UGM3|DMBT1_HUMAN",0.176525178943554,17.8663573856044,0.372815512130212,0.71602810482917,0.960820446915146,-6.07812866585636,0.0173577634237046,"Q9UGM3"
"1177",0.232773507283115,12.8352994807775,1.24739338898524,0.23621119268066,0.66842787718386,-5.49916796594792,0.174945445890174,"PAR4","sp|Q96RI0|PAR4_HUMAN",-0.0395468282455459,13.034325624729,-0.198181918948596,0.846343331420545,0.979774508889009,-6.1294665652084,0.00887386391301568,"Q96RI0"
"1178",-0.206406231459473,17.3689296770174,-1.24731613395543,0.23623851811947,0.66842787718386,-5.49925664504763,0.174945445890174,"MYCT1","sp|Q8N699|MYCT1_HUMAN",-0.342440682427418,17.349131129442,-2.90651673605998,0.0136207372995912,0.457044243427612,-2.90605041233539,0.340041756721354,"Q8N699"
"1179",0.679938088758587,9.3677354191321,1.24632629904126,0.236588850452486,0.66842787718386,-5.50039248225012,0.174945445890174,"SEC13","sp|P55735|SEC13_HUMAN",-0.0858507935930856,9.55415123386308,-0.163886055550792,0.872649815523722,0.985144468613344,-6.1358918655194,0.00650007679081748,"P55735"
"1180",-0.304648349347935,12.8083964735926,-1.24618647528041,0.236638371705645,0.66842787718386,-5.50055287500332,0.174945445890174,"SRPRB","sp|Q9Y5M8|SRPRB_HUMAN",0.146411511341378,12.9339008906471,0.596288333450998,0.562471589342181,0.914734232457629,-5.96818679073707,0.0387050678382534,"Q9Y5M8"
"1181",-0.179891403537182,16.0664408363343,-1.24487735160255,0.237102424374747,0.668802580514684,-5.50205391559385,0.174702059879558,"F177A","sp|Q8N128|F177A_HUMAN",-0.115750589909743,16.1604713260271,-0.985901174128286,0.344357799314937,0.842302006615039,-5.66633182145603,0.0745321646880175,"Q8N128"
"1182",0.169915227070716,15.5438956443076,1.2446755025852,0.237174039549799,0.668802580514684,-5.50228524881917,0.174702059879558,"PFKAM","sp|P08237|PFKAM_HUMAN",-0.00853461093115589,15.5854690137445,-0.0590710442868984,0.953903863566099,0.989471316190957,-6.14800361717355,0.00459679104883991,"P08237"
"1183",0.218667864566828,16.8167142429864,1.24397132470309,0.237424014031778,0.66893913630855,-5.50309206294792,0.174613394889586,"GNPTG","sp|Q9UJJ9|GNPTG_HUMAN",0.223415188798913,16.8686231249365,1.49022709898325,0.162922961326968,0.728883053370811,-5.09987702015293,0.137342147059245,"Q9UJJ9"
"1184",-0.401845483368549,10.6994736450666,-1.24314402542889,0.237717963584876,0.669199254570147,-5.50403949992678,0.17444455147571,"GAK","sp|O14976|GAK_HUMAN",0.675731383885707,10.5646768728328,2.09737921108378,0.0586621679529904,0.607868733149162,-4.23037493157018,0.216190194779748,"O14976"
"1185",0.181689976616938,14.2966173938981,1.2398741083487,0.238882646852774,0.671298703627579,-5.50777956505043,0.173084191498131,"PNKD","sp|Q8N490|PNKD_HUMAN",0.107780969785045,14.3165153708704,0.671442324912303,0.515125877754198,0.907970131840623,-5.92047990448857,0.0419284375914184,"Q8N490"
"1186",0.468739030613847,14.7284045630289,1.2398053520203,0.23890718529918,0.671298703627579,-5.50785812657155,0.173084191498131,"TAOK1","sp|Q7L7X3|TAOK1_HUMAN",0.421497589378345,14.7531044106241,1.1064885509128,0.290998570290337,0.804174755558491,-5.54723883106677,0.0946495642767864,"Q7L7X3"
"1187",0.518196509041603,13.02444712917,1.23934782419556,0.239070523557637,0.671298703627579,-5.5083808168684,0.173084191498131,"ASPC1","sp|Q9BZE9|ASPC1_HUMAN",0.0715866224866416,12.758610954531,0.197498150288848,0.846866034200675,0.980037785046039,-6.12960648442894,0.00875717989867734,"Q9BZE9"
"1188",0.214413451999049,19.0445465288155,1.23816169059453,0.239494389678002,0.671308869622504,-5.5097351979836,0.173077614691048,"HGFL","sp|P26927|HGFL_HUMAN",0.0610637018069519,19.0681022542055,0.439690709633651,0.668264337285609,0.94774808610711,-6.05034585404377,0.0233070839196867,"P26927"
"1189",-0.399957876010034,12.268645529861,-1.23813053349199,0.239505531764169,0.671308869622504,-5.50977076124199,0.173077614691048,"GSDMD","sp|P57764|GSDMD_HUMAN",-0.280418395382744,12.404382579712,-1.72961189608116,0.110266166727106,0.682680706426259,-4.77658065260944,0.165782370783907,"P57764"
"1190",0.382514207647183,11.6157118989122,1.23714197174242,0.239859265530406,0.671308869622504,-5.51089876824739,0.173077614691048,"SHPS1","sp|P78324|SHPS1_HUMAN",0.201343537489754,11.3710106618592,1.10066855950572,0.293421293198223,0.805074050651298,-5.55324220888772,0.0941641714207435,"P78324"
"1191",0.210508105477925,16.0982655344162,1.23707514326513,0.239883193543926,0.671308869622504,-5.51097499865128,0.173077614691048,"SODM","sp|P04179|SODM_HUMAN",-0.305056154723167,16.1062930309567,-2.42774654712325,0.0325545197385274,0.564461874265568,-3.70351612054868,0.248365386520688,"P04179"
"1192",-0.588450222470691,11.6720026450237,-1.23568510968977,0.24038132759947,0.671549405800265,-5.51255987966656,0.172922030832753,"CREG1","sp|O75629|CREG1_HUMAN",-0.530298877668884,11.6409261325365,-2.46174794502241,0.030616177519459,0.564461874265568,-3.64791372601656,0.248365386520688,"O75629"
"1193",0.405634581956994,10.8207940426207,1.23562783157321,0.240401871497751,0.671549405800265,-5.51262515753278,0.172922030832753,"HEPS","sp|P05981|HEPS_HUMAN",-0.277728931363735,11.1317825981847,-0.707969139142248,0.492985499067102,0.90299054713229,-5.89541018693013,0.0443167960317572,"P05981"
"1194",-0.281187503036081,13.4400722668376,-1.23418345506764,0.240920386837953,0.671549405800265,-5.51427049875803,0.172922030832753,"PGTA","sp|Q92696|PGTA_HUMAN",-0.23582117775876,13.0732468346757,-1.23857272970861,0.240053208078086,0.769006415303954,-5.40436504183429,0.114070037156325,"Q92696"
"1195",0.193747326336046,20.1310594201661,1.23407247984942,0.24096026249633,0.671549405800265,-5.51439685378742,0.172922030832753,"L1CAM","sp|P32004|L1CAM_HUMAN",0.0386817539441464,20.1882441175558,0.29638487765945,0.772190758371704,0.970950409826952,-6.10440429540018,0.0128029506156658,"P32004"
"1196",-0.243513992500866,15.3239701576003,-1.2327839867339,0.241423628690288,0.671549405800265,-5.51586328042325,0.172922030832753,"PSME1","sp|Q06323|PSME1_HUMAN",-0.0352863463110551,15.0574191505396,-0.142477528268957,0.889154682607964,0.986191942633613,-6.13928856234684,0.00603855005478495,"Q06323"
"1197",-0.175407075984363,14.6624687951808,-1.23252371487502,0.241517313259053,0.671549405800265,-5.51615935213132,0.172922030832753,"LMNB2","sp|Q03252|LMNB2_HUMAN",0.0531668712049997,14.7074819999975,0.280553162439856,0.784008267589812,0.972723403089688,-6.10910928476707,0.0120106351572695,"Q03252"
"1198",0.392508377977352,11.0727339483909,1.23243672321147,0.241548632255408,0.671549405800265,-5.51625829865532,0.172922030832753,"VPS36","sp|Q86VN1|VPS36_HUMAN",0.44955415101365,11.2850939620354,1.68720731178159,0.11832040218225,0.697332628869831,-4.83595391338683,0.15656001325975,"Q86VN1"
"1199",-0.182077891778192,15.7897988248842,-1.23232787459277,0.241587824804313,0.671549405800265,-5.51638209831089,0.172922030832753,"RLA0","sp|P05388|RLA0_HUMAN",-0.153775558035708,16.0668676758464,-1.24489307161262,0.237805062631917,0.767034694214249,-5.39721961319639,0.115184991768055,"P05388"
"1200",0.18040430044777,16.6962692692124,1.2316716792924,0.241824204685969,0.671643962638269,-5.51712824891923,0.172860884740158,"WFKN2","sp|Q8TEU8|WFKN2_HUMAN",0.318339454588079,16.5570967272125,2.00965291492097,0.0683847748526267,0.609740800734631,-4.36519750300293,0.214854743241087,"Q8TEU8"
"1201",-0.147672229363924,15.2640912656266,-1.22931210289278,0.24267570895607,0.673296887587762,-5.51980877707478,0.171793393116466,"LRC8A","sp|Q8IWT6|LRC8A_HUMAN",-0.0654629454545817,15.3698063617901,-0.466137316193503,0.649773641712817,0.941197234759129,-6.03813946477801,0.0263193574528965,"Q8IWT6"
"1202",0.427755729467879,10.7632103966993,1.22847065551841,0.242979938818329,0.673296887587762,-5.52076372669832,0.171793393116466,"RBPS2","sp|Q6ZRY4|RBPS2_HUMAN",0.0282181951808646,11.0429405373889,0.142935237804781,0.888801211605313,0.986191942633613,-6.13922088831683,0.00603855005478495,"Q6ZRY4"
"1203",-0.255004734940024,15.240689289354,-1.22679456171728,0.24358684176973,0.673296887587762,-5.52266441436879,0.171793393116466,"SAR1A","sp|Q9NR31|SAR1A_HUMAN",-0.209366980619947,15.3136618649162,-1.0511154414333,0.314672161970172,0.816736289063895,-5.60332011796765,0.0879181474969977,"Q9NR31"
"1204",-0.194698266666427,12.9918389926458,-1.22638697604746,0.243734607630333,0.673296887587762,-5.52312631513189,0.171793393116466,"NCF1","sp|P14598|NCF1_HUMAN / sp|A6NI72|NCF1B_HUMAN / sp|A8MVU1|NCF1C_HUMAN",-0.0393704965487585,13.168729568636,-0.200787709041565,0.844352056260844,0.979774508889009,-6.1289289424275,0.00887386391301568,"P14598"
"1205",0.516958014983753,9.86502984002478,1.22637963017595,0.243737271450379,0.673296887587762,-5.52313463883854,0.171793393116466,"RO60","sp|P10155|RO60_HUMAN",0.392342941697474,9.91837201341341,1.53682100456547,0.151231628627521,0.728883053370811,-5.03931646339266,0.137342147059245,"P10155"
"1206",0.212177828093126,14.3477272360135,1.22632852276782,0.243755805076313,0.673296887587762,-5.52319254827752,0.171793393116466,"DHRS7","sp|Q9Y394|DHRS7_HUMAN",-0.111627560495718,14.0968964121155,-0.700463413596087,0.497487407542747,0.903151205766242,-5.9006609358259,0.0442395339250954,"Q9Y394"
"1207",0.220620679931573,14.8429242767554,1.22609813498429,0.243839366941998,0.673296887587762,-5.52345357605061,0.171793393116466,"MFAP4","sp|P55083|MFAP4_HUMAN",0.214175865428329,14.9348329905161,1.58227835483964,0.140530512402686,0.724922900959771,-4.97908404645508,0.139708180281757,"P55083"
"1208",-0.299639061892612,11.9449199153859,-1.22515333716246,0.244182283686043,0.673557227045124,-5.52452363197992,0.171625499667675,"MSRA","sp|Q9UJ68|MSRA_HUMAN",-0.0629301092626517,12.0527687874921,-0.338383955371711,0.741137178837811,0.965375638139256,-6.09069357298944,0.0153036650731462,"Q9UJ68"
"1209",-0.108529455367166,20.4579133544523,-1.22472044583266,0.244339530389373,0.673557227045124,-5.52501370314671,0.171625499667675,"HS71A","sp|P0DMV8|HS71A_HUMAN / sp|P0DMV9|HS71B_HUMAN",-0.106188529335565,20.5300528234126,-1.11723130648641,0.286566726605764,0.803677098634372,-5.53609122074378,0.0949184070341135,"P0DMV8"
"1210",-0.217548680159178,16.4809857805512,-1.22405277968034,0.244582215870566,0.673666700808637,-5.52576929950116,0.171554919193964,"KAP3","sp|P31323|KAP3_HUMAN",0.0470781441152148,16.4932998124172,0.429628237722899,0.67536101362641,0.952166153101057,-6.05480946461051,0.0212872605665086,"P31323"
"1211",-0.250058544499881,12.318009027608,-1.22111694954644,0.245651608905815,0.675346869140978,-5.52908801676533,0.170473109152967,"AP1G1","sp|O43747|AP1G1_HUMAN",0.241650208119632,12.5240835982981,1.62320703457283,0.131465894822508,0.708220132409959,-4.92391730925643,0.149831731813607,"O43747"
"1212",0.200351435381599,13.6229070234327,1.22085891251751,0.245745777173269,0.675346869140978,-5.52937941385823,0.170473109152967,"VNN2","sp|O95498|VNN2_HUMAN",0.0529863466845524,13.8977890600546,0.232377839370729,0.820305497183416,0.976540152493457,-6.12185736913956,0.010309895081874,"O95498"
"1213",0.516538716192282,13.545237794075,1.21993655985933,0.246082615117693,0.675346869140978,-5.53042062484839,0.170473109152967,"DBLOH","sp|Q9NR28|DBLOH_HUMAN",0.463980682465129,13.9312838143058,1.2999327826692,0.21893424395642,0.757046932651169,-5.33385227259352,0.120877195850511,"Q9NR28"
"1214",0.463129663610919,10.3025448999256,1.21911106101027,0.246384392462691,0.675346869140978,-5.53135198777542,0.170473109152967,"ODB2","sp|P11182|ODB2_HUMAN",0.275506767232556,10.2774799231621,0.952759328946561,0.360199965113494,0.849682789063033,-5.69705970597423,0.0707431786054195,"P11182"
"1215",-0.20516571677036,20.6786274751396,-1.21885383900462,0.246478484858388,0.675346869140978,-5.53164209747665,0.170473109152967,"1433F","sp|Q04917|1433F_HUMAN",-0.166914079433365,20.7473615010277,-1.2425597922877,0.238633040798605,0.768954429524826,-5.39986067755853,0.114099396989636,"Q04917"
"1216",0.437908783848752,10.6297494126435,1.17410869507256,0.265329276060708,0.688341414430879,-5.53212486643799,0.16219610009944,"SMAD9","sp|O15198|SMAD9_HUMAN / sp|Q15796|SMAD2_HUMAN / sp|P84022|SMAD3_HUMAN",0.306192552822046,10.0847592499015,0.556542746884114,0.588446478760183,0.923616858095106,-5.99127233997445,0.0345081488266848,"O15198"
"1217",-0.160848656811325,15.1712892885801,-1.21792647912768,0.246817951300609,0.675346869140978,-5.53268763592437,0.170473109152967,"RSSA","sp|P08865|RSSA_HUMAN",-0.102591290491652,15.2305740441596,-1.03916694701334,0.319964273472223,0.820250808002062,-5.61511391668718,0.0860533331325101,"P08865"
"1218",-0.281522001472943,16.0189469741474,-1.21752078826071,0.246966573482425,0.675346869140978,-5.53314483360671,0.170473109152967,"NP1L1","sp|P55209|NP1L1_HUMAN",-0.0182744812894527,16.084988990261,-0.104588103715155,0.918494450415431,0.986613644973353,-6.14414005010345,0.00585288249271538,"P55209"
"1219",0.156596718091792,17.3458704376686,1.2173666996611,0.247023041375225,0.675346869140978,-5.53331845468122,0.170473109152967,"PCOC1","sp|Q15113|PCOC1_HUMAN",-0.137325097178979,17.3165203147751,-0.761950186435306,0.461345560511301,0.891272360498841,-5.85615130478563,0.0499895612977875,"Q15113"
"1220",-0.504391133003085,10.7013087987608,-1.21702207563421,0.247149370566103,0.675346869140978,-5.53370670246594,0.170473109152967,"CHSP1","sp|Q9Y2V2|CHSP1_HUMAN",0.0723248361344154,10.229344870408,0.113707909731456,0.911419245521597,0.986613644973353,-6.1431079534655,0.00585288249271538,"Q9Y2V2"
"1221",0.55094360443028,12.9880540075631,1.21681034576102,0.247227009944648,0.675346869140978,-5.53394519189399,0.170473109152967,"CHIT1","sp|Q13231|CHIT1_HUMAN",0.197642600420379,12.2759634419189,0.722566713483352,0.484301155833089,0.899237641029829,-5.88505209292764,0.0461255223383996,"Q13231"
"1222",0.240087427131029,9.80230808661912,1.12004888823159,0.28908607955711,0.714314617165127,-5.53485391690297,0.146110462728316,"TNNT1","sp|P13805|TNNT1_HUMAN",1.09213124828495,9.61729869868918,2.02205553770008,0.0669243528821282,0.609740800734631,-4.34629003608751,0.214854743241087,"P13805"
"1223",0.207216008690613,14.1676679341127,1.21556766577349,0.247683078028652,0.675793306753605,-5.5353442840929,0.170186113914142,"ACE","sp|P12821|ACE_HUMAN",0.115197819035768,14.1182367599956,0.862828002343837,0.405768352352887,0.867345430800147,-5.77589974227553,0.0618079050462365,"P12821"
"1224",-0.186723711668233,25.3120100997498,-1.21525572375506,0.247797666260662,0.675793306753605,-5.53569531631708,0.170186113914142,"C1R","sp|P00736|C1R_HUMAN",-0.0646846963834594,25.3605959692627,-0.578537989520098,0.573994236264741,0.916271872807246,-5.97868195714674,0.0379756449553353,"P00736"
"1225",0.391414999735941,12.4261406648972,1.21368239578885,0.248376248533335,0.676116247387877,-5.53746474326726,0.169978627640101,"VKORL","sp|Q8N0U8|VKORL_HUMAN",0.22578083584564,12.7705409586854,1.03958048431908,0.319780017039918,0.820250808002062,-5.61470758016353,0.0860533331325101,"Q8N0U8"
"1226",-0.358616703199267,11.385996509557,-1.21320421213562,0.248552309151959,0.676116247387877,-5.53800217728122,0.169978627640101,"PADI2","sp|Q9Y2J8|PADI2_HUMAN",-0.546115633109471,11.7360751670807,-2.40485576286998,0.0339258907521496,0.564461874265568,-3.740827398689,0.248365386520688,"Q9Y2J8"
"1227",-0.365977890905655,11.4446021821884,-1.21296842750605,0.248639158078573,0.676116247387877,-5.53826711717086,0.169978627640101,"AR6P1","sp|Q15041|AR6P1_HUMAN",-0.399161053136156,11.3834695193442,-0.95337597619255,0.359900529931791,0.849682789063033,-5.6964960773862,0.0707431786054195,"Q15041"
"1228",0.173967270371334,17.0813587810724,1.21223602535597,0.248909084002771,0.676116247387877,-5.53908982899055,0.169978627640101,"WASP","sp|P42768|WASP_HUMAN",0.0213282273851208,17.1061579944532,0.16817214638786,0.869352734637914,0.984019329631185,-6.13515506113017,0.00699637040025486,"P42768"
"1229",0.133560374911227,20.9585503114572,1.21210771304618,0.24895639716189,0.676116247387877,-5.53923392352166,0.169978627640101,"PLTP","sp|P55058|PLTP_HUMAN",0.0446752344985419,20.9923523313634,0.455837817540475,0.656946596384966,0.942800633562724,-6.04297481449891,0.0255801343014022,"P55058"
"1230",-0.43274857449319,8.87616575027691,-1.16635354474564,0.268320106715396,0.690119766680081,-5.54053805095704,0.161075533183564,"ARFG3","sp|Q9NP61|ARFG3_HUMAN",-0.419827171387078,9.04307963832944,-1.00114151861572,0.337244185511296,0.8365571387982,-5.65190608092228,0.0775043903653305,"Q9NP61"
"1231",-0.121140343225302,20.4038341286229,-1.21086189473251,0.249416142453962,0.676116247387877,-5.54063236349625,0.169978627640101,"HSP72","sp|P54652|HSP72_HUMAN",-0.201902636920271,20.5542826866316,-2.20494337307749,0.0485127908464638,0.589635363006715,-4.06186291932768,0.229416477831962,"P54652"
"1232",0.19496938506222,17.5105650620989,1.21059316205831,0.249515400896086,0.676116247387877,-5.54093387226496,0.169978627640101,"GRP75","sp|P38646|GRP75_HUMAN",0.178775721099761,17.6029324053498,0.95725151279888,0.358022681948933,0.848256894707053,-5.69294668616798,0.0714726016845444,"P38646"
"1233",-0.359941088719048,12.0524490814815,-1.21051096367195,0.249545767716224,0.676116247387877,-5.54102608569112,0.169978627640101,"SETD9","sp|Q8NE22|SETD9_HUMAN",0.346306043096337,12.0414214293698,1.54238631555674,0.149884713584586,0.728883053370811,-5.03200233049608,0.137342147059245,"Q8NE22"
"1234",-0.301942577803374,12.7142355797061,-1.20983002795799,0.249797440206016,0.676246088127054,-5.54178980054477,0.169895234136388,"MTAP","sp|Q13126|MTAP_HUMAN",0.200609364080633,13.0560753495527,1.26738078024439,0.229942655498655,0.763179673600035,-5.37157548571554,0.117373205076626,"Q13126"
"1235",0.228820578683335,15.0252946747217,1.20716732739999,0.250783492013278,0.677863231079275,-5.54477300841914,0.16885792262169,"S27A4","sp|Q6P1M0|S27A4_HUMAN",0.0470619652929038,15.2024634398412,0.282972203717314,0.782198839001272,0.972723403089688,-6.10840684415387,0.0120106351572695,"Q6P1M0"
"1236",0.157157173521066,21.0538238755097,1.20694533727413,0.250865837839623,0.677863231079275,-5.54502148982292,0.16885792262169,"PRG2","sp|P13727|PRG2_HUMAN",0.0676943665000795,21.1187406907592,0.619958820350455,0.547305138619818,0.912613568562101,-5.95372931764213,0.0397130785089623,"P13727"
"1237",0.151860965986687,16.4131523393548,1.20656355990656,0.251007505572892,0.677863231079275,-5.5454487440716,0.16885792262169,"TPST2","sp|O60704|TPST2_HUMAN",-0.0809371386388128,16.51885469342,-0.849126034545045,0.413041825624851,0.871139876784528,-5.78731610759816,0.0599121057979046,"O60704"
"1238",0.120365556157376,17.5418955188551,1.20537696004282,0.251448224735256,0.678174777408172,-5.54677602264763,0.168658366483837,"TWSG1","sp|Q9GZX9|TWSG1_HUMAN",-0.0440263734135577,17.6133304271757,-0.351290383360735,0.731686639496456,0.964602283830354,-6.08612307208026,0.0156517141602005,"Q9GZX9"
"1239",0.4048685895729,11.285829294617,1.20515284932961,0.25153153087962,0.678174777408172,-5.54702658959255,0.168658366483837,"ZFPL1","sp|O95159|ZFPL1_HUMAN",0.611612951870179,11.1128388711551,2.80585614658762,0.0163722263623137,0.483041313812467,-3.07569337262597,0.316015723092241,"O95159"
"1240",0.241801187834094,15.2464928225127,1.20400773066323,0.251957532321416,0.678289179110642,-5.54830632627735,0.168585111270556,"LV548","sp|A0A075B6I7|LV548_HUMAN",0.179915497737131,15.2197916176985,0.747970563673581,0.469414182620693,0.892806855517381,-5.86656870095046,0.0492424836148991,"A0A075B6I7"
"1241",-0.249087598534804,13.5175430019396,-1.20382900352291,0.252024072749795,0.678289179110642,-5.54850597925431,0.168585111270556,"RENR","sp|O75787|RENR_HUMAN",-0.429211514957626,13.7261832021226,-1.54162613724342,0.150068078513596,0.728883053370811,-5.03300238417691,0.137342147059245,"O75787"
"1242",0.148741304913705,19.0462303580899,1.20339138193305,0.25218705845813,0.678289179110642,-5.54899474178782,0.168585111270556,"PGFRB","sp|P09619|PGFRB_HUMAN",0.165902130842824,19.0203845209522,1.69807877558815,0.116207064783194,0.694998681119888,-4.82081311259353,0.158016019557941,"P09619"
"1243",0.126845941402843,19.2769536844461,1.20143733859804,0.25291582576586,0.679578887434161,-5.55117545651782,0.167760121876667,"PGS2","sp|P07585|PGS2_HUMAN",0.0370456942880875,19.3932894695214,0.391786613286511,0.702338652720205,0.956136992772092,-6.07069876657644,0.0194798787044241,"P07585"
"1244",0.140339368955578,19.4721261314111,1.20046031052271,0.253280832707459,0.679578887434161,-5.55226479069284,0.167760121876667,"COL10","sp|Q9Y6Z7|COL10_HUMAN",0.0892648800923844,19.6192626402201,0.93548301535201,0.368661178045146,0.854459811404915,-5.71272463811545,0.0683083590351486,"Q9Y6Z7"
"1245",-0.210514639937847,14.7321159100343,-1.19890823969842,0.253861521009191,0.679865299210668,-5.55399385325127,0.167577124947258,"SCAM3","sp|O14828|SCAM3_HUMAN",0.130856532426774,14.6447886567029,0.868239249157895,0.402919899896057,0.867111174600625,-5.77134716437473,0.0619252169179849,"O14828"
"1246",0.133764737538387,17.8335785751766,1.19820618632159,0.254124529246295,0.679865299210668,-5.55477539561209,0.167577124947258,"ANTR2","sp|P58335|ANTR2_HUMAN",0.0726275578021725,17.8203225486974,0.570381529955761,0.579331269214225,0.918681549222175,-5.9834045092263,0.0368350058969403,"P58335"
"1247",-0.533502083879883,13.6590267981827,-1.19766414910579,0.254327737556059,0.679865299210668,-5.55537856106467,0.167577124947258,"OSBL5","sp|Q9H0X9|OSBL5_HUMAN",-0.857991470569726,12.9857058430652,-1.92811501177035,0.0787469487343158,0.625265844136828,-4.48815336332276,0.203935294505077,"Q9H0X9"
"1248",0.176135735177721,16.2815949826942,1.19728258788485,0.254470860406288,0.679865299210668,-5.55580302573461,0.167577124947258,"VAPA","sp|Q9P0L0|VAPA_HUMAN",-0.163352948967873,16.2017166723842,-1.5536185860889,0.147197835279376,0.727155562999852,-5.01718900253777,0.138372669023747,"Q9P0L0"
"1249",-0.241030249154058,12.3000842381584,-1.19697001859765,0.254588151667262,0.679865299210668,-5.55615066261366,0.167577124947258,"P5CR3","sp|Q53H96|P5CR3_HUMAN",0.127289798105768,12.3437291917057,0.555699892651132,0.589004064002214,0.923616858095106,-5.99174563328616,0.0345081488266848,"Q53H96"
"1250",0.177020626168022,21.6805051549413,1.19689416632253,0.254616621548316,0.679865299210668,-5.55623501423188,0.167577124947258,"LV39","sp|A0A075B6K5|LV39_HUMAN",0.213689743556494,21.5421234872018,1.62975920201079,0.130063391248137,0.706570663749513,-4.91500574466314,0.150844398087405,"A0A075B6K5"
"1251",0.39005859109922,13.6732846321166,1.19535668558358,0.255194228450598,0.680204231680839,-5.55794387622329,0.167360670565718,"SH3L2","sp|Q9UJC5|SH3L2_HUMAN",-0.11720970240399,13.7078951710607,-0.298504833977179,0.770612792489601,0.970650420596958,-6.10375496996603,0.0129371529359489,"Q9UJC5"
"1252",-0.206543249244648,14.5154367947982,-1.19507085757928,0.255301722791657,0.680204231680839,-5.55826137695443,0.167360670565718,"SERPH","sp|P50454|SERPH_HUMAN",-0.208223344185503,14.4359737362696,-1.15625938462759,0.270900775726803,0.7878411521707,-5.4948759560495,0.103561337954553,"P50454"
"1253",0.155398169771772,14.7263797391146,1.19492023622351,0.255358382848546,0.680204231680839,-5.55842866497954,0.167360670565718,"CD177","sp|Q8N6Q3|CD177_HUMAN",0.345162374466156,14.8819837396308,1.71132362344679,0.113677798126451,0.691019435863903,-4.80229096459872,0.16050973732951,"Q8N6Q3"
"1254",0.317888405634222,12.4666016834124,1.19264283852655,0.256216287415328,0.681593377845768,-5.56095606425308,0.166474637694133,"ALDR","sp|P15121|ALDR_HUMAN",-0.589810438863756,12.2758542199283,-3.10024726679063,0.00955853457062876,0.417431266314695,-2.57821922577533,0.37941502465391,"P15121"
"1255",0.240882595585754,14.0006855399961,1.19244582243174,0.256290610289701,0.681593377845768,-5.56117453149942,0.166474637694133,"MEGF8","sp|Q7Z7M0|MEGF8_HUMAN",0.201637411375793,14.1007950103164,1.23059188748216,0.2429162085207,0.77039683551692,-5.41334852390864,0.113285509788458,"Q7Z7M0"
"1256",1.10325369307434,8.02682555004464,1.0299496337221,0.33016049022167,0.743744354296639,-5.56316985303819,0.128576317945239,"SYIC","sp|P41252|SYIC_HUMAN",-0.810249076631746,9.09150594822245,-0.747265325258601,0.474914953210579,0.894435501170711,-5.69835964351771,0.0484509714695499,"P41252"
"1257",-0.277735242879007,13.2121532951602,-1.19011580485318,0.257170875348873,0.682758644309124,-5.56375611026245,0.165732792613367,"VAS1","sp|Q15904|VAS1_HUMAN",-0.316181852728572,13.2862862071898,-1.26799204126117,0.229731896622679,0.763179673600035,-5.37087364697984,0.117373205076626,"Q15904"
"1258",0.326742625224645,13.5186499727497,1.18974943639125,0.257309502270332,0.682758644309124,-5.56416167598501,0.165732792613367,"DYH9","sp|Q9NYC9|DYH9_HUMAN",0.192939284509252,12.7741198906282,0.666450011499211,0.518196910086387,0.907970131840623,-5.92381143773831,0.0419284375914184,"Q9NYC9"
"1259",0.129442867518901,20.7646108525269,1.18965325128006,0.257345906607627,0.682758644309124,-5.56426813568435,0.165732792613367,"PODXL","sp|O00592|PODXL_HUMAN",-0.0529701181211279,20.8350825948128,-0.548729310181677,0.593625983783665,0.924268458929614,-5.99563385028707,0.0342018672020061,"O00592"
"1260",-0.131231405871422,16.4953217944663,-1.18623933291724,0.258640628720486,0.685645564475475,-5.56804238549966,0.16390032914971,"S10A9","sp|P06702|S10A9_HUMAN",-0.0976796460613343,16.8210794009944,-0.843153459356057,0.416239530659265,0.871380058403275,-5.7922422560309,0.0597923831477007,"P06702"
"1261",0.213385744956096,13.1715443128778,1.18462393664091,0.259255039320039,0.686203016839136,-5.56982533322193,0.16354737693314,"HGS","sp|O14964|HGS_HUMAN",0.029383578527543,13.276312481177,0.112657741941365,0.912233579001803,0.986613644973353,-6.14323118556036,0.00585288249271538,"O14964"
"1262",0.267861997329334,13.6951003321572,1.18414249427926,0.259438375024174,0.686203016839136,-5.57035634457064,0.16354737693314,"DSG1","sp|Q02413|DSG1_HUMAN",0.232168924321564,13.6134987499542,0.821041374947836,0.428221982775382,0.872187078027514,-5.8102134633694,0.0593903519470659,"Q02413"
"1263",0.194890976520157,16.984122776761,1.18405642366373,0.259471161835829,0.686203016839136,-5.5704512591955,0.16354737693314,"CD47","sp|Q08722|CD47_HUMAN",-0.216770388867826,17.1107501993406,-1.50851887193001,0.158243920281586,0.728883053370811,-5.07624733851689,0.137342147059245,"Q08722"
"1264",-0.217485848453684,13.0159842234321,-1.18260944788626,0.260022842476006,0.686711672915879,-5.5720461089254,0.163225570284741,"NUMB","sp|P49757|NUMB_HUMAN",0.242441657511671,13.1803527901722,1.43593609451837,0.177511213852144,0.739221729956418,-5.16887612463588,0.131225275200482,"P49757"
"1265",0.177643068070161,15.1725380089019,1.18246673297862,0.260077304264917,0.686711672915879,-5.57220332603834,0.163225570284741,"FREM2","sp|Q5SZK8|FREM2_HUMAN",0.153217613663677,15.4258203028044,1.31374693666159,0.214393931991873,0.757046932651169,-5.3176317220224,0.120877195850511,"Q5SZK8"
"1266",-0.158900275159517,17.711906533064,-1.18181463767793,0.260326265424727,0.686822635091153,-5.57292149633465,0.163155400562375,"TSG6","sp|P98066|TSG6_HUMAN",0.115870942305125,17.6362048559115,0.858249767804555,0.408188938670564,0.867345430800147,-5.77973207539676,0.0618079050462365,"P98066"
"1267",0.509716985719237,13.3940064110251,1.18090518519506,0.260673793043287,0.687193263789253,-5.57392258381622,0.162921106326836,"NIF3L","sp|Q9GZT8|NIF3L_HUMAN",0.583766915648882,14.1759173858172,1.28098887467159,0.225287442254442,0.759377171347676,-5.35589153552855,0.119542462906989,"Q9GZT8"
"1268",0.564076681389732,8.73059598204743,1.1344665345439,0.280895742512229,0.703086703920128,-5.57467764346842,0.152991114934393,"ABCE1","sp|P61221|ABCE1_HUMAN",0.597927587443058,8.7330195799662,1.02103633008414,0.328120048786342,0.826902385665808,-5.63279793515124,0.0825457551014147,"P61221"
"1269",0.202243016061178,18.590462846172,1.17994044496813,0.26104284375811,0.687582282149377,-5.5749838708184,0.162675322886522,"YES","sp|P07947|YES_HUMAN",-0.163697922160915,18.7370610048047,-0.966218653262467,0.353704587063233,0.845981129990384,-5.68468752162925,0.072639323996966,"P07947"
"1270",0.179521682893758,19.6290669244614,1.17917207169508,0.261337068300252,0.687582282149377,-5.57582865379927,0.162675322886522,"LV312","sp|A0A075B6K2|LV312_HUMAN",0.210882301656426,19.7272634194754,1.19924025730022,0.254426949853141,0.777364072933162,-5.44821089853579,0.109375534823134,"A0A075B6K2"
"1271",-0.254667121262952,17.5437612299214,-1.17889596930616,0.261442856303861,0.687582282149377,-5.57613210757469,0.162675322886522,"UTRN","sp|P46939|UTRN_HUMAN",4.87055271470961e-06,17.5714059857858,2.02925673317449e-05,0.99998415467369,0.99998415467369,-6.14981428033098,6.88159230085131e-06,"P46939"
"1272",0.125500603239275,21.0879981762383,1.17777452761863,0.261872877832005,0.687962176743729,-5.5773640701054,0.162435438047962,"PGCA","sp|P16112|PGCA_HUMAN",0.0427910937884745,21.2403336369634,0.491163577956902,0.632498220106134,0.93800786082764,-6.02595818682783,0.0277935220689503,"P16112"
"1273",0.188043473435609,15.1132310975488,1.17717570483275,0.262102724918652,0.687962176743729,-5.57802153227055,0.162435438047962,"ST1A3","sp|P0DMM9|ST1A3_HUMAN / sp|P0DMN0|ST1A4_HUMAN",-0.0259910408690176,15.0554982278075,-0.194450207953699,0.849196941366197,0.980342486398055,-6.13022434182752,0.00862217536021909,"P0DMM9"
"1274",0.137055536550632,14.2191469445708,1.17663717643108,0.262309563523841,0.687962176743729,-5.57861257204525,0.162435438047962,"GALT5","sp|Q7Z7M9|GALT5_HUMAN",0.100909357145914,13.8429008799771,0.666083725623989,0.518422653772308,0.907970131840623,-5.92405496920473,0.0419284375914184,"Q7Z7M9"
"1275",-0.210614649282185,13.3620596937713,-1.17607874577376,0.262524180669735,0.687962176743729,-5.57922523090601,0.162435438047962,"HOOK3","sp|Q86VS8|HOOK3_HUMAN",0.162086502647683,13.4493046672078,0.966060766022885,0.353780293142222,0.845981129990384,-5.68483350553739,0.072639323996966,"Q86VS8"
"1276",-0.316215987615626,12.4545162212096,-1.17539317676084,0.262787847124511,0.687962176743729,-5.57997706258071,0.162435438047962,"ANKR6","sp|Q9Y2G4|ANKR6_HUMAN",-0.0976421523028553,12.4435047123505,-0.469013824691914,0.64777685242469,0.941197234759129,-6.03677045912949,0.0263193574528965,"Q9Y2G4"
"1277",-0.269376211285188,16.5214255025465,-1.17528106272099,0.262830985269976,0.687962176743729,-5.5800999801411,0.162435438047962,"PTTG","sp|P53801|PTTG_HUMAN",-0.23613615556676,16.6983904251349,-1.39827847267091,0.188265516671996,0.751992459963404,-5.21570876875841,0.123786513946527,"P53801"
"1278",0.20307757461118,19.066286346929,1.17405867926231,0.263301680390282,0.688022069169925,-5.58143955813425,0.162397631001409,"ENOA","sp|P06733|ENOA_HUMAN",-0.0306819045360071,19.1810438932762,-0.15268878032321,0.881275022947113,0.986191942633613,-6.13772740019115,0.00603855005478495,"P06733"
"1279",0.284372649843939,14.1114879206671,1.17316610412187,0.263645793239154,0.688022069169925,-5.58241701706918,0.162397631001409,"CEAM8","sp|P31997|CEAM8_HUMAN",-0.0170385206944165,14.4423303281284,-0.0737597413107674,0.942461841194104,0.988040648929326,-6.14699142318282,0.00522518775796543,"P31997"
"1280",0.281782103243469,12.9599148107777,1.17307306346986,0.263681683188883,0.688022069169925,-5.58251887230608,0.162397631001409,"MAP1A","sp|P78559|MAP1A_HUMAN",-0.324243919944194,12.7648684796639,-2.22134616818296,0.0471196906006601,0.589635363006715,-4.03588361946652,0.229416477831962,"P78559"
"1281",0.698589065156235,10.8981771024562,1.1730694976845,0.263683058747859,0.688022069169925,-5.5825227757845,0.162397631001409,"NUP88","sp|Q99567|NUP88_HUMAN",-0.325974593497406,11.5768052014453,-0.520095592182854,0.612806999040045,0.929782983745204,-6.01111707338455,0.0316184062419663,"Q99567"
"1282",0.20308655216268,14.7201484747865,1.17085631345723,0.264537909148129,0.688341414430879,-5.58494375952253,0.16219610009944,"CBR3","sp|O75828|CBR3_HUMAN",-0.237254758646657,14.8281706050752,-1.66257433099996,0.123235577965205,0.700299306813659,-4.87004948431112,0.154716303535132,"O75828"
"1283",-0.257518026568557,18.6063189832399,-1.17064672739581,0.264618974243304,0.688341414430879,-5.58517283786127,0.16219610009944,"CATA","sp|P04040|CATA_HUMAN",-0.144031816868024,18.947154466607,-0.539494885309164,0.599777828323103,0.924268458929614,-6.00071323854202,0.0342018672020061,"P04040"
"1284",0.350349122490917,12.3661728998677,1.17051835340433,0.264668637141651,0.688341414430879,-5.58531313519876,0.16219610009944,"TNFL9","sp|P41273|TNFL9_HUMAN",-0.0280856932378339,11.9719410875714,-0.111038661860387,0.913489269692923,0.986613644973353,-6.14341894150427,0.00585288249271538,"P41273"
"1285",-0.148608610466537,17.6012375400544,-1.17024166936059,0.264775700094373,0.688341414430879,-5.5856154764897,0.16219610009944,"NUCB2","sp|P80303|NUCB2_HUMAN",-0.232460004626899,17.8669922639652,-2.43999095367377,0.0318431633895364,0.564461874265568,-3.68351731433435,0.248365386520688,"P80303"
"1286",0.163869147487438,17.5573226989954,1.16914738238267,0.265199465005533,0.688341414430879,-5.58681068766867,0.16219610009944,"DEDD","sp|O75618|DEDD_HUMAN",-0.0351534571551655,17.6576485989935,-0.203568860977185,0.84222801868337,0.979774508889009,-6.12834744832686,0.00887386391301568,"O75618"
"1287",-0.182342029105547,13.0600091184589,-1.1690273680909,0.26524597288468,0.688341414430879,-5.58694171719354,0.16219610009944,"TFF3","sp|Q07654|TFF3_HUMAN",0.156936787520879,13.2068621396623,0.669538194530127,0.516295941956634,0.907970131840623,-5.92175329692222,0.0419284375914184,"Q07654"
"1288",0.748164720940734,7.82354803918898,0.825635823567038,0.436558436565777,0.809010302044564,-5.58741903257014,0.0920459479889401,"NCOA7","sp|Q8NI08|NCOA7_HUMAN",0.353345240574233,7.9287266828687,0.634692044722213,0.544338777076426,0.912613568562101,-5.70332512767043,0.0397130785089623,"Q8NI08"
"1289",-0.675218105316295,8.39521611438052,-1.16846341436506,0.265464600925437,0.688341414430879,-5.58755729050674,0.16219610009944,"SVIL","sp|O95425|SVIL_HUMAN",0.948245232502468,8.41021239629473,1.33129422866596,0.20873791147664,0.757046932651169,-5.29684839305503,0.120877195850511,"O95425"
"1290",0.16017105010188,15.9088822870256,1.16663671791555,0.266173719027301,0.689641353201884,-5.58954958352342,0.161376704653005,"CD226","sp|Q15762|CD226_HUMAN",-0.00145589612317512,16.0203027624784,-0.0123631997057752,0.990346538781072,0.998674325310052,-6.14973495453319,0.000576115157713409,"Q15762"
"1291",-0.280861638984239,10.945904253604,-1.16548118399187,0.266623053670375,0.690119766680081,-5.59080860417857,0.161075533183564,"ZG16B","sp|Q96DA0|ZG16B_HUMAN",-0.224831626702254,10.308801866492,-0.439388050741097,0.668477305684037,0.94774808610711,-6.05048156656651,0.0233070839196867,"Q96DA0"
"1292",0.154592586342287,16.9358906956651,1.16403957832386,0.267184454699125,0.690119766680081,-5.5923779391577,0.161075533183564,"IGDC4","sp|Q8TDY8|IGDC4_HUMAN",0.270054235349787,17.2684089294086,2.07489328363575,0.0610227444294021,0.609740800734631,-4.26516852746986,0.214854743241087,"Q8TDY8"
"1293",-0.457598498155007,20.7499033086313,-1.16394883901555,0.267219821780593,0.690119766680081,-5.59247666698426,0.161075533183564,"IBP1","sp|P08833|IBP1_HUMAN",-0.684608615544436,20.8059686187896,-1.48744107725238,0.163645907386493,0.728883053370811,-5.10345937700976,0.137342147059245,"P08833"
"1294",-0.39507731091766,14.0462912929042,-1.16347984810969,0.267402676368674,0.690119766680081,-5.59298685031119,0.161075533183564,"C99L2","sp|Q8TCZ2|C99L2_HUMAN",-0.458951357117543,13.9153551161303,-1.4019750192526,0.187186242625476,0.751711390590421,-5.2111496711056,0.123948868893075,"Q8TCZ2"
"1295",0.132484150888349,18.2357537754707,1.16289406337021,0.267631204081297,0.690119766680081,-5.59362385815433,0.161075533183564,"PTPRZ","sp|P23471|PTPRZ_HUMAN",-0.0124313880329497,18.317654887036,-0.131364177455817,0.897744570993163,0.986613644973353,-6.14086532182847,0.00585288249271538,"P23471"
"1296",0.226252302740385,16.9781762972213,1.16119794546643,0.268293752616802,0.690119766680081,-5.59546686444062,0.161075533183564,"KPRP","sp|Q5T749|KPRP_HUMAN",0.109927479927656,17.00645444264,0.439706171947504,0.668253457915286,0.94774808610711,-6.05033891830536,0.0233070839196867,"Q5T749"
"1297",-0.531931417674188,12.0042344913289,-1.16099651308002,0.268372521911045,0.690119766680081,-5.5956856004964,0.161075533183564,"CUL3","sp|Q13618|CUL3_HUMAN",-0.687459176178581,11.9306639923884,-1.33709546782355,0.206895151409141,0.757046932651169,-5.28993354789637,0.120877195850511,"Q13618"
"1298",0.23400114797574,14.7543549888625,1.16082995422604,0.268437667605901,0.690119766680081,-5.59586644466844,0.161075533183564,"SAE1","sp|Q9UBE0|SAE1_HUMAN",0.20598849128296,14.6895569040588,1.67732953964714,0.120270101586575,0.699083129887641,-4.84966155988784,0.155471178038504,"Q9UBE0"
"1299",0.479616678134396,9.00264827182088,1.11080554832461,0.290519074072674,0.714314617165127,-5.59953252842776,0.146110462728316,"CSK22","sp|P19784|CSK22_HUMAN",-0.789518146799984,8.66493607507244,-1.48629878344311,0.163943112623668,0.728883053370811,-5.10492689288935,0.137342147059245,"P19784"
"1300",-0.360921080896746,9.43734812435004,-1.15711889321097,0.269892347588105,0.693107806746321,-5.59989048192037,0.159199209495491,"EIF3H","sp|O15372|EIF3H_HUMAN",-0.000410092777404687,9.37406249694199,-0.00112776590532627,0.999119391136454,0.99998415467369,-6.14981362046747,6.88159230085131e-06,"O15372"
"1301",0.111020178115814,15.5698554645562,1.15653507742774,0.270121749591295,0.693107806746321,-5.60052260804301,0.159199209495491,"SLAF5","sp|Q9UIB8|SLAF5_HUMAN",-0.215997448547441,15.5709865484979,-1.75725403544191,0.105283376308315,0.672549858855041,-4.73742820157634,0.172275514116677,"Q9UIB8"
"1302",0.185064674924525,16.3382958892809,1.15614642041866,0.270274550483378,0.693107806746321,-5.60094328637332,0.159199209495491,"EMIL2","sp|Q9BXX0|EMIL2_HUMAN",0.123067829591789,16.3920867455134,1.10383422923144,0.292101603660635,0.804174755558491,-5.54997993158762,0.0946495642767864,"Q9BXX0"
"1303",-0.276264385710114,14.1101756955876,-1.15573784491559,0.270435254515362,0.693107806746321,-5.60138540378788,0.159199209495491,"CD53","sp|P19397|CD53_HUMAN",-0.0178636152335288,14.2548002083366,-0.119622731699997,0.906834703130471,0.986613644973353,-6.14239257417078,0.00585288249271538,"P19397"
"1304",-0.387910306756419,13.358297713292,-1.15406255577063,0.271094965725804,0.694262493243783,-5.6031969334209,0.158476296384306,"EPDR1","sp|Q9UM22|EPDR1_HUMAN",0.18296676499964,13.4752776578559,0.810890754425043,0.433798128114912,0.873931350518796,-5.81832174349339,0.0585226809374819,"Q9UM22"
"1305",0.434620051712522,19.6834184512954,1.15240942242833,0.271747172328803,0.695396195034153,-5.60498246763639,0.157767689954446,"F204A","sp|Q9H8W3|F204A_HUMAN",0.602672113970184,19.5916251003353,2.38810443760883,0.0349646812298951,0.564461874265568,-3.76806667611979,0.248365386520688,"Q9H8W3"
"1306",-0.426012361844992,11.688022798487,-1.15158895894187,0.27207131805569,0.695497806727111,-5.60586789049375,0.157704235230259,"DRG1","sp|Q9Y295|DRG1_HUMAN",-0.0493253464612226,11.7286738800279,-0.168378099950639,0.869194368921241,0.984019329631185,-6.13511917995674,0.00699637040025486,"Q9Y295"
"1307",0.230457093904467,13.2747626270348,1.15119962772833,0.272225238163617,0.695497806727111,-5.60628787192971,0.157704235230259,"FABP5","sp|Q01469|FABP5_HUMAN",0.106845594001324,13.3219761080918,0.584986334606689,0.569793641680505,0.915365487288284,-5.97490373785597,0.0384054661307152,"Q01469"
"1308",0.188114078432936,15.5477748548309,1.15071852813086,0.272415531408631,0.695497806727111,-5.60680669088488,0.157704235230259,"QCR2","sp|P22695|QCR2_HUMAN",-0.266221822991716,15.5037282092495,-1.7994028385985,0.0980746752668587,0.66470563563198,-4.6770707010571,0.177370639093326,"P22695"
"1309",0.199829429479111,19.5784712244162,1.1497010133723,0.272818335958911,0.695990820174962,-5.60790341530251,0.157396488512499,"RAC1","sp|P63000|RAC1_HUMAN",-0.0685206535644984,19.7625330489116,-0.4078645055813,0.690821823576658,0.953955901060617,-6.0641213611113,0.0204717011540782,"P63000"
"1310",-0.280178759928509,13.37949257692,-1.1485998660675,0.273254766505781,0.69633252031061,-5.60908941645662,0.15718332181186,"CYBR1","sp|Q53TN4|CYBR1_HUMAN",-0.088629034806796,13.3084871529865,-0.41198946438667,0.687879947382473,0.953955901060617,-6.06239247329157,0.0204717011540782,"Q53TN4"
"1311",-0.196427492693792,16.713745775468,-1.14830460781855,0.273371881278917,0.69633252031061,-5.6094072739852,0.15718332181186,"MTURN","sp|Q8N3F0|MTURN_HUMAN",-0.0302692638523666,16.8015264283387,-0.191170443737847,0.851706804727379,0.980636721353978,-6.13087853144586,0.00849184800315778,"Q8N3F0"
"1312",-0.516286880409552,9.94102414611544,-1.1466074006261,0.274045833756896,0.697513897422651,-5.61123312959458,0.156447134987924,"CUL2","sp|Q13617|CUL2_HUMAN",-0.523137568933177,9.33307933787467,-1.33697873401053,0.209302215732677,0.757046932651169,-5.24380269165196,0.120877195850511,"Q13617"
"1313",-0.213588821504307,13.9615679459332,-1.14398340765677,0.27509033089603,0.698967114054221,-5.61405180261246,0.155543257045109,"ABRX2","sp|Q15018|ABRX2_HUMAN",0.229712764097028,13.9061116984954,1.33927206453839,0.206207217161792,0.757046932651169,-5.28733355675316,0.120877195850511,"Q15018"
"1314",0.142735252708704,17.1048232427336,1.1437431320289,0.275186127354581,0.698967114054221,-5.61430964854799,0.155543257045109,"ILF3","sp|Q12906|ILF3_HUMAN",0.205273377785211,17.2532558641163,1.594067394573,0.137865193826088,0.720589887100448,-4.96328323668782,0.142311837144466,"Q12906"
"1315",0.201267604826769,16.9550236333124,1.1435865380258,0.275248574290108,0.698967114054221,-5.61447767042938,0.155543257045109,"PCBP1","sp|Q15365|PCBP1_HUMAN",-0.0778636313035931,17.0164439618214,-0.592089333554581,0.565185909917763,0.914734232457629,-5.97069640364143,0.0387050678382534,"Q15365"
"1316",0.248775855526122,18.7811093815232,1.14160984659928,0.276037783550471,0.700237286192375,-5.61659704432917,0.154754767669151,"ARC1B","sp|O15143|ARC1B_HUMAN",-0.140019409564275,18.9368725045063,-0.553774828244022,0.59027861526134,0.923616858095106,-5.9928240827644,0.0345081488266848,"O15143"
"1317",0.47057353569607,10.9937850455931,1.14127732529842,0.276170716368129,0.700237286192375,-5.61695328144502,0.154754767669151,"CLIC5","sp|Q9NZA1|CLIC5_HUMAN / sp|Q96NY7|CLIC6_HUMAN",-0.490390465685891,11.3147526044462,-1.70383076949231,0.115102557702295,0.694998681119888,-4.81277947336531,0.158016019557941,"Q9NZA1"
"1318",0.196070882209117,17.902542992255,1.13986641220821,0.276735308884086,0.701058771178165,-5.61846390440707,0.154245572720249,"GPX1","sp|P07203|GPX1_HUMAN",-0.0297901625117683,18.01275901672,-0.199803914908019,0.845103713694377,0.979774508889009,-6.12913273665211,0.00887386391301568,"P07203"
"1319",-0.647595052371287,10.2169894576316,-1.09140779664515,0.298595815075711,0.724974038212352,-5.61960070473518,0.139677545515899,"SWAHC","sp|Q53LP3|SWAHC_HUMAN",-0.271854384565789,11.0618035302834,-0.595954148368552,0.562687351854518,0.914734232457629,-5.96838713206692,0.0387050678382534,"Q53LP3"
"1320",0.173470940136762,15.5305574292847,1.13865287124455,0.277221631205232,0.701058771178165,-5.6197620174234,0.154245572720249,"SUCA","sp|P53597|SUCA_HUMAN",0.0494319052829068,15.6173434417065,0.349790248532814,0.732782758226896,0.964602283830354,-6.08666290515347,0.0156517141602005,"P53597"
"1321",0.475660482854232,16.5804529746338,1.1384210849572,0.277314593512772,0.701058771178165,-5.62000983178701,0.154245572720249,"PSMF1","sp|Q92530|PSMF1_HUMAN",0.496977766035718,16.2190987395712,0.909605891586804,0.381595206050663,0.859930399743799,-5.73572971047394,0.0655366978615683,"Q92530"
"1322",0.222581413136525,16.0956677920311,1.1383587199266,0.277339610291332,0.701058771178165,-5.62007650251718,0.154245572720249,"ISM2","sp|Q6H9L7|ISM2_HUMAN",0.0930279671716636,16.0951297097209,0.439387155037915,0.668477935997814,0.94774808610711,-6.0504819680667,0.0233070839196867,"Q6H9L7"
"1323",0.114020973684067,17.3316015594411,1.13776423906518,0.277578164367074,0.701127798732357,-5.62071188052613,0.154202813380583,"B3GN8","sp|Q7Z7M8|B3GN8_HUMAN",0.0130114596154377,17.428979446708,0.139875896544408,0.891164292667618,0.986253513625816,-6.13966911478201,0.00601143656266498,"Q7Z7M8"
"1324",-0.153467257957094,25.4518445635021,-1.13717093516637,0.277816403489532,0.701195926373958,-5.6213457370817,0.154160615622239,"FA5","sp|P12259|FA5_HUMAN",-0.0474110310085411,25.4348972517415,-0.409291956135108,0.689803178687284,0.953955901060617,-6.06352498554716,0.0204717011540782,"P12259"
"1325",0.304045811876685,12.7894831368861,1.13655501758843,0.278063889381593,0.701287271168319,-5.62200347437272,0.15410404376417,"KCC2D","sp|Q13557|KCC2D_HUMAN",0.318939646377103,12.64632989186,0.89643239920052,0.388299651247892,0.861474961558659,-5.74722792338785,0.0647573406360728,"Q13557"
"1326",-0.177597124314557,14.6955298261154,-1.13439873549947,0.278931654804869,0.702531294592557,-5.62430392666062,0.153334325136554,"ADH1B","sp|P00325|ADH1B_HUMAN",0.260378522242824,14.5946785024234,1.50747823851846,0.158506990799167,0.728883053370811,-5.07759672194994,0.137342147059245,"P00325"
"1327",-0.153571621580889,17.5531739728862,-1.13365119340348,0.279232977833797,0.702531294592557,-5.62510063672914,0.153334325136554,"MA1C1","sp|Q9NR34|MA1C1_HUMAN",-0.358757537102875,17.4659600276686,-1.61171664106808,0.133957510270829,0.708220132409959,-4.93949243656922,0.149831731813607,"Q9NR34"
"1328",0.227833531236388,18.4328433658067,1.13241312664649,0.279732573815594,0.702531294592557,-5.62641921309655,0.153334325136554,"TETN","sp|P05452|TETN_HUMAN",0.414848070196264,18.1178637418821,2.13104881731353,0.055287502153228,0.59071324196055,-4.1779871703626,0.228623293496481,"P05452"
"1329",-1.08295484913734,7.81784648349409,-1.08439502492077,0.301557552383366,0.725806160159678,-5.62678675876677,0.139179350117272,"C2CD5","sp|Q86YS7|C2CD5_HUMAN",-1.17297119373091,8.08337419871641,-2.18690013699618,0.0548061353777313,0.59071324196055,-4.04563721958549,0.228623293496481,"Q86YS7"
"1330",-0.132812346796275,26.3685729451938,-1.13203757964371,0.279884253537152,0.702531294592557,-5.62681895407821,0.153334325136554,"LG3BP","sp|Q08380|LG3BP_HUMAN",-0.153578293486097,26.4403590799471,-1.43348849467965,0.178194132034343,0.740705173220034,-5.17194600167116,0.130354622145937,"Q08380"
"1331",0.182249602960502,12.8146563124648,1.13178894597825,0.279984708944832,0.702531294592557,-5.62708354732014,0.153334325136554,"PDE12","sp|Q6L8Q7|PDE12_HUMAN",0.197787724120172,12.7242242310877,1.08930883929004,0.298194207557069,0.808584233133004,-5.56488669073757,0.0922747313799023,"Q6L8Q7"
"1332",-1.28212095061558,7.3815291185499,-1.13134968178793,0.280162252391123,0.702531294592557,-5.62755089410008,0.153334325136554,"TBK1","sp|Q9UHD2|TBK1_HUMAN",1.53349560472703,8.34418942944677,3.24962990127441,0.015382392029248,0.481643010802586,-2.68544264349617,0.317274737447562,"Q9UHD2"
"1333",0.176465251638182,17.0319966974722,1.13102594866991,0.280293155345232,0.702531294592557,-5.62789523108229,0.153334325136554,"ITAM","sp|P11215|ITAM_HUMAN",-0.0191039869588657,17.2486511709705,-0.115974736788664,0.9096618367636,0.986613644973353,-6.14283806375796,0.00585288249271538,"P11215"
"1334",-0.619427796960657,11.4746437193609,-1.13066582288016,0.280438828974892,0.702531294592557,-5.62827818447696,0.153334325136554,"PSMD8","sp|P48556|PSMD8_HUMAN",-0.468283272263192,11.4409090946265,-0.562003250264765,0.584840829307388,0.922575226651601,-5.98818964761517,0.0349982114153286,"P48556"
"1335",-0.145880235092703,15.9571071714877,-1.13060811670483,0.280462176961476,0.702531294592557,-5.62833953947034,0.153334325136554,"SCRN1","sp|Q12765|SCRN1_HUMAN",0.0913396655555589,16.0741101838535,0.912165977983881,0.380301684450092,0.859930399743799,-5.73347843624496,0.0655366978615683,"Q12765"
"1336",0.255341286249505,17.2847049535529,1.12799391507843,0.281521450508937,0.704121849464328,-5.63111641544573,0.152352178967413,"ARPC2","sp|O15144|ARPC2_HUMAN",-0.197626887719683,17.4190458662893,-0.772326710771238,0.455413687384419,0.889128252016993,-5.84830668006229,0.0510355898442662,"O15144"
"1337",-0.433295668123687,10.7685318447236,-1.12740752932608,0.281759474343981,0.704186517581079,-5.6317385847803,0.152312294227768,"MLC1","sp|Q15049|MLC1_HUMAN",-0.137763163054833,11.2767153113838,-0.548135612511589,0.594020510386594,0.924268458929614,-5.9959628698897,0.0342018672020061,"Q15049"
"1338",0.141235765335795,16.8443683981293,1.12522410928126,0.282647117328232,0.705873425441988,-5.63405296989778,0.151273168013866,"QSOX2","sp|Q6ZRP7|QSOX2_HUMAN",0.0762187760722992,16.9457992190032,0.735206114192046,0.476858233999228,0.895188053531356,-5.87592825243286,0.048085722190195,"Q6ZRP7"
"1339",-0.17291764283953,14.7657985733479,-1.12468092484914,0.282868274624125,0.705894589080804,-5.63462817770204,0.151260147104678,"GPC4","sp|O75487|GPC4_HUMAN",-0.178585645273027,14.7694347888795,-1.6440941990563,0.127040760390897,0.702819239782118,-4.89543314749269,0.153156358137419,"O75487"
"1340",0.120802571391216,18.1099773813503,1.12335096729677,0.283410325377518,0.706627245839807,-5.63603560390757,0.150809621232111,"CD99","sp|P14209|CD99_HUMAN",0.108227160256448,18.221128937931,0.918114221648155,0.377308053075361,0.858804292872708,-5.72822672527331,0.0661057933388761,"P14209"
"1341",-0.26606184715452,15.2606840817445,-1.12268062211037,0.283683838996312,0.706627245839807,-5.6367444904316,0.150809621232111,"ABCBB","sp|O95342|ABCBB_HUMAN",-0.313524576449372,15.4625600133137,-1.56076076655447,0.145511127464623,0.726657330901203,-5.00773420099729,0.138670340698732,"O95342"
"1342",0.264209826207378,12.4220214974159,1.12239466075772,0.283800578097157,0.706627245839807,-5.63704678990978,0.150809621232111,"IGS10","sp|Q6WRI0|IGS10_HUMAN",0.286636442292993,12.333934525179,0.946440425656198,0.363278552099477,0.850954166069728,-5.70281748923183,0.070093831171655,"Q6WRI0"
"1343",-0.203902862115018,16.5363801970351,-1.12127869015376,0.284256506516924,0.707231892900802,-5.63822593002754,0.150438162872643,"DCTN2","sp|Q13561|DCTN2_HUMAN",-0.0900859113261946,16.5228605398269,-0.489860898799368,0.633391979431431,0.938075849947756,-6.02660731317806,0.0277620444759845,"Q13561"
"1344",-0.214860887320082,11.314682292955,-1.11910052155751,0.285148007198214,0.708918528757208,-5.64052468434228,0.149403672495689,"PIP","sp|P12273|PIP_HUMAN",0.560272857298641,11.1012198770737,1.41023866330829,0.184792238198403,0.749396598473841,-5.2009276089101,0.125288282509092,"P12273"
"1345",-0.12445650132215,21.3259148010562,-1.11811313700883,0.28555283577802,0.709393609241953,-5.64156555026927,0.149112728301991,"LAMC1","sp|P11047|LAMC1_HUMAN",-0.0158264919556422,21.2666387863306,-0.133179712689918,0.896340321532022,0.986613644973353,-6.14061645131538,0.00585288249271538,"P11047"
"1346",0.554106136608069,13.2595767930393,1.11635621591332,0.286274259907369,0.710247384759018,-5.6434158105116,0.148590356741695,"ABHEB","sp|Q96IU4|ABHEB_HUMAN",0.267491615350051,13.2611327876715,0.998873610299163,0.338295932167997,0.837584329040114,-5.65406446157306,0.0769714567770072,"Q96IU4"
"1347",0.138962027238648,14.6200622631473,1.11623400031445,0.286324495573235,0.710247384759018,-5.6435444320769,0.148590356741695,"STA5A","sp|P42229|STA5A_HUMAN",0.216585930818729,14.6349302368359,1.5557790871042,0.146685829903201,0.726852774918887,-5.01433184183325,0.138553547208858,"P42229"
"1348",0.129605125827139,16.8598263358864,1.11496999004606,0.286844450613355,0.711005774149159,-5.64487403220678,0.148126872306893,"AP2M1","sp|Q96CW1|AP2M1_HUMAN",-0.0637858779652942,16.841644597379,-0.47277022800824,0.645173588814227,0.940765473701383,-6.03497050529767,0.0265186296779271,"Q96CW1"
"1349",0.201498383105426,11.9365033313297,1.11354184531275,0.287432788963273,0.711599276409543,-5.64637482687622,0.147764502200679,"NDRG1","sp|Q92597|NDRG1_HUMAN",-0.0222468592797157,12.0886717028612,-0.160601384940067,0.875178255702029,0.985371444578884,-6.13644370789477,0.00640002744928762,"Q92597"
"1350",0.260660890041712,12.2439053938496,1.11313291090507,0.287601422816841,0.711599276409543,-5.64680427899906,0.147764502200679,"RS4X","sp|P62701|RS4X_HUMAN",0.102317446982507,12.3094864288262,0.27664405425538,0.786935054929394,0.972723403089688,-6.11023184201867,0.0120106351572695,"P62701"
"1351",0.17945559391318,18.2505583184567,1.11282827621016,0.287727095191807,0.711599276409543,-5.64712411586211,0.147764502200679,"PLPL8","sp|Q9NP80|PLPL8_HUMAN",0.27962107900626,18.0936503641003,2.17571225924706,0.0510929076449002,0.589635363006715,-4.10798145287365,0.229416477831962,"Q9NP80"
"1352",-0.222037666315012,10.9490328393807,-1.10868640328568,0.289439914809027,0.714314617165127,-5.65146568822272,0.146110462728316,"HEBP1","sp|Q9NRV9|HEBP1_HUMAN",0.177707173676472,11.0406933088581,0.506886775581918,0.621758955641782,0.932352002397294,-6.0179933092907,0.0304200921125771,"Q9NRV9"
"1353",-0.489404149971332,8.24821885292645,-1.00250854423318,0.339932297934217,0.747170393319329,-5.65209733247801,0.126580345387157,"LSM6","sp|P62312|LSM6_HUMAN",-0.268046737133567,8.73409706226756,-0.580972501141063,0.574690566533522,0.916271872807246,-5.8708704879773,0.0379756449553353,"P62312"
"1354",-0.12673163762083,14.6694446045107,-1.10747234609402,0.289943440370753,0.714314617165127,-5.65273580950434,0.146110462728316,"TACT","sp|P40200|TACT_HUMAN",0.113844647666025,14.6209041956601,0.676292754528399,0.512152417285946,0.907970131840623,-5.91722111728435,0.0419284375914184,"P40200"
"1355",0.347732780151471,10.2352898325641,1.10720004706765,0.29005646674652,0.714314617165127,-5.65302052906598,0.146110462728316,"ODAD1","sp|Q96M63|ODAD1_HUMAN",0.140371215020816,10.4136982467569,0.359891486976109,0.725414035232438,0.963370197668351,-6.08298432058952,0.016206792927522,"Q96M63"
"1356",0.116877582259797,20.8018766228952,1.1070147047114,0.290133418147731,0.714314617165127,-5.65321429326906,0.146110462728316,"ASPN","sp|Q9BXN1|ASPN_HUMAN",0.0128870533511968,20.8565184219197,0.128642859536521,0.899850088906728,0.986613644973353,-6.1412319777248,0.00585288249271538,"Q9BXN1"
"1357",-0.233908586317459,20.6213703663295,-1.10698281921025,0.290146658100118,0.714314617165127,-5.65324762499203,0.146110462728316,"CFAI","sp|P05156|CFAI_HUMAN",-0.0963250796950897,20.3227797061184,-0.545358894502035,0.595867511052683,0.924268458929614,-5.99749721211042,0.0342018672020061,"P05156"
"1358",-0.304843248751171,11.2495367992559,-1.10546868777494,0.290775906215164,0.714314617165127,-5.65482954114823,0.146110462728316,"CD48","sp|P09326|CD48_HUMAN",-0.468353326850507,10.9823231442001,-1.81735341063368,0.0951423807515902,0.655140169532216,-4.65113101410999,0.183665771242242,"P09326"
"1359",-0.313390100738497,11.5289226145162,-1.10492911360803,0.291000394782278,0.714314617165127,-5.65539284890077,0.146110462728316,"RAB31","sp|Q13636|RAB31_HUMAN",-0.465918258253073,11.5036706425152,-2.28793022122162,0.0418464428427593,0.578208097063057,-3.92972331459122,0.237915830885383,"Q13636"
"1360",-0.253392481245958,12.9997664154456,-1.10446779289546,0.291192430558727,0.714314617165127,-5.65587428519568,0.146110462728316,"NRDC","sp|O43847|NRDC_HUMAN",-0.0858380067375732,12.6457221246124,-0.261879779851588,0.798019679596162,0.973599473204371,-6.11433139360462,0.0116196697661764,"O43847"
"1361",-0.296732293166467,10.8832392062222,-1.1033558004438,0.291655719580719,0.71442543620928,-5.65703409833808,0.14604309134141,"TBCD5","sp|Q92609|TBCD5_HUMAN",0.318737779828999,10.9045180330262,1.48187271771807,0.165099053705101,0.728883053370811,-5.11060604265935,0.137342147059245,"Q92609"
"1362",0.150120023684562,16.5298571365962,1.10332607272898,0.291668112703698,0.71442543620928,-5.65706509153492,0.14604309134141,"FGFR3","sp|P22607|FGFR3_HUMAN",0.159668318047826,16.5441092352067,1.10788289929689,0.290420406535178,0.804174755558491,-5.54579678886543,0.0946495642767864,"P22607"
"1363",-0.420682397616712,10.1205001984012,-1.05095789394087,0.315986409583455,0.741814572666889,-5.6605393329903,0.129704639372666,"PUS3","sp|Q9BZE2|PUS3_HUMAN",-0.66900699260998,10.5615653073102,-1.61223261029402,0.139371212207691,0.724922900959771,-4.85251429779183,0.139708180281757,"Q9BZE2"
"1364",-0.205813669156917,21.7177049421572,-1.09755047553472,0.294083477605865,0.719806511504668,-5.66307374708094,0.142784228956023,"1433Z","sp|P63104|1433Z_HUMAN",-0.182656417616188,21.8349308939011,-1.19532220315269,0.255895258005977,0.777762235642709,-5.45251927944823,0.109153147907703,"P63104"
"1365",-0.249910614624145,11.626894257803,-1.09703754813238,0.294298715309381,0.719806511504668,-5.66360613906219,0.142784228956023,"HEPC","sp|P81172|HEPC_HUMAN",-0.273379214245942,12.0164943011264,-0.689462621963637,0.504130309766912,0.906096656967774,-5.90826412226178,0.0428254719162299,"P81172"
"1366",-0.210049672063562,17.9929101851261,-1.09564968190723,0.294881698154472,0.720456891620477,-5.66504566202042,0.14239199998732,"MARE1","sp|Q15691|MARE1_HUMAN",0.0422860163180781,17.8454057488789,0.278851263731987,0.785282072785431,0.972723403089688,-6.10959991870376,0.0120106351572695,"Q15691"
"1367",0.327271071887685,14.9438400687256,1.09537122903865,0.294998769422184,0.720456891620477,-5.66533430125205,0.14239199998732,"MTPN","sp|P58546|MTPN_HUMAN",-0.076365490997487,15.1057935913546,-0.386971982688418,0.705802746093188,0.957324731019672,-6.07261837335731,0.0189407216084595,"P58546"
"1368",0.16483027480203,12.9304121329931,1.09468479622642,0.295287519861278,0.72063182236734,-5.66604559134458,0.142286563787989,"G3ST4","sp|Q96RP7|G3ST4_HUMAN",-0.0147974630336653,12.9099062624888,-0.129025499137011,0.899553987127992,0.986613644973353,-6.14118088521673,0.00585288249271538,"Q96RP7"
"1369",-0.136126174265388,18.5271731733124,-1.09341874641775,0.295820649060799,0.721402449840406,-5.66735654002414,0.141822387176564,"SAP","sp|P07602|SAP_HUMAN",-0.138334532745092,18.8084218667451,-1.44280835604842,0.175605543580187,0.737165441399294,-5.16023760581855,0.132435032868846,"P07602"
"1370",-0.239141877347056,13.1895697336131,-1.091915683464,0.296454528253336,0.722417459084304,-5.66891131057629,0.14121176671954,"EMAL3","sp|Q32P44|EMAL3_HUMAN",-0.141476142984363,13.2105782358334,-0.830355340430046,0.423147236356305,0.872011982081901,-5.8026950426563,0.0594775475028692,"Q32P44"
"1371",0.311273892999409,18.5353176116978,1.09034870727733,0.297116453526454,0.723447848668289,-5.67053034614024,0.140592770490927,"K2C6A","sp|P02538|K2C6A_HUMAN",-0.119857347497491,18.4962768590178,-0.568493785154625,0.580570237628544,0.920206599182969,-5.98448849828465,0.0361146565543005,"P02538"
"1372",-0.134925281211266,16.8880428507419,-1.08988320489054,0.297313306894711,0.723447848668289,-5.67101095035221,0.140592770490927,"TCPA","sp|P17987|TCPA_HUMAN",-0.0268966712043554,16.7658514320947,-0.132337328552228,0.896991829057376,0.986613644973353,-6.14073234735094,0.00585288249271538,"P17987"
"1373",0.14985955736811,16.7073613546863,1.08805890555416,0.298085722553573,0.724795980333558,-5.67289282761621,0.139784223890564,"ADT2","sp|P05141|ADT2_HUMAN",0.0691092915566687,16.7797327890954,0.4419468205303,0.666677761758248,0.947624621531316,-6.04933136892512,0.0233636638037777,"P05141"
"1374",0.158194643317957,16.8908862210443,1.0872494058982,0.298428952592216,0.724974038212352,-5.67372705627385,0.139677545515899,"GNL3L","sp|Q9NVN8|GNL3L_HUMAN",-0.0188598678296945,16.9393423385765,-0.132114194667437,0.897164416045863,0.986613644973353,-6.14076292352455,0.00585288249271538,"Q9NVN8"
"1375",0.19776886726721,18.5008876745569,1.08498251294055,0.299391707369206,0.725806160159678,-5.67606051426956,0.139179350117272,"SMC3","sp|Q9UQE7|SMC3_HUMAN",0.222168667509861,18.5171312840331,1.60711218921061,0.134967511504028,0.71217356229232,-4.94571469705297,0.147414152486636,"Q9UQE7"
"1376",-0.183002139161587,16.0852428021302,-1.08333873928861,0.30009128459749,0.725806160159678,-5.6777500784341,0.139179350117272,"NCK2","sp|O43639|NCK2_HUMAN",0.165395718226837,16.190128195717,1.19961619959811,0.254286413752182,0.777364072933162,-5.44779693451106,0.109375534823134,"O43639"
"1377",-0.26490129573826,12.0680914085996,-1.08269510697262,0.300365544640091,0.725806160159678,-5.67841107253911,0.139179350117272,"PRDC1","sp|Q9NRG1|PRDC1_HUMAN",0.0435201827360707,12.3290001697491,0.151101660818899,0.882498894839652,0.986191942633613,-6.13797711045905,0.00603855005478495,"Q9NRG1"
"1378",0.134347596507123,16.6262847768566,1.08177800344395,0.300756660253422,0.725806160159678,-5.67935236226245,0.139179350117272,"B4GT1","sp|P15291|B4GT1_HUMAN",0.0109786270991809,16.7679533153235,0.10124331258169,0.921091231375416,0.986613644973353,-6.14449701221493,0.00585288249271538,"P15291"
"1379",-0.145420484248054,28.8531671478341,-1.08119864186116,0.301003937101529,0.725806160159678,-5.67994666825466,0.139179350117272,"IC1","sp|P05155|IC1_HUMAN",-0.0570204403870033,28.855587860162,-0.604161460041679,0.557401541852004,0.913137076706219,-5.96343647431041,0.0394640229163576,"P05155"
"1380",0.207881731319232,14.771997816982,1.08116038699327,0.301020270013171,0.725806160159678,-5.67998590076772,0.139179350117272,"SPAG6","sp|O75602|SPAG6_HUMAN",0.226550695690993,14.3666690106285,1.20636857614838,0.251772630594433,0.777364072933162,-5.44034470528104,0.109375534823134,"O75602"
"1381",-0.123748536225141,17.7206010071966,-1.08047352855509,0.301313637624265,0.725806160159678,-5.68069012023899,0.139179350117272,"MDHC","sp|P40925|MDHC_HUMAN",-0.27504225293828,17.7431473274859,-1.92568414111952,0.079077051178033,0.625528627758299,-4.49178178692666,0.203752809722832,"P40925"
"1382",0.140899840667305,14.5987209592579,1.08043078493361,0.301331901176441,0.725806160159678,-5.6807339321999,0.139179350117272,"GAS1","sp|P54826|GAS1_HUMAN",0.322675719050714,14.6091187903023,2.04874519803718,0.0638796754628383,0.609740800734631,-4.30542748005157,0.214854743241087,"P54826"
"1383",-0.147179492352275,16.1211460167734,-1.07985190246025,0.301579328865345,0.725806160159678,-5.68132714427712,0.139179350117272,"KAD2","sp|P54819|KAD2_HUMAN",-0.102757380417757,16.132904815534,-0.795524485738798,0.442329553914458,0.878082196819999,-5.83042571185948,0.0564648281092902,"P54819"
"1384",-0.288454248802841,12.7341184267949,-1.07933280357657,0.301801333575686,0.725806160159678,-5.68185887258904,0.139179350117272,"CD048","sp|Q5BLP8|CD048_HUMAN",-0.0359821139476331,12.7325156612053,-0.108975180067325,0.915089974413331,0.986613644973353,-6.14365430169093,0.00585288249271538,"Q5BLP8"
"1385",0.208162672426884,13.1369730948719,1.07825233582704,0.302263814727266,0.725806160159678,-5.68296495932853,0.139179350117272,"GXLT1","sp|Q4G148|GXLT1_HUMAN",0.0202800706549925,13.0297688810661,0.087751399994756,0.931575261528828,0.986881038306473,-6.14581930641458,0.00573519537577879,"Q4G148"
"1386",-0.148239256476193,14.0827904970508,-1.0780915441287,0.302332685175522,0.725806160159678,-5.68312948636315,0.139179350117272,"LAMC3","sp|Q9Y6N6|LAMC3_HUMAN",-0.301700991473444,14.1218180021701,-1.65188287110467,0.125424558686488,0.700299306813659,-4.88475555270826,0.154716303535132,"Q9Y6N6"
"1387",-0.310077023293717,11.6147557599047,-1.07797040302214,0.302384580234154,0.725806160159678,-5.68325342847312,0.139179350117272,"IMA4","sp|O00505|IMA4_HUMAN",-0.137013659361169,11.6133952502066,-0.512629602374811,0.617858971536853,0.930949474286698,-6.01502443530067,0.0310738889799154,"O00505"
"1388",0.176091333800745,15.6719160724551,1.07788667809215,0.302420450667594,0.725806160159678,-5.68333908263963,0.139179350117272,"LAMP1","sp|P11279|LAMP1_HUMAN",0.0878772475194107,15.6882043318737,0.570731830782397,0.579101513979032,0.918681549222175,-5.98320298526464,0.0368350058969403,"P11279"
"1389",-0.254289083218023,10.5790001890083,-1.07762504169987,0.302532564659466,0.725806160159678,-5.68360671283874,0.139179350117272,"TRAD1","sp|O14545|TRAD1_HUMAN",0.327133611838878,10.1670291879435,0.821178061424669,0.428147219275002,0.872187078027514,-5.81010366933759,0.0593903519470659,"O14545"
"1390",-0.361371084364357,13.6394295024845,-1.07733674486294,0.302656139096413,0.725806160159678,-5.68390155288804,0.139179350117272,"SPCS2","sp|Q15005|SPCS2_HUMAN",-0.0712318519681664,13.5558938740932,-0.265645125352163,0.795188257061069,0.973526309548391,-6.11330696098303,0.0116523071770352,"Q15005"
"1391",-0.152925049456874,16.5678450736701,-1.07628314997811,0.303108070419894,0.72636511604594,-5.6849785129564,0.138845021139696,"THIO","sp|P10599|THIO_HUMAN",-0.100242620204761,16.5892402012027,-0.712954497714912,0.49000902168944,0.901708623345845,-5.89189436277464,0.0449337769994622,"P10599"
"1392",0.195704270028154,12.2644985603118,1.07510339531531,0.303614718170904,0.726682330774475,-5.68618341015559,0.138655399515611,"MTCH2","sp|Q9Y6C9|MTCH2_HUMAN",0.203988458999341,12.2447210158633,0.868548683455591,0.402757426799468,0.867111174600625,-5.77108608146994,0.0619252169179849,"Q9Y6C9"
"1393",-0.34474360644562,11.1000865042906,-1.07495536555271,0.303678334674359,0.726682330774475,-5.68633451852203,0.138655399515611,"SARNP","sp|P82979|SARNP_HUMAN",-0.260705030295996,10.7671784735567,-0.744580551886296,0.47138406036339,0.892806855517381,-5.86906864473556,0.0492424836148991,"P82979"
"1394",0.138046236817447,18.9950219923616,1.07217135465551,0.304876640443939,0.729024185614865,-5.68917326382205,0.137258063582103,"SHBG","sp|P04278|SHBG_HUMAN",0.44931513607202,18.8030761537543,2.41731302721663,0.0331727965506522,0.564461874265568,-3.72053492606391,0.248365386520688,"P04278"
"1395",0.327900895847985,9.3315665289991,1.02077568250203,0.329449756315495,0.743744354296639,-5.69027081104341,0.128576317945239,"PREB","sp|Q9HCU5|PREB_HUMAN",0.241798718925399,8.7500616674473,0.607880260323942,0.555015549519052,0.913137076706219,-5.96117242464388,0.0394640229163576,"Q9HCU5"
"1396",-0.126921065513117,18.376323468306,-1.07044186876649,0.305622836116808,0.730282356423099,-5.69093372240613,0.136509191759825,"FMOD","sp|Q06828|FMOD_HUMAN",0.0511410780816638,18.4122067717715,0.471249210716864,0.646227093094697,0.941190003787092,-6.03570099218777,0.0263226940365601,"Q06828"
"1397",0.173818306858247,18.4223549046122,1.0695115817684,0.306024778756909,0.730324593079682,-5.69187970831433,0.136484074603017,"KVD16","sp|P01601|KVD16_HUMAN",0.17479240897087,18.1184642841629,1.14264415883689,0.276288878456725,0.792511383027922,-5.50938086831986,0.100994491191333,"P01601"
"1398",-0.372567620976695,12.146947686804,-1.06936025487043,0.306090198934795,0.730324593079682,-5.69203352528677,0.136484074603017,"NEB2","sp|Q96SB3|NEB2_HUMAN",0.187561834587692,12.2003565060054,0.610453768127812,0.553367699489864,0.912613568562101,-5.95959803603627,0.0397130785089623,"Q96SB3"
"1399",0.577501942263439,9.88171332621095,1.06887363005957,0.306300642834262,0.730324593079682,-5.69252803677935,0.136484074603017,"SUCB1","sp|Q9P2R7|SUCB1_HUMAN",0.0554352716633111,9.72233483160575,0.147257651739954,0.88546442955895,0.986191942633613,-6.1385711407079,0.00603855005478495,"Q9P2R7"
"1400",0.217430843219529,14.0363788171524,1.06459663610641,0.308154915565962,0.73421835230684,-5.69686641913028,0.134174764198719,"ADA15","sp|Q13444|ADA15_HUMAN",0.0284581270099028,13.8647228960618,0.122827678885504,0.904352027019072,0.986613644973353,-6.1419898344575,0.00585288249271538,"Q13444"
"1401",0.204684138183621,11.2857255998321,1.0638879699835,0.308462963371304,0.734425089978018,-5.6975838805597,0.134052494861177,"PMM2","sp|O15305|PMM2_HUMAN",-0.346216942405364,10.9963957293638,-1.02978423405014,0.324166015788597,0.823872143869656,-5.6242975249884,0.0841401809245796,"O15305"
"1402",0.104861559204812,17.698576661113,1.06206631483038,0.309255868362552,0.735785109028896,-5.69942634665525,0.133249005757435,"CAD13","sp|P55290|CAD13_HUMAN",0.077816321074582,17.5864072105731,0.723825798610673,0.483556531039026,0.899237641029829,-5.88414966077481,0.0461255223383996,"P55290"
"1403",0.359031177664976,14.71699322851,1.06057564521965,0.309905837648896,0.736348466085411,-5.70093211879139,0.132916613538325,"DYR1A","sp|Q13627|DYR1A_HUMAN",0.432170097348271,13.8687084085658,1.23035499856182,0.243001602805312,0.77039683551692,-5.4136145023512,0.113285509788458,"Q13627"
"1404",0.222632672890133,14.8510607792976,1.06050568169012,0.309936368521036,0.736348466085411,-5.7010027485044,0.132916613538325,"PTN11","sp|Q06124|PTN11_HUMAN",-0.0473251707027751,14.7211528975713,-0.248208643832925,0.808325018385163,0.974324183315953,-6.11792938760307,0.0112965178645011,"Q06124"
"1405",-0.151280499453598,15.6457880311954,-1.05992143770813,0.310191410076644,0.736427246097554,-5.70159240624801,0.132870151983714,"MYLK3","sp|Q32MK0|MYLK3_HUMAN / sp|Q86YV6|MYLK4_HUMAN / sp|Q9H1R3|MYLK2_HUMAN",-0.0364311031145771,15.3746982010446,-0.345032321646038,0.736263362078928,0.964602283830354,-6.08836012272844,0.0156517141602005,"Q32MK0"
"1406",-0.235562668774698,18.0831411754434,-1.05827715552515,0.310910032921237,0.737116466995171,-5.7032504925375,0.13246388666316,"TENN","sp|Q9UQP3|TENN_HUMAN",0.210302343181716,18.1090262944122,1.32706973884411,0.21008828248822,0.757046932651169,-5.30187017857519,0.120877195850511,"Q9UQP3"
"1407",-0.299057957324539,17.031258021867,-1.05714868505717,0.311403941129558,0.737116466995171,-5.70438721301138,0.13246388666316,"ALDOB","sp|P05062|ALDOB_HUMAN",0.354112116357111,17.1539846632395,1.38471152601726,0.192271287687341,0.752526853111309,-5.23236943702234,0.123477998126165,"P05062"
"1408",0.231645835185023,15.1075410216034,1.05714474951861,0.3114056646557,0.737116466995171,-5.70439117557794,0.13246388666316,"PRDX3","sp|P30048|PRDX3_HUMAN",-0.172449425782612,15.2913093365149,-0.690176727506058,0.503697486371663,0.906096656967774,-5.90777391721571,0.0428254719162299,"P30048"
"1409",0.225785832359862,10.848955865942,1.05698497131204,0.311475643777285,0.737116466995171,-5.70455204085131,0.13246388666316,"TM165","sp|Q9HC07|TM165_HUMAN",0.431519233163114,10.7781299496288,0.9015130067214,0.385704365917443,0.860101831254256,-5.74281055237978,0.065450127670707,"Q9HC07"
"1410",0.135277284208428,15.3714231558901,1.05671898105134,0.311592167277561,0.737116466995171,-5.70481979647429,0.13246388666316,"VDAC1","sp|P21796|VDAC1_HUMAN",0.0129846523624557,15.439541965037,0.105959249917435,0.91743022272766,0.986613644973353,-6.14399037283088,0.00585288249271538,"P21796"
"1411",0.147284176174076,12.3972515614048,1.05492173445989,0.312380345680591,0.73845467757399,-5.70662751925153,0.131676154222766,"DP13A","sp|Q9UKG1|DP13A_HUMAN",-0.171848233283656,12.4706107024143,-1.04653680402144,0.316692335550405,0.818540260268464,-5.6078525233485,0.0869599547585425,"Q9UKG1"
"1412",0.172416379919574,16.4922193650573,1.05348169023143,0.313012943793586,0.739317080392083,-5.70807413087934,0.131169260210785,"DOPO","sp|P09172|DOPO_HUMAN",0.0557415256489778,16.6786515137962,0.282056883319588,0.782883336696167,0.972723403089688,-6.10867333379144,0.0120106351572695,"P09172"
"1413",0.26811295018492,13.3308503016684,1.05212390257058,0.313610279623378,0.739317080392083,-5.70943662105915,0.131169260210785,"ATLA1","sp|Q8WXF7|ATLA1_HUMAN",0.0112226667363431,13.6567006758062,0.0563204636777558,0.956047757008128,0.989471316190957,-6.14816829094903,0.00459679104883991,"Q8WXF7"
"1414",0.134853028969375,18.1774983425948,1.05206567739377,0.31363591374561,0.739317080392083,-5.70949501554221,0.131169260210785,"PPIB","sp|P23284|PPIB_HUMAN",-0.0218969708938572,18.2434036620317,-0.217960192049271,0.831258152251264,0.977505666396101,-6.125211679462,0.00988071641043172,"P23284"
"1415",0.34819080599001,17.7643613440968,1.05206509469872,0.313636170289862,0.739317080392083,-5.70949559991816,0.131169260210785,"CO5A1","sp|P20908|CO5A1_HUMAN",0.410018071585528,18.3667028167578,1.1081641791033,0.290303880695833,0.804174755558491,-5.54550571202772,0.0946495642767864,"P20908"
"1416",0.138268806340977,14.6775475755504,1.04985748102439,0.314609240486462,0.740450985853476,-5.71170766794696,0.13050368431075,"AATM","sp|P00505|AATM_HUMAN",-0.194791370099791,14.6089585734253,-1.64412679661584,0.127033958090159,0.702819239782118,-4.89538852211946,0.153156358137419,"P00505"
"1417",0.119916786791684,18.0521806388677,1.04952329880695,0.314756736246439,0.740450985853476,-5.71204219079874,0.13050368431075,"CATD","sp|P07339|CATD_HUMAN",-0.0310775937787393,18.2635887857759,-0.277154077171456,0.786553000983616,0.972723403089688,-6.11008626259691,0.0120106351572695,"P07339"
"1418",0.221824702187308,14.2629112062804,1.04945591275749,0.31478648419381,0.740450985853476,-5.71210963490108,0.13050368431075,"REG1A","sp|P05451|REG1A_HUMAN / sp|P48304|REG1B_HUMAN",0.55531283833452,14.1450585957755,1.15338989735047,0.27202951503092,0.7878411521707,-5.49794415512212,0.103561337954553,"P05451"
"1419",-0.145750162207039,12.2923065365809,-1.04807268605569,0.315397578583696,0.74136300518363,-5.71349326446114,0.129969089530454,"IL18","sp|Q14116|IL18_HUMAN",-0.242067336891697,12.5030539283939,-1.07558767201883,0.304037405563528,0.811034091561332,-5.57882198690316,0.0909608899740679,"Q14116"
"1420",-0.180048900905436,13.9138323918195,-1.04662814650901,0.316036699533287,0.741814572666889,-5.71493661809802,0.129704639372666,"EPHA5","sp|P54756|EPHA5_HUMAN",-0.295982657575368,13.8877193406674,-1.50269676161516,0.159720566404143,0.728883053370811,-5.08378899720954,0.137342147059245,"P54756"
"1421",0.263691978632403,13.6065923114155,1.0459258410205,0.316347773798708,0.742019972606297,-5.71563775362607,0.12958440486118,"MAST2","sp|Q6P0Q8|MAST2_HUMAN",0.194852902359189,13.068813814815,0.61196494263738,0.552401343417099,0.912613568562101,-5.95867065143539,0.0397130785089623,"Q6P0Q8"
"1422",0.114355323854249,17.4295855761649,1.04519577159996,0.316671386195288,0.742254470891357,-5.71636619505687,0.129447177797128,"LRRN4","sp|Q8WUT4|LRRN4_HUMAN",-0.0709975138148686,17.3097412433639,-0.744146186797412,0.47163683570023,0.892806855517381,-5.86938822261807,0.0492424836148991,"Q8WUT4"
"1423",0.338262559110796,11.983826458622,1.04442447703391,0.317013538595745,0.742532063937388,-5.71713531354166,0.129284787949587,"IPYR2","sp|Q9H2U2|IPYR2_HUMAN",0.212370258569624,11.2218174277995,0.477189461671873,0.642117275139446,0.940765473701383,-6.03283529329662,0.0265186296779271,"Q9H2U2"
"1424",-0.294173221530791,13.5604864645156,-1.04370980415351,0.317330817560997,0.742751046181204,-5.71784755158214,0.129156727810526,"BAF","sp|O75531|BAF_HUMAN",0.107680856720434,13.9925494499555,0.251716461971096,0.80567712805058,0.974324183315953,-6.11702437588202,0.0112965178645011,"O75531"
"1425",-0.153843670737441,18.3770960581552,-1.04275205968969,0.317756376819129,0.74321656257938,-5.7188014015814,0.128884620655047,"PTPRF","sp|P10586|PTPRF_HUMAN",0.00969732612933716,18.4619267142888,0.0711854485788704,0.944466235431419,0.988040648929326,-6.14718498181364,0.00522518775796543,"P10586"
"1426",0.479135300360438,11.3325824454889,1.04192093280548,0.318126017760603,0.74321656257938,-5.71962856243183,0.128884620655047,"AL5AP","sp|P20292|AL5AP_HUMAN",0.592858123302656,11.3691755815649,1.28550021238517,0.2237610849445,0.757046932651169,-5.35066467594284,0.120877195850511,"P20292"
"1427",0.194650311878583,13.1088619907678,1.04159328767338,0.318271824274738,0.74321656257938,-5.71995449427317,0.128884620655047,"ACOX1","sp|Q15067|ACOX1_HUMAN",-0.00901262242966868,13.182066204889,-0.054985248286542,0.957088599171576,0.989471316190957,-6.14824539978303,0.00459679104883991,"Q15067"
"1428",0.252358689202526,11.684951346964,1.0409022047076,0.318579527671675,0.74321656257938,-5.72064168560643,0.128884620655047,"STABP","sp|O95630|STABP_HUMAN",-0.460819017002903,12.2672135620893,-1.70590860931435,0.11470587229863,0.694838307465401,-4.80987356333892,0.158116246266638,"O95630"
"1429",0.365118941434663,10.6543479884307,1.04042856195742,0.318790543278996,0.74321656257938,-5.72111244336897,0.128884620655047,"TFIP8","sp|O95379|TFIP8_HUMAN",0.139663519764623,9.86680145687169,0.406457627132423,0.691826409717657,0.953955901060617,-6.06470716343966,0.0204717011540782,"O95379"
"1430",0.200147312914505,12.7277082188854,1.03919962651788,0.319338536159446,0.74321656257938,-5.72233306683314,0.128884620655047,"GDF2","sp|Q9UK05|GDF2_HUMAN",0.343591897864299,12.3408525716434,0.841339826143892,0.417213817976772,0.871380058403275,-5.79373208451538,0.0597923831477007,"Q9UK05"
"1431",-0.361556328232899,9.83510474679658,-1.03899124459024,0.319431524459372,0.74321656257938,-5.72253992101459,0.128884620655047,"SORT","sp|Q99523|SORT_HUMAN",0.408225669458686,9.57384503700466,1.46380816500076,0.172352943580622,0.737164200701138,-5.08936602131206,0.132435763815776,"Q99523"
"1432",-0.31861290346319,11.0601119045355,-1.0386177958345,0.319598222208452,0.74321656257938,-5.72291054596016,0.128884620655047,"UBA6","sp|A0AVT1|UBA6_HUMAN",0.292221706226932,11.005896286361,0.984507267235055,0.345013806116038,0.842302006615039,-5.66764198422321,0.0745321646880175,"A0AVT1"
"1433",0.119660151899677,22.5740305725433,1.03856626181108,0.319621230694431,0.74321656257938,-5.72296168165483,0.128884620655047,"KV230","sp|P06310|KV230_HUMAN",0.165845713258871,22.4693991714232,1.69528002280471,0.116747889504849,0.694998681119888,-4.82471636123185,0.158016019557941,"P06310"
"1434",0.137778434513051,17.7999185198819,1.03684570059794,0.320390115409339,0.74321656257938,-5.72466773819621,0.128884620655047,"FBN2","sp|P35556|FBN2_HUMAN",0.209693812311467,17.8791925360307,1.81913811471036,0.0948552294026262,0.655140169532216,-4.64854451574856,0.183665771242242,"P35556"
"1435",-0.161599436056124,15.1578399029339,-1.03683511175985,0.320394851576708,0.74321656257938,-5.72467823051716,0.128884620655047,"AL1L1","sp|O75891|AL1L1_HUMAN",-0.0171771714292331,15.1670813561237,-0.104499699753289,0.918563071668353,0.986613644973353,-6.14414963370516,0.00585288249271538,"O75891"
"1436",-0.203668141158465,15.3835599689402,-1.03678589175209,0.320416867342643,0.74321656257938,-5.72472700072021,0.128884620655047,"SIL1","sp|Q9H173|SIL1_HUMAN",-0.260333309092904,15.583998903785,-1.32760368130057,0.209917211469567,0.757046932651169,-5.30123610011956,0.120877195850511,"Q9H173"
"1437",-0.13655247958079,14.8825354117865,-1.03525948584226,0.321100172577955,0.74321656257938,-5.7262385053967,0.128884620655047,"RANG","sp|P43487|RANG_HUMAN",0.162934601276534,14.8063125351988,1.23803681913067,0.24024460990612,0.769006415303954,-5.40496965226939,0.114070037156325,"P43487"
"1438",-0.266739811166095,14.773398204744,-1.03442913834992,0.321472334156005,0.74321656257938,-5.72705997188996,0.128884620655047,"CRACD","sp|Q6ZU35|CRACD_HUMAN",-0.170871079626281,14.717381266326,-0.571843789954989,0.578372524056354,0.918681549222175,-5.98256251549116,0.0368350058969403,"Q6ZU35"
"1439",-0.126953438714691,13.6496528841658,-1.03424618449736,0.321554376795798,0.74321656257938,-5.72724089551343,0.128884620655047,"KT3K","sp|Q9HA64|KT3K_HUMAN",-0.0407792462990742,13.5990395615796,-0.265838259757743,0.795043108080246,0.973526309548391,-6.11325402582622,0.0116523071770352,"Q9HA64"
"1440",0.211826338218396,13.0343295911763,1.03401062164087,0.321660033817757,0.74321656257938,-5.72747380527701,0.128884620655047,"NHRF2","sp|Q15599|NHRF2_HUMAN",0.316747303907861,12.8171604815173,1.65130782017879,0.125543262294103,0.700299306813659,-4.88554493006582,0.154716303535132,"Q15599"
"1441",-0.124878889239961,19.8351150263416,-1.03357517412091,0.321855412524463,0.74321656257938,-5.72790423265088,0.128884620655047,"PDLI1","sp|O00151|PDLI1_HUMAN",0.0682130842103087,19.8572730529581,0.45387352100796,0.658318715505984,0.942800633562724,-6.04388519037065,0.0255801343014022,"O00151"
"1442",0.148299725999179,17.7520380287476,1.03277365199074,0.322215272106718,0.74321656257938,-5.72869612124692,0.128884620655047,"PLST","sp|P13797|PLST_HUMAN",0.149417710084718,17.7583865658834,0.940326775818863,0.366274862924635,0.853698223347517,-5.70835725758417,0.068695622398372,"P13797"
"1443",-0.143828473370301,13.4828324999626,-1.0321404803492,0.32249975694018,0.74321656257938,-5.729321322548,0.128884620655047,"GFOD1","sp|Q9NXC2|GFOD1_HUMAN",-0.0448191256723648,13.4695764811074,-0.25824693623253,0.800754324989953,0.973599473204371,-6.11530608481682,0.0116196697661764,"Q9NXC2"
"1444",-0.130386178460247,15.4272131421728,-1.03108105196303,0.322976173321427,0.74321656257938,-5.73036670350588,0.128884620655047,"BASI","sp|P35613|BASI_HUMAN",-0.0927437149231315,15.539358391939,-0.801977975885402,0.438733349293217,0.876629379092586,-5.82536740324288,0.0571839786238945,"P35613"
"1445",0.165207150204331,17.7319208976889,1.03085400585434,0.323078341540703,0.74321656257938,-5.73059062319463,0.128884620655047,"KAP0","sp|P10644|KAP0_HUMAN",-0.117857595814759,17.7500685373973,-0.624096329842418,0.544677812012847,0.912613568562101,-5.95114826758931,0.0397130785089623,"P10644"
"1446",0.159668906420738,15.5441056315274,1.03006261416684,0.323434645046332,0.74321656257938,-5.73137079746406,0.128884620655047,"SH3G1","sp|Q99961|SH3G1_HUMAN",-0.00941069178345312,15.7537882764143,-0.0647797636938138,0.94945552640091,0.988655165505808,-6.1476368050573,0.00495516020506309,"Q99961"
"1447",-0.208883089322092,13.3941995034084,-1.02990125044938,0.323507330353809,0.74321656257938,-5.73152981291789,0.128884620655047,"DRC4","sp|O95995|DRC4_HUMAN",0.0208121666782933,13.3979532463199,0.113871220407473,0.91129261868988,0.986613644973353,-6.14308868725802,0.00585288249271538,"O95995"
"1448",-0.291579387618512,19.0652344789007,-1.02884948719015,0.323981385349537,0.74321656257938,-5.73256576345287,0.128884620655047,"KIT","sp|P10721|KIT_HUMAN",-0.201661244518832,19.1948433282924,-1.30751952190707,0.21643109881533,0.757046932651169,-5.3249594223879,0.120877195850511,"P10721"
"1449",-0.319774715726246,11.4238126720781,-1.02882746782166,0.323991315468479,0.74321656257938,-5.73258744237747,0.128884620655047,"MAMC2","sp|Q7Z304|MAMC2_HUMAN",0.0135904401303802,11.6768372737212,0.0635227784604138,0.950434844088679,0.989179444192639,-6.14772047334246,0.0047249171454194,"Q7Z304"
"1450",-0.194263497376944,13.7190809045183,-1.02845470750242,0.32415945392619,0.74321656257938,-5.73295438092635,0.128884620655047,"RRBP1","sp|Q9P2E9|RRBP1_HUMAN",0.232120984140615,13.7314546052434,1.58121512450765,0.140773085550564,0.724922900959771,-4.98050549294696,0.139708180281757,"Q9P2E9"
"1451",0.321687790775963,11.5308929155964,1.02845335695313,0.32416006322595,0.74321656257938,-5.73295571018196,0.128884620655047,"NDUA8","sp|P51970|NDUA8_HUMAN",0.19442809917502,11.7797827121183,0.811636718306288,0.433386725374759,0.873931350518796,-5.81772891460376,0.0585226809374819,"P51970"
"1452",0.3871605474246,13.0902063932339,1.02840206780225,0.324183202928913,0.74321656257938,-5.7330061895999,0.128884620655047,"CRTAM","sp|O95727|CRTAM_HUMAN",-0.0640482126247369,13.0174367805344,-0.326390004710144,0.749959498641408,0.965663208308992,-6.09479068428151,0.0151743148645484,"O95727"
"1453",-0.135385245962728,16.817892019005,-1.02832881904252,0.324216252074301,0.74321656257938,-5.73307827831116,0.128884620655047,"ESYT1","sp|Q9BSJ8|ESYT1_HUMAN",-0.271965405081513,16.7877755086485,-1.69936738103986,0.115958807919536,0.694998681119888,-4.81901472045832,0.158016019557941,"Q9BSJ8"
"1454",0.120827271476768,18.3760105558623,1.02760769581427,0.32454174834604,0.74321656257938,-5.73378775331021,0.128884620655047,"MDHM","sp|P40926|MDHM_HUMAN",-0.221415408955547,18.4416056759482,-1.37635186001057,0.194774740181416,0.752526853111309,-5.24257868856596,0.123477998126165,"P40926"
"1455",-0.289517693328292,11.4367359537741,-1.02747746970777,0.324600554633536,0.74321656257938,-5.73391583180689,0.128884620655047,"DCAF6","sp|Q58WW2|DCAF6_HUMAN",-0.430448085586036,11.2379523885213,-1.12976807826299,0.281460327543599,0.799116190861596,-5.52297377724972,0.0973900700209744,"Q58WW2"
"1456",0.13658213798424,16.0966462275966,1.02725101892639,0.324702831818582,0.74321656257938,-5.73413851597952,0.128884620655047,"LSAMP","sp|Q13449|LSAMP_HUMAN",0.161263478477798,16.0635400929953,1.7698904770678,0.103073624692102,0.669032409161068,-4.71941497681535,0.174552843698699,"Q13449"
"1457",0.185660725382073,13.835373570204,1.02662546406203,0.324985488709372,0.74321656257938,-5.73475345385598,0.128884620655047,"GDIR1","sp|P52565|GDIR1_HUMAN",-0.0378710965165282,13.8224377408421,-0.209510789134816,0.83769439659829,0.979496539518255,-6.12707849006104,0.00899709399367683,"P52565"
"1458",0.174025955810016,16.0930655719046,1.02627649118385,0.325143250637318,0.74321656257938,-5.73509636863231,0.128884620655047,"STAR","sp|P49675|STAR_HUMAN",0.00354038346744435,16.1184605404849,0.0308032771746291,0.975951582406219,0.994976977877517,-6.14932186462412,0.00218696799440344,"P49675"
"1459",-0.353871447890074,12.7524869730242,-1.02490612952451,0.325763301394352,0.743345090771259,-5.73644200336449,0.128809522411372,"UBP4","sp|Q13107|UBP4_HUMAN",-0.248185739214012,12.7401167149789,-1.01142450530247,0.332505338994748,0.831639201298847,-5.64206864491236,0.0800650473510164,"Q13107"
"1460",0.241062031908884,11.0116086937916,1.02476358934154,0.325827846724579,0.743345090771259,-5.73658188568491,0.128809522411372,"VPS51","sp|Q9UID3|VPS51_HUMAN",0.0439578057719534,10.958026123995,0.2159488380589,0.832789135650081,0.977880093091756,-6.1256627051523,0.00971439480458123,"Q9UID3"
"1461",-0.266234650399149,12.1955119547735,-1.02315364449472,0.326557517360803,0.743345090771259,-5.73816068695902,0.128809522411372,"KPRB","sp|O60256|KPRB_HUMAN",-0.490705880899062,11.9731161234119,-1.86535281743032,0.087688378250594,0.639643356953234,-4.58110624586767,0.19406210614006,"O60256"
"1462",0.142556894489187,20.8873735447082,1.02308636515561,0.326588036268545,0.743345090771259,-5.73822661984892,0.128809522411372,"ATRN","sp|O75882|ATRN_HUMAN",0.0875431939541411,20.7403865088991,0.698269603281353,0.498807923899507,0.903151205766242,-5.90218598351275,0.0442395339250954,"O75882"
"1463",0.33064528119101,15.3884723242304,1.02303588707075,0.326610935252137,0.743345090771259,-5.73827608535573,0.128809522411372,"VISTA","sp|Q9H7M9|VISTA_HUMAN",-0.401297443217647,15.6242724159016,-2.39389533928331,0.0346021447965219,0.564461874265568,-3.75865642841935,0.248365386520688,"Q9H7M9"
"1464",0.165380639915721,14.0226762466474,1.02271229462904,0.326757758390223,0.743345090771259,-5.7385931383605,0.128809522411372,"SYEP","sp|P07814|SYEP_HUMAN",0.0921889088770117,13.9023946093177,0.821572416204558,0.427931567038715,0.872187078027514,-5.8097868114639,0.0593903519470659,"P07814"
"1465",-0.124862200810684,17.1179278540226,-1.02269138933294,0.326767245385739,0.743345090771259,-5.73861361831323,0.128809522411372,"RAGP1","sp|P46060|RAGP1_HUMAN",0.123962995747939,17.0089372713262,1.07575894146737,0.303963941956231,0.811034091561332,-5.5786489244066,0.0909608899740679,"P46060"
"1466",0.154584381227404,18.5127362066472,1.02113823139648,0.327472646616972,0.743666890718547,-5.74013420045632,0.12862155359161,"DPP4","sp|P27487|DPP4_HUMAN",-0.180027932067125,18.5235339399995,-1.47918275526616,0.165804972972269,0.728883053370811,-5.11405207770539,0.137342147059245,"P27487"
"1467",0.233212895419029,19.1834733056545,1.02058957465662,0.327722097998911,0.743666890718547,-5.74067088968329,0.12862155359161,"PGK1","sp|P00558|PGK1_HUMAN",-0.161048308585087,19.3407159578735,-0.903297156633562,0.384795839145727,0.860069392436294,-5.74125420152927,0.0654665074350563,"P00558"
"1468",0.263898327110001,18.432692287883,1.02049396758274,0.327765580804381,0.743666890718547,-5.74076438675666,0.12862155359161,"ARPC4","sp|P59998|ARPC4_HUMAN",-0.0771848681964853,18.5756801128589,-0.322031074833127,0.753175064418894,0.966662041301744,-6.09624376062228,0.0147253348640878,"P59998"
"1469",-0.160945159657865,12.8073963647103,-1.02040739201446,0.327804959662921,0.743666890718547,-5.74084904534988,0.12862155359161,"SPCS3","sp|P61009|SPCS3_HUMAN",-0.44650805663354,12.8246426938684,-2.02366004690223,0.0667375570264581,0.609740800734631,-4.34384019979948,0.214854743241087,"P61009"
"1470",-0.92949595423866,7.9740929538163,-0.830347967220607,0.428013896439062,0.807146660387071,-5.74090473421264,0.0930475458109973,"SCYL2","sp|Q6P3W7|SCYL2_HUMAN",0.601008064573123,8.06298194825004,0.489426988014972,0.635567254048815,0.939029247353674,-5.92042275449883,0.0273208808260098,"Q6P3W7"
"1471",-0.445342736250634,8.96961903696856,-0.829276518929469,0.428588772328548,0.807771797477826,-5.74177321457545,0.0927113138468552,"DAP1","sp|P51397|DAP1_HUMAN",1.01853401921478,8.89086624482117,1.26687291216285,0.232414042435416,0.766165792444393,-5.3250033101426,0.115677242178419,"P51397"
"1472",0.387458388791871,10.2801232060162,1.01892786182776,0.32847845938812,0.743744354296639,-5.74229489035157,0.128576317945239,"PNPO","sp|Q9NVS9|PNPO_HUMAN",0.760025448139838,10.1763066135405,1.17230753163556,0.264655086823625,0.784977866995185,-5.47760682676593,0.105142588321461,"Q9NVS9"
"1473",0.676245328430326,10.0531352836134,1.01828511210043,0.328771362342886,0.743744354296639,-5.74292246145493,0.128576317945239,"MRP4","sp|O15439|MRP4_HUMAN",-0.65796724008711,10.1895126517463,-1.66803510287321,0.122130620417452,0.700133244405574,-4.86251649353959,0.154819300266761,"O15439"
"1474",-0.346661848838256,12.1679932097224,-1.01814433876843,0.328835538693259,0.743744354296639,-5.74305986633357,0.128576317945239,"PCKGM","sp|Q16822|PCKGM_HUMAN",0.159234654545834,12.1762586342388,0.5884144911598,0.567567251931408,0.914734232457629,-5.97287908477475,0.0387050678382534,"Q16822"
"1475",-0.159455267896546,15.0300373844099,-1.01707820688949,0.32932186928088,0.743744354296639,-5.74409997329514,0.128576317945239,"NCF2","sp|P19878|NCF2_HUMAN",0.0144086394691013,15.1141272649846,0.101960469330535,0.920534374038416,0.986613644973353,-6.14442145116783,0.00585288249271538,"P19878"
"1476",-0.127616064034378,20.6383556984995,-1.01662958925525,0.329526669627354,0.743744354296639,-5.74453736821671,0.128576317945239,"HS90A","sp|P07900|HS90A_HUMAN",-0.148654943113325,20.702201753741,-1.41980496514284,0.182052965171398,0.74596764370848,-5.18904236606593,0.127280009609923,"P07900"
"1477",0.52227123868824,10.2707401677448,0.963203306733023,0.356296781152565,0.760419634851654,-5.74500220488107,0.118946677711864,"SYQ","sp|P47897|SYQ_HUMAN",1.83530040714479,9.42846682922286,2.21107895681146,0.0479871683644232,0.589635363006715,-4.05215347593575,0.229416477831962,"P47897"
"1478",-0.296345296838452,12.84140689987,-1.0152731341701,0.330146477585452,0.743744354296639,-5.74585891051356,0.128576317945239,"RANB3","sp|Q9H6Z4|RANB3_HUMAN",0.287429341804908,12.8075993210542,1.13436207939363,0.279606741669468,0.796186179936307,-5.51813797794691,0.0989853650959198,"Q9H6Z4"
"1479",0.153069847882164,18.6062408634266,1.0152144107847,0.330173329431341,0.743744354296639,-5.74591608920817,0.128576317945239,"CATF","sp|Q9UBX1|CATF_HUMAN",0.186547825876788,18.6047421191367,1.2295597810399,0.243288439622701,0.77039683551692,-5.41450708763854,0.113285509788458,"Q9UBX1"
"1480",0.223547408777451,15.2927636986462,1.01494451005409,0.330296764735785,0.743744354296639,-5.74617885482696,0.128576317945239,"MGLL","sp|Q99685|MGLL_HUMAN",0.0605787047774951,15.4111926773601,0.297358253113361,0.771466103991294,0.970950409826952,-6.10410672389998,0.0128029506156658,"Q99685"
"1481",0.134041453956391,16.9108199827839,1.01452360668715,0.330489326307318,0.743744354296639,-5.74658851477255,0.128576317945239,"ADT3","sp|P12236|ADT3_HUMAN",-0.000414090052376998,17.0061830867021,-0.00315536254047586,0.997536159021863,0.99998415467369,-6.14980911334575,6.88159230085131e-06,"P12236"
"1482",-0.283209240040177,12.6893649501473,-1.01415045333405,0.33066011106507,0.743744354296639,-5.74695158159533,0.128576317945239,"TMM59","sp|Q9BXS4|TMM59_HUMAN",-0.437213232210135,12.7391169769186,-1.45255263030273,0.17293313070061,0.737165441399294,-5.14794099772483,0.132435032868846,"Q9BXS4"
"1483",0.436911185069747,9.23952529445263,0.96044576789511,0.357621249432738,0.760419634851654,-5.74755731228337,0.118946677711864,"SYTC","sp|P26639|SYTC_HUMAN",0.310246652618422,9.03311476022949,0.840878361903546,0.417461960585357,0.871380058403275,-5.79411070916665,0.0597923831477007,"P26639"
"1484",0.215346574798568,19.940281562429,1.01345101813007,0.330980402199433,0.743744354296639,-5.74763181025106,0.128576317945239,"VIME","sp|P08670|VIME_HUMAN",-0.125310892283332,20.2322430725319,-0.767611230474542,0.458103300247722,0.89072334793151,-5.85188338990841,0.0502571636661918,"P08670"
"1485",0.151317158951059,14.2867437804378,1.01328222575101,0.331057730942928,0.743744354296639,-5.74779590887316,0.128576317945239,"MTF2","sp|Q9Y483|MTF2_HUMAN",-0.00305732153960817,14.2165259208743,-0.0218953024249161,0.982904671879733,0.996718791924483,-6.14956548113746,0.00142735356591525,"Q9Y483"
"1486",0.215793281579915,16.1105885471697,1.01297086635891,0.331200408451471,0.743744354296639,-5.74809855012484,0.128576317945239,"CSK","sp|P41240|CSK_HUMAN",0.143852519072995,16.1801415769362,0.54536271643067,0.595864966765174,0.924268458929614,-5.99749510528583,0.0342018672020061,"P41240"
"1487",-0.419718049022524,10.1929905433704,-0.958295161794579,0.358656656840299,0.761513275704488,-5.7495457831934,0.11832252106734,"OSBL8","sp|Q9BZF1|OSBL8_HUMAN",-0.196296488312862,10.6442504049371,-0.652686758087064,0.526718750543553,0.911686477091096,-5.93287715269018,0.0401544869775934,"Q9BZF1"
"1488",-0.180942065906913,21.2609183956687,-1.01139024082283,0.331925408052146,0.744470915045066,-5.74963371914975,0.128152264576914,"HV551","sp|A0A0C4DH38|HV551_HUMAN",0.0364544577211321,21.2699221298485,0.254090476114776,0.80388652490956,0.974324183315953,-6.11640475987546,0.0112965178645011,"A0A0C4DH38"
"1489",0.224065921023221,19.0640556255909,1.01086900237385,0.332164742993148,0.744470915045066,-5.75013952824188,0.128152264576914,"C1QA","sp|P02745|C1QA_HUMAN",0.301708204225056,18.8480066143686,1.50431529528177,0.159308881555898,0.728883053370811,-5.08169435035035,0.137342147059245,"P02745"
"1490",0.112861301381171,16.5188432105249,1.01079904610499,0.33219687411321,0.744470915045066,-5.75020739712196,0.128152264576914,"MINP1","sp|Q9UNW1|MINP1_HUMAN",0.170072585552607,16.6760144178428,1.3385437053792,0.206437212207725,0.757046932651169,-5.28820393534967,0.120877195850511,"Q9UNW1"
"1491",-0.262949973742175,13.34486362094,-1.00941379624148,0.332833590653455,0.744818982592312,-5.75155050436807,0.127949263377361,"CHD9","sp|Q3L8U1|CHD9_HUMAN",-0.27535654086628,13.6732344623587,-1.61552315286037,0.133127545703151,0.708220132409959,-4.93434023674627,0.149831731813607,"Q3L8U1"
"1492",0.120193623582244,14.2150595839344,1.00927799023123,0.332896060437116,0.744818982592312,-5.75168209592415,0.127949263377361,"SC22B","sp|O75396|SC22B_HUMAN",-0.0191980043911612,14.0953591648649,-0.124733243416027,0.902876403839808,0.986613644973353,-6.14174534398151,0.00585288249271538,"O75396"
"1493",0.140483267037285,14.1201278434785,1.00812345855117,0.333427482027967,0.744818982592312,-5.75280020092826,0.127949263377361,"VPS4B","sp|O75351|VPS4B_HUMAN",-0.166470939788239,14.1851816290602,-1.10964606915289,0.289690566703162,0.804174755558491,-5.54397123333387,0.0946495642767864,"O75351"
"1494",-0.136423765514503,14.2118664202372,-1.00800155748901,0.333483628175135,0.744818982592312,-5.75291819338837,0.127949263377361,"ADA12","sp|O43184|ADA12_HUMAN",0.259733899368753,14.1154637236029,1.21125902363362,0.249964302978454,0.775356562229429,-5.43492740228957,0.110498533110194,"O43184"
"1495",-0.143529679745916,19.8294054266902,-1.00778393193717,0.333583880990772,0.744818982592312,-5.75312881136879,0.127949263377361,"GOLM1","sp|Q8NBJ4|GOLM1_HUMAN",0.17123541101187,19.7920674223212,1.27706699700362,0.226621200143037,0.759377171347676,-5.36042440739764,0.119542462906989,"Q8NBJ4"
"1496",0.141663668292195,21.806416715039,1.00753484853876,0.33369865233949,0.744818982592312,-5.75336982754012,0.127949263377361,"LV861","sp|A0A075B6I0|LV861_HUMAN",0.304633014973423,21.2794520136524,2.31295877793895,0.0400142045780452,0.574673817068442,-3.88954176533969,0.240578589471024,"A0A075B6I0"
"1497",-0.332068047169696,11.611918367759,-1.00552610073369,0.334625284452074,0.745821515081192,-5.75531169361222,0.127365092486827,"BT3L4","sp|Q96K17|BT3L4_HUMAN",-0.0908314619558511,11.7960885871193,-0.150698737230277,0.882809651188551,0.986191942633613,-6.13804009108717,0.00603855005478495,"Q96K17"
"1498",-0.611754792328546,11.0511253177295,-1.00441446133193,0.335138886476022,0.745821515081192,-5.75638492557116,0.127365092486827,"SRPK1","sp|Q96SB4|SRPK1_HUMAN",-0.0514449445568635,11.1803145020842,-0.107682470492469,0.916265073216189,0.986613644973353,-6.09357737734075,0.00585288249271538,"Q96SB4"
"1499",-0.255544843360046,15.075619504023,-1.00387131514865,0.335390040556371,0.745821515081192,-5.75690894417981,0.127365092486827,"SUSD1","sp|Q6UWL2|SUSD1_HUMAN",-0.288563825183046,15.3200160158446,-1.00789422381395,0.334126724462478,0.833533799334363,-5.64545537951746,0.0790767850779772,"Q6UWL2"
"1500",0.219741985316401,12.8019701694967,1.00386913225591,0.335391050215368,0.745821515081192,-5.75691104972002,0.127365092486827,"MLEC","sp|Q14165|MLEC_HUMAN",-0.320561062359904,12.8930048404358,-1.9049468791006,0.0819452849166784,0.631035732339805,-4.522644006143,0.199946048174833,"Q14165"
"1501",0.230440910833126,13.5036367330641,1.0037195572053,0.335460238815152,0.745821515081192,-5.7570553153212,0.127365092486827,"BIEA","sp|P53004|BIEA_HUMAN",-0.037074172870138,13.9279081323559,-0.214692081990656,0.833746107101856,0.977880093091756,-6.12594241515032,0.00971439480458123,"P53004"
"1502",0.180393414773954,15.2406686104803,1.00364206176776,0.335496089790967,0.745821515081192,-5.75713005282636,0.127365092486827,"LMNB1","sp|P20700|LMNB1_HUMAN",0.130404037991013,15.3010018202767,0.752447128726191,0.466820849124557,0.891884320053894,-5.86325177204484,0.0496914712070623,"P20700"
"1503",-0.107413303128285,24.0775299222968,-1.00268235763545,0.335940299544017,0.746309139348455,-5.75805520183102,0.127081239949619,"NID1","sp|P14543|NID1_HUMAN",-0.160653703968916,24.18824271062,-1.5992235961768,0.136713395692783,0.718424431608244,-4.95634951494314,0.143618906947343,"P14543"
"1504",0.168733724275105,14.4084366182047,1.001331354907,0.336566350686573,0.746924357162454,-5.75935630260559,0.12672337801104,"NTRI","sp|Q9P121|NTRI_HUMAN",0.044622012516533,14.1874246086303,0.219841247743393,0.829827004976273,0.977505666396101,-6.12478612046007,0.00988071641043172,"Q9P121"
"1505",0.13437517798702,13.9389077706924,1.00094698617953,0.336744620971798,0.746924357162454,-5.7597262050557,0.12672337801104,"CCL5","sp|P13501|CCL5_HUMAN",-0.174753371875896,13.9662719502319,-1.34652138397178,0.203929568090234,0.757046932651169,-5.27865223276634,0.120877195850511,"P13501"
"1506",0.542034108921199,8.99180916828809,1.00062854505269,0.336892365975352,0.746924357162454,-5.76003257094529,0.12672337801104,"UBP2L","sp|Q14157|UBP2L_HUMAN",0.391924647600233,8.6202645768646,0.972318019001195,0.352625893072876,0.845561151471296,-5.62949797177618,0.0728549785024484,"Q14157"
"1507",0.134195922569224,19.0972959117776,0.997033990943773,0.338563372981561,0.747170393319329,-5.76348514451261,0.126580345387157,"CE192","sp|Q8TEP8|CE192_HUMAN",0.236254802280878,19.1932306281387,2.31778571318622,0.0396698082945297,0.574673817068442,-3.88177591223475,0.240578589471024,"Q8TEP8"
"1508",-0.204058945128118,15.730418304059,-0.997028357506058,0.338565996518056,0.747170393319329,-5.76349054724699,0.126580345387157,"CLCA","sp|P09496|CLCA_HUMAN",0.372951720141128,15.9628345509573,2.26179928309943,0.0438449833812291,0.586780241299594,-3.97151667182662,0.23152451861715,"P09496"
"1509",-0.131793460037174,14.1135785271388,-0.996961102823134,0.338597318694371,0.747170393319329,-5.76355504570222,0.126580345387157,"LTOR1","sp|Q6IAA8|LTOR1_HUMAN",-0.0286702039991849,14.1169390949353,-0.145963563343711,0.886463190936821,0.986191942633613,-6.13876769103524,0.00603855005478495,"Q6IAA8"
"1510",0.100137531117079,17.55046552979,0.996889394546857,0.338630717334269,0.747170393319329,-5.76362381120762,0.126580345387157,"PFKAP","sp|Q01813|PFKAP_HUMAN",0.0331438967466813,17.5545430752707,0.34476729161923,0.73645742308711,0.964602283830354,-6.08845399376504,0.0156517141602005,"Q01813"
"1511",0.186375702597443,13.8051184484381,0.99672933580423,0.338705274449064,0.747170393319329,-5.76377728645522,0.126580345387157,"GLCE","sp|O94923|GLCE_HUMAN",0.343354909957054,13.804378301898,3.26646060755869,0.00705848256363717,0.390451727145196,-2.29654392145194,0.408432651749236,"O94923"
"1512",0.130199933764205,11.5166366714288,0.996645059539146,0.338744536039082,0.747170393319329,-5.76385808796973,0.126580345387157,"CODA1","sp|Q5TAT6|CODA1_HUMAN",-0.109412341390024,11.1603674294469,-0.417076416418694,0.684259357268427,0.953955901060617,-6.06023715999274,0.0204717011540782,"Q5TAT6"
"1513",-0.186062127179065,12.8273638674588,-0.996354328846919,0.338880003403916,0.747170393319329,-5.76413678763635,0.126580345387157,"ATL3","sp|P82987|ATL3_HUMAN",-0.185323902934729,12.8656809087241,-1.00665255794059,0.334698367904944,0.833981894201583,-5.64664421915635,0.078843377819933,"P82987"
"1514",0.159307067660636,16.851379074701,0.995003158511523,0.339510103087628,0.747170393319329,-5.76543114698265,0.126580345387157,"ANGL3","sp|Q9Y5C1|ANGL3_HUMAN",-0.0827173882113028,17.0805601706362,-0.527686768208806,0.607691627192944,0.928468578954848,-6.00708905784959,0.032232788981201,"Q9Y5C1"
"1515",0.164330526816792,16.5587640626144,0.994598250981504,0.339699091336196,0.747170393319329,-5.76581874232492,0.126580345387157,"NCKP1","sp|Q9Y2A7|NCKP1_HUMAN",-0.142473830744506,16.5780709568171,-0.625481812015184,0.543799618418392,0.912613568562101,-5.95028040404674,0.0397130785089623,"Q9Y2A7"
"1516",-0.152807002362949,17.0515604063633,-0.994588215516322,0.339703776299077,0.747170393319329,-5.76582834703026,0.126580345387157,"TCPD","sp|P50991|TCPD_HUMAN",-0.034374426351226,17.0314882081969,-0.24891902660547,0.807788580814096,0.974324183315953,-6.11774712403367,0.0112965178645011,"P50991"
"1517",-0.201106578202419,18.8772350888492,-0.994343706011395,0.339817937731697,0.747170393319329,-5.76606233609015,0.126580345387157,"TXND5","sp|Q8NBS9|TXND5_HUMAN",-0.269027838966322,18.9434994191393,-1.51744766671115,0.156002095084129,0.728883053370811,-5.06464445736714,0.137342147059245,"Q8NBS9"
"1518",-0.160642652235925,21.2776420689105,-0.994242652912856,0.339865127514595,0.747170393319329,-5.76615902707597,0.126580345387157,"HV5X1","sp|A0A0J9YXX1|HV5X1_HUMAN",0.0205159339282179,21.1849342796438,0.138826955594372,0.891974764120712,0.986270957608317,-6.13982057137637,0.0060037552127469,"A0A0J9YXX1"
"1519",0.217461838919084,16.3619464581115,0.993622124810494,0.340155005816664,0.747170393319329,-5.76675258794026,0.126580345387157,"GRAP2","sp|O75791|GRAP2_HUMAN",0.231477448793975,16.4384766144699,1.12248906401878,0.284416591043815,0.803386098446316,-5.53060408122653,0.0950756874416498,"O75791"
"1520",0.178312680693225,19.1464165139315,0.993046097130899,0.340424256017243,0.747267265688644,-5.76730330333867,0.126524041753147,"IGLL1","sp|P15814|IGLL1_HUMAN",-0.0203724951869736,19.1268194017909,-0.133800041735121,0.895860604089668,0.986613644973353,-6.14053063718182,0.00585288249271538,"P15814"
"1521",0.368435794417492,10.671376886975,0.991409673328374,0.341190004187413,0.748453155253155,-5.76886635199386,0.125835376418742,"RUXE","sp|P62304|RUXE_HUMAN",-0.507057211638916,10.9065705498435,-2.27538393454267,0.0427948795016951,0.5797396125148,-3.94981014354687,0.236767024092162,"P62304"
"1522",0.125147580786734,20.2514659802525,0.987618423176078,0.342968865699556,0.751858431477429,-5.77247926620645,0.123863925653183,"CD109","sp|Q6YHK3|CD109_HUMAN",0.0253055731037024,20.2346679209368,0.234562640002606,0.818649168980159,0.976540152493457,-6.12133050719399,0.010309895081874,"Q6YHK3"
"1523",0.191674260149507,17.2133705049005,0.986867741099485,0.34332187997219,0.752129237506777,-5.7731932535732,0.123707528672133,"SEPT7","sp|Q16181|SEPT7_HUMAN",0.161478479019417,17.3739389836948,0.911142505170536,0.380818442383029,0.859930399743799,-5.73437910458935,0.0655366978615683,"Q16181"
"1524",0.133723664369935,17.978285271997,0.986254283175334,0.343610558131668,0.752129237506777,-5.7737763846873,0.123707528672133,"RAB6A","sp|P20340|RAB6A_HUMAN",-0.0421577691966418,18.122800391181,-0.33750025719368,0.741785898160003,0.965375638139256,-6.09100038645712,0.0153036650731462,"P20340"
"1525",-0.158678713225218,14.6269482854142,-0.985910869420582,0.343772236606743,0.752129237506777,-5.77410268799907,0.123707528672133,"EP15R","sp|Q9UBC2|EP15R_HUMAN",0.147875969415122,14.5029997645647,0.77695467359247,0.452783814325857,0.887648836235982,-5.84477724665433,0.0517588119781641,"Q9UBC2"
"1526",-0.331944190210122,10.8772721504773,-0.984959874744313,0.344220249268476,0.752613311806372,-5.7750057995306,0.123428104388566,"WFDC2","sp|Q14508|WFDC2_HUMAN",0.89629492856799,10.8083750717898,2.01847102762569,0.0673434203095543,0.609740800734631,-4.35175988819627,0.214854743241087,"Q14508"
"1527",0.124463067393848,17.299874777845,0.982761234106268,0.345257637911045,0.754165317372702,-5.77709092150401,0.122533443847656,"TALDO","sp|P37837|TALDO_HUMAN",0.0443994886625024,17.4255772151581,0.372450128289962,0.716292802176035,0.960820446915146,-6.07826823895149,0.0173577634237046,"P37837"
"1528",0.137444367566036,16.5493907138224,0.98186255862875,0.345682309336229,0.754165317372702,-5.77794206460876,0.122533443847656,"RHOG","sp|P84095|RHOG_HUMAN",-0.253779918127873,16.6965031241426,-1.9294578217139,0.078565145192838,0.625265844136828,-4.48614807419703,0.203935294505077,"P84095"
"1529",-0.106740346522388,15.6326134151894,-0.981653927795684,0.34578095214291,0.754165317372702,-5.77813956657247,0.122533443847656,"X3CL1","sp|P78423|X3CL1_HUMAN",-0.0221684353093487,15.5705786533456,-0.153816711157587,0.880405439445214,0.986191942633613,-6.13754835725521,0.00603855005478495,"P78423"
"1530",0.179066152200276,16.0835650379649,0.981531193651448,0.345838991576153,0.754165317372702,-5.77825573722174,0.122533443847656,"NOE1","sp|Q99784|NOE1_HUMAN",0.174626172006574,16.1769586560821,1.81754209328929,0.0951119852794433,0.655140169532216,-4.65085762772997,0.183665771242242,"Q99784"
"1531",-0.161990340653692,23.7585715171567,-0.979677714614058,0.346716331094386,0.754550635677115,-5.78000860503329,0.122311610683258,"CERU","sp|P00450|CERU_HUMAN",-0.0605744785443216,23.8299208994674,-0.514804862074959,0.616384916102944,0.930949474286698,-6.01389156085336,0.0310738889799154,"P00450"
"1532",0.13515367055941,15.5211562591398,0.97958322971579,0.346761098121864,0.754550635677115,-5.78009788606576,0.122311610683258,"MVP","sp|Q14764|MVP_HUMAN",-0.20327981596558,15.5947466571949,-1.98208972434384,0.0717371297779037,0.609740800734631,-4.40702726004898,0.214854743241087,"Q14764"
"1533",-0.592651060062101,9.45607476900257,-0.979222395974107,0.346932099713005,0.754550635677115,-5.78043877949266,0.122311610683258,"IRAK4","sp|Q9NWZ3|IRAK4_HUMAN",-0.725157015947489,10.0402465921909,-1.17150848758525,0.2671351138928,0.78566784211862,-5.43032410833212,0.104761022438977,"Q9NWZ3"
"1534",0.264126154896341,11.3627185575857,0.978785157642397,0.347139391204296,0.754550635677115,-5.78085171298238,0.122311610683258,"KLC1","sp|Q07866|KLC1_HUMAN",-0.749013868892632,11.2283922104615,-2.15053995621347,0.0534184558267861,0.589635363006715,-4.1475068271734,0.229416477831962,"Q07866"
"1535",0.211121825853577,13.1567960929249,0.978757721323771,0.347152401530266,0.754550635677115,-5.78087761899491,0.122311610683258,"CC187","sp|A0A096LP49|CC187_HUMAN",0.0856106613219353,13.5031012275863,0.503718187133927,0.623915940206902,0.932637418833355,-6.01961770942832,0.0302871639760606,"A0A096LP49"
"1536",-0.186107344896957,12.5710408146627,-0.977819259713364,0.347597631888792,0.755021230815516,-5.78176336663416,0.122040836057717,"CELR1","sp|Q9NYQ6|CELR1_HUMAN",0.0236064904022858,12.6140178334869,0.109584697729171,0.914617112293063,0.986613644973353,-6.1435852387016,0.00585288249271538,"Q9NYQ6"
"1537",-0.153762068423597,13.9341334107936,-0.977122046757961,0.347928673213649,0.755021230815516,-5.78242095142931,0.122040836057717,"TBC15","sp|Q8TC07|TBC15_HUMAN",0.248160625313214,13.9961675644039,1.27987336100632,0.225666159832531,0.759377171347676,-5.35718188241153,0.119542462906989,"Q8TC07"
"1538",-0.114219140175113,14.3545533293978,-0.976784157521223,0.348089186703218,0.755021230815516,-5.78273949299071,0.122040836057717,"T200C","sp|A6NKL6|T200C_HUMAN",0.00433762557869572,14.1666921206945,0.0178747305555973,0.986043434112955,0.997463626278847,-6.14964846334031,0.00110293242758616,"A6NKL6"
"1539",-0.354556875205177,10.794812028806,-0.976385049838934,0.348278850370158,0.755021230815516,-5.78311562752957,0.122040836057717,"BABA1","sp|Q9NWV8|BABA1_HUMAN",-0.322150621166227,10.7560417025915,-0.852889584611448,0.411035323476158,0.868933909947367,-5.78419628898546,0.061013254203439,"Q9NWV8"
"1540",-0.0954204669051974,20.6230190343734,-0.97380074558182,0.349508757283678,0.756593342129832,-5.78554802679666,0.121137484731085,"PDIA4","sp|P13667|PDIA4_HUMAN",-0.0778340543869075,20.6955244583314,-0.923563492787354,0.374580035086278,0.858429459099652,-5.72338987201743,0.0662953869124561,"P13667"
"1541",0.225531465450636,12.6934554263056,0.973723494503289,0.349545570055481,0.756593342129832,-5.78562065304555,0.121137484731085,"DYRK3","sp|O43781|DYRK3_HUMAN",-0.183898458790983,12.7448808249467,-0.686910184911256,0.505679174034277,0.906096656967774,-5.91001246194814,0.0428254719162299,"O43781"
"1542",0.114471918149237,18.4237419310695,0.973424842473236,0.349687914078687,0.756593342129832,-5.78590137962194,0.121137484731085,"MA2A2","sp|P49641|MA2A2_HUMAN",0.0398445637536428,18.6239731925021,0.387512666400088,0.705413381221397,0.957324731019672,-6.07240395248189,0.0189407216084595,"P49641"
"1543",-0.125596379933344,20.261418303188,-0.972160753023277,0.350290866686948,0.757257178102243,-5.7870887889986,0.120756601262958,"HS90B","sp|P08238|HS90B_HUMAN",-0.177552725209514,20.4201338545372,-1.66622272153136,0.122496369987948,0.700133244405574,-4.86501824668139,0.154819300266761,"P08238"
"1544",0.241902247787822,17.3073884039821,0.971825197000963,0.350451047172355,0.757257178102243,-5.78740377048954,0.120756601262958,"RENBP","sp|P51606|RENBP_HUMAN",-0.34612246320451,17.5155613518086,-1.61591355463599,0.133042678652341,0.708220132409959,-4.93381139843113,0.149831731813607,"P51606"
"1545",0.163159962348228,16.8246358376681,0.970115821586768,0.351267846364224,0.757870675466512,-5.78900690515317,0.120404896904942,"GDIA","sp|P31150|GDIA_HUMAN",-0.097303250550001,16.9278482495346,-0.625735824171598,0.543638698454775,0.912613568562101,-5.95012109680705,0.0397130785089623,"P31150"
"1546",0.169287030297263,19.6958284168841,0.970011474874736,0.351317750963221,0.757870675466512,-5.7891046890338,0.120404896904942,"CAP1","sp|Q01518|CAP1_HUMAN",0.0309168844318162,19.7436062273901,0.188253649636637,0.85394033577883,0.980636721353978,-6.13145103447444,0.00849184800315778,"Q01518"
"1547",0.204249187617179,12.6313243070595,0.969559269905676,0.351534080037036,0.757870675466512,-5.78952834971571,0.120404896904942,"SGT1","sp|Q9Y2Z0|SGT1_HUMAN",-0.00769691746770647,12.4557796796339,-0.0438838934192025,0.965745476870809,0.991439396338831,-6.14881490346982,0.00373382774212562,"Q9Y2Z0"
"1548",-0.119656969406826,14.8178623717488,-0.968911164496515,0.351844291565481,0.757870675466512,-5.79013525294732,0.120404896904942,"MRCKB","sp|Q9Y5S2|MRCKB_HUMAN",0.0946926462271153,14.8581642738357,0.810637982108841,0.433937591339251,0.873931350518796,-5.81852251579358,0.0585226809374819,"Q9Y5S2"
"1549",0.12182663352763,18.3357198627824,0.967892929629922,0.352332058644598,0.757870675466512,-5.79108805988052,0.120404896904942,"NBL1","sp|P41271|NBL1_HUMAN",0.139926913450479,18.25991772938,1.34464228433063,0.204517958544329,0.757046932651169,-5.28090574504145,0.120877195850511,"P41271"
"1550",0.369306609982308,9.96719795006575,0.967683817624477,0.352432289805087,0.757870675466512,-5.7912836299127,0.120404896904942,"NCLN","sp|Q969V3|NCLN_HUMAN",0.647758366220558,9.37347280166951,1.42037468210267,0.181890910859764,0.74596764370848,-5.18833279995544,0.127280009609923,"Q969V3"
"1551",0.369199724988602,13.3840484085571,0.967338619004458,0.35259779433788,0.757870675466512,-5.79160639519823,0.120404896904942,"PCKGC","sp|P35558|PCKGC_HUMAN",-0.252978708627811,13.3437703916094,-0.870977593067791,0.401483638331801,0.867111174600625,-5.76903389116938,0.0619252169179849,"P35558"
"1552",0.147918985116038,18.782929861183,0.966573624306539,0.35296476691627,0.757870675466512,-5.79232132701554,0.120404896904942,"CMGA","sp|P10645|CMGA_HUMAN",0.024886823822015,18.7788347146889,0.170550813515482,0.867524048790261,0.984019329631185,-6.13473798886233,0.00699637040025486,"P10645"
"1553",-0.440819369680351,10.483102120285,-0.966245601204345,0.353122205156551,0.757870675466512,-5.79262773648765,0.120404896904942,"PFD5","sp|Q99471|PFD5_HUMAN",-0.201338961809129,10.5280927524476,-0.859120551321337,0.407727791544073,0.867345430800147,-5.77900453543444,0.0618079050462365,"Q99471"
"1554",-0.505175145651768,10.9928093962254,-0.966134481939469,0.353175549426385,0.757870675466512,-5.79273151401592,0.120404896904942,"GBG12","sp|Q9UBI6|GBG12_HUMAN",-0.591074378701349,10.7021298413719,-1.82401290140683,0.0940748995915813,0.653210442980038,-4.64147284132545,0.184946880744384,"Q9UBI6"
"1555",0.151972973374813,15.9018723022614,0.965829745280975,0.353321871823976,0.757870675466512,-5.79301606447503,0.120404896904942,"KSYK","sp|P43405|KSYK_HUMAN",-0.0596246244983853,15.9790725381338,-0.413693088718657,0.686666499035879,0.953955901060617,-6.06167351281364,0.0204717011540782,"P43405"
"1556",0.208990631162737,16.527920680148,0.965510755157425,0.353475084550214,0.757870675466512,-5.79331384256181,0.120404896904942,"RB33B","sp|Q9H082|RB33B_HUMAN",-0.247706076952297,16.7033718641113,-1.53657680317136,0.151290968734278,0.728883053370811,-5.03963701280845,0.137342147059245,"Q9H082"
"1557",-0.482197349822717,12.710818474449,-0.964956835770321,0.353741247829099,0.757951711778424,-5.79383072920284,0.120358461882704,"DCD","sp|P81605|DCD_HUMAN",-0.019170381501718,12.5809588224887,-0.071697867626736,0.944067223767101,0.988040648929326,-6.14714700106951,0.00522518775796543,"P81605"
"1558",-0.128110039815869,14.9308538703896,-0.963754546153309,0.354319451149969,0.758700811849515,-5.79495177158513,0.119929451217894,"ANO5","sp|Q75V66|ANO5_HUMAN",0.154898103233109,14.5911181085789,0.741377456538755,0.473250067024345,0.894435501170711,-5.87142131118555,0.0484509714695499,"Q75V66"
"1559",-0.121294602469729,16.2274909207704,-0.963161907268333,0.354604710176759,0.758778387164587,-5.79550392462319,0.119885047932078,"HINT2","sp|Q9BX68|HINT2_HUMAN",-0.260060327642296,16.1677272566668,-1.52004211821867,0.155355823873543,0.728883053370811,-5.06126463772598,0.137342147059245,"Q9BX68"
"1560",-0.192048862602596,13.9657810674713,-0.962468845982001,0.354938513996989,0.758778387164587,-5.79614927351043,0.119885047932078,"GTD2B","sp|Q6EKJ0|GTD2B_HUMAN / sp|Q86UP8|GTD2A_HUMAN",0.171263256294801,14.0040584007114,0.682546571555067,0.508333661563342,0.907562895496897,-5.91298760873962,0.0421232679770005,"Q6EKJ0"
"1561",-0.159152881211407,16.5926177501185,-0.962255054284535,0.355041529155349,0.758778387164587,-5.79634826744549,0.119885047932078,"LY66F","sp|Q5SQ64|LY66F_HUMAN",-0.25742425432847,16.6442975259908,-1.89191962504384,0.0837956723094398,0.632405319477049,-4.54194726807532,0.199004485656633,"Q5SQ64"
"1562",-0.14674602227943,14.3261679662965,-0.959834906844346,0.356209159568013,0.760419634851654,-5.79859828033748,0.118946677711864,"KGP1","sp|Q13976|KGP1_HUMAN",-0.130388652474365,14.2250239976255,-0.982912285851917,0.345765551394061,0.842302006615039,-5.66913923546744,0.0745321646880175,"Q13976"
"1563",-0.164083723485669,14.7624311917565,-0.957966669672407,0.35711238254859,0.760419634851654,-5.80033188381899,0.118946677711864,"CALM2","sp|P0DP24|CALM2_HUMAN / sp|P0DP25|CALM3_HUMAN / sp|P0DP23|CALM1_HUMAN",-0.0332000703285009,15.022142626581,-0.140420345797506,0.890743670983165,0.986253513625816,-6.13959005389128,0.00601143656266498,"P0DP24"
"1564",-0.105814022560769,15.9772323490831,-0.957893770378493,0.35714765964522,0.760419634851654,-5.80039947136396,0.118946677711864,"PDGFC","sp|Q9NRA1|PDGFC_HUMAN",-0.208587096929456,16.0545608400042,-1.61373985929529,0.133515808790085,0.708220132409959,-4.93675489187566,0.149831731813607,"Q9NRA1"
"1565",0.207123230357459,29.7482767006824,0.957341041878552,0.357415214186324,0.760419634851654,-5.80091178323207,0.118946677711864,"ALBU","sp|P02768|ALBU_HUMAN",0.336661936184337,29.4201292876048,1.85221796212175,0.0896733855854347,0.643850116117451,-4.60036237805001,0.191215221645184,"P02768"
"1566",-0.244473247178364,19.2581713242521,-0.957289581131601,0.357440131601361,0.760419634851654,-5.80095946824965,0.118946677711864,"TPM1","sp|P09493|TPM1_HUMAN",-0.186291250834317,19.3554533882242,-1.09143594313786,0.297296032003967,0.807673858820119,-5.56271365132444,0.0927639732705794,"P09493"
"1567",0.119236463477848,17.2108535841098,0.956871987278577,0.357642377223089,0.760419634851654,-5.80134634205522,0.118946677711864,"PEAR1","sp|Q5VY43|PEAR1_HUMAN",0.119270948789015,17.361934372106,0.962157458451018,0.35565559985248,0.846003487579491,-5.68843613513268,0.0726278466141605,"Q5VY43"
"1568",-0.239732921990202,19.317437480054,-0.955499268068737,0.358307774633109,0.761346673500184,-5.80261706457733,0.118417545456587,"TPM2","sp|P07951|TPM2_HUMAN",-0.201657936550674,19.40727180714,-1.17410226001351,0.263963651374172,0.784977866995185,-5.47566403506364,0.105142588321461,"P07951"
"1569",0.169081211366071,17.8502128100725,0.953974575935261,0.359047868454175,0.761513275704488,-5.80402664539429,0.11832252106734,"RHOA","sp|P61586|RHOA_HUMAN",-0.119773923854878,17.9554175856342,-0.715462794405717,0.488515612545456,0.900768510021316,-5.89011692980673,0.0453868047340959,"P61586"
"1570",-0.202306550334889,17.1463930759456,-0.953919746207782,0.359074503307479,0.761513275704488,-5.80407729983438,0.11832252106734,"SNRK","sp|Q9NRH2|SNRK_HUMAN",-0.199794185179144,17.1276695849233,-0.696991705606674,0.499578099516561,0.903151205766242,-5.90307230772001,0.0442395339250954,"Q9NRH2"
"1571",-0.0941519926081788,21.6996550263336,-0.953318073018124,0.359366872634852,0.761646647685233,-5.80463299246436,0.118246465080656,"APLP2","sp|Q06481|APLP2_HUMAN",-0.153814790019438,21.7665870920531,-1.48126995824865,0.165257010996855,0.728883053370811,-5.11137858247316,0.137342147059245,"Q06481"
"1572",-0.26182039942869,10.3800429725614,-0.951653396827477,0.360176664294434,0.762875780978448,-5.80616889372001,0.117546172435047,"MK","sp|P21741|MK_HUMAN",-0.143110038353878,9.74801854107089,-0.252381297486354,0.805175558003408,0.974324183315953,-6.11685143390844,0.0112965178645011,"P21741"
"1573",0.122905539322399,28.4630787812653,0.949775965284504,0.361091503916662,0.764012775410858,-5.80789834323688,0.116899379324766,"APOA","sp|P08519|APOA_HUMAN",-0.114348823397777,28.7790933104511,-0.799641326728476,0.440033241477952,0.876629379092586,-5.82720309429951,0.0571839786238945,"P08519"
"1574",0.282400257851426,11.6882248326856,0.949422210420616,0.361264066689237,0.764012775410858,-5.80822388812761,0.116899379324766,"EX3L4","sp|Q17RC7|EX3L4_HUMAN",0.155516033537099,11.7085904215989,0.596771611444086,0.562159646968038,0.914734232457629,-5.96789688313148,0.0387050678382534,"Q17RC7"
"1575",-0.236369709014345,19.3094523137513,-0.9482733551676,0.361824884912266,0.764012775410858,-5.80928041416313,0.116899379324766,"TPM3","sp|P06753|TPM3_HUMAN",-0.181255668439162,19.4338118800202,-0.973294979389072,0.350323444849217,0.844428376563205,-5.67812405369811,0.0734371808857621,"P06753"
"1576",0.111939411975619,20.6233894256218,0.948202981434998,0.361859258153145,0.764012775410858,-5.80934509670229,0.116899379324766,"BTD","sp|P43251|BTD_HUMAN",0.142409205763605,20.6488231568971,1.29402917510114,0.220898321905318,0.757046932651169,-5.34074600760469,0.120877195850511,"P43251"
"1577",0.453641623734897,8.52713800781652,0.891211756865513,0.392034939667252,0.785961346690724,-5.80967364916584,0.104598811888972,"PAXI","sp|P49023|PAXI_HUMAN",-0.320285628394054,7.84700432220227,-0.764520368744519,0.465095751137182,0.891538289314238,-5.68561234681164,0.0498600002387095,"P49023"
"1578",0.159966856788688,14.5600729445986,0.9473945561035,0.362254290034967,0.764012775410858,-5.81008784968258,0.116899379324766,"RAB2B","sp|Q8WUD1|RAB2B_HUMAN",-0.13863622689639,14.5660859755186,-1.50721644569147,0.158573230643817,0.728883053370811,-5.0779360913313,0.137342147059245,"Q8WUD1"
"1579",0.16517336440086,17.4392365630949,0.947367557781218,0.362267487857445,0.764012775410858,-5.81011264545744,0.116899379324766,"RAB14","sp|P61106|RAB14_HUMAN",-0.141631996636938,17.532276389384,-0.842235647457113,0.416732390603476,0.871380058403275,-5.79299655489656,0.0597923831477007,"P61106"
"1580",0.173177722670156,14.3879167881997,0.946791848127076,0.362548997957994,0.764012775410858,-5.81064124445965,0.116899379324766,"CYRIB","sp|Q9NUQ9|CYRIB_HUMAN",-0.2962405511264,14.4900326468787,-2.25246247345457,0.0445809520577259,0.589498724619889,-3.98640947286809,0.229517130163708,"Q9NUQ9"
"1581",0.239997120156628,24.2740229759256,0.946779529953689,0.362555022980447,0.764012775410858,-5.8106525516289,0.116899379324766,"FLNA","sp|P21333|FLNA_HUMAN",-0.0761433550942802,24.4346264204482,-0.339819539969902,0.740083766910855,0.965162287770973,-6.09019347345318,0.0153996558193429,"P21333"
"1582",0.196405052165919,14.1061092436995,0.944918862258643,0.363465919821476,0.764260632361145,-5.81235906212198,0.116758510673637,"IVD","sp|P26440|IVD_HUMAN",0.158209643247058,14.1065673170715,0.86317684975845,0.405584310411939,0.867345430800147,-5.77560699995875,0.0618079050462365,"P26440"
"1583",0.289516615361282,11.0340836209113,0.944715702100033,0.363565475512564,0.764260632361145,-5.81254521652748,0.116758510673637,"RETN","sp|Q9HD89|RETN_HUMAN",-0.019431814533576,11.0925581506031,-0.0366595662748147,0.97138156762119,0.992615585878919,-6.14911684330109,0.00321890986802432,"Q9HD89"
"1584",-0.385850882349763,9.89406014953795,-0.944528052813478,0.363657447444783,0.764260632361145,-5.81271712800018,0.116758510673637,"HNRH3","sp|P31942|HNRH3_HUMAN",-0.0910160118470141,9.43714817698327,-0.177638373965041,0.862080039908334,0.983382563387846,-6.13346072384137,0.00727749656607012,"P31942"
"1585",0.157379837353827,27.6158461258354,0.944485953984782,0.363678083464107,0.764260632361145,-5.81275569206272,0.116758510673637,"RET4","sp|P02753|RET4_HUMAN",0.188504606028576,27.6406309721914,1.89162468519092,0.083838005595029,0.632405319477049,-4.54238353347847,0.199004485656633,"P02753"
"1586",-0.154665979244274,15.8156421699992,-0.944188357809792,0.363823982865505,0.764260632361145,-5.81302825907832,0.116758510673637,"KAP2","sp|P13861|KAP2_HUMAN",-0.117209553327456,15.8795110978911,-1.07697481125435,0.303442796045747,0.811034091561332,-5.57741968459623,0.0909608899740679,"P13861"
"1587",-0.200885899511009,10.4367666024656,-0.94266032380762,0.364573767533196,0.76532493930661,-5.81442662109907,0.116154134277017,"TIM","sp|Q9UNS1|TIM_HUMAN",-0.647851138586355,10.270264027753,-2.40478288734389,0.0339303446655209,0.564461874265568,-3.74094602163164,0.248365386520688,"Q9UNS1"
"1588",-0.100572741587999,18.0376412135897,-0.942216355226067,0.364791821025326,0.76532493930661,-5.81483255021014,0.116154134277017,"LAMB2","sp|P55268|LAMB2_HUMAN",0.0413468659233088,17.995740319026,0.322554940053772,0.752788352773087,0.966539474991828,-6.09607014041937,0.0147804040037366,"P55268"
"1589",0.15939899525659,16.1079552666155,0.941449145007089,0.365168850365763,0.765397276214145,-5.81553363954739,0.116113087613573,"PRDX5","sp|P30044|PRDX5_HUMAN",0.0373337601207101,16.1603796789932,0.244220237506727,0.811338709126761,0.974957702965865,-6.11894313007951,0.0110142250881126,"P30044"
"1590",-0.241168527744277,13.9397119231071,-0.940171228565953,0.365797465716207,0.765397276214145,-5.81670033486861,0.116113087613573,"SCFD1","sp|Q8WVM8|SCFD1_HUMAN",-0.0148712636925002,13.7701209794526,-0.0860404627414666,0.93290576917007,0.987021992313333,-6.14597352057116,0.00567317049762038,"Q8WVM8"
"1591",-0.14030584094381,16.3903555892229,-0.939841803022225,0.365959635893128,0.765397276214145,-5.8170008693984,0.116113087613573,"STK26","sp|Q9P289|STK26_HUMAN",-0.0789209834719909,16.3630843408757,-0.56207125270458,0.584795999821804,0.922575226651601,-5.98815107802475,0.0349982114153286,"Q9P289"
"1592",0.140422724441378,29.0923283386512,0.939801754650547,0.365979354429602,0.765397276214145,-5.81703739932869,0.116113087613573,"IGHM","sp|P01871|IGHM_HUMAN",0.28213542717834,29.1633538136262,2.41215406899119,0.0334826944423678,0.564461874265568,-3.7289423484969,0.248365386520688,"P01871"
"1593",0.113483335990931,14.9790414437638,0.93917986109275,0.366285651027953,0.765555463326055,-5.8176044853958,0.116023339852873,"PUR6","sp|P22234|PUR6_HUMAN",0.15651609079132,15.1392155447289,0.81620411437777,0.430873367269092,0.872562730586235,-5.81408859636528,0.0592033407950018,"P22234"
"1594",0.216788862397957,15.0908638031602,0.935838420536476,0.367934477998547,0.76652344284721,-5.82064593482684,0.115474558430616,"PEBP4","sp|Q96S96|PEBP4_HUMAN",0.137428701784593,15.105353538545,0.94562325226711,0.363678040883484,0.850954166069728,-5.70355972215036,0.070093831171655,"Q96S96"
"1595",0.253720822314589,12.2249841557089,0.935405446649724,0.36814850966142,0.76652344284721,-5.82103935635242,0.115474558430616,"FGOP2","sp|Q9NVK5|FGOP2_HUMAN",0.244284119572256,12.3241761649562,1.14943477696144,0.273591274994416,0.78968906453871,-5.50216337220011,0.102543875971207,"Q9NVK5"
"1596",0.132798768648921,13.6905075120268,0.934228156385551,0.36873092136332,0.76652344284721,-5.82210831069403,0.115474558430616,"HYAL3","sp|O43820|HYAL3_HUMAN",-0.192036516686063,13.809896456608,-1.41240958593415,0.184167588583754,0.749352192847742,-5.19823530197616,0.125314017466809,"O43820"
"1597",-0.195867074681021,13.3717470412502,-0.934076892517919,0.368805799323096,0.76652344284721,-5.82224557128482,0.115474558430616,"MGST2","sp|Q99735|MGST2_HUMAN",-0.505353415509262,13.4340127070059,-1.74106214200675,0.108177050979056,0.676157499434061,-4.76040472482494,0.16995213073284,"Q99735"
"1598",0.0994567379191409,23.7384027495534,0.933954581336487,0.368866353067936,0.76652344284721,-5.82235654553911,0.115474558430616,"NCAM1","sp|P13591|NCAM1_HUMAN",0.0188944319150416,23.8247902641832,0.20223415149237,0.843247209415769,0.979774508889009,-6.12862750550757,0.00887386391301568,"P13591"
"1599",-0.184415146054619,13.0800174938898,-0.933929924064453,0.368878561221298,0.76652344284721,-5.82237891583717,0.115474558430616,"G3ST1","sp|Q99999|G3ST1_HUMAN",-0.375209699801835,12.9578327154799,-1.32269571136911,0.211493995394699,0.757046932651169,-5.30705757237712,0.120877195850511,"Q99999"
"1600",0.355452908043098,11.8973234026816,0.93373931090134,0.368972945992945,0.76652344284721,-5.82255183242827,0.115474558430616,"DHCR7","sp|Q9UBM7|DHCR7_HUMAN",0.400219572852886,11.6045374265078,1.11444050352547,0.287713057379324,0.803677098634372,-5.53899545207486,0.0949184070341135,"Q9UBM7"
"1601",-0.114378647805506,16.2183120051533,-0.933653388468417,0.369015497234861,0.76652344284721,-5.82262976789461,0.115474558430616,"ABHGA","sp|O95870|ABHGA_HUMAN",-0.00876091807656679,16.1630718020974,-0.0495165517023706,0.961352463777746,0.99079827275201,-6.14854192188736,0.00401475918644791,"O95870"
"1602",-0.239924273449705,18.1307025322313,-0.933409067386486,0.369136510851384,0.76652344284721,-5.82285134433188,0.115474558430616,"ANX11","sp|P50995|ANX11_HUMAN",-0.479978321180308,18.3474536199113,-3.30177982789713,0.00661899141905233,0.378766077928184,-2.23673296825697,0.421628923090852,"P50995"
"1603",-0.120968204422986,22.2363140750682,-0.933282611127318,0.369199156302082,0.76652344284721,-5.82296600881326,0.115474558430616,"MASP2","sp|O00187|MASP2_HUMAN",-0.0299824205065853,22.3337202387068,-0.237563616139304,0.816375584014974,0.976540152493457,-6.1205988685939,0.010309895081874,"O00187"
"1604",-0.0914160786862465,18.6042533111768,-0.933100795863934,0.369289239262636,0.76652344284721,-5.82313084681356,0.115474558430616,"RINL","sp|Q6ZS11|RINL_HUMAN",-0.0505154993307966,18.553912000504,-0.481774984594937,0.638953209032085,0.939874259186622,-6.03059958686166,0.0269302444791645,"Q6ZS11"
"1605",-0.153037569270074,17.3203555218053,-0.929834771732963,0.370910067023207,0.769406570281264,-5.82608720211448,0.113844109392975,"S10A4","sp|P26447|S10A4_HUMAN",-0.0949474912384977,17.5135081958125,-0.671789178674428,0.514912908731904,0.907970131840623,-5.9202475862523,0.0419284375914184,"P26447"
"1606",-0.131464387973232,15.3763485129518,-0.929014205263345,0.371318072116829,0.769438223330594,-5.82682856608743,0.113826243075698,"MA1B1","sp|Q9UKM7|MA1B1_HUMAN",-0.228764530347153,15.5450990159394,-2.0276976088248,0.0662696547132183,0.609740800734631,-4.33767164099114,0.214854743241087,"Q9UKM7"
"1607",0.270693085208659,12.2054136555241,0.928871656585803,0.371388982758545,0.769438223330594,-5.82695729835031,0.113826243075698,"RL18","sp|Q07020|RL18_HUMAN",-0.306458293986957,12.4167917618317,-1.11396278566204,0.287909632502642,0.803677098634372,-5.53949200629666,0.0949184070341135,"Q07020"
"1608",0.1468760908786,16.6777395322522,0.928320337955151,0.371663324780563,0.769526247627379,-5.8274550209802,0.113776562310313,"KPCA","sp|P17252|KPCA_HUMAN",0.124016748917836,16.6515564224379,1.25704795267662,0.233528974088246,0.766165792444393,-5.3834012723084,0.115677242178419,"P17252"
"1609",0.10574841299336,18.3180036390974,0.926578027868735,0.372531250071471,0.770767689163607,-5.82902628283853,0.113076499403285,"BMP1","sp|P13497|BMP1_HUMAN",-0.0267050708278209,18.3712755994369,-0.295362234516298,0.772952334200848,0.971017712798112,-6.10471589410213,0.0127728478465606,"P13497"
"1610",-0.220873190480389,15.7383866676511,-0.925976736874375,0.372831110033596,0.770767689163607,-5.8295679536496,0.113076499403285,"RRN3","sp|Q9NYV6|RRN3_HUMAN",-0.160950566118191,15.8618310963697,-1.51725880666771,0.156049229744734,0.728883053370811,-5.06489034080401,0.137342147059245,"Q9NYV6"
"1611",-0.280967842480463,10.5747138282993,-0.925719189496357,0.372959598914358,0.770767689163607,-5.82979987170256,0.113076499403285,"PODO","sp|Q9NP85|PODO_HUMAN",-0.023708464111935,10.9622831492777,-0.0989017455787076,0.922909713564814,0.986613644973353,-6.14474001742878,0.00585288249271538,"Q9NP85"
"1612",0.233576182647269,11.4462348078573,0.923670515567439,0.373982773724308,0.771733247847294,-5.8316426976491,0.112532789052143,"PXL2B","sp|Q8TBF2|PXL2B_HUMAN",-0.0820440361639371,11.7306237391287,-0.311599121797319,0.760890317661227,0.967484722891457,-6.09964342805473,0.0143558840003405,"Q8TBF2"
"1613",0.191834913235092,21.8595275590301,0.923191335981715,0.374222374568083,0.771733247847294,-5.83207322253454,0.112532789052143,"ZA2G","sp|P25311|ZA2G_HUMAN",0.333879993380932,21.5585634386079,1.82415173526296,0.0940527613947003,0.653210442980038,-4.64127129368979,0.184946880744384,"P25311"
"1614",-0.218883252535645,9.38709037969466,-0.923111469200576,0.374262320227532,0.771733247847294,-5.83214496113158,0.112532789052143,"TSN31","sp|Q12999|TSN31_HUMAN",0.0635848244842233,9.39574153879998,0.123048372043047,0.904181108265861,0.986613644973353,-6.14196171095098,0.00585288249271538,"Q12999"
"1615",-0.127066304650409,17.5780255869473,-0.92283674781758,0.374399745869764,0.771733247847294,-5.83239168280532,0.112532789052143,"HXK1","sp|P19367|HXK1_HUMAN",-0.169405699108506,17.6956106327155,-1.48738814743473,0.163659668645004,0.728883053370811,-5.10352739294882,0.137342147059245,"P19367"
"1616",0.200498857254997,23.1323909895531,0.922457708201139,0.374589413161191,0.771733247847294,-5.83273198669075,0.112532789052143,"APOH","sp|P02749|APOH_HUMAN",0.299449041431671,22.6970168685295,1.37598368620013,0.194885616753033,0.752526853111309,-5.2430273217117,0.123477998126165,"P02749"
"1617",0.24145435212771,11.1700449896495,0.921755304451582,0.374941065730701,0.771978534218484,-5.83336229023874,0.112394775571093,"ATE1","sp|O95260|ATE1_HUMAN",0.0291847464731851,10.9326967592175,0.0803645181841537,0.937321158356311,0.987922808696284,-6.14646340036957,0.00527698766632874,"O95260"
"1618",0.636503433597756,8.29863149286236,0.792051920111435,0.44686312675824,0.813197447011243,-5.83503443891742,0.0898039934755509,"LEP","sp|P41159|LEP_HUMAN",0.720739359406383,8.29932361029867,0.928796111010032,0.375837112135364,0.858429459099652,-5.61385928735562,0.0662953869124561,"P41159"
"1619",0.137644347040167,21.6261262463925,0.919686959056839,0.375977903890497,0.77354112127159,-5.83521592068483,0.111516594354208,"HV461","sp|A0A0C4DH41|HV461_HUMAN / sp|P01825|HV459_HUMAN",0.21455043159928,21.4024173514242,1.80553606578606,0.0970637117285109,0.660893965853522,-4.66822329387337,0.179868213341375,"A0A0C4DH41"
"1620",0.144633335078124,14.1000965571211,0.919311910965544,0.376166125258315,0.77354112127159,-5.83555165045581,0.111516594354208,"HERC6","sp|Q8IVU3|HERC6_HUMAN",-0.183871560515414,14.2418650698351,-1.66331604260835,0.123084979482089,0.700299306813659,-4.869027171483,0.154716303535132,"Q8IVU3"
"1621",0.162452516003965,15.1334406197497,0.91820805995044,0.376720484362969,0.774201416471018,-5.83653909331881,0.111146038435581,"SUCO","sp|Q9UBS9|SUCO_HUMAN",0.0362969581993419,15.2252363990969,0.268797250789495,0.792820305763777,0.972723403089688,-6.11243826383151,0.0120106351572695,"Q9UBS9"
"1622",-0.118329948147914,21.3019028113144,-0.91692846693092,0.377363814112514,0.775043625643213,-5.83768246388501,0.110673851244812,"LAMA2","sp|P24043|LAMA2_HUMAN",-0.0128422306485488,21.2336182594982,-0.119745516991363,0.906739569688506,0.986613644973353,-6.14237734037292,0.00585288249271538,"P24043"
"1623",0.14228419008253,17.4011120138541,0.915396982411025,0.378134790444304,0.776146796218085,-5.83904910055506,0.110056130857573,"CSRP1","sp|P21291|CSRP1_HUMAN",0.0153741834855882,17.4335849177042,0.0938500426693532,0.926834455072664,0.986613644973353,-6.14524494445321,0.00585288249271538,"P21291"
"1624",-0.125262496504679,15.5710850782791,-0.913391972746142,0.379145803410197,0.777740989813623,-5.84083530969695,0.109165011523522,"AT2C1","sp|P98194|AT2C1_HUMAN",-0.236132487846019,15.4938392349787,-1.89635100950291,0.0831619818089003,0.632405319477049,-4.53538842041934,0.199004485656633,"P98194"
"1625",0.222016287190419,11.9835016947622,0.912547759593722,0.379572053996183,0.778134433115091,-5.84158638393703,0.108945366356701,"DDX1","sp|Q92499|DDX1_HUMAN",-0.356523328342155,11.8624787214122,-1.53327817351664,0.152094495295768,0.728883053370811,-5.04396372655368,0.137342147059245,"Q92499"
"1626",-0.342616822974352,8.72947266978007,-0.783484762618053,0.451648952563057,0.815936139311582,-5.84169888542039,0.0883438307435665,"RIN3","sp|Q8TB24|RIN3_HUMAN",0.333159835652584,8.41286611057573,0.546768590898046,0.597059897473639,0.924268458929614,-5.89031427754877,0.0342018672020061,"Q8TB24"
"1627",1.55927509252486,16.8379925935786,0.910942311751973,0.38038357688167,0.778855888804021,-5.84301305198711,0.108542892118225,"PRP4B","sp|Q13523|PRP4B_HUMAN",0.630522597147074,17.0506981957204,0.588725194869399,0.567365701468229,0.914734232457629,-5.97269503540088,0.0387050678382534,"Q13523"
"1628",-0.105129665656878,18.7704474398791,-0.910379977576175,0.380668110567709,0.778855888804021,-5.84351225189005,0.108542892118225,"SE6L2","sp|Q6UXD5|SE6L2_HUMAN",-0.113681728294252,18.832086514953,-0.897027153399266,0.387995215745326,0.861474961558659,-5.74671192403466,0.0647573406360728,"Q6UXD5"
"1629",0.126362029044079,16.3168446640513,0.910160466444103,0.380779220379127,0.778855888804021,-5.84370704575428,0.108542892118225,"PSA","sp|P55786|PSA_HUMAN",-0.0110095954913869,16.2610895789197,-0.10300972207497,0.919719730772119,0.986613644973353,-6.14430994064763,0.00585288249271538,"P55786"
"1630",-0.177829754116368,13.6124399341999,-0.909700738241173,0.381011993619275,0.778855888804021,-5.84411487622594,0.108542892118225,"DHPR","sp|P09417|DHPR_HUMAN",-0.038594933688784,13.4589770299634,-0.275568380730497,0.787741023717622,0.972723403089688,-6.11053801196434,0.0120106351572695,"P09417"
"1631",-0.168373134066488,16.450022085873,-0.909532291835748,0.381097307447343,0.778855888804021,-5.84426426245192,0.108542892118225,"DESP","sp|P15924|DESP_HUMAN",0.0530731871716508,16.5434584625243,0.276965537458318,0.786694227737263,0.972723403089688,-6.11014010962154,0.0120106351572695,"P15924"
"1632",0.140293109921344,16.7668064079901,0.908432182154873,0.381654810885357,0.779515272202154,-5.84523930294352,0.108175371728317,"PCD18","sp|Q9HCL0|PCD18_HUMAN",0.0196192154236099,16.703976514592,0.175418799160129,0.863784127383407,0.983382563387846,-6.13386627984902,0.00727749656607012,"Q9HCL0"
"1633",-0.460030582400126,11.0265573083252,-0.907357263406104,0.382200094116438,0.780067805259062,-5.8461910297619,0.107867645809522,"NDUA7","sp|O95182|NDUA7_HUMAN",-0.142963087220786,11.054653958474,-0.305684364163182,0.765276823473056,0.968090739314084,-6.1015221226188,0.0140839342861301,"O95182"
"1634",-0.136044556803952,14.4184698389649,-0.906972522662044,0.382395395949531,0.780067805259062,-5.84653143989213,0.107867645809522,"LPP","sp|Q93052|LPP_HUMAN",-0.0923818078307552,14.3737024813606,-0.768569167730051,0.457556095837225,0.89072334793151,-5.8511583830998,0.0502571636661918,"Q93052"
"1635",0.160523724897424,14.4070806768267,0.905837884945393,0.382971762412982,0.780532659700143,-5.84753461423131,0.107608920108546,"COPE","sp|O14579|COPE_HUMAN",-0.0933026227997498,14.292960831211,-0.666518875409558,0.518154475376281,0.907970131840623,-5.92376563858791,0.0419284375914184,"O14579"
"1636",0.132745003238905,21.6417129859639,0.905263232044895,0.383263900439783,0.780532659700143,-5.84804227070751,0.107608920108546,"HVD82","sp|P0DP08|HVD82_HUMAN",0.216525858159152,21.4210738220693,1.82230946232121,0.0943469122813655,0.653731527895307,-4.64394509530303,0.184600569553316,"P0DP08"
"1637",0.121843783910472,14.3411053682083,0.903990617122567,0.383911412274768,0.780532659700143,-5.84916552301063,0.107608920108546,"TOPZ1","sp|Q8N9V7|TOPZ1_HUMAN",-0.0640881297058713,14.3571470193948,-0.419805475678233,0.682320354964568,0.953955901060617,-6.05907030965732,0.0204717011540782,"Q8N9V7"
"1638",0.186628393509063,16.05662368472,0.903707359600648,0.384055637765898,0.780532659700143,-5.8494153491878,0.107608920108546,"DNM1L","sp|O00429|DNM1L_HUMAN",0.0680695459038951,16.1213801107949,0.412693451210437,0.68737840467481,0.953955901060617,-6.06209572680916,0.0204717011540782,"O00429"
"1639",0.184486489597276,19.1134933189074,0.903035472800851,0.384397890400073,0.780532659700143,-5.85000766540335,0.107608920108546,"PERM","sp|P05164|PERM_HUMAN",0.0191503259759909,19.5861285377967,0.0943388100282391,0.926454634588994,0.986613644973353,-6.14519724583836,0.00585288249271538,"P05164"
"1640",-0.155257510818025,14.1445659603199,-0.90303073163314,0.384400306253796,0.780532659700143,-5.85001184372432,0.107608920108546,"LAS1L","sp|Q9Y4W2|LAS1L_HUMAN",-0.00388547931339786,14.1372039389019,-0.0206569169370543,0.983871419745666,0.996936243804291,-6.14959282860694,0.00133261485719963,"Q9Y4W2"
"1641",0.0895484981152111,21.6523759330333,0.90301736297539,0.384407118286502,0.780532659700143,-5.85002362522222,0.107608920108546,"HEG1","sp|Q9ULI3|HEG1_HUMAN",-1.49647377655866e-05,21.7151949780494,-0.000159074005019308,0.999875788042769,0.99998415467369,-6.14981426741195,6.88159230085131e-06,"Q9ULI3"
"1642",0.153613500929063,14.1767139086815,0.902341000058478,0.384751869571652,0.780532659700143,-5.85061949128352,0.107608920108546,"PGRC2","sp|O15173|PGRC2_HUMAN",-0.102697470610371,13.5988119414432,-0.412969014370674,0.68718212714306,0.953955901060617,-6.06197943687581,0.0204717011540782,"O15173"
"1643",-0.303356570659699,12.4095263206353,-0.902094817889579,0.384877404945566,0.780532659700143,-5.85083627814413,0.107608920108546,"EMAL2","sp|O95834|EMAL2_HUMAN",-0.332716917653945,12.435344821838,-1.68546251703013,0.118662740112232,0.697332628869831,-4.83837863323301,0.15656001325975,"O95834"
"1644",0.236776165286514,13.6413059120918,0.901291175971017,0.385287401999134,0.780532659700143,-5.85154360431105,0.107608920108546,"TM109","sp|Q9BVC6|TM109_HUMAN",0.152416795017127,13.8828194912454,0.678479614789116,0.510815132099816,0.907970131840623,-5.91574480210319,0.0419284375914184,"Q9BVC6"
"1645",0.161223131751164,18.2678054442202,0.901276124569183,0.385295083705942,0.780532659700143,-5.85155684659915,0.107608920108546,"LYN","sp|P07948|LYN_HUMAN",-0.0427305682671392,18.408311360653,-0.244478294561976,0.811143621350003,0.974957702965865,-6.11887803062209,0.0110142250881126,"P07948"
"1646",0.149570954353832,13.6791193885627,0.900981788663107,0.385445323666325,0.780532659700143,-5.85181576603586,0.107608920108546,"STRN3","sp|Q13033|STRN3_HUMAN",-0.212489630395164,13.5285164937733,-1.10523065473172,0.291520906889615,0.804174755558491,-5.54853850837173,0.0946495642767864,"Q13033"
"1647",-0.430731767317525,9.32688332773881,-0.841471093020952,0.418135832732076,0.800304861153866,-5.85183295218236,0.0967445451379195,"MFSD6","sp|Q6ZSS7|MFSD6_HUMAN",0.769117092815347,8.78879847960776,0.754172207337992,0.468903833252631,0.892806855517381,-5.75595826075462,0.0492424836148991,"Q6ZSS7"
"1648",-0.21063280599555,15.5152195009816,-0.8995700954729,0.3861664662725,0.781516159486845,-5.85305657475669,0.107062037602042,"ML12A","sp|P19105|ML12A_HUMAN / sp|O14950|ML12B_HUMAN",-0.0993642536007733,15.6001039472194,-0.411564410864302,0.688182844530525,0.953955901060617,-6.06257140515489,0.0204717011540782,"P19105"
"1649",-0.299511354479656,12.5260169346367,-0.897578816261078,0.387185263130966,0.782323289361157,-5.85480393926534,0.106613740838616,"PPR21","sp|Q6ZMI0|PPR21_HUMAN",-0.296699178401459,12.630999722237,-1.06186247827607,0.309968150543942,0.81335054112204,-5.59261818527643,0.089722240058852,"Q6ZMI0"
"1650",-0.228471253728522,18.4735211565888,-0.897548094937544,0.387200995556181,0.782323289361157,-5.85483087114948,0.106613740838616,"G6B","sp|O95866|G6B_HUMAN",-0.354071512191684,18.669689919703,-1.97639297462685,0.0724487425739906,0.609740800734631,-4.41563942118713,0.214854743241087,"O95866"
"1651",0.0912323742586547,21.0548351509952,0.896298352525733,0.387841363468012,0.782323289361157,-5.85592578041186,0.106613740838616,"TARSH","sp|Q7Z7G0|TARSH_HUMAN",-0.0215066988428902,21.0324519697091,-0.218320330492672,0.830984101935855,0.977505666396101,-6.12513048446538,0.00988071641043172,"Q7Z7G0"
"1652",0.119943955805379,19.5469856549926,0.896143887891388,0.387920561741438,0.782323289361157,-5.85606101606894,0.106613740838616,"LV218","sp|A0A075B6J9|LV218_HUMAN",0.219469176288223,19.1654174761836,1.44307299216285,0.175532507223799,0.737165441399294,-5.15990439440331,0.132435032868846,"A0A075B6J9"
"1653",-0.164395912518341,13.0673039467252,-0.896084808978628,0.387950856071047,0.782323289361157,-5.85611273501767,0.106613740838616,"HV316","sp|A0A0C4DH30|HV316_HUMAN",-0.0500429044394778,12.5845897031779,-0.1699119163378,0.868015145452295,0.984019329631185,-6.13485058462447,0.00699637040025486,"A0A0C4DH30"
"1654",-0.129844329205006,17.1298424928139,-0.896028849433043,0.387979552361695,0.782323289361157,-5.85616172047305,0.106613740838616,"SND1","sp|Q7KZF4|SND1_HUMAN",-0.0595431432262895,17.0514797191195,-0.604653129310709,0.557085760825855,0.913137076706219,-5.96313788602675,0.0394640229163576,"Q7KZF4"
"1655",-0.195676704571585,12.7544735370487,-0.894350460489369,0.388840916401764,0.783584093222498,-5.85762970038551,0.105914388777112,"NSD2","sp|O96028|NSD2_HUMAN",0.0505745971129757,12.9328041089014,0.267910792888303,0.793486016093877,0.972877756710594,-6.11268358592902,0.011941725940574,"O96028"
"1656",0.109407211701445,23.5201953350702,0.893815700405106,0.389115636103049,0.783661890913847,-5.85809691832904,0.105871272242213,"TENA","sp|P24821|TENA_HUMAN",0.0173868240342644,23.5413845371653,0.148853130090817,0.884233343409677,0.986191942633613,-6.13832643567709,0.00603855005478495,"P24821"
"1657",0.198604365855189,13.8228581897196,0.892661188805856,0.389709192686975,0.784028366939401,-5.85910478219054,0.105668223817628,"COX2","sp|P00403|COX2_HUMAN",0.0192638211769096,13.7683270650796,0.0764416291543354,0.940374111060786,0.988040648929326,-6.14678246946705,0.00522518775796543,"P00403"
"1658",-0.173940951974842,15.7625836123603,-0.892542879571662,0.389770052862311,0.784028366939401,-5.85920799960807,0.105668223817628,"ARF5","sp|P84085|ARF5_HUMAN",-0.613737801635339,15.895355411323,-2.61802598414541,0.023060292672125,0.538136487745398,-3.38990360604864,0.269107560101348,"P84085"
"1659",0.140652249835681,18.7030819108433,0.891887641670282,0.39010723601579,0.784231324249793,-5.85977943825099,0.105555814832111,"MACF1","sp|Q9UPN3|MACF1_HUMAN",0.136425627632642,18.5885207006358,1.04600350720455,0.316928261227618,0.818540260268464,-5.60837938256518,0.0869599547585425,"Q9UPN3"
"1660",0.103055882321094,18.1401825200406,0.890268474199107,0.390941312914435,0.785432335086568,-5.86118996188097,0.104891223436621,"CD166","sp|Q13740|CD166_HUMAN",0.0863252701391549,18.156788951133,0.826751235480501,0.425106195735827,0.872069691618375,-5.80561323395575,0.0594488069528928,"Q13740"
"1661",-0.457400809258623,9.77270319621224,-0.755818968228326,0.467331464457517,0.822677943757672,-5.86278411235299,0.0847701461029947,"YIPF5","sp|Q969M3|YIPF5_HUMAN",0.0401891774437772,9.68447556231093,0.0854924219201883,0.933468358021252,0.987021992313333,-6.0958056528023,0.00567317049762038,"Q969M3"
"1662",-0.217148123740259,14.75575839319,-0.888425835617907,0.391891993446145,0.785961346690724,-5.86279244560294,0.104598811888972,"TPD54","sp|O43399|TPD54_HUMAN",-0.44888965108333,14.7998286904977,-1.73323325326375,0.109601572271484,0.680709440184747,-4.77147122051436,0.167038226489988,"O43399"
"1663",-0.201147327563547,12.7480099156799,-0.88834711873692,0.39193264145712,0.785961346690724,-5.86286083874827,0.104598811888972,"DPP3","sp|Q9NY33|DPP3_HUMAN",0.197564883211162,12.8140409458292,0.639016617983229,0.535262717175918,0.912613568562101,-5.94170806032526,0.0397130785089623,"Q9NY33"
"1664",0.130280578758216,16.8143065685617,0.887922707006221,0.392151849990912,0.785961346690724,-5.86322949782933,0.104598811888972,"TR10C","sp|O14798|TR10C_HUMAN",0.104226317198556,17.0318308330057,0.788226685841663,0.446419221602393,0.88223856545983,-5.83610188441206,0.0544139617465481,"O14798"
"1665",0.126066857605383,17.8611091477481,0.886823545306016,0.392719957155758,0.786624947374751,-5.86418355512106,0.10423228429878,"TGON2","sp|O43493|TGON2_HUMAN",0.163815290177089,17.9607831180838,1.26521957855173,0.230689073747974,0.764354103179189,-5.37405491891073,0.11670539871599,"O43493"
"1666",-0.11940710636983,14.7805848554873,-0.886230724018887,0.393026593632743,0.786764333092325,-5.86469768835488,0.104155336465324,"LSM4","sp|Q9Y4Z0|LSM4_HUMAN",0.0172579351383867,14.9861239447918,0.129428620423799,0.899242052960082,0.986613644973353,-6.14112689420875,0.00585288249271538,"Q9Y4Z0"
"1667",0.114677652153438,29.5742937162591,0.88353868141435,0.394421112642929,0.788406704788713,-5.86702863145463,0.103249691038512,"IGHA1","sp|P01876|IGHA1_HUMAN",0.154938441818568,28.6644737392728,1.2382765593583,0.240158971011171,0.769006415303954,-5.4046992034719,0.114070037156325,"P01876"
"1668",0.461399712996209,13.6802727441175,0.883336144366191,0.394526166569224,0.788406704788713,-5.86720375084122,0.103249691038512,"VPS29","sp|Q9UBQ0|VPS29_HUMAN",0.499705087697101,13.9878038037144,1.35591493658636,0.201009128502924,0.755926708752107,-5.26735333078794,0.121520309693936,"Q9UBQ0"
"1669",0.096829570204665,21.3782341054417,0.882925014238873,0.394739474427657,0.788406704788713,-5.86755911811625,0.103249691038512,"BGH3","sp|Q15582|BGH3_HUMAN",0.0643257793377481,21.4244380580119,0.679297516402505,0.510315509863507,0.907970131840623,-5.91519152293589,0.0419284375914184,"Q15582"
"1670",0.148305186687774,14.2410442885657,0.882267313556712,0.395080875052183,0.788406704788713,-5.86812731262865,0.103249691038512,"CNTN1","sp|Q12860|CNTN1_HUMAN",0.274072711752111,13.958816959526,1.15595998108632,0.271018378646522,0.7878411521707,-5.49519637212839,0.103561337954553,"Q12860"
"1671",0.132523048815902,12.8197390133051,0.88223332643791,0.395098522634573,0.788406704788713,-5.86815666441628,0.103249691038512,"FGD3","sp|Q5JSP0|FGD3_HUMAN",0.342542217229814,12.9757016272589,1.85952377807159,0.0885642907091267,0.640402790552487,-4.58966043424651,0.193546784312222,"Q5JSP0"
"1672",0.123033699546423,19.216749812422,0.881290595000009,0.395588244162411,0.788406704788713,-5.8689704281178,0.103249691038512,"LV223","sp|P01705|LV223_HUMAN",0.231464547863353,18.9101123328318,1.76873129860151,0.103274578865129,0.669032409161068,-4.72107034898771,0.174552843698699,"P01705"
"1673",0.117505338126908,18.3446097400886,0.881117963652767,0.395677965989871,0.788406704788713,-5.86911936084497,0.103249691038512,"ITA2","sp|P17301|ITA2_HUMAN",-0.068300433704623,18.4942430461269,-0.472997650090994,0.645016138466199,0.940765473701383,-6.03486108881809,0.0265186296779271,"P17301"
"1674",0.136596349907036,14.3745824665642,0.880689945162753,0.395900480287763,0.788406704788713,-5.86948851160523,0.103249691038512,"MINY1","sp|Q8N5J2|MINY1_HUMAN",-0.240771938894828,14.2108859553722,-1.0643377140942,0.308892224707416,0.81335054112204,-5.59014077958259,0.089722240058852,"Q8N5J2"
"1675",-0.23185168428168,11.2081101266985,-0.88052754782685,0.395984928256337,0.788406704788713,-5.86962853256215,0.103249691038512,"CCDB1","sp|O95273|CCDB1_HUMAN",-0.0699845837971531,11.0235420740966,-0.262859203854892,0.797282891322021,0.973576863980054,-6.11406631273678,0.0116297552023781,"O95273"
"1676",0.195072303979215,16.3514494597533,0.878687925891617,0.396942405118584,0.788998807134907,-5.87121310216353,0.102923653387689,"PGH1","sp|P23219|PGH1_HUMAN",-0.115478524274306,16.2320580320978,-0.585684764716069,0.569339668559423,0.915079108934007,-5.9744921500033,0.0385413593888565,"P23219"
"1677",-0.102581260864066,14.1998430548078,-0.877978042437403,0.397312303219765,0.788998807134907,-5.87182379042739,0.102923653387689,"GSHB","sp|P48637|GSHB_HUMAN",0.178514688962935,14.2925050157695,1.34919327967122,0.203095338810836,0.757046932651169,-5.27544408575256,0.120877195850511,"P48637"
"1678",0.222043433692238,15.7892714533233,0.877923219110023,0.397340879710071,0.788998807134907,-5.87187093510547,0.102923653387689,"KVD08","sp|A0A087WSZ0|KVD08_HUMAN",0.139151009821693,14.9934102908824,0.333435805418862,0.744772269659331,0.965375638139256,-6.09240141138034,0.0153036650731462,"A0A087WSZ0"
"1679",-0.139236304499428,16.72489022252,-0.877783255356934,0.397413841735536,0.788998807134907,-5.87199128362675,0.102923653387689,"GRB2","sp|P62993|GRB2_HUMAN",-0.143274364207775,16.7269610042529,-0.874636899513772,0.399569777550991,0.867111174600625,-5.7659327141344,0.0619252169179849,"P62993"
"1680",0.227880168069131,12.3365725144985,0.877673761036335,0.397470926643436,0.788998807134907,-5.87208542116591,0.102923653387689,"SRSF7","sp|Q16629|SRSF7_HUMAN",0.0176124140240088,12.1023069834646,0.0448259605375812,0.965010655267991,0.991439396338831,-6.14877153906563,0.00373382774212562,"Q16629"
"1681",0.148441641385085,14.5415194879247,0.876706716978735,0.397975337948524,0.789527882038943,-5.87291638983501,0.102632528351265,"STXB3","sp|O00186|STXB3_HUMAN",-0.086364476882985,14.6688412033353,-0.531876695174461,0.604877490891977,0.927601285322834,-6.00484203855021,0.0326386582571769,"O00186"
"1682",-0.395283598415673,11.1913119126573,-0.875272195376553,0.398724388491638,0.790252852092275,-5.87414758064879,0.102233928078447,"SHC1","sp|P29353|SHC1_HUMAN",0.320729443226146,10.9232348756176,1.08205679903607,0.301271841975637,0.810966134239367,-5.57226966730551,0.0909972814485966,"P29353"
"1683",0.23357354941078,12.0590906362997,0.875095015844311,0.398816971152323,0.790252852092275,-5.87429952420534,0.102233928078447,"GSTM3","sp|P21266|GSTM3_HUMAN",0.452047122129235,12.089275224392,2.45380165980416,0.0310588938515758,0.564461874265568,-3.66092710376639,0.248365386520688,"P21266"
"1684",0.166077580861236,15.1392037904099,0.874030861347416,0.399373337656761,0.790360382303685,-5.87521154325001,0.102174837370475,"PSG4","sp|Q00888|PSG4_HUMAN",0.177930156820466,15.0162747405217,0.803711086633527,0.437770826946474,0.876186499124255,-5.82400277913792,0.0574034430101715,"Q00888"
"1685",0.180210321492686,16.007418818508,0.87388747740199,0.399448342675385,0.790360382303685,-5.87533435427534,0.102174837370475,"DAAM1","sp|Q9Y4D1|DAAM1_HUMAN",-0.102792094682219,16.0491045942111,-0.639663678672482,0.534856517464514,0.912613568562101,-5.9412939694466,0.0397130785089623,"Q9Y4D1"
"1686",-0.103453597658642,16.6544247837626,-0.873625069435706,0.399585634680803,0.790360382303685,-5.87555906593873,0.102174837370475,"PDGFD","sp|Q9GZP0|PDGFD_HUMAN",-0.231000427544185,16.6858598823899,-1.99602530408221,0.0700235991441288,0.609740800734631,-4.38591171503711,0.214854743241087,"Q9GZP0"
"1687",0.203346452133635,14.0890275341348,0.87260550283902,0.400119376856501,0.790944736025448,-5.87643160580611,0.101853859963329,"AGRE2","sp|Q9UHX3|AGRE2_HUMAN / sp|P48960|AGRE5_HUMAN",0.0785879719386601,14.0176214695384,0.447466309372424,0.662803400479235,0.945133526596728,-6.04682834822945,0.0245068308900952,"Q9UHX3"
"1688",0.22899421691335,14.8505978932298,0.871636996175134,0.400626837467051,0.791476472353061,-5.87725962279906,0.101561990566763,"R3HD2","sp|Q9Y2K5|R3HD2_HUMAN",0.206626002674247,14.9068182864081,1.0378903515252,0.320533572161146,0.820250808002062,-5.61636744587374,0.0860533331325101,"Q9Y2K5"
"1689",0.194832222163206,13.1040285076295,0.870655712439529,0.401141438154232,0.792021673547826,-5.87809774225412,0.101262933848089,"DNJA1","sp|P31689|DNJA1_HUMAN",-0.246595169581521,13.0882040125933,-0.983771439022466,0.345360469115604,0.842302006615039,-5.66833297845923,0.0745321646880175,"P31689"
"1690",-0.128828101737868,12.8738198892481,-0.869782422498975,0.401599782152468,0.792455218171249,-5.87884292823403,0.101025270499013,"MBNL3","sp|Q9NUK0|MBNL3_HUMAN",-0.336559890846743,12.7985775328181,-1.97113420360168,0.0731114462809701,0.610966077167368,-4.42357921479825,0.213982902536518,"Q9NUK0"
"1691",-0.272085709561665,11.1436452331839,-0.869295745328516,0.401855367460478,0.792488392514157,-5.87925792984587,0.101007090124682,"CSRP2","sp|Q16527|CSRP2_HUMAN",0.479316852645917,11.1937619514125,1.46655755977962,0.169152617887949,0.731012420273572,-5.13017005686878,0.136075244094873,"Q16527"
"1692",0.122361772680701,20.2073735338036,0.868840952291586,0.402094308012395,0.792488722264335,-5.8796455591059,0.10100690941711,"LV140","sp|P01703|LV140_HUMAN",0.40412433199782,20.1274219149257,2.46931581307266,0.0302002455096101,0.564461874265568,-3.63550964928922,0.248365386520688,"P01703"
"1693",0.117974916330207,17.6550520610862,0.867850033237046,0.402615253438614,0.792870682915087,-5.88048952367277,0.100797640268937,"VAT1","sp|Q99536|VAT1_HUMAN",0.0576980175685207,17.7141349976207,0.66084906814608,0.521655087821626,0.90885734198424,-5.92752181531127,0.0415042800906753,"Q99536"
"1694",0.143306884758788,18.2389712196083,0.867208503881433,0.402952761572026,0.792870682915087,-5.88103546322438,0.100797640268937,"ZO2","sp|Q9UDY2|ZO2_HUMAN",-0.0388973293508341,18.1686886729216,-0.268916190987432,0.792730997317403,0.972723403089688,-6.1124052869581,0.0120106351572695,"Q9UDY2"
"1695",-0.171051810704495,12.4993332558237,-0.867109673576508,0.403004773147861,0.792870682915087,-5.88111953605192,0.100797640268937,"STT3A","sp|P46977|STT3A_HUMAN",0.0662694327981398,12.4819298297092,0.358187088327804,0.726655376006545,0.964219667992726,-6.08361219134378,0.0158240140959132,"P46977"
"1696",-0.104882679619465,24.9465155219844,-0.865556602729193,0.403822706940407,0.793817305733089,-5.88243959661443,0.10027943742374,"ZPI","sp|Q9UK55|ZPI_HUMAN",-0.14311341338687,25.2474279125776,-1.36426288343631,0.198442863415314,0.754702161522043,-5.25726524685936,0.122224406155744,"Q9UK55"
"1697",-0.0955744911944908,24.2039945939596,-0.865090554545549,0.404068372813378,0.793817305733089,-5.88283531775023,0.10027943742374,"LTBP1","sp|Q14766|LTBP1_HUMAN",-0.125698490470591,24.3030825801326,-1.2208612473363,0.246443650987405,0.772206478342405,-5.42424210026532,0.112266559230286,"Q14766"
"1698",-0.1862181418364,14.3869264925611,-0.864786100280916,0.404228912974494,0.793817305733089,-5.88309372864328,0.10027943742374,"LONF1","sp|Q17RB8|LONF1_HUMAN",-0.320196584721733,14.3971366619606,-2.116963095059,0.0566764270259852,0.599073443628169,-4.19994508338812,0.222519931855757,"Q17RB8"
"1699",-0.144220891191908,14.8547715535396,-0.864288023049154,0.404491644398035,0.793817305733089,-5.88351630832888,0.10027943742374,"RCN1","sp|Q15293|RCN1_HUMAN",0.0602309896804156,15.0120502574041,0.370617357592893,0.71762111085548,0.960820446915146,-6.07896632563422,0.0173577634237046,"Q15293"
"1700",0.100892131113971,20.6277532227028,0.863453707119905,0.404931997336207,0.793817305733089,-5.88422368161156,0.10027943742374,"AGRF5","sp|Q8IZF2|AGRF5_HUMAN",-0.0278643679319132,20.7066280185978,-0.276427668735089,0.787097165117578,0.972723403089688,-6.11029352655462,0.0120106351572695,"Q8IZF2"
"1701",-0.129610903390083,13.6174320288792,-0.862628286629221,0.405367973813503,0.793817305733089,-5.88492292275616,0.10027943742374,"SCF","sp|P21583|SCF_HUMAN",-0.104482244476618,13.700611670293,-0.618775255512981,0.548058010977865,0.912613568562101,-5.95446470069817,0.0397130785089623,"P21583"
"1702",-0.212771844181633,13.0353307619546,-0.862461649591402,0.405456027788826,0.793817305733089,-5.88506401529932,0.10027943742374,"TRI45","sp|Q9H8W5|TRI45_HUMAN",0.222666107979758,12.7230444730862,0.972812019696441,0.350553466830415,0.844428376563205,-5.67857329290017,0.0734371808857621,"Q9H8W5"
"1703",0.114237574226784,16.122432711389,0.862149581624098,0.405620964786789,0.793817305733089,-5.88532818066806,0.10027943742374,"GAPR1","sp|Q9H4G4|GAPR1_HUMAN",0.0840824636416564,16.1309791753812,0.518051174687254,0.614188326486503,0.929782983745204,-6.0121923806755,0.0316184062419663,"Q9H4G4"
"1704",0.109647458486665,19.6359527008457,0.862116426932207,0.405638490666863,0.793817305733089,-5.88535624116392,0.10027943742374,"EMIL1","sp|Q9Y6C2|EMIL1_HUMAN",-0.058830494376878,19.7445483263203,-0.584032305637495,0.570414068017309,0.915782410846095,-5.97546520527745,0.0382077020900864,"Q9Y6C2"
"1705",-0.227142701514227,10.4680841222343,-0.860347586979297,0.406574256974762,0.795179704713751,-5.88685192580209,0.0995347129207365,"RL26","sp|P61254|RL26_HUMAN / sp|Q9UNX3|RL26L_HUMAN",-0.473305254568333,10.5137420960721,-1.94490399092726,0.0765015202992567,0.61587755552954,-4.46303309920773,0.210505622646688,"P61254"
"1706",-0.127589257523329,18.7873550269025,-0.857414507229084,0.408129144248946,0.79710818928512,-5.88932611091454,0.0984827290170068,"UGGG1","sp|Q9NYU2|UGGG1_HUMAN",-0.388273444404176,18.7331640848608,-2.16844490588283,0.051754273081303,0.589635363006715,-4.11941090278053,0.229416477831962,"Q9NYU2"
"1707",-0.23302860900859,16.1134207434268,-0.857085987997116,0.408303548170551,0.79710818928512,-5.88960276907046,0.0984827290170068,"PP1A","sp|P62136|PP1A_HUMAN",-0.563094350455708,16.2867834019031,-3.19613801628837,0.00802364380918963,0.397469758249259,-2.41569785382784,0.400695909334819,"P62136"
"1708",0.1477490133674,12.0039348835269,0.855949961627696,0.408907027069275,0.79710818928512,-5.89055873992818,0.0984827290170068,"SODC","sp|P00441|SODC_HUMAN",-0.206485218227479,11.8972338700245,-0.795017841167989,0.442612689147291,0.878082196819999,-5.8308212832256,0.0564648281092902,"P00441"
"1709",0.212189619564547,20.1911587009059,0.855864583651341,0.408952405703109,0.79710818928512,-5.89063054078128,0.0984827290170068,"PPIA","sp|P62937|PPIA_HUMAN",-0.0850743875372655,20.2310742843811,-0.40685303222319,0.691544007163946,0.953955901060617,-6.06454272136718,0.0204717011540782,"P62937"
"1710",0.128699420302428,15.8536942244579,0.855502909329546,0.40914467417317,0.79710818928512,-5.89093463041852,0.0984827290170068,"ANXA6","sp|P08133|ANXA6_HUMAN",-0.121746535597044,16.0386772055128,-0.786752945380626,0.447248056220084,0.88223856545983,-5.83724247938332,0.0544139617465481,"P08133"
"1711",0.100708118916971,14.6271714332471,0.855150285107636,0.409332190049582,0.79710818928512,-5.89123100199809,0.0984827290170068,"CAD23","sp|Q9H251|CAD23_HUMAN",0.150445486029817,14.6258836322633,1.29527497432127,0.220482667648261,0.757046932651169,-5.33929318423358,0.120877195850511,"Q9H251"
"1712",0.122282490430846,18.9844704050475,0.854487119665889,0.409684999659951,0.79710818928512,-5.89178808420571,0.0984827290170068,"FHOD1","sp|Q9Y613|FHOD1_HUMAN",-0.134623761021856,18.8883619714417,-0.973746213664575,0.350108631006646,0.844428376563205,-5.67770415532496,0.0734371808857621,"Q9Y613"
"1713",0.381197303384593,8.10281389159433,0.620749292175131,0.550299926681405,0.864638037257345,-5.8919691075938,0.0631656628486251,"PCAT1","sp|Q8NF37|PCAT1_HUMAN",0.439089829938697,8.32153957666893,0.854087966057263,0.413933092775711,0.871175608701702,-5.6777291993195,0.0598942925205875,"Q8NF37"
"1714",-0.191573715044569,12.6930039557196,-0.854190962210193,0.40984262390104,0.79710818928512,-5.89203674397603,0.0984827290170068,"PPM1L","sp|Q5SGD2|PPM1L_HUMAN",-0.104539962860198,13.1143186430536,-0.562915297455372,0.584239728128468,0.922575226651601,-5.98767198634322,0.0349982114153286,"Q5SGD2"
"1715",0.232454961271371,14.1372571668649,0.853618936901127,0.410147188939195,0.79710818928512,-5.89251681313454,0.0984827290170068,"TBCA","sp|O75347|TBCA_HUMAN",0.0517370530963288,14.4283069537402,0.158105550899328,0.877100441871415,0.985955738831263,-6.13685558625509,0.00614258081213647,"O75347"
"1716",-0.114362194780758,15.0619085592875,-0.853485396973768,0.410218311853824,0.79710818928512,-5.89262884503601,0.0984827290170068,"DCTN3","sp|O75935|DCTN3_HUMAN",0.206957452211181,15.0920106747232,1.48880013854682,0.163292902394074,0.728883053370811,-5.10171240591511,0.137342147059245,"O75935"
"1717",-0.191391104943812,14.1249374064817,-0.853469586239862,0.410226733145594,0.79710818928512,-5.89264210826132,0.0984827290170068,"EXTL2","sp|Q9UBQ6|EXTL2_HUMAN",0.357752773677917,13.8065538785647,1.45977432065321,0.170974843051476,0.736968187127074,-5.13879167233165,0.132551259024752,"Q9UBQ6"
"1718",-0.127860128753047,22.1139606914775,-0.852354580993583,0.410820912565176,0.79710818928512,-5.89357691234947,0.0984827290170068,"CO6","sp|P13671|CO6_HUMAN",-0.176134568316587,22.0157149467507,-1.47559580009038,0.166750288305145,0.730137476101289,-5.11864074270599,0.13659535975495,"P13671"
"1719",0.231553000256175,11.6810686282892,0.852309148709234,0.410845135388398,0.79710818928512,-5.89361497929258,0.0984827290170068,"CD302","sp|Q8IX05|CD302_HUMAN",0.485452003744527,11.9134972920516,1.6831009073895,0.119127501107533,0.697332628869831,-4.84165819884142,0.15656001325975,"Q8IX05"
"1720",-0.214543640519652,11.2013600275027,-0.851943639333842,0.411040046411719,0.79710818928512,-5.89392116839265,0.0984827290170068,"AP2S1","sp|P53680|AP2S1_HUMAN",-0.336420281891741,11.6602815598874,-1.28059092980174,0.225422485725228,0.759377171347676,-5.35635194518576,0.119542462906989,"P53680"
"1721",0.161949939558742,19.243276142335,0.851376484606549,0.41134260933627,0.79710818928512,-5.89439604781286,0.0984827290170068,"SRC","sp|P12931|SRC_HUMAN",-0.154463245192186,19.3450770723089,-0.78431833510079,0.448619457989458,0.882946828045894,-5.83912255587106,0.0540654492894378,"P12931"
"1722",-0.137573574198715,16.7159558529252,-0.850865659234295,0.411615249757909,0.79710818928512,-5.89482352410652,0.0984827290170068,"EF1D","sp|P29692|EF1D_HUMAN",0.0438954525599747,16.8391699409783,0.232474825854804,0.820231951008166,0.976540152493457,-6.12183408452395,0.010309895081874,"P29692"
"1723",0.1810242575683,20.9159438695883,0.850813498185453,0.411643096244259,0.79710818928512,-5.89486716155161,0.0984827290170068,"RAP1B","sp|P61224|RAP1B_HUMAN",-0.13827410442545,21.013835293346,-0.696637440780459,0.499791737946518,0.903151205766242,-5.9033177555289,0.0442395339250954,"P61224"
"1724",0.202561478783435,14.1855199655092,0.848715521082527,0.412764160546319,0.798225081306372,-5.89662035485587,0.0978746302204707,"CASP3","sp|P42574|CASP3_HUMAN",-0.0159526144272124,14.2000080300778,-0.0673081998064776,0.947485884846804,0.988571809281324,-6.14746354400417,0.00499177830587694,"P42574"
"1725",0.131919768620728,14.16616021649,0.848712599314513,0.412765723231505,0.798225081306372,-5.89662279379669,0.0978746302204707,"UB2V1","sp|Q13404|UB2V1_HUMAN",-0.152741875766656,14.3034544259906,-0.961782005232814,0.355836356933103,0.846003487579491,-5.68878201727147,0.0726278466141605,"Q13404"
"1726",-0.178297499053928,16.825866911507,-0.848384205565825,0.412941387346502,0.798225081306372,-5.89689687273415,0.0978746302204707,"ACTY","sp|P42025|ACTY_HUMAN",-0.0266838770266576,16.8343563431676,-0.152852382761114,0.881148882792824,0.986191942633613,-6.13770151199747,0.00603855005478495,"P42025"
"1727",-0.149780735173248,24.8110883001644,-0.847318146641114,0.413511987543,0.798702142900287,-5.89778596570175,0.0976151503634201,"CFAH","sp|P08603|CFAH_HUMAN",-0.0108367803001916,24.5647686017079,-0.0734093715871274,0.942734621878116,0.988040648929326,-6.14701817096278,0.00522518775796543,"P08603"
"1728",-0.198841497190185,20.2623505593862,-0.846612170890028,0.413890146023279,0.798702142900287,-5.89837420662796,0.0976151503634201,"TPM4","sp|P67936|TPM4_HUMAN",-0.150028978216189,20.3909627460061,-0.90840727810616,0.382201874236117,0.859930399743799,-5.73678186995618,0.0655366978615683,"P67936"
"1729",0.185773513360839,21.2841004039881,0.846574895308386,0.41391011924932,0.798702142900287,-5.89840525377788,0.0976151503634201,"PROF1","sp|P07737|PROF1_HUMAN",-0.0603882872100743,21.4374816492868,-0.308503565469835,0.763184969716127,0.968056980052892,-6.10063107834509,0.01409907926779,"P07737"
"1730",-0.098730689100422,16.7505243871044,-0.845694091090927,0.414382264570215,0.799148597390206,-5.89913853212807,0.097372458450403,"ITGBL","sp|O95965|ITGBL_HUMAN",0.0486294148833334,16.7081375040416,0.392538916181306,0.701798006500244,0.956136992772092,-6.07039673560105,0.0194798787044241,"O95965"
"1731",0.224755279468995,12.1686971740082,0.844965633128677,0.414773018181251,0.799325384251263,-5.89974447173893,0.0972763948804918,"S14L5","sp|O43304|S14L5_HUMAN",0.014217102163539,12.2596418695215,0.0510158527419624,0.960183349532272,0.99079827275201,-6.14846371362507,0.00401475918644791,"O43304"
"1732",0.17562018988675,12.1996950069487,0.844398722507107,0.415077286103999,0.799325384251263,-5.90021571550863,0.0972763948804918,"WASH3","sp|C4AMC7|WASH3_HUMAN / sp|Q6VEQ5|WASH2_HUMAN",0.458078185741638,12.0930398058148,2.00955816341462,0.0683960452612609,0.609740800734631,-4.3653417475434,0.214854743241087,"C4AMC7"
"1733",-0.287601914211568,10.4981153564082,-0.844064405878949,0.415256787804629,0.799325384251263,-5.90049348492039,0.0972763948804918,"STX12","sp|Q86Y82|STX12_HUMAN",0.117763041794467,10.2516040067122,0.207120918432345,0.839517115472023,0.979552680786868,-6.12759322583798,0.00897220248720586,"Q86Y82"
"1734",-0.143321148837179,15.0968086698566,-0.843640076753348,0.41548469374425,0.799325384251263,-5.90084590200687,0.0972763948804918,"PA24A","sp|P47712|PA24A_HUMAN",-0.043970663687496,15.0490682831552,-0.395909028257422,0.699378163167043,0.956136992772092,-6.0690368045474,0.0194798787044241,"P47712"
"1735",-0.215833045745927,16.2251853054212,-0.843280103451002,0.41567809979442,0.799325384251263,-5.90114474711447,0.0972763948804918,"TGM2","sp|P21980|TGM2_HUMAN",0.381823253544953,16.4791103012784,1.91454350789179,0.0806062616448465,0.625528627758299,-4.50838220745189,0.203752809722832,"P21980"
"1736",0.160252967035089,14.9726933284959,0.842539604796814,0.416076142930246,0.7996275149887,-5.90175914517786,0.0971122703290981,"CLIC4","sp|Q9Y696|CLIC4_HUMAN",0.125395367773659,15.002381341395,0.836662079318243,0.419733742303817,0.871380058403275,-5.79756164343639,0.0597923831477007,"Q9Y696"
"1737",-0.115487579091257,15.061000754171,-0.84146454155201,0.416654478157368,0.800232612741793,-5.9026502857103,0.0967837533254476,"MIC60","sp|Q16891|MIC60_HUMAN",-0.126512271623341,14.990597419237,-1.22706488656911,0.244190104270408,0.771138873523772,-5.41730462383306,0.112867403305761,"Q16891"
"1738",0.151201195519336,20.9865437319329,0.841058199807073,0.416873211036625,0.800232612741793,-5.90298684836637,0.0967837533254476,"ACTN4","sp|O43707|ACTN4_HUMAN",-0.0491272843493729,21.1432883391372,-0.341043572613001,0.739186025277646,0.965162287770973,-6.08976543248395,0.0153996558193429,"O43707"
"1739",-0.0944962419789224,30.6653001680177,-0.839287065255458,0.417827502252898,0.800304861153866,-5.90445215648524,0.0967445451379195,"VTNC","sp|P04004|VTNC_HUMAN",-0.0906453669065492,30.6466520329056,-0.918911841896107,0.376907882193552,0.858584256005764,-5.72752027852758,0.0662170795096315,"P04004"
"1740",-0.220577952291977,10.7274256308989,-0.839267885475933,0.417837844313317,0.800304861153866,-5.90446800949595,0.0967445451379195,"ELOC","sp|Q15369|ELOC_HUMAN",0.333818880494937,11.011898797134,1.77848079724311,0.101595356751047,0.666682972203156,-4.70712897876576,0.176080637078796,"Q15369"
"1741",0.136419137512224,14.41307884778,0.83924784391227,0.4178486512443,0.800304861153866,-5.90448457447048,0.0967445451379195,"SLIK1","sp|Q96PX8|SLIK1_HUMAN",-0.0450290922230263,14.3955117240043,-0.395324999204553,0.699797266778308,0.956136992772092,-6.06927328564148,0.0194798787044241,"Q96PX8"
"1742",0.0877798339800712,25.2544266917987,0.837789078535226,0.418635754887089,0.800304861153866,-5.90568934991726,0.0967445451379195,"PROC","sp|P04070|PROC_HUMAN",-0.0588098674613565,25.3379695274795,-0.609359830609272,0.55406782938737,0.912630831631107,-5.96026803139259,0.0397048634385756,"P04070"
"1743",-0.166059314743279,13.2086329816134,-0.837705187952547,0.418681049554312,0.800304861153866,-5.90575857769433,0.0967445451379195,"LFG3","sp|Q969X1|LFG3_HUMAN",-0.167265207760521,13.2005065788514,-1.10534244671445,0.291474456787686,0.804174755558491,-5.54842305105903,0.0946495642767864,"Q969X1"
"1744",0.149457404025853,14.2448961982434,0.83708025125489,0.419018571376872,0.800304861153866,-5.90627409189738,0.0967445451379195,"EOGT","sp|Q5NDL2|EOGT_HUMAN",-0.157715019195556,14.215344517921,-0.973350774073899,0.350296878189819,0.844428376563205,-5.6780721425385,0.0734371808857621,"Q5NDL2"
"1745",0.145276406141795,19.1114886074088,0.836945073684268,0.419091603164172,0.800304861153866,-5.9063855559487,0.0967445451379195,"LV949","sp|A0A0B4J1Y8|LV949_HUMAN",0.191647752987197,18.7033370829782,1.2469555279929,0.237075103597587,0.766165792444393,-5.39488199533815,0.115677242178419,"A0A0B4J1Y8"
"1746",-0.140070150832202,14.6532145420802,-0.836833586015331,0.419151842478605,0.800304861153866,-5.90647747391323,0.0967445451379195,"RIPL2","sp|Q969X0|RIPL2_HUMAN",0.160179021433303,14.5897490566574,1.07787955682894,0.30305544114158,0.811034091561332,-5.57650426146958,0.0909608899740679,"Q969X0"
"1747",-0.248576416332381,14.1857646789834,-0.836518482378508,0.419322131228254,0.800304861153866,-5.90673720804699,0.0967445451379195,"PRS23","sp|O95084|PRS23_HUMAN",-0.417886687811349,14.036542259922,-1.91412139331708,0.0806647341610582,0.625528627758299,-4.50901026418629,0.203752809722832,"O95084"
"1748",0.089909390689121,19.5832709264318,0.834306764298613,0.420518684313304,0.801703887352904,-5.90855784984896,0.0959860105627438,"SUSD5","sp|O60279|SUSD5_HUMAN",0.00889472454694049,19.5334746297442,0.0890256041281026,0.930584519370922,0.986837723161755,-6.14570248693738,0.00575425739079757,"O60279"
"1749",0.166663681073249,21.5153769125894,0.834270624689367,0.420538254860321,0.801703887352904,-5.90858756381402,0.0959860105627438,"URP2","sp|Q86UX7|URP2_HUMAN",-0.139891662841913,21.6183999487835,-0.672714340204651,0.514345111176933,0.907970131840623,-5.91962738418772,0.0419284375914184,"Q86UX7"
"1750",0.11787832265258,14.4953783273463,0.833181213490235,0.421128483262352,0.802347875742237,-5.90948274195435,0.0956372928650255,"SAGE1","sp|Q9NXZ1|SAGE1_HUMAN",0.144110506438557,14.426958448311,1.07759251734814,0.303178292938693,0.811034091561332,-5.57679475583021,0.0909608899740679,"Q9NXZ1"
"1751",-0.284258296126567,10.6242604222126,-0.832754998423042,0.421359550291871,0.802347875742237,-5.90983268441735,0.0956372928650255,"VAMP7","sp|P51809|VAMP7_HUMAN",-0.412095006806158,10.8934430253422,-1.425388529328,0.18046996017327,0.744074283000103,-5.18207976737696,0.128383705466685,"P51809"
"1752",-0.221690181976638,13.6110331275503,-0.830386937232135,0.422644894334204,0.804333947416985,-5.91177408333678,0.0945636012405827,"PSG11","sp|Q9UQ72|PSG11_HUMAN",-0.444044872155047,13.6583852189641,-1.5808888276145,0.140847602407356,0.724922900959771,-4.98094160369738,0.139708180281757,"Q9UQ72"
"1753",0.242445382387938,12.5619031108663,0.829280874030225,0.423246135229526,0.804666004108379,-5.91267918396178,0.0943843465542644,"ASB13","sp|Q8WXK3|ASB13_HUMAN",-0.100637006832351,12.27993100583,-0.381697205608079,0.709605863479064,0.959818517912726,-6.07469491773636,0.0178108754186703,"Q8WXK3"
"1754",-0.0876649091160268,21.8320779120675,-0.829173998492082,0.423304261275453,0.804666004108379,-5.9127665844193,0.0943843465542644,"VGFR3","sp|P35916|VGFR3_HUMAN",-0.0871620671760871,21.8305369996651,-0.894310077645169,0.389387343564155,0.863311017561409,-5.74906680551826,0.0638327165942383,"P35916"
"1755",-0.126753170178691,17.540496902297,-0.827859423708829,0.424019646479226,0.805564514404437,-5.91384079743714,0.0938996729630917,"POSTN","sp|Q15063|POSTN_HUMAN",0.0743686316186441,17.7396031536734,0.558198906403727,0.587351662435547,0.923616858095106,-5.99034037085681,0.0345081488266848,"Q15063"
"1756",0.20018449927473,13.4843150991551,0.826446434523524,0.424789478638284,0.806565377345803,-5.91499374414693,0.0933604244687289,"RECK","sp|O95980|RECK_HUMAN",-0.41436635716151,13.3839460386764,-2.18936838882333,0.049871738860243,0.589635363006715,-4.08646480806146,0.229416477831962,"O95980"
"1757",0.113952922145675,24.4690004480999,0.824137934060972,0.426049191788028,0.807146660387071,-5.91687363325544,0.0930475458109973,"IGJ","sp|P01591|IGJ_HUMAN",0.26070351898789,24.5221198576193,2.36891011382552,0.0361927380366063,0.564461874265568,-3.79920884883724,0.248365386520688,"P01591"
"1758",0.0969750101453188,27.6197779639291,0.824130577895707,0.426053209866903,0.807146660387071,-5.91687961616376,0.0930475458109973,"TocilLC","TocilLC",0.141549416802761,27.4833294468302,1.15457880934419,0.271561403427344,0.7878411521707,-5.49667363535524,0.103561337954553,NA
"1759",0.216494669049961,17.7245558386722,0.823587084413058,0.426350145552708,0.807146660387071,-5.91732151848455,0.0930475458109973,"GPR82","sp|Q96P67|GPR82_HUMAN",-0.123709076608869,17.8945424794827,-0.560741220100779,0.585673130564774,0.923005280315519,-5.98890464530571,0.0347958144612676,"Q96P67"
"1760",-0.233633064598763,11.3485568789891,-0.823060031316693,0.426638229308422,0.807146660387071,-5.91774980618069,0.0930475458109973,"SSRG","sp|Q9UNL2|SSRG_HUMAN",0.241888872364444,10.7712010237112,0.551439514152617,0.591826716852956,0.924268458929614,-5.99412760715145,0.0342018672020061,"Q9UNL2"
"1761",0.134178057958807,14.7536631788804,0.823035196462613,0.42665180703914,0.807146660387071,-5.91776998117949,0.0930475458109973,"EMIL3","sp|Q9NT22|EMIL3_HUMAN",-0.0925901599564455,14.8433808305484,-0.640527710145826,0.534314386905957,0.912613568562101,-5.94074041994913,0.0397130785089623,"Q9NT22"
"1762",-0.109011828731084,13.9324099973167,-0.822496617918182,0.42694632913611,0.807146660387071,-5.91820737119835,0.0930475458109973,"PGP","sp|A6NDG6|PGP_HUMAN",-0.113913048202611,13.7795461665392,-0.499236259441205,0.626973218802904,0.934255822631249,-6.02189878500846,0.029534186784462,"A6NDG6"
"1763",-0.127604471351941,14.4946873298254,-0.822077386978063,0.427175678547982,0.807146660387071,-5.91854766064262,0.0930475458109973,"CO6A2","sp|P12110|CO6A2_HUMAN",0.0102686612265427,14.5481277828993,0.0546028084110316,0.957386738397477,0.989471316190957,-6.14826714508705,0.00459679104883991,"P12110"
"1764",-0.231398265885679,13.0655428301236,-0.822033093722032,0.427199914874492,0.807146660387071,-5.9185836044413,0.0930475458109973,"VGFR1","sp|P17948|VGFR1_HUMAN",0.150784263530787,13.0754280920322,0.800522677781842,0.439542646419285,0.876629379092586,-5.82651125751913,0.0571839786238945,"P17948"
"1765",-0.201524408930005,14.0925023414324,-0.821716872308288,0.427372970797637,0.807146660387071,-5.91884016683875,0.0930475458109973,"RBP2","sp|P49792|RBP2_HUMAN",0.0732760701080844,13.8889147141507,0.261566047173721,0.798255733511523,0.973599473204371,-6.11441609860218,0.0116196697661764,"P49792"
"1766",0.260286000045382,10.523942919196,0.821208911030951,0.427651055209893,0.807146660387071,-5.91925211138612,0.0930475458109973,"ATD3A","sp|Q9NVI7|ATD3A_HUMAN",-0.448860385093204,10.5226662292987,-1.12427979626074,0.283687110706297,0.802008109398808,-5.52873055418835,0.0958212403824845,"Q9NVI7"
"1767",-0.202218058388168,12.9905337436123,-0.8205591060417,0.428006965764737,0.807146660387071,-5.91977875771938,0.0930475458109973,"CAD11","sp|P55287|CAD11_HUMAN",-0.408765156337746,12.8140268402637,-1.65376321719118,0.125037103786735,0.700299306813659,-4.88217323980062,0.154716303535132,"P55287"
"1768",0.107729816755881,13.5044391739255,0.818413178506613,0.429183714472324,0.80843402289083,-5.92151533029069,0.0923554175184125,"SNX5","sp|Q9Y5X3|SNX5_HUMAN",0.0974345472034736,13.5836530965483,0.670609327336446,0.515637552068586,0.907970131840623,-5.92103738403527,0.0419284375914184,"Q9Y5X3"
"1769",0.184121266221978,18.7069894877064,0.816252539028502,0.430370675353214,0.809010302044564,-5.92325972083538,0.0920459479889401,"TPIS","sp|P60174|TPIS_HUMAN",-0.0846440411278382,18.8309594306566,-0.424971489104195,0.678656406866015,0.953397402701628,-6.05684132483294,0.0207260355366119,"P60174"
"1770",0.092157659128653,17.9468183955444,0.816235772264103,0.43037989469225,0.809010302044564,-5.92327324142187,0.0920459479889401,"SPDLY","sp|Q96EA4|SPDLY_HUMAN",0.00803233035469334,18.0048129887004,0.0589540264803621,0.953995063531604,0.989471316190957,-6.14801078267333,0.00459679104883991,"Q96EA4"
"1771",-0.114772582548752,17.5779654081215,-0.815783523411787,0.430628616188534,0.809010302044564,-5.92363783805813,0.0920459479889401,"TGO1","sp|Q5JRA6|TGO1_HUMAN",-0.0847443943125597,17.6284158311779,-0.765199826338322,0.459482613308069,0.89072334793151,-5.85370484335967,0.0502571636661918,"Q5JRA6"
"1772",0.11052861479834,18.2669480404078,0.815536296111079,0.430764622632631,0.809010302044564,-5.92383707316795,0.0920459479889401,"CO6A1","sp|P12109|CO6A1_HUMAN",0.0947371770288912,18.3928210704522,0.833391909512622,0.421501411357736,0.871380058403275,-5.80022768647605,0.0597923831477007,"P12109"
"1773",0.166968730804081,19.0717275928558,0.81530370057976,0.430892605448232,0.809010302044564,-5.92402446776697,0.0920459479889401,"KV116","sp|P04430|KV116_HUMAN",0.367322781808055,18.7674823502411,2.39429436559195,0.0345772981298852,0.564461874265568,-3.75800776106258,0.248365386520688,"P04430"
"1774",0.110923543417742,14.3584811066371,0.81368778936168,0.431782428463432,0.809010302044564,-5.9253250403589,0.0920459479889401,"IF2B","sp|P20042|IF2B_HUMAN",0.0640588925039059,14.2904626863277,0.333728442397924,0.74455710736668,0.965375638139256,-6.09230109452338,0.0153036650731462,"P20042"
"1775",0.186719126179349,15.088368785702,0.813429979988648,0.431924505843438,0.809010302044564,-5.92553232667636,0.0920459479889401,"BIRC6","sp|Q9NR09|BIRC6_HUMAN",-0.460427450861898,15.0682017117639,-2.0171446846611,0.0674991025537807,0.609740800734631,-4.35378274505458,0.214854743241087,"Q9NR09"
"1776",-0.100983046865979,14.7293041010284,-0.812685766151675,0.432334809798712,0.809010302044564,-5.92613036819179,0.0920459479889401,"ARHG1","sp|Q92888|ARHG1_HUMAN",-0.168118471727383,14.6938016891903,-0.83794781386486,0.419040101733429,0.871380058403275,-5.79651091587085,0.0597923831477007,"Q92888"
"1777",-0.134252419142745,13.5483308591588,-0.812460837997405,0.432458868563792,0.809010302044564,-5.92631102183681,0.0920459479889401,"VAMP8","sp|Q9BV40|VAMP8_HUMAN",-0.547098529059459,13.5132839543614,-3.34115316490492,0.00616168347407947,0.378715323156848,-2.17009551675619,0.421687122584921,"Q9BV40"
"1778",0.106817088427556,13.8644191058039,0.81241160959396,0.432486023517258,0.809010302044564,-5.92635055425416,0.0920459479889401,"PCOC2","sp|Q9UKZ9|PCOC2_HUMAN",0.114227442119743,13.8031492121993,0.758702875577689,0.463211945562922,0.891538289314238,-5.85858665103446,0.0498600002387095,"Q9UKZ9"
"1779",0.114753117485581,21.8378901660956,0.811667410214304,0.432896668329316,0.809010302044564,-5.9269479166663,0.0920459479889401,"LV147","sp|P01700|LV147_HUMAN",0.250530606136508,21.4315857872009,1.7906400052017,0.0995356134103928,0.66470563563198,-4.68968327014627,0.177370639093326,"P01700"
"1780",0.211325612794891,11.3469990986844,0.811493604939213,0.432992609763877,0.809010302044564,-5.92708735837538,0.0920459479889401,"ARL15","sp|Q9NXU5|ARL15_HUMAN",0.252178761626461,11.4197898773997,0.671052270326332,0.515365434148096,0.907970131840623,-5.92074102600986,0.0419284375914184,"Q9NXU5"
"1781",0.0940569202084198,21.7045306358671,0.811261218426179,0.43312091007007,0.809010302044564,-5.92727375746186,0.0920459479889401,"CSPG4","sp|Q6UVK1|CSPG4_HUMAN",0.0934911334460683,21.7817701646596,0.833811840237253,0.421274143764181,0.871380058403275,-5.79988584798755,0.0597923831477007,"Q6UVK1"
"1782",0.0828752731496706,19.5814113643695,0.810941546888267,0.433297440930251,0.809010302044564,-5.92753009080847,0.0920459479889401,"GDN","sp|P07093|GDN_HUMAN",-0.0747307918623744,19.9899016462065,-0.702181119041631,0.496454947094482,0.903151205766242,-5.89946380229823,0.0442395339250954,"P07093"
"1783",0.167000383459941,12.9632033809668,0.810740971056052,0.4334082280776,0.809010302044564,-5.92769087952089,0.0920459479889401,"ECHM","sp|P30084|ECHM_HUMAN",0.376260603571048,12.7055542668301,1.86334455835039,0.0879892563259281,0.640117805497027,-4.58405493902308,0.193740092314353,"P30084"
"1784",0.104778630682125,22.8123838710222,0.810107152657133,0.43375843642895,0.809010302044564,-5.92819873778197,0.0920459479889401,"ANGT","sp|P01019|ANGT_HUMAN",0.155942459930658,22.744819557058,1.186456516339,0.259242336417616,0.777929443098344,-5.46222810141197,0.109059791008534,"P01019"
"1785",0.0952481251024665,27.590345929894,0.809484367429061,0.434102728527353,0.809010302044564,-5.9286974105337,0.0920459479889401,"SiltuxLC","SiltuxLC",0.147158331146156,27.4579552259391,1.19785575677044,0.254945036947155,0.777364072933162,-5.44973456428168,0.109375534823134,NA
"1786",0.121508670514567,21.6970374144374,0.80913556640414,0.434295632861477,0.809010302044564,-5.92897655091804,0.0920459479889401,"HV434","sp|P06331|HV434_HUMAN",0.214221124111023,21.4671885376358,1.7857018211143,0.100367541624385,0.66490992145975,-4.69677623944415,0.177237186670997,"P06331"
"1787",-0.0983636429818604,16.2754360132748,-0.808605356814526,0.434588972321581,0.809010302044564,-5.92940066439813,0.0920459479889401,"SPESP","sp|Q6UW49|SPESP_HUMAN",0.0458504628285116,16.6495608767251,0.39660666593227,0.698877669306059,0.956136992772092,-6.06875387704628,0.0194798787044241,"Q6UW49"
"1788",0.141932280379914,26.7273449696565,0.808458872893919,0.43467003761695,0.809010302044564,-5.92951779284123,0.0920459479889401,"A2MG","sp|P01023|A2MG_HUMAN",0.150811990611648,26.4794208701847,0.945629207912223,0.363675128240824,0.850954166069728,-5.70355431464954,0.070093831171655,"P01023"
"1789",0.244218907794617,11.5369090366609,0.8078691562651,0.43499649100154,0.809010302044564,-5.92998913832883,0.0920459479889401,"XPO2","sp|P55060|XPO2_HUMAN",-0.440643223575765,11.5134048931842,-1.6827101134098,0.119204564357717,0.697332628869831,-4.84220063488667,0.15656001325975,"P55060"
"1790",-0.143761531691803,13.1062022355235,-0.807833966778799,0.435015976135765,0.809010302044564,-5.93001725468726,0.0920459479889401,"EMX2","sp|Q04743|EMX2_HUMAN",-0.253284320849255,13.0971053673145,-1.45628889377964,0.171917617025381,0.737164200701138,-5.14321125729977,0.132435763815776,"Q04743"
"1791",-0.146785975749162,14.5782289302839,-0.807433216023611,0.435237920131941,0.809010302044564,-5.93033737698182,0.0920459479889401,"PKHF2","sp|Q9H8W4|PKHF2_HUMAN",-0.0403619257731767,14.7043203237293,-0.314874343321711,0.758465080086789,0.967234199252926,-6.0985879068472,0.014468356187554,"Q9H8W4"
"1792",0.162206965806991,16.5803032778147,0.806382825808399,0.435819998078613,0.809010302044564,-5.931175762735,0.0920459479889401,"RAB37","sp|Q96AX2|RAB37_HUMAN",-0.215993681731419,16.6950660141615,-1.24758336939669,0.23685325018123,0.766165792444393,-5.39416981373434,0.115677242178419,"Q96AX2"
"1793",-0.121339605424408,13.4675622891261,-0.806177074127896,0.435934075580764,0.809010302044564,-5.93133987263406,0.0920459479889401,"TS101","sp|Q99816|TS101_HUMAN",-0.215533284029842,13.462720215766,-1.6395828362747,0.127985271517723,0.704379028355585,-4.90160397646398,0.152193582865223,"Q99816"
"1794",0.392952948907469,10.0076100182905,0.806151651523434,0.435948172306543,0.809010302044564,-5.93136014739989,0.0920459479889401,"RL23","sp|P62829|RL23_HUMAN",0.183886593562066,10.3292658840968,0.785658153106406,0.447864411591753,0.88223856545983,-5.83808855416289,0.0544139617465481,"P62829"
"1795",0.178081223299808,11.941725506175,0.805856945209116,0.436111607374697,0.809010302044564,-5.93159513679414,0.0920459479889401,"Z705D","sp|P0CH99|Z705D_HUMAN / sp|P0CI00|Z705B_HUMAN",0.0589204826508754,11.7674704275296,0.209319945136816,0.837839914339357,0.979496539518255,-6.12711980972531,0.00899709399367683,"P0CH99"
"1796",0.253150201712885,10.8362169134162,0.805305794303717,0.436417365823716,0.809010302044564,-5.93203440102589,0.0920459479889401,"ARH","sp|Q5SW96|ARH_HUMAN",0.243486025623223,10.713903084677,0.422081437908053,0.680705095451085,0.953955901060617,-6.05809155095015,0.0204717011540782,"Q5SW96"
"1797",0.115063314760623,20.7229068173463,0.803899087020627,0.437198388303368,0.809165885943297,-5.93315432230723,0.0919624351682689,"LV319","sp|P01714|LV319_HUMAN",0.27114287390889,20.5249786426463,1.78826300739662,0.099935282074349,0.66490992145975,-4.69309880136487,0.177237186670997,"P01714"
"1798",-0.116326619983785,14.9636793974888,-0.803898464297621,0.437198734248644,0.809165885943297,-5.93315481768819,0.0919624351682689,"SCOT1","sp|P55809|SCOT1_HUMAN",-0.0384885042407561,14.7859017742085,-0.271769989159185,0.790589097816831,0.972723403089688,-6.11160973761015,0.0120106351572695,"P55809"
"1799",-0.0899804826946487,20.6649781840369,-0.803583399385301,0.437373787099209,0.809165885943297,-5.93340541029493,0.0919624351682689,"FHR5","sp|Q9BXR6|FHR5_HUMAN",-0.0399274342290718,20.6651823502317,-0.380418652533343,0.710528942911838,0.959818517912726,-6.07519407206084,0.0178108754186703,"Q9BXR6"
"1800",0.189790328150982,14.4886664957305,0.802181080142527,0.438153480873254,0.809738724707616,-5.93451970570823,0.0916550906550587,"FKB1A","sp|P62942|FKB1A_HUMAN",-0.163467527928498,14.6710331628019,-0.639701516554403,0.534832769761382,0.912613568562101,-5.94126974279409,0.0397130785089623,"P62942"
"1801",0.806223083076836,15.3305286144909,0.802148939538829,0.438171361727894,0.809738724707616,-5.93454522453219,0.0916550906550587,"RGRF2","sp|O14827|RGRF2_HUMAN",1.54734935985778,15.66521933652,2.8551577627712,0.014961637505245,0.472930236951508,-2.99268916482713,0.325202918335199,"O14827"
"1802",0.108212892345347,15.940550900669,0.801611604249564,0.438470368896452,0.80984037527397,-5.93497171977119,0.0916005749106802,"ETHE1","sp|O95571|ETHE1_HUMAN",0.0282335027544027,15.9332811121332,0.210814492846218,0.836700496762368,0.979496539518255,-6.1267952257375,0.00899709399367683,"O95571"
"1803",-0.15630361093813,14.3600269827513,-0.800230873958696,0.439239301677674,0.810809367223693,-5.93606646508482,0.0910812425763883,"PSG2","sp|P11465|PSG2_HUMAN",-0.143245806726721,14.2783303640424,-0.61973214057879,0.547449285980725,0.912613568562101,-5.95387026182424,0.0397130785089623,"P11465"
"1804",0.158228170673743,17.3383933575795,0.799014250049929,0.439917567848357,0.811610009832517,-5.93702969598997,0.0906526053200382,"UN13D","sp|Q70J99|UN13D_HUMAN",0.0256607950004968,17.3036425711444,0.16168028312223,0.874347591575037,0.985371444578884,-6.13626367351463,0.00640002744928762,"Q70J99"
"1805",-0.173216842460398,15.4641536008411,-0.797495977990656,0.440764954356014,0.811972148387141,-5.93822991014119,0.0904588673219094,"VAV","sp|P15498|VAV_HUMAN",0.0950142683054372,15.152788361403,0.452865951096023,0.659023040031793,0.942800633562724,-6.04435069056611,0.0255801343014022,"P15498"
"1806",-0.266730998073503,13.3838865053637,-0.796621514698541,0.441253494198464,0.811972148387141,-5.9389202578223,0.0904588673219094,"PA1B2","sp|P68402|PA1B2_HUMAN",0.137464565549408,13.4690694167157,0.479455072101826,0.640553050400765,0.939874259186622,-6.03173324114209,0.0269302444791645,"P68402"
"1807",0.0941286184591058,23.3146381949705,0.796619398905002,0.441254676662067,0.811972148387141,-5.93892192731982,0.0904588673219094,"KV37","sp|A0A075B6H7|KV37_HUMAN",0.207923598657012,23.0982685980643,1.51030483606707,0.157793304344337,0.728883053370811,-5.0739300704552,0.137342147059245,"A0A075B6H7"
"1808",0.211547832554049,14.0773570988803,0.796416105039615,0.441368302038047,0.811972148387141,-5.93908232077495,0.0904588673219094,"CO4A1","sp|P02462|CO4A1_HUMAN",0.389267628750605,14.0104785349972,1.97821354112586,0.0722206171380448,0.609740800734631,-4.41288839944258,0.214854743241087,"P02462"
"1809",-0.187051654070476,13.6773900643796,-0.796045570667317,0.441575450486576,0.811972148387141,-5.93937456827849,0.0904588673219094,"LYAM2","sp|P16581|LYAM2_HUMAN",0.230825729406706,13.9717757709879,0.878924115661976,0.397335440503723,0.866973336418611,-5.76228501329275,0.0619942589532371,"P16581"
"1810",0.132088919887406,17.8649338906656,0.796034358355331,0.441581719746547,0.811972148387141,-5.93938340974432,0.0904588673219094,"AT2A2","sp|P16615|AT2A2_HUMAN",-0.139489803022154,17.8144195829878,-1.04200577665624,0.318700983172284,0.820250808002062,-5.61232184853482,0.0860533331325101,"P16615"
"1811",0.411533710263256,9.77199734058222,0.728799863789669,0.48146696055932,0.831280810904873,-5.93940950553832,0.080252244536374,"ABLM1","sp|O14639|ABLM1_HUMAN",-0.131354377901049,9.69009485243023,-0.410073725157374,0.689245569374668,0.953955901060617,-6.06319751305934,0.0204717011540782,"O14639"
"1812",-0.188744502777063,11.9776788815075,-0.795237028439372,0.442027687001072,0.812342133530763,-5.94001185816892,0.0902610207464913,"PP12C","sp|Q9BZL4|PP12C_HUMAN",0.176868656620441,12.0311261135638,1.04177186421187,0.318804934984363,0.820250808002062,-5.61255214415454,0.0860533331325101,"Q9BZL4"
"1813",-0.108514808975536,17.2136063092587,-0.794253095211837,0.442578427642656,0.812635508250176,-5.94078660827702,0.0901042050219182,"CADH1","sp|P12830|CADH1_HUMAN",0.233583639140629,17.3041002409209,2.10131628765509,0.0582577804448716,0.607868733149162,-4.22426678942655,0.216190194779748,"P12830"
"1814",-0.0961398836379309,17.1213429043098,-0.793858925200143,0.442799182261055,0.812635508250176,-5.94109673716148,0.0901042050219182,"TIMP1","sp|P01033|TIMP1_HUMAN",-0.0718562860742915,17.2521331723685,-0.483551015144699,0.637729721596333,0.939874259186622,-6.02972816145259,0.0269302444791645,"P01033"
"1815",0.305726141490676,10.3120226563336,0.793049719836604,0.443252599992854,0.812635508250176,-5.94173297937602,0.0901042050219182,"IFI6","sp|P09912|IFI6_HUMAN",0.333039238988059,10.0076693331202,0.721426631067742,0.484976010076346,0.899237641029829,-5.885867998554,0.0461255223383996,"P09912"
"1816",0.0887090298742187,15.1814216112032,0.792823182812615,0.44337958797165,0.812635508250176,-5.94191099121315,0.0901042050219182,"SCEL","sp|O95171|SCEL_HUMAN",0.231047671643229,15.2808047593312,1.25346865286679,0.234781711766355,0.766165792444393,-5.38748086777631,0.115677242178419,"O95171"
"1817",-0.163054230050276,13.182858090783,-0.792566415563932,0.443523550251436,0.812635508250176,-5.94211270273539,0.0901042050219182,"IPP2","sp|P41236|IPP2_HUMAN",-0.343605763719781,13.1508481066502,-1.31916586783236,0.212634017010889,0.757046932651169,-5.31123476273907,0.120877195850511,"P41236"
"1818",0.160338603250295,17.3793145788636,0.792044672044549,0.44381617031203,0.812635508250176,-5.94252239426678,0.0901042050219182,"RALB","sp|P11234|RALB_HUMAN",0.0437106443492029,17.2742670629229,0.28910636181403,0.777616537497105,0.972583004796852,-6.10659896839682,0.0120733236917914,"P11234"
"1819",-0.170492911681311,15.5342183669491,-0.79160998395806,0.444060060404703,0.812635508250176,-5.94286354213713,0.0901042050219182,"DDX6","sp|P26196|DDX6_HUMAN",0.0703148182970541,15.545346841565,0.373766284509911,0.715339512208217,0.960820446915146,-6.07776485455563,0.0173577634237046,"P26196"
"1820",-0.154732968799912,11.289663859174,-0.791117280695151,0.44433660553562,0.812635508250176,-5.943250017966,0.0901042050219182,"VP26B","sp|Q4G0F5|VP26B_HUMAN",0.0532716228920637,11.1460511297315,0.299061941437886,0.770198294052856,0.970650420596958,-6.10358357682969,0.0129371529359489,"Q4G0F5"
"1821",0.244667728688536,13.5121646501338,0.791020543816907,0.444390915177484,0.812635508250176,-5.94332587292056,0.0901042050219182,"QORX","sp|Q53FA7|QORX_HUMAN",0.167869974217554,13.6019691424947,0.89131148012943,0.39092770770391,0.864904244578544,-5.75165851066208,0.0630319715561181,"Q53FA7"
"1822",-0.112857942244406,14.4328816683356,-0.790228717414042,0.444835620161444,0.8126364146799,-5.94394646056549,0.0901037206015304,"AT5F1","sp|P24539|AT5F1_HUMAN",0.0469918303483051,14.5516273813229,0.226053889917773,0.825104871128457,0.977505666396101,-6.12335485621489,0.00988071641043172,"P24539"
"1823",-0.0991346315144158,15.0326994104497,-0.790147769250638,0.444881098364983,0.8126364146799,-5.94400987164679,0.0901037206015304,"TMEDA","sp|P49755|TMEDA_HUMAN",-0.0156349743397411,15.0768803364829,-0.144425335829958,0.887650641868534,0.986191942633613,-6.13899907390291,0.00603855005478495,"P49755"
"1824",-0.15657584547508,13.4475192840906,-0.78934966263522,0.44532965008057,0.813008310570634,-5.94463475992625,0.0899050150252171,"5MP2","sp|Q7L1Q6|5MP2_HUMAN",0.191892399943225,13.3924011909979,1.20932700004674,0.250677470073237,0.775681816529707,-5.43706956756695,0.110316389132545,"Q7L1Q6"
"1825",-0.110367366183285,14.5472296605936,-0.788547879283695,0.445780561379045,0.813197447011243,-5.94526195661192,0.0898039934755509,"LYPA1","sp|O75608|LYPA1_HUMAN",0.0946187300241467,14.6710408021411,0.710572731185878,0.491429671426052,0.902132234216297,-5.89357686418723,0.0447297990641337,"O75608"
"1826",-0.186733694215604,12.4480784750752,-0.787767454303682,0.446219743186798,0.813197447011243,-5.94587189647457,0.0898039934755509,"LNP","sp|Q9C0E8|LNP_HUMAN",-0.375462257002854,12.4463147235178,-1.61149994675755,0.134004893990194,0.708220132409959,-4.93978551309242,0.149831731813607,"Q9C0E8"
"1827",-0.195758486772904,15.3020997624511,-0.78731609022427,0.446473873975951,0.813197447011243,-5.94622441197952,0.0898039934755509,"ABCB6","sp|Q9NP58|ABCB6_HUMAN",0.0810650418730157,15.5303804173788,0.300022769500701,0.769483594880969,0.970650420596958,-6.10328724095109,0.0129371529359489,"Q9NP58"
"1828",-0.0928908013646403,16.6391469179079,-0.786644848425383,0.446851974269275,0.813197447011243,-5.946748316734,0.0898039934755509,"SNAA","sp|P54920|SNAA_HUMAN",-0.228757170349468,16.8733861584996,-1.48012643607457,0.16555703304196,0.728883053370811,-5.11284362869934,0.137342147059245,"P54920"
"1829",0.187545956868564,9.1443740917142,0.635091369939185,0.539745194361552,0.861671140012502,-5.94680757860754,0.0646584526540696,"ABHDA","sp|Q9NUJ1|ABHDA_HUMAN",1.02781929217476,8.83708686724186,1.56587127107697,0.144314535017782,0.726283329837963,-5.00095207230769,0.138893923954356,"Q9NUJ1"
"1830",-0.143000357978222,13.0794489606148,-0.785896662994307,0.447273658246385,0.813197447011243,-5.94733180334452,0.0898039934755509,"NR0B2","sp|Q15466|NR0B2_HUMAN",0.3616890398705,12.2260077803499,1.07806491384148,0.30297612898875,0.811034091561332,-5.57631664021394,0.0909608899740679,"Q15466"
"1831",0.283586750493001,17.0472299873017,0.785549423832665,0.447469452173877,0.813197447011243,-5.94760243504525,0.0898039934755509,"CAP7","sp|P20160|CAP7_HUMAN",-0.272076775719813,17.9935658904389,-1.00322307324306,0.336280959694374,0.835705559864536,-5.64992146681247,0.0779467085059675,"P20160"
"1832",0.0964680339634562,20.3686740445268,0.785102181839389,0.44772171470668,0.813197447011243,-5.94795084884897,0.0898039934755509,"NCHL1","sp|O00533|NCHL1_HUMAN",0.10621807327945,20.4967115463482,0.952932147899468,0.360116028794906,0.849682789063033,-5.69690177697362,0.0707431786054195,"O00533"
"1833",0.177142588527289,21.7930992001687,0.784677068358418,0.447961580506006,0.813197447011243,-5.94828185876136,0.0898039934755509,"VINC","sp|P18206|VINC_HUMAN",-0.047092948710687,21.9441829431864,-0.248397485268222,0.808182406909596,0.974324183315953,-6.11788098664678,0.0112965178645011,"P18206"
"1834",0.0806366144872558,22.205598961772,0.784612690671495,0.447997912128473,0.813197447011243,-5.94833197169862,0.0898039934755509,"PDIA3","sp|P30101|PDIA3_HUMAN",0.0766775943140717,22.3060433227712,0.825741328978183,0.42565619175106,0.872069691618375,-5.80642893007307,0.0594488069528928,"P30101"
"1835",0.143161329995606,13.535888764797,0.784381516277432,0.448128391257476,0.813197447011243,-5.94851189224191,0.0898039934755509,"RPIA","sp|P49247|RPIA_HUMAN",0.239304220671481,13.3134449413653,1.48159345708358,0.165172219873168,0.728883053370811,-5.11096398909218,0.137342147059245,"P49247"
"1836",-0.174307255283589,13.6819200672166,-0.78370155788299,0.4485123137818,0.813449382208631,-5.94904082051304,0.0896694663428846,"QCR7","sp|P14927|QCR7_HUMAN",-0.153372178604539,13.3959872428504,-0.75567668134982,0.464955533860036,0.891538289314238,-5.86084773392545,0.0498600002387095,"P14927"
"1837",0.229515150190612,13.4687350038474,0.780645925174347,0.450240208196746,0.815936139311582,-5.9514126576745,0.0883438307435665,"FILA2","sp|Q5D862|FILA2_HUMAN",0.173793348066752,13.3113577250377,0.740730523720307,0.473627505283413,0.894435501170711,-5.87189536783832,0.0484509714695499,"Q5D862"
"1838",-0.0823261430372456,27.5551092694993,-0.779100347683044,0.451115819818406,0.815936139311582,-5.95260919030159,0.0883438307435665,"HABP2","sp|Q14520|HABP2_HUMAN",-0.102432055174899,27.5939265870863,-0.954171051077699,0.359514714441214,0.849682789063033,-5.69576890618235,0.0707431786054195,"Q14520"
"1839",0.115499078184174,15.7042135166489,0.778582488875116,0.451409444300725,0.815936139311582,-5.95300962165713,0.0883438307435665,"ATF6B","sp|Q99941|ATF6B_HUMAN",0.108753862783801,15.8027613052277,0.737092806427164,0.47575334145954,0.894435501170711,-5.87455402012442,0.0484509714695499,"Q99941"
"1840",-0.365213988976779,9.23663426492615,-0.709702929090813,0.492769099743603,0.837858935475931,-5.95313381869684,0.0768290943785136,"AFAP1","sp|Q8N556|AFAP1_HUMAN",-0.920894791531222,8.52233612339281,-2.08318064311286,0.0601425504559421,0.609740800734631,-4.25236344178653,0.214854743241087,"Q8N556"
"1841",0.476712060189405,15.8942039045238,0.778292446793945,0.451573950703014,0.815936139311582,-5.95323379039621,0.0883438307435665,"RBGP1","sp|Q9Y3P9|RBGP1_HUMAN",0.409541129208428,16.0968584449778,0.43884264365139,0.668861162237004,0.947886506176181,-6.05072589975992,0.0232436591726035,"Q9Y3P9"
"1842",0.104293934197374,15.1606881107918,0.778200882687004,0.451625892094923,0.815936139311582,-5.95330454317874,0.0883438307435665,"BAP31","sp|P51572|BAP31_HUMAN",0.116594994178271,15.1189413753254,0.879636112795045,0.396965202730655,0.866973336418611,-5.7616777224435,0.0619942589532371,"P51572"
"1843",-0.149348192753815,14.1164671007925,-0.777753628450052,0.451879659998508,0.815936139311582,-5.95365003473638,0.0883438307435665,"RAB21","sp|Q9UL25|RAB21_HUMAN",0.197092210244031,14.0175272977093,1.28713048664556,0.223211566564421,0.757046932651169,-5.34877249835823,0.120877195850511,"Q9UL25"
"1844",-0.110136904526315,15.1146604278833,-0.777733773769511,0.451890927471383,0.815936139311582,-5.95366536778657,0.0883438307435665,"G3BP1","sp|Q13283|G3BP1_HUMAN",-0.252619157455473,15.0859549841445,-2.34732359043268,0.0376235329117099,0.564461874265568,-3.83414056343795,0.248365386520688,"Q13283"
"1845",0.137741262425732,18.7839817341759,0.777087527239122,0.452257768465331,0.815936139311582,-5.95416424824774,0.0883438307435665,"MFAP5","sp|Q13361|MFAP5_HUMAN",-0.346041107754562,19.0105194566309,-3.115914738913,0.0092888672278224,0.416618247691116,-2.5516675459744,0.380261712069493,"Q13361"
"1846",-0.178461954141546,18.1838829874105,-0.776514406705844,0.452583258636889,0.815936139311582,-5.95460636564941,0.0883438307435665,"DECR","sp|Q16698|DECR_HUMAN",-0.162350045299661,17.9010530588043,-0.545116817925461,0.59602867474997,0.924268458929614,-5.99763062745577,0.0342018672020061,"Q16698"
"1847",0.134289002000082,17.5805547176691,0.77618377797138,0.452771099354589,0.815936139311582,-5.95486128616372,0.0883438307435665,"KIF2A","sp|O00139|KIF2A_HUMAN",-0.0134225701689012,17.554181357856,-0.106770190416555,0.916800882665109,0.986613644973353,-6.14390093322867,0.00585288249271538,"O00139"
"1848",0.144974464291331,17.3361829616071,0.775539372699338,0.453137349468646,0.815936139311582,-5.95535785298879,0.0883438307435665,"MUC2","sp|Q02817|MUC2_HUMAN",0.148988797358494,17.3463546765216,1.18707119402062,0.259009171981801,0.777929443098344,-5.46155676585998,0.109059791008534,"Q02817"
"1849",-0.400034998095879,16.1112441328852,-0.775533779526975,0.453140529195824,0.815936139311582,-5.95536216135897,0.0883438307435665,"SNX12","sp|Q9UMY4|SNX12_HUMAN",0.334516340653904,16.1546024799828,1.07096260681001,0.306026318704729,0.811757526274504,-5.58348703348361,0.0905736760874445,"Q9UMY4"
"1850",0.181668415320682,12.2110793179904,0.775209036519439,0.453325170500319,0.815936139311582,-5.95561226000029,0.0883438307435665,"RL15","sp|P61313|RL15_HUMAN",-0.0464330453751297,12.3935006914235,-0.151801171864883,0.881959443040421,0.986191942633613,-6.13786737275503,0.00603855005478495,"P61313"
"1851",0.18627597681032,13.3340401677611,0.774687080787874,0.453622042874164,0.816027945961707,-5.95601404306661,0.0882949679996457,"IQCF3","sp|P0C7M6|IQCF3_HUMAN",0.464966285407036,12.8692297708526,2.3814475652486,0.0353859634675756,0.564461874265568,-3.77887577274677,0.248365386520688,"P0C7M6"
"1852",-0.152367385641915,14.5683990372936,-0.774237967801633,0.453877583705927,0.816045341451773,-5.95635955930503,0.0882857101245196,"LSM3","sp|P62310|LSM3_HUMAN",0.144997773054492,14.2491814591465,0.613054190649608,0.55170538107062,0.912613568562101,-5.95800086801095,0.0397130785089623,"P62310"
"1853",-0.0948291177789673,20.0305280933053,-0.772629095170811,0.454793768944384,0.817048054076073,-5.95759583240527,0.0877524000081674,"CLH1","sp|Q00610|CLH1_HUMAN",-0.00551022389935715,19.9551579727916,-0.062772485897185,0.951019437903112,0.989471316190957,-6.14776963405383,0.00459679104883991,"Q00610"
"1854",0.0998358367799648,14.7821223367051,0.772394200512574,0.454927629988726,0.817048054076073,-5.95777613387519,0.0877524000081674,"STA5B","sp|P51692|STA5B_HUMAN",0.169963696762391,14.8317099562144,1.16879978173295,0.266010563390673,0.78566784211862,-5.48139729136764,0.104761022438977,"P51692"
"1855",-0.14164603960284,15.5660676097165,-0.771361153683565,0.455516637102122,0.81744698295999,-5.95856849803819,0.0875404047283149,"TUT4","sp|Q5TAX3|TUT4_HUMAN",-0.283155802697235,15.6666349721633,-2.90649779759382,0.0136212089727689,0.457044243427612,-2.9060823882666,0.340041756721354,"Q5TAX3"
"1856",0.135993988553341,17.0323093149986,0.771140800336502,0.45564233759445,0.81744698295999,-5.95873738905299,0.0875404047283149,"RB39B","sp|Q96DA2|RB39B_HUMAN",-0.21713467573063,17.1667780013365,-1.38945835212044,0.190861733317031,0.752526853111309,-5.22655308297822,0.123477998126165,"Q96DA2"
"1857",0.143506672363519,18.2538100992167,0.769859436302271,0.456373728201599,0.818197882774443,-5.95971863546242,0.0871416486466967,"CDC42","sp|P60953|CDC42_HUMAN",-0.110327181733447,18.3613010097753,-0.6586226821478,0.523033452587778,0.909803826635208,-5.92898866286589,0.0410522408594816,"P60953"
"1858",0.0781818458750986,31.5156084606111,0.768673722941078,0.457051186291254,0.818197882774443,-5.96062532337985,0.0871416486466967,"ITIH2","sp|P19823|ITIH2_HUMAN",-0.0127788638778579,31.5417445241319,-0.142715930446856,0.888970570894224,0.986191942633613,-6.13925334069743,0.00603855005478495,"P19823"
"1859",0.336935598042112,10.6979278170903,0.768663100468704,0.457057258331309,0.818197882774443,-5.96063344044518,0.0871416486466967,"PRUN2","sp|Q8WUY3|PRUN2_HUMAN",-0.107100016089164,10.4530097080013,-0.187108065679633,0.854817929630228,0.980691568766929,-6.13167349556336,0.00846755841439542,"Q8WUY3"
"1860",-0.209952877471315,13.3632915325781,-0.768564425606626,0.457113665510862,0.818197882774443,-5.96070883710528,0.0871416486466967,"FTCD","sp|O95954|FTCD_HUMAN",0.0325424257052821,13.5558982727506,0.201211458409344,0.844028344552191,0.979774508889009,-6.12884085600689,0.00887386391301568,"O95954"
"1861",-0.107449098766096,13.9362291907232,-0.767485482714687,0.457730728098914,0.818197882774443,-5.96153267885181,0.0871416486466967,"CLIP2","sp|Q9UDT6|CLIP2_HUMAN",0.533042435337203,13.7935623877482,4.60536161316439,0.000665762947310777,0.117786891643736,-0.0996578262874257,0.928903038950935,"Q9UDT6"
"1862",0.170529203464969,20.7934597057867,0.767259620013871,0.457859968988709,0.818197882774443,-5.96170500726098,0.0871416486466967,"ILK","sp|Q13418|ILK_HUMAN",-0.0735866761140922,20.959705673118,-0.371453648301435,0.717014885006885,0.960820446915146,-6.07864820629552,0.0173577634237046,"Q13418"
"1863",0.322832141511626,14.6462962417983,0.767173570717905,0.457909213340208,0.818197882774443,-5.96177064899327,0.0871416486466967,"GORS2","sp|Q9H8Y8|GORS2_HUMAN",1.37771509004876,14.4030979896702,2.79007569033577,0.0168510556309966,0.48357458474741,-3.10222247202413,0.31553653244734,"Q9H8Y8"
"1864",-0.186818488284121,11.8584856669537,-0.766143931267024,0.458498716576337,0.818197882774443,-5.96255558240263,0.0871416486466967,"KCC2G","sp|Q13555|KCC2G_HUMAN / sp|Q13554|KCC2B_HUMAN",-0.315935147946934,12.1177259153756,-1.91658398541136,0.0803241580129275,0.625528627758299,-4.50534525962478,0.203752809722832,"Q13555"
"1865",0.133241305418405,15.4359060695498,0.766130682214726,0.45850630523687,0.818197882774443,-5.96256567646014,0.0871416486466967,"NOMO2","sp|Q5JPE7|NOMO2_HUMAN / sp|P69849|NOMO3_HUMAN / sp|Q15155|NOMO1_HUMAN",-0.012768616102757,15.4144964945646,-0.0859442679958012,0.932980581215522,0.987021992313333,-6.14598210098266,0.00567317049762038,"Q5JPE7"
"1866",-0.125297679803643,13.6764108797965,-0.766096156799001,0.458526080735301,0.818197882774443,-5.96259197960368,0.0871416486466967,"NPM","sp|P06748|NPM_HUMAN",-0.00678545367520174,13.8865927413806,-0.0430092079346894,0.966427769697025,0.991439396338831,-6.14885434193641,0.00373382774212562,"P06748"
"1867",0.355279574300886,11.850429702113,0.76538471047126,0.45893370387698,0.818485203206715,-5.96313375586727,0.086989167472272,"S10AC","sp|P80511|S10AC_HUMAN",0.794772392704082,12.2945559835951,1.67489638342908,0.120754716835073,0.699199696842399,-4.85303086839077,0.155398768674142,"P80511"
"1868",0.171907277688449,19.9215720522769,0.764128060337863,0.459654261881783,0.819330018896691,-5.96408960204633,0.0865411330176274,"WDR1","sp|O75083|WDR1_HUMAN",-0.0560908997523045,20.0265557552754,-0.258469964019934,0.800586359197067,0.973599473204371,-6.11524663405384,0.0116196697661764,"O75083"
"1869",0.117021318268079,16.5990592265299,0.76331268292115,0.460122178584858,0.819723838284027,-5.964709044043,0.0863324350674914,"CALI","sp|Q13939|CALI_HUMAN",0.102918639078782,16.4600348835006,0.73926231576905,0.474484793982102,0.894435501170711,-5.87296984492666,0.0484509714695499,"Q13939"
"1870",0.14850192602525,18.3661357673372,0.762517093891367,0.460579029598684,0.82009753178006,-5.96531287696917,0.0861344951832795,"RB11A","sp|P62491|RB11A_HUMAN / sp|Q15907|RB11B_HUMAN",-0.0873004255272171,18.4478620461722,-0.519946823253352,0.612907463461587,0.929782983745204,-6.01119545781126,0.0316184062419663,"P62491"
"1871",0.138298327037869,14.3583265118975,0.761331084415369,0.461260603607631,0.820477368653568,-5.96621197331388,0.0859333936534535,"SH3L1","sp|O75368|SH3L1_HUMAN",0.170834611924646,14.4788992256103,1.11505925997204,0.287458599164732,0.803677098634372,-5.53835204608631,0.0949184070341135,"O75368"
"1872",0.120708237584554,17.2860275329158,0.761084088600848,0.46140262684476,0.820477368653568,-5.96639905807997,0.0859333936534535,"HMHA1","sp|Q92619|HMHA1_HUMAN",0.116799737798288,17.2454281333715,0.806762499297986,0.4360795065464,0.875059179097644,-5.82159378061564,0.0579625752217284,"Q92619"
"1873",-0.331869572650747,16.7372084572577,-0.760541259320708,0.461714852073841,0.820477368653568,-5.96681002644801,0.0859333936534535,"USO1","sp|O60763|USO1_HUMAN",-0.452027144275291,17.2588730190522,-1.35341303013349,0.201783570477987,0.755926708752107,-5.27036818508123,0.121520309693936,"O60763"
"1874",0.172750175132135,19.8610042547722,0.760307477937654,0.461849359805517,0.820477368653568,-5.96698693736804,0.0859333936534535,"FLNC","sp|Q14315|FLNC_HUMAN",-0.0607122799908552,19.9856260656803,-0.272735170851242,0.789865091844157,0.972723403089688,-6.11133879996617,0.0120106351572695,"Q14315"
"1875",-0.235821989076722,9.95435228630116,-0.759669614280057,0.462216484781534,0.820477368653568,-5.9674693820092,0.0859333936534535,"GPC5","sp|P78333|GPC5_HUMAN",-0.764349444650067,10.0314748368441,-2.01226729145974,0.0680744834153281,0.609740800734631,-4.36121630784697,0.214854743241087,"P78333"
"1876",0.0958875592620399,28.3742982300675,0.759367792010005,0.462390263915727,0.820477368653568,-5.96769753600588,0.0859333936534535,"IGHA2","sp|P01877|IGHA2_HUMAN",0.169838501873588,27.423954531426,1.43226280375898,0.178536950459785,0.740705173220034,-5.17348196879689,0.130354622145937,"P01877"
"1877",-0.127609790470531,15.2760178062452,-0.759137657973104,0.462522795043937,0.820477368653568,-5.96787144422553,0.0859333936534535,"FAM3C","sp|Q92520|FAM3C_HUMAN",0.0592593830581108,15.1662912287661,0.398554176958489,0.697481287009471,0.956136992772092,-6.06796150053483,0.0194798787044241,"Q92520"
"1878",-0.467232970401474,11.0298767722165,-0.757755446977495,0.463319295590509,0.821451251103045,-5.9689149535326,0.0854182046027967,"KDM4A","sp|O75164|KDM4A_HUMAN",0.508671351615457,11.0962255089917,1.25745332471894,0.233387434959176,0.766165792444393,-5.38293869115354,0.115677242178419,"O75164"
"1879",0.0953212006002519,16.1956789948026,0.756947213441576,0.463785440971363,0.821838696521064,-5.96952433767244,0.0852134137070138,"MMRN2","sp|Q9H8L6|MMRN2_HUMAN",0.109037587696508,16.1874692133821,0.857255417253953,0.408715954736797,0.867345430800147,-5.78056206649497,0.0618079050462365,"Q9H8L6"
"1880",0.173799370370216,15.5887178972165,0.756031753639653,0.464313784990745,0.822335887078059,-5.97021385648769,0.0849507565365495,"OLFL1","sp|Q6UWY5|OLFL1_HUMAN",0.0913524788515828,15.3218269215709,0.506537818996254,0.621996324324609,0.932352002397294,-6.01817268097459,0.0304200921125771,"Q6UWY5"
"1881",-0.209527117650167,13.4734959198012,-0.755463927976822,0.464641687264112,0.822399535749396,-5.97064115988116,0.0849171435111687,"DPP2","sp|Q9UHL4|DPP2_HUMAN",0.234037911067641,13.4298645372374,1.04110620748724,0.319100893725818,0.820250808002062,-5.61320727625083,0.0860533331325101,"Q9UHL4"
"1882",0.131190360469775,15.3290448995276,0.754822064312457,0.465012519487369,0.822399535749396,-5.97112382883858,0.0849171435111687,"ECH1","sp|Q13011|ECH1_HUMAN",0.0341249592285667,15.2186926384289,0.254403476120936,0.803650531091606,0.974324183315953,-6.11632263813391,0.0112965178645011,"Q13011"
"1883",0.104518616979959,20.1451502933074,0.754374081461889,0.46527144858864,0.822399535749396,-5.9714604831208,0.0849171435111687,"FCN3","sp|O75636|FCN3_HUMAN",0.0617859632496349,20.0210134424212,0.480209486906019,0.640032587852586,0.939874259186622,-6.03136516274735,0.0269302444791645,"O75636"
"1884",0.0995670151122225,11.4235145123168,0.754254009630681,0.465340864157085,0.822399535749396,-5.97155068505617,0.0849171435111687,"RS16","sp|P62249|RS16_HUMAN",-0.362186250260343,11.7631542204665,-1.89510211838374,0.0833401277749868,0.632405319477049,-4.53723766651339,0.199004485656633,"P62249"
"1885",0.181857896880359,12.2403148974051,0.753044753478877,0.466040318246458,0.822667834746634,-5.97245839341164,0.0847754827170597,"RS3","sp|P23396|RS3_HUMAN",-0.313791555958678,12.2961703828855,-0.811139543230215,0.433660891424007,0.873931350518796,-5.8181240809846,0.0585226809374819,"P23396"
"1886",0.0765348868875141,24.2230909478813,0.75297583377635,0.466080202424224,0.822667834746634,-5.97251008712696,0.0847754827170597,"GP1BA","sp|P07359|GP1BA_HUMAN",-0.182963299533629,24.2819860026372,-1.99341070478244,0.0703421680128202,0.609740800734631,-4.38987860163539,0.214854743241087,"P07359"
"1887",0.135099520254713,16.859369319521,0.752614984895252,0.466289062442823,0.822667834746634,-5.97278067444645,0.0847754827170597,"ATF6A","sp|P18850|ATF6A_HUMAN",0.121715365324389,16.8904443004065,1.0263257138662,0.3257250373912,0.823872143869656,-5.6276653492676,0.0841401809245796,"P18850"
"1888",0.241011417519357,10.1013446520825,0.752278037375245,0.466484141305563,0.822667834746634,-5.97303323293253,0.0847754827170597,"CR1","sp|P17927|CR1_HUMAN",-0.101168553229685,10.1167325040555,-0.225108415955603,0.825823053505286,0.977505666396101,-6.12357522361586,0.00988071641043172,"P17927"
"1889",0.137121051682946,18.428925019879,0.751781253685437,0.466771852130629,0.822677943757672,-5.97340540947065,0.0847701461029947,"RAB8A","sp|P61006|RAB8A_HUMAN",-0.0795372321980754,18.6128922470739,-0.432652592853438,0.673224568148155,0.951227050525213,-6.0534783895603,0.0217158079617043,"P61006"
"1890",0.154865687587635,13.7202811237815,0.751073101648174,0.467182168575156,0.822677943757672,-5.97393555218735,0.0847701461029947,"IRAG1","sp|Q9Y6F6|IRAG1_HUMAN",0.186775007728047,14.3125579022449,0.692133137693812,0.502512835425335,0.90495936016098,-5.90642853553104,0.0433709236170405,"Q9Y6F6"
"1891",0.383906813804364,11.6709887722869,0.750556998966147,0.467481350384745,0.822677943757672,-5.97432163606905,0.0847701461029947,"UBC9","sp|P63279|UBC9_HUMAN",0.125272979938548,12.0607694205519,0.473554316693847,0.644630819572645,0.940765473701383,-6.03459305420162,0.0265186296779271,"P63279"
"1892",-0.0963346551947412,26.305391160034,-0.74961992939569,0.468024870968237,0.823197957998717,-5.97502202015224,0.0844957155427435,"APOA2","sp|P02652|APOA2_HUMAN",0.0439766496770052,26.2578686602128,0.394992057521808,0.70003623465233,0.956136992772092,-6.06940794625386,0.0194798787044241,"P02652"
"1893",-0.152536909011948,21.6254796583167,-0.745420997962687,0.470465194226799,0.827051895995098,-5.97815063805922,0.0824672384073381,"FHR1","sp|Q03591|FHR1_HUMAN",0.0268808004319447,21.2668435017391,0.15973765285185,0.875843371896187,0.985398017397777,-6.13658697303348,0.00638831585253577,"Q03591"
"1894",0.122207104052453,14.3143809754838,0.744356882130259,0.471084893073941,0.827357460537375,-5.97894097642706,0.0823068125785534,"STRN","sp|O43815|STRN_HUMAN",-0.102684704305473,14.3373567176251,-0.702739848651353,0.49611939119354,0.903151205766242,-5.89907382469616,0.0442395339250954,"O43815"
"1895",0.214324236393531,17.0939688977564,0.744266465323574,0.471137571682928,0.827357460537375,-5.97900808340672,0.0823068125785534,"IDHP","sp|P48735|IDHP_HUMAN",-0.0565208102052885,17.3650248691947,-0.244996838105905,0.810751649412091,0.974957702965865,-6.11874701320095,0.0110142250881126,"P48735"
"1896",-0.156395775346352,11.5229796298488,-0.743427333372717,0.471626641605154,0.827609606329865,-5.97963053056993,0.082174476981848,"RHG30","sp|Q7Z6I6|RHG30_HUMAN",0.370678031287041,11.3538877961034,1.07170614215981,0.305705918625177,0.811757526274504,-5.58273816943777,0.0905736760874445,"Q7Z6I6"
"1897",-0.107676477876006,16.0650293879453,-0.742689740246025,0.472056792899448,0.827609606329865,-5.98017713219263,0.082174476981848,"CO3A1","sp|P02461|CO3A1_HUMAN",-0.0826207528008491,16.1788722364871,-0.586674227323962,0.568696862395361,0.914734232457629,-5.97390826544619,0.0387050678382534,"P02461"
"1898",0.0883145429845817,23.2323495040977,0.742255557616868,0.472310114725412,0.827609606329865,-5.98049865766161,0.082174476981848,"A0A0C4DH90","tr|A0A0C4DH90|A0A0C4DH90_HUMAN / sp|A0A0C4DH55|KVD07_HUMAN",0.164698421494015,22.9922862710556,1.29764100973624,0.219695002869049,0.757046932651169,-5.33653114323369,0.120877195850511,"A0A0C4DH90"
"1899",-0.229595708518739,12.7256156563236,-0.741962780132783,0.472480982135541,0.827609606329865,-5.98071537190026,0.082174476981848,"CDHR1","sp|Q96JP9|CDHR1_HUMAN",-0.00429480249172992,13.2685618216214,-0.0107494321691874,0.991606547668125,0.99872308656462,-6.14975431170746,0.000554910820842213,"Q96JP9"
"1900",-0.253841895696565,11.2051518966852,-0.741882345324389,0.472527931303132,0.827609606329865,-5.9807748962407,0.082174476981848,"KPB2","sp|P46019|KPB2_HUMAN",0.0674496717770224,11.350297427095,0.234515570238167,0.818684843590211,0.976540152493457,-6.1213419094632,0.010309895081874,"P46019"
"1901",0.0797621123822174,20.3561636683741,0.74066763334411,0.47323730203333,0.827768995619792,-5.98167310924362,0.0820908442838996,"R4RL2","sp|Q86UN3|R4RL2_HUMAN",-0.010221822296784,20.3191255220357,-0.0903985262249381,0.92951715685121,0.986837723161755,-6.14557473485702,0.00575425739079757,"Q86UN3"
"1902",0.092651014988101,16.2820219435673,0.740357593291475,0.473418466051302,0.827768995619792,-5.98190215263935,0.0820908442838996,"TMOD3","sp|Q9NYL9|TMOD3_HUMAN",-0.0706139186377439,16.3232559736233,-0.637773623860746,0.536043515411312,0.912613568562101,-5.94250243083101,0.0397130785089623,"Q9NYL9"
"1903",0.133326989471209,13.925657862177,0.740216063529402,0.473501179694918,0.827768995619792,-5.98200667937651,0.0820908442838996,"RL27A","sp|P46776|RL27A_HUMAN",0.0667851419697903,13.9427196356497,0.420122396078526,0.682095336099474,0.953955901060617,-6.05893432781867,0.0204717011540782,"P46776"
"1904",0.0916610476565643,18.9406409664218,0.739904359248382,0.47368337938401,0.827768995619792,-5.98223682437493,0.0820908442838996,"KVD21","sp|A0A0A0MT36|KVD21_HUMAN",0.228345180646449,18.6033210575038,1.5613414502111,0.145374731967403,0.726657330901203,-5.00696428467737,0.138670340698732,"A0A0A0MT36"
"1905",0.188350913382701,16.9326472458124,0.739592093231094,0.473865951092981,0.827768995619792,-5.98246729578622,0.0820908442838996,"RALA","sp|P11233|RALA_HUMAN",-0.126423037901698,16.7899721420294,-0.67988223321973,0.50995850828401,0.907970131840623,-5.91479560857872,0.0419284375914184,"P11233"
"1906",-0.075139570625764,22.2452293076233,-0.738780797956688,0.474340493111595,0.828162070824506,-5.98306566793374,0.0818846637259697,"PDIA1","sp|P07237|PDIA1_HUMAN",-0.116063810475826,22.332313057158,-1.16944775803473,0.265759763025516,0.78566784211862,-5.48069775530459,0.104761022438977,"P07237"
"1907",-0.109968272950162,14.065026062166,-0.738052452831792,0.474766767214989,0.828470504935094,-5.98360235141749,0.0817229486471199,"ATPK","sp|P56134|ATPK_HUMAN",-0.156112852057973,14.0452441587879,-0.758646712045918,0.46324426737197,0.891538289314238,-5.85862868891349,0.0498600002387095,"P56134"
"1908",-0.237351605081079,12.8674090849015,-0.737598103704707,0.4750328016898,0.828499142831553,-5.9839368962566,0.0817079365671779,"FKBP2","sp|P26885|FKBP2_HUMAN",-0.820018922932529,12.9572195430586,-2.6954948186553,0.0200258321947589,0.519263570737536,-3.26075893655095,0.28461214453882,"P26885"
"1909",0.325219274491462,9.67123579736505,0.73710519934593,0.475321515892576,0.828567285319045,-5.98429961807524,0.0816722181363239,"IMDH2","sp|P12268|IMDH2_HUMAN",-0.211163678142118,9.837341391304,-0.743824987216423,0.471823809755193,0.892806855517381,-5.86962443213474,0.0492424836148991,"P12268"
"1910",-0.129672575613915,16.049162816679,-0.735888552473943,0.476034621124254,0.82925932444099,-5.9851939883445,0.0813096364433893,"MED14","sp|O60244|MED14_HUMAN",-0.211781713065885,15.621735811236,-1.24844333055046,0.236549645107182,0.766165792444393,-5.39319389411057,0.115677242178419,"O60244"
"1911",0.114361591770753,19.6338684070825,0.735368844793538,0.47633943585939,0.82925932444099,-5.9855756213451,0.0813096364433893,"ITLN1","sp|Q8WWA0|ITLN1_HUMAN",0.131494298072069,19.6484986086782,0.915153814635193,0.378795902756846,0.859029442950653,-5.7308441350433,0.0659919506136197,"Q8WWA0"
"1912",0.170434526978086,14.3628951956262,0.735149582188906,0.47646807222325,0.82925932444099,-5.98573655720369,0.0813096364433893,"CGRE1","sp|Q99674|CGRE1_HUMAN",-0.0836811044392156,14.4564121906281,-0.546809838329244,0.594902010450736,0.924268458929614,-5.99669637908775,0.0342018672020061,"Q99674"
"1913",-0.142671678029191,14.7702243148966,-0.73451135503701,0.476842627895129,0.829409375849111,-5.98620475891672,0.0812310595718112,"PAMR1","sp|Q6UXH9|PAMR1_HUMAN",-0.00230634289782264,14.7050163641859,-0.0141603005665013,0.988943417899141,0.998674325310052,-6.14971021718136,0.000576115157713409,"Q6UXH9"
"1914",0.202135831875059,16.2998323489826,0.734151182924719,0.477054082101824,0.829409375849111,-5.98646881683558,0.0812310595718112,"TNKS1","sp|O95271|TNKS1_HUMAN",-0.133068033115267,16.5894125762706,-0.577342324878437,0.574774944014669,0.916271872807246,-5.9793781910979,0.0379756449553353,"O95271"
"1915",0.289403458233433,10.4541587614788,0.732603612312124,0.477963308374011,0.830555089263531,-5.98760206676653,0.0806315562653314,"GSK3B","sp|P49841|GSK3B_HUMAN",1.05084521606275,10.5532156337239,2.74287352059746,0.0183677602831593,0.508021636498381,-3.18144896958379,0.294117790842552,"P49841"
"1916",0.140235785429022,12.2911787548311,0.73188679583775,0.47838481384479,0.830641309283023,-5.98812623688228,0.0805864744450703,"K319L","sp|Q8IZA0|K319L_HUMAN",0.617448799890508,12.1667670725073,1.73677526254309,0.108955010778525,0.678464691883533,-4.76646790620197,0.168472748621995,"Q8IZA0"
"1917",0.165082674560108,14.8051772497077,0.73065106097705,0.479111994575663,0.830641309283023,-5.98902876728569,0.0805864744450703,"MRC2","sp|Q9UBG0|MRC2_HUMAN",0.11033750381472,14.6528942083141,0.628478250677996,0.541903048719132,0.912613568562101,-5.94839731040342,0.0397130785089623,"Q9UBG0"
"1918",0.172465625983858,24.2784245830948,0.729541128007727,0.479765726851737,0.830641309283023,-5.989838232539,0.0805864744450703,"TLN1","sp|Q9Y490|TLN1_HUMAN",-0.0938937925477504,24.4204065791338,-0.441320834716292,0.667117807668835,0.94774808610711,-6.04961335279481,0.0233070839196867,"Q9Y490"
"1919",0.564921201844953,9.58111813443938,0.729087775891522,0.480032901865646,0.830641309283023,-5.99016853604681,0.0805864744450703,"VTI1B","sp|Q9UEU0|VTI1B_HUMAN",0.243363562756116,11.0923966947671,0.712831834190789,0.490082125431961,0.901708623345845,-5.89198113881482,0.0449337769994622,"Q9UEU0"
"1920",0.128756022256917,17.9597887828625,0.728917823020195,0.480133084190236,0.830641309283023,-5.99029231216803,0.0805864744450703,"CAZA2","sp|P47755|CAZA2_HUMAN",0.0226323340829756,18.0486315542226,0.142047317254002,0.889486940383242,0.986191942633613,-6.13935197345763,0.00603855005478495,"P47755"
"1921",-0.100006906728563,16.7980947507704,-0.728857289070798,0.480168770321188,0.830641309283023,-5.99033639249344,0.0805864744450703,"WDR44","sp|Q5JSH3|WDR44_HUMAN",0.0736378752374495,16.7204802721214,0.811442220523916,0.433493967189835,0.873931350518796,-5.81788353157303,0.0585226809374819,"Q5JSH3"
"1922",-0.188832837372237,14.4418324870096,-0.728544291810322,0.48035331534163,0.830641309283023,-5.9905642612981,0.0805864744450703,"C1QBP","sp|Q07021|C1QBP_HUMAN",-0.29455104288043,14.2888515215037,-1.36236453210591,0.199024044693388,0.754702161522043,-5.25956317125976,0.122224406155744,"Q07021"
"1923",0.192733262451745,20.7975801983858,0.728494744152722,0.480382532935316,0.830641309283023,-5.99060032488972,0.0805864744450703,"TLN2","sp|Q9Y4G6|TLN2_HUMAN",-0.0771888102803656,20.9857061793977,-0.327085049889679,0.749447219928674,0.965663208308992,-6.09455721503086,0.0151743148645484,"Q9Y4G6"
"1924",-0.187480381499772,12.7115751026949,-0.7281052161754,0.480612270514767,0.830641309283023,-5.99088376752953,0.0805864744450703,"MSLN","sp|Q13421|MSLN_HUMAN",-0.305424802582904,12.7925988508474,-1.35384576942009,0.20164944396957,0.755926708752107,-5.26984700801276,0.121520309693936,"Q13421"
"1925",0.234964672685448,15.2562981786534,0.727878991978455,0.480745725092525,0.830641309283023,-5.99104831764119,0.0805864744450703,"MYCD","sp|Q8IZQ8|MYCD_HUMAN",-0.471240226369633,15.0303379485929,-2.1456395298286,0.0538826709756011,0.590219752369703,-4.15518050175278,0.228986260438189,"Q8IZQ8"
"1926",-0.171617405096463,12.8917849950742,-0.727844830247975,0.480765879823045,0.830641309283023,-5.99107316202173,0.0805864744450703,"SEPT9","sp|Q9UHD8|SEPT9_HUMAN",0.162045663223647,13.0543961155995,0.797673482935172,0.441129906631369,0.877763884957742,-5.82874534929893,0.0566222918964083,"Q9UHD8"
"1927",0.318047175714079,11.7969085184972,0.726369249946537,0.481636938647204,0.831280810904873,-5.99214527424741,0.080252244536374,"LETM1","sp|O95202|LETM1_HUMAN",1.03301880908294,11.6490599028033,2.49593910139375,0.0287802264409634,0.561815904180584,-3.59179412910095,0.250405970723439,"O95202"
"1928",0.0799991833171992,14.864563912891,0.725455340494946,0.482176920397119,0.831780248855529,-5.99280829820256,0.0799913964439115,"4F2","sp|P08195|4F2_HUMAN",0.00542025757635292,14.7525398936101,0.0268092273690991,0.979068903894957,0.994976977877517,-6.14944127838435,0.00218696799440344,"P08195"
"1929",0.180974732942446,11.6917900276202,0.723762447441931,0.483178145205868,0.832680817892362,-5.9940344479365,0.0795214398804951,"VKOR1","sp|Q9BQB6|VKOR1_HUMAN",-0.173809399499068,11.8429673587317,-0.642245949359443,0.533237225057163,0.912613568562101,-5.9396375536414,0.0397130785089623,"Q9BQB6"
"1930",0.193867326509265,11.3558235640864,0.72369718829129,0.48321676683212,0.832680817892362,-5.99408166232079,0.0795214398804951,"DTX3L","sp|Q8TDB6|DTX3L_HUMAN",-0.266692805330244,11.4047381628202,-1.05800615194353,0.311649989685996,0.813567297890723,-5.59646853553557,0.089606516613139,"Q8TDB6"
"1931",-0.177913273011585,10.4548590428121,-0.723226456708074,0.483495410975745,0.832680817892362,-5.99442211710758,0.0795214398804951,"ADAM9","sp|Q13443|ADAM9_HUMAN",0.167394084689986,10.3255165888589,0.466052193245308,0.649832775201516,0.941197234759129,-6.03817985367448,0.0263193574528965,"Q13443"
"1932",0.0882470841266619,15.9645147664567,0.722876705715737,0.483702505844072,0.832680817892362,-5.99467494222234,0.0795214398804951,"ATS8","sp|Q9UP79|ATS8_HUMAN",0.196281273139369,16.0956345189002,1.17111115548049,0.265116787082453,0.785645193148803,-5.47890061989619,0.104773542315528,"Q9UP79"
"1933",0.311716025080819,10.8097654242459,0.721672158698915,0.484416159351127,0.832735451118643,-5.99554482080697,0.0794929462129932,"CHID1","sp|Q9BWS9|CHID1_HUMAN",-0.0558607779468501,10.7998363106408,-0.138192668352278,0.892464912702775,0.986377304449055,-6.13991160491195,0.00595692897713937,"Q9BWS9"
"1934",0.332719395107997,9.5244979968861,0.721331827238599,0.484617911071905,0.832735451118643,-5.99579035539196,0.0794929462129932,"LV657","sp|P01721|LV657_HUMAN",-0.345424216930034,9.98867082650751,-1.71668319795129,0.112668350016324,0.687401201662093,-4.79477243437796,0.162789712997804,"P01721"
"1935",0.114205356117064,12.6732942294798,0.720109754971924,0.485342791083293,0.832735451118643,-5.99667115634375,0.0794929462129932,"GA2L1","sp|Q99501|GA2L1_HUMAN",-0.0583376081497962,12.5723211963861,-0.311623142453144,0.760872521092097,0.967484722891457,-6.09963572627576,0.0143558840003405,"Q99501"
"1936",0.114757115603378,13.0607941599457,0.720055493869087,0.485374991778397,0.832735451118643,-5.99671023306363,0.0794929462129932,"RS20","sp|P60866|RS20_HUMAN",-0.0531581513751582,13.0261849055715,-0.435613272314582,0.671135997020835,0.949893549727996,-6.05216659709981,0.02232506140175,"P60866"
"1937",0.118873840074858,13.9935157551906,0.719850246205117,0.485496805720651,0.832735451118643,-5.99685802005639,0.0794929462129932,"HDAC6","sp|Q9UBN7|HDAC6_HUMAN",0.116572573637462,13.8991706294928,0.721695963937196,0.484816530532131,0.899237641029829,-5.88567535489514,0.0461255223383996,"Q9UBN7"
"1938",0.131824581419058,14.385223472112,0.718963402191306,0.486023360178444,0.832735451118643,-5.99749614273336,0.0794929462129932,"ARC1A","sp|Q92747|ARC1A_HUMAN",-0.284781831603132,14.3546171708245,-1.00812117236025,0.334022318108177,0.833533799334363,-5.6452379548154,0.0790767850779772,"Q92747"
"1939",-0.0703786848414364,24.09817863174,-0.718649752524978,0.486209669948383,0.832735451118643,-5.99772165519136,0.0794929462129932,"A4","sp|P05067|A4_HUMAN",-0.141714555062735,24.1432096129003,-1.42379564094008,0.180920377510334,0.744335779744877,-5.18406798144074,0.128231104248375,"P05067"
"1940",0.106691095508487,27.3535556606438,0.718297915128057,0.486418715382907,0.832735451118643,-5.9979745174119,0.0794929462129932,"IGLC3","sp|P0DOY3|IGLC3_HUMAN",0.195146446434973,27.0780108330475,1.56541093594572,0.14442196843193,0.726283329837963,-5.00156355536128,0.138893923954356,"P0DOY3"
"1941",-0.235556898496369,14.4652655174366,-0.718099482122098,0.486536639267055,0.832735451118643,-5.99811707943155,0.0794929462129932,"CT027","sp|Q9GZN8|CT027_HUMAN",-0.270926271590576,14.6169672237258,-1.43867795444806,0.176748816343541,0.73865676404082,-5.16543293713113,0.1315573208897,"Q9GZN8"
"1942",-0.142371348298351,12.9602723086525,-0.718037963185872,0.486573202012399,0.832735451118643,-5.99816126972703,0.0794929462129932,"RPA1","sp|O95602|RPA1_HUMAN",0.459411933133769,12.3404526917971,1.27538432459648,0.227195399562592,0.759377171347676,-5.36236607128217,0.119542462906989,"O95602"
"1943",0.0956795149372443,15.1037270520975,0.717866558768517,0.486675082196644,0.832735451118643,-5.99828437473337,0.0794929462129932,"CPXM1","sp|Q96SM3|CPXM1_HUMAN",-0.135396906219664,15.0410596383289,-0.827275902191631,0.424820647613151,0.872069691618375,-5.80518911589786,0.0594488069528928,"Q96SM3"
"1944",0.0944209966264943,20.887492207044,0.71774888000865,0.486745036206739,0.832735451118643,-5.9983688776821,0.0794929462129932,"MENT","sp|Q9BUN1|MENT_HUMAN",0.104532923330321,21.071272612564,0.984994472775952,0.3447844125767,0.842302006615039,-5.66718422588868,0.0745321646880175,"Q9BUN1"
"1945",0.095979083946162,16.1858557282868,0.716426981265364,0.487531259196351,0.8332814174667,-5.99931723864093,0.0792083030197279,"CACL1","sp|Q86Y37|CACL1_HUMAN",0.143570407900472,16.1416430936237,0.841414563442858,0.41717363885802,0.871380058403275,-5.79367074647081,0.0597923831477007,"Q86Y37"
"1946",0.146475208744245,13.0199274916555,0.716368115190847,0.48756628885819,0.8332814174667,-5.99935943336076,0.0792083030197279,"RS21","sp|P63220|RS21_HUMAN",0.138794774981632,13.0228118836061,0.616250273002373,0.549666104830435,0.912613568562101,-5.95602916243629,0.0397130785089623,"P63220"
"1947",0.189324140277435,12.8050899385699,0.714258673855986,0.488822574987874,0.834998521042076,-6.00086937083505,0.0783142937425467,"LORI","sp|P23490|LORI_HUMAN",-0.374269661204949,12.5541050538813,-2.39428738747702,0.0345777324967109,0.564461874265568,-3.75801910513745,0.248365386520688,"P23490"
"1948",0.120784068168296,8.45767910781485,0.178064147292296,0.863144573575641,0.96833467127428,-6.00130317540525,0.0139745179313829,"NUBP1","sp|P53384|NUBP1_HUMAN",-0.336968953684875,8.12926108079051,-0.550200201032846,0.608004881324824,0.928468578954848,-5.44345498558459,0.032232788981201,"P53384"
"1949",0.0826614453710562,17.7797962877071,0.713531135679825,0.489256319995709,0.835309529869217,-6.00138919772076,0.0781525637922685,"DPEP2","sp|Q9H4A9|DPEP2_HUMAN",0.0542124078019236,17.7985459061067,0.469130077977141,0.647696213000623,0.941197234759129,-6.03671496097437,0.0263193574528965,"Q9H4A9"
"1950",0.23922328700386,11.7127516849995,0.711356914918494,0.49055394574867,0.836493641652637,-6.00293979150518,0.0775373558440477,"NAL13","sp|Q86W25|NAL13_HUMAN",-0.216766989324332,11.810223593383,-0.519062936093192,0.61350452707256,0.929782983745204,-6.01166072618742,0.0316184062419663,"Q86W25"
"1951",0.159362358235571,17.1408002100629,0.710953686541789,0.490794831517407,0.836493641652637,-6.00322688658291,0.0775373558440477,"NDKA","sp|P15531|NDKA_HUMAN",0.166433340939255,17.2457447447163,1.0024270195306,0.336649091153626,0.835705559864536,-5.65068085254979,0.0779467085059675,"P15531"
"1952",-0.190844066456784,11.2926227224551,-0.710490112758396,0.491071855944666,0.836493641652637,-6.00355676288457,0.0775373558440477,"HNRPF","sp|P52597|HNRPF_HUMAN",-0.515709396779424,11.3228599346447,-2.05519581362638,0.0631634783535767,0.609740800734631,-4.29551624110099,0.214854743241087,"P52597"
"1953",0.164767874943272,20.256301925314,0.710444465808825,0.491099138978816,0.836493641652637,-6.00358923432264,0.0775373558440477,"PLEK","sp|P08567|PLEK_HUMAN",-0.0800943215075482,20.434174594858,-0.386965999363392,0.705807055379674,0.957324731019672,-6.07262074455587,0.0189407216084595,"P08567"
"1954",-0.0921739764472933,15.2475954400976,-0.710258942002469,0.491210035426631,0.836493641652637,-6.00372118897365,0.0775373558440477,"PKHO2","sp|Q8TD55|PKHO2_HUMAN",-0.058563422978332,15.2525238472543,-0.380003915949258,0.710828474658887,0.959818517912726,-6.07535563711049,0.0178108754186703,"Q8TD55"
"1955",0.14741695082088,13.2726033359273,0.708617004771408,0.492192162034048,0.837736300405645,-6.00488764839151,0.0768926655003069,"IL1R1","sp|P14778|IL1R1_HUMAN",0.218711789164574,13.2595257897366,0.84896335802961,0.413128703241593,0.871139876784528,-5.78745068655688,0.0599121057979046,"P14778"
"1956",0.0948286836148683,15.2371293086055,0.708063366641938,0.492523589462493,0.837858935475931,-6.00528040454211,0.0768290943785136,"LRC32","sp|Q14392|LRC32_HUMAN",-0.287176037121733,15.2172601577407,-2.95158837772468,0.0125431798988668,0.453703352090037,-2.82989979781147,0.343228012030373,"Q14392"
"1957",0.206535385278225,13.0117880155184,0.706372514136096,0.493536630375336,0.838734294017276,-6.00647816981258,0.0763755992646732,"RGS19","sp|P49795|RGS19_HUMAN",-0.0918324517463046,13.2401863237123,-0.48651019459652,0.635693661900608,0.939029247353674,-6.02826938745918,0.0273208808260098,"P49795"
"1958",0.159449905811517,12.3674042829877,0.705734390590508,0.493919276946233,0.838955005212153,-6.00692952121461,0.0762613306040503,"AAPK1","sp|Q13131|AAPK1_HUMAN",0.124633746176752,12.1536899759611,0.594598707709956,0.563562939872398,0.914734232457629,-5.96919862814994,0.0387050678382534,"Q13131"
"1959",0.129616385070342,14.0305869130802,0.70448017397681,0.494671882222652,0.839462945839762,-6.00781555162343,0.0759984689988091,"ESTD","sp|P10768|ESTD_HUMAN",0.247406331948505,14.0387691874707,1.10865378191966,0.29010113791827,0.804174755558491,-5.54499891550752,0.0946495642767864,"P10768"
"1960",-0.0896451962557898,18.2745607320941,-0.704256967939254,0.494805891825286,0.839462945839762,-6.00797308209663,0.0759984689988091,"PCLO","sp|Q9Y6V0|PCLO_HUMAN",0.0331406427306378,18.1557746895558,0.257716950633405,0.801153507528036,0.973599473204371,-6.11544715549261,0.0116196697661764,"Q9Y6V0"
"1961",0.147508048571467,13.9579378549403,0.703971862130265,0.494977097019709,0.839462945839762,-6.00817423252481,0.0759984689988091,"PLXA4","sp|Q9HCM2|PLXA4_HUMAN",0.142062354583275,14.1425365133345,0.677215624243739,0.511587821495848,0.907970131840623,-5.91659863722643,0.0419284375914184,"Q9HCM2"
"1962",0.125584186888332,18.6881258692055,0.702866828495878,0.495641004314625,0.8401595982228,-6.00895315988201,0.075638206743248,"HDGF","sp|P51858|HDGF_HUMAN",0.444557237619995,18.663685895297,2.7231258081518,0.019041689010819,0.518011697569861,-3.21453335886041,0.285660433048816,"P51858"
"1963",-0.213910301660598,14.4351876732863,-0.702406265807818,0.495917870200282,0.840199801528707,-6.00927747455056,0.0756174253866934,"TOR1A","sp|O14656|TOR1A_HUMAN",-0.496069311673679,14.5191903104955,-2.13622560894813,0.0547851571791252,0.59071324196055,-4.16990246113697,0.228623293496481,"O14656"
"1964",-0.367188498667009,13.2147280267705,-0.701730233365825,0.496324433952547,0.840250681368191,-6.0097531633733,0.07559112668434,"TCO1","sp|P20061|TCO1_HUMAN",0.333297074619797,13.01576308534,1.84077188027321,0.0914364867765585,0.650098041556419,-4.61708535860063,0.187021142286195,"P20061"
"1965",0.153320499436108,12.6622640205775,0.701488165121351,0.496470061851589,0.840250681368191,-6.00992339198715,0.07559112668434,"NUBP2","sp|Q9Y5Y2|NUBP2_HUMAN",0.198825854758496,12.6500866841641,0.916521223385647,0.378108158410164,0.858960285943418,-5.72963605780133,0.0660269153239883,"Q9Y5Y2"
"1966",0.116121094590683,18.29877278094,0.701093756159674,0.49670739284254,0.840250681368191,-6.0102006350495,0.07559112668434,"LV301","sp|P01715|LV301_HUMAN",0.330427233124484,18.1965552074014,1.21939568194119,0.246978440705033,0.772515473722344,-5.4258771275188,0.112092812764067,"P01715"
"1967",-0.110895431133827,15.9001777257633,-0.699756909712877,0.49751233277831,0.840550900092245,-6.01113928373071,0.0754359824507248,"MYL9","sp|P24844|MYL9_HUMAN",-0.439652259700132,15.8313697819393,-3.32640653045617,0.00632907766758195,0.378766077928184,-2.19504805596722,0.421628923090852,"P24844"
"1968",0.0975703574345975,19.2707271906001,0.699590040036207,0.497612863168328,0.840550900092245,-6.01125633355547,0.0754359824507248,"GNAI2","sp|P04899|GNAI2_HUMAN",-0.0597382286589004,19.3927540324195,-0.430562620239414,0.674700635272353,0.952166153101057,-6.05439918928583,0.0212872605665086,"P04899"
"1969",0.206564165911891,11.7427513788637,0.699537318861079,0.49764462750264,0.840550900092245,-6.01129330920796,0.0754359824507248,"DNJB4","sp|Q9UDY4|DNJB4_HUMAN",-0.171858883905613,11.7912365962778,-0.847682931000287,0.413812945465264,0.871175608701702,-5.78850916794021,0.0598942925205875,"Q9UDY4"
"1970",-0.155359559435293,20.1287354948296,-0.698465989653808,0.498290363990464,0.840778543117567,-6.01204412463556,0.0753183801441161,"FHR2","sp|P36980|FHR2_HUMAN",0.091238926854781,19.7918760124336,0.468450321966196,0.648167794122174,0.941197234759129,-6.03703928237253,0.0263193574528965,"P36980"
"1971",0.0783343842316638,17.9638127911876,0.698189016667832,0.498457389497703,0.840778543117567,-6.01223806259036,0.0753183801441161,"ENOG","sp|P09104|ENOG_HUMAN",-0.212965897235119,18.0664716008977,-1.99880632204185,0.0696862247095002,0.609740800734631,-4.38168972851626,0.214854743241087,"P09104"
"1972",-0.170315401875627,12.9976323683668,-0.69805308955117,0.498539371152568,0.840778543117567,-6.01233321363484,0.0753183801441161,"AP3S1","sp|Q92572|AP3S1_HUMAN",-0.137221546372186,13.3197585523693,-0.872421414435046,0.4007277583934,0.867111174600625,-5.76781163817947,0.0619252169179849,"Q92572"
"1973",0.0896156924289054,16.8249650994329,0.696202774922117,0.499656155902073,0.84154544014562,-6.01362676915736,0.0749224288602312,"OLFL3","sp|Q9NRN5|OLFL3_HUMAN",0.0196248393036472,16.7809235689732,0.175527782252842,0.863700438317258,0.983382563387846,-6.13384648506629,0.00727749656607012,"Q9NRN5"
"1974",0.0892834008170265,24.01909214858,0.695845522885472,0.49987195340116,0.84154544014562,-6.01387616080427,0.0749224288602312,"PI16","sp|Q6UXB8|PI16_HUMAN",0.116913740103264,24.1223598509938,1.14043212620113,0.277172044643201,0.792511383027922,-5.5117246895396,0.100994491191333,"Q6UXB8"
"1975",-0.101100341344325,28.9456091575668,-0.695561567896846,0.500043515802581,0.84154544014562,-6.01407430110027,0.0749224288602312,"ANT3","sp|P01008|ANT3_HUMAN",-0.310106160392111,28.9347651257836,-3.16380331611171,0.00851122391343325,0.405527701154281,-2.47050149675392,0.391979474257897,"P01008"
"1976",0.128710899383447,17.3829080047583,0.69524193874879,0.500236674358291,0.84154544014562,-6.01429724546261,0.0749224288602312,"RHOC","sp|P08134|RHOC_HUMAN",-0.103819152448845,17.4959673748448,-0.610865451137003,0.553104346019969,0.912613568562101,-5.95934560486374,0.0397130785089623,"P08134"
"1977",0.0787422054886783,18.1371964413777,0.694296829963196,0.500808084859749,0.84154544014562,-6.01495591675217,0.0749224288602312,"DAG1","sp|Q14118|DAG1_HUMAN",0.0232645020299723,18.2440705312426,0.209663394588802,0.837578040116127,0.979496539518255,-6.12704542255014,0.00899709399367683,"Q14118"
"1978",0.265169891370806,10.2351941647832,0.694270089029746,0.500824258049263,0.84154544014562,-6.01497454123272,0.0749224288602312,"ZN622","sp|Q969S3|ZN622_HUMAN",-0.438060288128758,10.1169771154689,-0.82654830565845,0.425216673705415,0.872069691618375,-5.80577720999031,0.0594488069528928,"Q969S3"
"1979",-0.096269840748134,14.0234337582412,-0.694027954897598,0.500970717483182,0.84154544014562,-6.01514315238507,0.0749224288602312,"MMP14","sp|P50281|MMP14_HUMAN",0.236443198272765,13.7859330643894,1.77114855992733,0.102855923032405,0.669032409161068,-4.7176176888681,0.174552843698699,"P50281"
"1980",0.071007174664742,16.410303323993,0.693942299674894,0.501022533813722,0.84154544014562,-6.01520278582247,0.0749224288602312,"CCN2","sp|P29279|CCN2_HUMAN",-0.0691352029317504,16.3422987151515,-0.515016826518373,0.616241372912953,0.930949474286698,-6.01378092535345,0.0310738889799154,"P29279"
"1981",0.137301102597716,18.3200259640315,0.693141825881964,0.501506928084762,0.841932976385092,-6.01575975105157,0.0747224799310849,"KVD37","sp|P0DSN7|KVD37_HUMAN / sp|A0A075B6S9|KV137_HUMAN",0.311966502985759,17.8150765582945,1.18665681625487,0.259166338963219,0.777929443098344,-5.46200936835417,0.109059791008534,"P0DSN7"
"1982",0.124163296673994,19.1706142100607,0.691291460922687,0.50262771955593,0.843354603745616,-6.01704496165084,0.0739897799791934,"NOTC3","sp|Q9UM47|NOTC3_HUMAN",0.111514611747791,19.1664437947406,0.933703073060125,0.369540830318295,0.855900918231975,-5.71432469352434,0.0675765077009969,"Q9UM47"
"1983",0.137777560152885,14.0992712580356,0.690184695676191,0.503298817128142,0.843354603745616,-6.01781217843925,0.0739897799791934,"NOL3","sp|O60936|NOL3_HUMAN",0.124084043255427,14.0520532282424,0.54328971413155,0.597245804547639,0.924268458929614,-5.99863578583768,0.0342018672020061,"O60936"
"1984",-0.220885039127917,12.0462500286552,-0.690129288609843,0.503332427778828,0.843354603745616,-6.01785055724052,0.0739897799791934,"ZN140","sp|P52738|ZN140_HUMAN",-0.509709342099708,11.8930072959148,-2.36106941379967,0.0367062641829357,0.564461874265568,-3.81190821060562,0.248365386520688,"P52738"
"1985",-0.176291312584469,13.7429449384959,-0.689782298602555,0.503542946913723,0.843354603745616,-6.01809084225225,0.0739897799791934,"CA052","sp|Q8N6N3|CA052_HUMAN",0.0553512183937321,13.6705244199231,0.325339640180386,0.750733900612601,0.96614417066042,-6.0951425826896,0.0149580621451328,"Q8N6N3"
"1986",-0.10936680922602,14.7871196350572,-0.689648343598223,0.50362423158295,0.843354603745616,-6.01818357418734,0.0739897799791934,"CD81","sp|P60033|CD81_HUMAN",-0.191611400161237,14.6982421506261,-1.23107702911614,0.242741398129814,0.77039683551692,-5.41280368683216,0.113285509788458,"P60033"
"1987",-0.260993947843195,11.2851152449771,-0.689052824356275,0.503985690833349,0.843534295449262,-6.01859562875353,0.0738972556693001,"TMED5","sp|Q9Y3A6|TMED5_HUMAN",-0.193581692384299,11.4900703456333,-0.447980777055184,0.662442792494231,0.945133526596728,-6.04659351667248,0.0245068308900952,"Q9Y3A6"
"1988",0.187845338937638,12.7941590123018,0.688498106289539,0.504322524318203,0.843610163849989,-6.01897915719204,0.0738581965032311,"PYRG1","sp|P17812|PYRG1_HUMAN",0.170442922024354,12.738980842859,0.601559862876308,0.559074095314275,0.914734232457629,-5.96501262608033,0.0387050678382534,"P17812"
"1989",-0.229722513459602,11.9817864119456,-0.688141105254643,0.504539371871717,0.843610163849989,-6.01922583496983,0.0738581965032311,"NPTX1","sp|Q15818|NPTX1_HUMAN",-0.288756834819912,12.1804614133676,-1.2213046884808,0.246282019186494,0.772206478342405,-5.42374709021626,0.112266559230286,"Q15818"
"1990",0.147728128752849,15.2194690319864,0.687648453975133,0.50483870653826,0.843685632930757,-6.01956604984024,0.0738193464030693,"LRC59","sp|Q96AG4|LRC59_HUMAN",0.0583797743466066,15.2715441648169,0.426308067750989,0.677709846859082,0.953143482843135,-6.05626033315469,0.0208417172876589,"Q96AG4"
"1991",0.352480246535665,9.4428122272591,0.609155963649334,0.554886289099252,0.864638037257345,-6.01987052517509,0.0631656628486251,"ADRM1","sp|Q16186|ADRM1_HUMAN",0.468327423036918,9.37510131413012,1.21485440497145,0.248641418724057,0.774147156421338,-5.43093401249487,0.111176477111453,"Q16186"
"1992",0.103907389111335,14.6677244169613,0.685376123029178,0.506220741797276,0.844816660011804,-6.02113237020741,0.0732375303218008,"BPI","sp|P17213|BPI_HUMAN",0.0116622603551013,14.8522455700726,0.0571493141042319,0.95540168481185,0.989471316190957,-6.14811949464084,0.00459679104883991,"P17213"
"1993",-0.196671236626331,11.2397674171443,-0.685199283925797,0.506328389871033,0.844816660011804,-6.02125406529924,0.0732375303218008,"ATL1","sp|Q8N6G6|ATL1_HUMAN",0.242683699396058,11.53252760095,0.800505816024711,0.439552029002322,0.876629379092586,-5.82652449990832,0.0571839786238945,"Q8N6G6"
"1994",-0.175574708878555,18.2602757561453,-0.685039101602739,0.506425910128614,0.844816660011804,-6.02136427274525,0.0732375303218008,"BIN2","sp|Q9UBW5|BIN2_HUMAN",0.095690423984003,18.239947666974,0.696497578393974,0.499876096713645,0.903151205766242,-5.90341462591495,0.0442395339250954,"Q9UBW5"
"1995",0.124957544073453,17.40951992696,0.684862169620522,0.506533640681979,0.844816660011804,-6.02148597657076,0.0732375303218008,"SYTL4","sp|Q96C24|SYTL4_HUMAN",0.0482727115149103,17.4556311366961,0.313762037055393,0.759288420422583,0.967400486519214,-6.09894759090034,0.0143936985347491,"Q96C24"
"1996",0.115144136312526,14.8916004795989,0.683579255286202,0.507315190231069,0.845659259783779,-6.02236757095623,0.0728045913400131,"MGAT1","sp|P26572|MGAT1_HUMAN",-0.0706627642152669,15.0960914135413,-0.503053483069203,0.62436889614422,0.932637418833355,-6.0199572404313,0.0302871639760606,"P26572"
"1997",0.120488465175599,26.0506030763401,0.683196616198691,0.507548431903973,0.845659259783779,-6.02263021829974,0.0728045913400131,"FBLN1","sp|P23142|FBLN1_HUMAN",0.248897907282423,26.1108494054388,2.17020015769292,0.0515937978106007,0.589635363006715,-4.11665174703863,0.229416477831962,"P23142"
"1998",0.135352813202931,19.8957874186782,0.682660982636442,0.507875039803397,0.84566471164579,-6.02299765488477,0.0728017915055314,"C1QB","sp|P02746|C1QB_HUMAN",0.149371239241241,19.6025272516144,0.850025231885825,0.412561829455702,0.871051343488216,-5.78657181205163,0.0599562450653271,"P02746"
"1999",0.37172889010513,9.32214456781372,0.682355619031378,0.508061294071017,0.84566471164579,-6.0232070108228,0.0728017915055314,"LIMD1","sp|Q9UGP4|LIMD1_HUMAN",0.186512228950534,9.54485369392597,0.346863445693719,0.734923093498395,0.964602283830354,-6.0877096278649,0.0156517141602005,"Q9UGP4"
"2000",0.101502909106354,19.4719614358645,0.681094206279292,0.50883111241473,0.846153026123185,-6.02407091448243,0.0725510880353869,"CD36","sp|P16671|CD36_HUMAN",-0.081528084979728,19.3193457817163,-0.601156373887706,0.559333743693795,0.914734232457629,-5.96525650534038,0.0387050678382534,"P16671"
"2001",-0.228572456527535,12.7589722171698,-0.681013930631889,0.508880126621288,0.846153026123185,-6.02412584296598,0.0725510880353869,"TMED7","sp|Q9Y3B3|TMED7_HUMAN",0.169514091845051,12.7351399281555,0.639537065118647,0.534935986686482,0.912613568562101,-5.94137502727301,0.0397130785089623,"Q9Y3B3"
"2002",-0.126040705733002,13.3308392101375,-0.680442963167025,0.509228825041295,0.846153026123185,-6.0245163542527,0.0725510880353869,"AT2B4","sp|P23634|AT2B4_HUMAN",-0.0254865751250192,13.3864962826382,-0.134910930090532,0.895001631752693,0.986613644973353,-6.14037596753239,0.00585288249271538,"P23634"
"2003",-0.142729057330774,13.4842313585734,-0.680204608057626,0.509374433924111,0.846153026123185,-6.02467928704074,0.0725510880353869,"UBQL4","sp|Q9NRR5|UBQL4_HUMAN / sp|Q9UMX0|UBQL1_HUMAN",-0.321202077929083,13.0321846561151,-1.69433846497285,0.11693033670253,0.694998681119888,-4.82602865482818,0.158016019557941,"Q9NRR5"
"2004",-0.228913923538437,17.7931946886957,-0.678698982952012,0.510294775183074,0.847257808320472,-6.0257072725335,0.0719844200180347,"LIPL","sp|P06858|LIPL_HUMAN",-0.31343059432753,17.7752404427515,-1.11770531641814,0.286372373371381,0.803677098634372,-5.53559737107829,0.0949184070341135,"P06858"
"2005",-0.161760304170708,14.8176159743857,-0.678258549731381,0.510564183837587,0.847281263078475,-6.02600758676363,0.0719723975487416,"THTR","sp|Q16762|THTR_HUMAN",0.100996492840325,14.7589553688808,0.739692733951637,0.474233372094635,0.894435501170711,-5.87265505242216,0.0484509714695499,"Q16762"
"2006",0.142407779383448,14.2533412772237,0.67735040285697,0.511119953472454,0.847779672951062,-6.02662624867628,0.0717170006376007,"WWP1","sp|Q9H0M0|WWP1_HUMAN",0.169939691690821,14.4501149639931,0.799617724149827,0.440046384508452,0.876629379092586,-5.82722161235857,0.0571839786238945,"Q9H0M0"
"2007",0.139063328244603,17.9762522012891,0.676333219111483,0.511742875505139,0.84838891298779,-6.02731828182969,0.071405015614794,"TPP1","sp|O14773|TPP1_HUMAN",-0.276808398670874,17.7642192714222,-1.68327354837739,0.119093470973683,0.697332628869831,-4.84141854350198,0.15656001325975,"O14773"
"2008",-0.0724291571700502,16.512508716402,-0.674530207535811,0.512848136913196,0.849796788025411,-6.02854258692326,0.0706849147450643,"SAC1","sp|Q9NTJ5|SAC1_HUMAN",-0.276540629207657,16.6343617603927,-2.54453450868874,0.0263541186936624,0.541810085221108,-3.51169997454165,0.266152915295631,"Q9NTJ5"
"2009",0.518708653891363,9.90215717721346,0.672571832773387,0.514050228254349,0.850091113850586,-6.02986896808385,0.0705345235541026,"SBSN","sp|Q6UWP8|SBSN_HUMAN",0.672613406179108,10.2207795769802,0.762460305270789,0.462467572108736,0.891538289314238,-5.80554735743811,0.0498600002387095,"Q6UWP8"
"2010",0.215234509330949,12.3315920783803,0.672110982421596,0.514333348400778,0.850091113850586,-6.03018057789991,0.0705345235541026,"PF21B","sp|Q96EK2|PF21B_HUMAN",0.23992108345396,12.2514201751829,0.867362614195182,0.403380431932318,0.867111174600625,-5.77208637823451,0.0619252169179849,"Q96EK2"
"2011",-0.0950541118819586,20.6283878256533,-0.67194163001626,0.514437411866348,0.850091113850586,-6.03029503807783,0.0705345235541026,"LCAT","sp|P04180|LCAT_HUMAN",0.0109640373227657,20.5880570640063,0.0949091179155076,0.926011473107718,0.986613644973353,-6.14514127700286,0.00585288249271538,"P04180"
"2012",-0.138541636361076,13.2545626699635,-0.671658558580384,0.514611380879942,0.850091113850586,-6.03048629798933,0.0705345235541026,"GALR3","sp|O60755|GALR3_HUMAN",0.202172575179283,13.1871015159868,1.05072384001241,0.314844566927754,0.816736289063895,-5.60370839785437,0.0879181474969977,"O60755"
"2013",0.0788573116704201,15.8184350691511,0.671453298753947,0.514737550325961,0.850091113850586,-6.03062493715337,0.0705345235541026,"ACON","sp|Q99798|ACON_HUMAN",-0.0465498800675102,15.7714338959496,-0.421566524660638,0.681070386450244,0.953955901060617,-6.05831343368837,0.0204717011540782,"Q99798"
"2014",0.194509387274749,13.606925320022,0.670843715041411,0.515112357294011,0.850091113850586,-6.03103643890367,0.0705345235541026,"ITPR1","sp|Q14643|ITPR1_HUMAN",0.0427164595453166,13.5509435436957,0.141169130260813,0.890165244343687,0.986191942633613,-6.13948082107058,0.00603855005478495,"Q14643"
"2015",0.0917724890793095,18.4371545440085,0.670711729579927,0.515193530602699,0.850091113850586,-6.03112549067289,0.0705345235541026,"APMAP","sp|Q9HDC9|APMAP_HUMAN",-0.074415155287842,18.5207977894123,-0.744171122437921,0.471622322308426,0.892806855517381,-5.86936988114109,0.0492424836148991,"Q9HDC9"
"2016",0.20469979633076,14.4184346493203,0.670662677425283,0.515223700427127,0.850091113850586,-6.03115858247035,0.0705345235541026,"GAK1B","sp|Q6UWH4|GAK1B_HUMAN",-0.0596858988309577,14.1857636482606,-0.272873999803064,0.789760969819523,0.972723403089688,-6.11129975111513,0.0120106351572695,"Q6UWH4"
"2017",0.113053687656942,15.7644737597926,0.670144493321578,0.515542476009096,0.850091113850586,-6.03150802560487,0.0705345235541026,"RAB5C","sp|P51148|RAB5C_HUMAN",-0.25148425863915,15.8345216907873,-1.89382892210155,0.0835221008829592,0.632405319477049,-4.53912227591053,0.199004485656633,"P51148"
"2018",-0.353466126254024,10.2488115684642,-0.669654554379966,0.515843982148939,0.850091113850586,-6.03183819159236,0.0705345235541026,"LRIQ1","sp|Q96JM4|LRIQ1_HUMAN",0.0857548084889355,9.86474779524692,0.130444911999193,0.898455727758601,0.986613644973353,-6.14099003456439,0.00585288249271538,"Q96JM4"
"2019",0.084473072134845,14.8748489413099,0.668692167974319,0.516436531117808,0.850091113850586,-6.03248608600787,0.0705345235541026,"VAPB","sp|O95292|VAPB_HUMAN",-0.351576005386184,14.8135095834172,-2.69584497809115,0.0200130517411164,0.519263570737536,-3.26017363591533,0.28461214453882,"O95292"
"2020",-0.155404463446806,14.9200769387938,-0.66840392306757,0.516614083367125,0.850091113850586,-6.03267996950946,0.0705345235541026,"NDUS1","sp|P28331|NDUS1_HUMAN",0.0880747524576614,14.4770913636531,0.561998088750523,0.584844232024412,0.922575226651601,-5.98819257494033,0.0349982114153286,"P28331"
"2021",0.155689970602074,19.8410630991989,0.668364740447511,0.516638221721812,0.850091113850586,-6.03270631912579,0.0705345235541026,"TAGL2","sp|P37802|TAGL2_HUMAN",-0.0917915171712594,19.9661254174201,-0.460545193364441,0.65366369731399,0.941627522302574,-6.04077772187235,0.0261208562293467,"P37802"
"2022",0.144682938667469,19.3314533643719,0.668145134502039,0.516773521636311,0.850091113850586,-6.03285397377699,0.0705345235541026,"PECA1","sp|P16284|PECA1_HUMAN",-0.0922270352563724,19.3680910644196,-0.542315810853958,0.597895096088678,0.924268458929614,-5.99917025951708,0.0342018672020061,"P16284"
"2023",-0.0998539222204536,13.721325118816,-0.667992306974251,0.516867691398157,0.850091113850586,-6.0329567026806,0.0705345235541026,"SAHH","sp|P23526|SAHH_HUMAN",0.201147679491965,13.8979119392138,1.41077353491783,0.184638172410079,0.749396598473841,-5.20026454438583,0.125288282509092,"P23526"
"2024",-0.292703989025908,14.5781981003545,-0.666940603091588,0.517516006058035,0.85047487221045,-6.03366305624329,0.0703385133524775,"HV692","sp|A0A0G2JMI3|HV692_HUMAN",-0.0335568315417477,14.4944565645479,-0.0938121292199794,0.92686391835701,0.986613644973353,-6.14524863407335,0.00585288249271538,"A0A0G2JMI3"
"2025",0.0788429267128079,17.2038634501025,0.66607660589612,0.518048966064305,0.85047487221045,-6.0342425701536,0.0703385133524775,"LV460","sp|A0A075B6I1|LV460_HUMAN",0.225894366768693,17.0878609047246,2.10548222013285,0.0578327412498093,0.607426798126953,-4.21779843137658,0.216506052026032,"A0A075B6I1"
"2026",0.112300438454958,17.6735242241463,0.666053217003643,0.51806339805089,0.85047487221045,-6.0342582482573,0.0703385133524775,"FCG3A","sp|P08637|FCG3A_HUMAN",0.205458589488451,17.3757642713373,1.3640842172167,0.198497502167075,0.754702161522043,-5.25748161617762,0.122224406155744,"P08637"
"2027",-0.0735140601187178,29.6880661932998,-0.665915620402079,0.518148306028605,0.85047487221045,-6.03435047205509,0.0703385133524775,"KNG1","sp|P01042|KNG1_HUMAN",-0.0768095957608227,29.7459048052901,-0.780397902615876,0.450833496898231,0.885394305446881,-5.84213907182996,0.0528632755816452,"P01042"
"2028",0.0995299071245117,12.9829270590556,0.665281559646083,0.518539676673337,0.85047487221045,-6.03477522188137,0.0703385133524775,"SPN90","sp|Q9NZQ3|SPN90_HUMAN",-0.263333703274752,13.3421238500741,-1.68184820952888,0.1193746853062,0.697332628869831,-4.8433967278042,0.15656001325975,"Q9NZQ3"
"2029",0.0674873467804657,19.1215416955303,0.665121519470364,0.518638487904173,0.85047487221045,-6.03488237170593,0.0703385133524775,"SIA8D","sp|Q92187|SIA8D_HUMAN",-0.00972016119363052,19.2424413348949,-0.100824321022174,0.921416589960493,0.986613644973353,-6.14454091162014,0.00585288249271538,"Q92187"
"2030",-0.115384063159134,19.3464719316523,-0.663938861849708,0.519369019348547,0.850896884723227,-6.03567344271345,0.0701230663655331,"EHD1","sp|Q9H4M9|EHD1_HUMAN",-0.0341814695341434,19.294451552076,-0.230852247518884,0.821462609726305,0.977216631427099,-6.12222236869109,0.0100091502991425,"Q9H4M9"
"2031",0.0899897759732617,12.9034482968281,0.663874839235892,0.519408583443585,0.850896884723227,-6.03571622977445,0.0701230663655331,"BCR","sp|P11274|BCR_HUMAN",-0.11266774951796,12.8674775411472,-0.652732980661337,0.526689995417388,0.911686477091096,-5.93284699916959,0.0401544869775934,"P11274"
"2032",-0.15525601154402,13.6225551104645,-0.663324121327328,0.519748983518807,0.851034472767104,-6.03608412318553,0.0700528476365592,"AKAP6","sp|Q13023|AKAP6_HUMAN",-0.290153084539809,13.7647261840891,-0.995366914791949,0.339926865268965,0.839447370407511,-5.65739376797059,0.0760065269923954,"Q13023"
"2033",0.410046768805184,9.52120059278861,0.662420341893336,0.520307893505793,0.851529535772055,-6.036687257736,0.0698002836962597,"RALY","sp|Q9UKM9|RALY_HUMAN",0.269664840901962,9.68775983608795,0.543873926637201,0.596856490506746,0.924268458929614,-5.99831473647057,0.0342018672020061,"Q9UKM9"
"2034",-0.159704408942242,11.9416597263432,-0.661218779166494,0.521051498705777,0.852161390432747,-6.03748793739359,0.0694781466221412,"BID","sp|P55957|BID_HUMAN",-0.0730198065077387,11.9445460852277,-0.282872286280618,0.782273550273891,0.972723403089688,-6.10843597585061,0.0120106351572695,"P55957"
"2035",-0.154456081752559,13.3545309124753,-0.660966863432728,0.521207478932955,0.852161390432747,-6.03765563448874,0.0694781466221412,"RL8","sp|P62917|RL8_HUMAN",-0.067731350653508,13.584911861195,-0.25542000748999,0.802884233182289,0.974083015987548,-6.11605524181821,0.0114040289027625,"P62917"
"2036",0.129559964882465,13.1725188690664,0.658923189041987,0.522473876895457,0.853086424760226,-6.03901389323455,0.069006968955386,"NPTXR","sp|O95502|NPTXR_HUMAN",0.439623586153302,12.9036542768141,2.21808470251783,0.0473936223391965,0.589635363006715,-4.04105486798679,0.229416477831962,"O95502"
"2037",0.0685641329727903,16.810848688516,0.658901060422929,0.522487599046456,0.853086424760226,-6.03902857893152,0.069006968955386,"COBA2","sp|P13942|COBA2_HUMAN",0.139017854020475,17.1568640722,1.22987672527431,0.243174084789612,0.77039683551692,-5.41415138858573,0.113285509788458,"P13942"
"2038",-0.208062203041268,13.7484340821862,-0.658365179197164,0.522819967581549,0.853086424760226,-6.03938407783041,0.069006968955386,"UBFL6","sp|P0CB48|UBFL6_HUMAN",0.208845125969893,13.7924316732722,0.576550430430186,0.57529232396219,0.916350980817889,-5.97983856373744,0.0379381509641956,"P0CB48"
"2039",0.111030725469082,15.4109045740331,0.658306701388432,0.52285624457927,0.853086424760226,-6.03942285526563,0.069006968955386,"PDE5A","sp|O76074|PDE5A_HUMAN",0.0163136592153039,15.4447558827561,0.108020138044009,0.915830961864368,0.986613644973353,-6.14376174222408,0.00585288249271538,"O76074"
"2040",-0.222907675315688,12.8492835583678,-0.657980852173408,0.523058413494143,0.853086424760226,-6.03963887185633,0.069006968955386,"RDH16","sp|O75452|RDH16_HUMAN",-1.10554152987398,13.1884772181354,-2.64787264557192,0.0218410670195597,0.531167334890038,-3.34023252938517,0.274768640554956,"O75452"
"2041",-0.230509328325026,14.1195441076073,-0.657489812555339,0.523363158292353,0.853164205487386,-6.03996421147426,0.0689673736696421,"RHD","sp|Q02161|RHD_HUMAN / sp|P18577|RHCE_HUMAN",-0.0878991033467137,14.1503522624988,-0.286702235570287,0.779411418971208,0.972583004796852,-6.10731207089647,0.0120733236917914,"Q02161"
"2042",0.0985469053065437,16.3545302986207,0.65657022657235,0.523934140703276,0.853675705937247,-6.04057287967706,0.0687070776359853,"IBP6","sp|P24592|IBP6_HUMAN",0.0487809452579554,16.31264600493,0.396170037678926,0.699190894430425,0.956136992772092,-6.06893100865952,0.0194798787044241,"P24592"
"2043",0.192649719287006,11.2030549593591,0.653831986265682,0.525636483695624,0.855192133859672,-6.04238062278361,0.0679363024637423,"NDUB4","sp|O95168|NDUB4_HUMAN",-0.384883008211605,10.9039029564387,-1.64494827475453,0.126862641971608,0.702819239782118,-4.89426376047651,0.153156358137419,"O95168"
"2044",-0.131740367187255,15.6380176743661,-0.653586820080742,0.525789057424626,0.855192133859672,-6.04254213564949,0.0679363024637423,"RHEB","sp|Q15382|RHEB_HUMAN",-0.434374696115976,15.8858340696728,-2.3403739002653,0.0380956492423885,0.564461874265568,-3.84536548036318,0.248365386520688,"Q15382"
"2045",0.625936759908917,9.1380006983084,0.653553585366791,0.525809742279878,0.855192133859672,-6.04256402599672,0.0679363024637423,"TNPO2","sp|O14787|TNPO2_HUMAN",0.412114378804533,9.32340989799007,1.30507609521236,0.219573088399628,0.757046932651169,-5.28113762325542,0.120877195850511,"O14787"
"2046",-0.146856983089725,11.6711402093007,-0.653415814353022,0.525895494187283,0.855192133859672,-6.04265475911074,0.0679363024637423,"2A5A","sp|Q15172|2A5A_HUMAN",-0.0598858411713545,11.8188662943051,-0.209543275891994,0.837669626210467,0.979496539518255,-6.12707145262716,0.00899709399367683,"Q15172"
"2047",-0.226584586137841,15.9657791932622,-0.652523360193287,0.526451174188515,0.85567651671483,-6.04324208068731,0.067690386675089,"K2C71","sp|Q3SY84|K2C71_HUMAN",0.0314542604779822,15.5436635000655,0.126271229262921,0.901685701937515,0.986613644973353,-6.14154527802678,0.00585288249271538,"Q3SY84"
"2048",0.106889466818597,13.8259246585243,0.650996429456626,0.527402691844105,0.855902178310378,-6.0442452208721,0.0675758683224397,"ADHX","sp|P11766|ADHX_HUMAN",-0.270329463869197,13.8946799738306,-1.10047064957903,0.29350394736007,0.805074050651298,-5.55344590928126,0.0941641714207435,"P11766"
"2049",-0.0909919839819969,14.0689402761695,-0.650061337063357,0.527985890367492,0.855902178310378,-6.04485846624201,0.0675758683224397,"MEP1B","sp|Q16820|MEP1B_HUMAN",0.0923290591828607,14.2676004518486,0.527075522425071,0.608102719520404,0.928468578954848,-6.00741545119897,0.032232788981201,"Q16820"
"2050",-0.140531345481107,12.7854298060876,-0.649881377470019,0.528098170188672,0.855902178310378,-6.04497639204975,0.0675758683224397,"ACBP","sp|P07108|ACBP_HUMAN",0.380906588004546,12.5955587535913,0.985098830655218,0.344735291555297,0.842302006615039,-5.66708615083449,0.0745321646880175,"P07108"
"2051",-0.140764072106165,15.7800187509596,-0.649782266301814,0.52816001318623,0.855902178310378,-6.04504132570142,0.0675758683224397,"BIN1","sp|O00499|BIN1_HUMAN",0.182244861379867,15.8533165993386,1.06151749268848,0.310118330057963,0.81335054112204,-5.59296310070063,0.089722240058852,"O00499"
"2052",0.0852581650563518,16.8244756104669,0.649329375485267,0.52844265927022,0.855902178310378,-6.04533792446589,0.0675758683224397,"GSHR","sp|P00390|GSHR_HUMAN",-0.0261603078788614,16.8194363219622,-0.236793419420944,0.81695893042881,0.976540152493457,-6.12078752102102,0.010309895081874,"P00390"
"2053",-0.0937399584310652,17.5376499229282,-0.649103612367167,0.528583589006252,0.855902178310378,-6.04548570525112,0.0675758683224397,"LDLR","sp|P01130|LDLR_HUMAN",0.168943343640819,17.6131234597846,1.65222274615768,0.125354447324568,0.700299306813659,-4.88428892609976,0.154716303535132,"P01130"
"2054",0.110700474608871,13.4898475514377,0.64872705656329,0.528818697253196,0.855902178310378,-6.04573208617604,0.0675758683224397,"BRD1","sp|O95696|BRD1_HUMAN",0.21130752294734,13.6155523763747,0.990542633214386,0.342179922664265,0.842302006615039,-5.66195803202449,0.0745321646880175,"O95696"
"2055",0.101629074381531,18.4592957524185,0.648405561266007,0.52901947523963,0.855902178310378,-6.04594233580451,0.0675758683224397,"EGF","sp|P01133|EGF_HUMAN",-0.185183105670099,18.6855236875862,-1.01583055619815,0.330489822756292,0.829724449113564,-5.63782797535615,0.0810661125618313,"P01133"
"2056",-0.0752106054342167,21.656059581231,-0.648286013165686,0.529094145758764,0.855902178310378,-6.04602049247327,0.0675758683224397,"PXDC2","sp|Q6UX71|PXDC2_HUMAN",-0.0399237252889198,21.6760711817912,-0.41074498675081,0.688766933978701,0.953955901060617,-6.06291584695218,0.0204717011540782,"Q6UX71"
"2057",0.0851722296706341,22.732626271179,0.647241703022081,0.529746686241941,0.855902178310378,-6.04670265899089,0.0675758683224397,"KVD20","sp|A0A0C4DH25|KVD20_HUMAN",0.27017507166437,22.2904089914071,1.88146533685751,0.0853082136953466,0.636087779974098,-4.55739006565097,0.196482947672635,"A0A0C4DH25"
"2058",-0.109660726987037,15.8004852141539,-0.647171800693186,0.529790381433964,0.855902178310378,-6.04674828423694,0.0675758683224397,"SPT17","sp|Q96L03|SPT17_HUMAN",-0.461852432967049,15.9314765708607,-2.29332666331399,0.0414447176084392,0.577667136876336,-3.92107203740791,0.238322338498449,"Q96L03"
"2059",0.129119443352471,13.7298370936383,0.646364998678088,0.530294854460813,0.855902178310378,-6.04727455228546,0.0675758683224397,"MCEM1","sp|Q8IX19|MCEM1_HUMAN",-0.055228092616594,13.727801275109,-0.193951776598616,0.849578258607574,0.980441669095458,-6.13032447237525,0.00857823936848978,"Q8IX19"
"2060",-0.131303378419864,13.0820366892126,-0.646080661417632,0.530472709086004,0.855902178310378,-6.04745987688336,0.0675758683224397,"ODO2","sp|P36957|ODO2_HUMAN",0.151142033633724,13.2888595807026,0.671295160468845,0.515216252740948,0.907970131840623,-5.92057843995439,0.0419284375914184,"P36957"
"2061",0.076365465745969,17.0571769366678,0.645711506279713,0.530703668843427,0.855902178310378,-6.04770037073467,0.0675758683224397,"VATA","sp|P38606|VATA_HUMAN",-0.129781589131459,17.0698343732255,-1.0474119018185,0.316305483292072,0.818540260268464,-5.60698751288443,0.0869599547585425,"P38606"
"2062",0.128614003206569,15.4651628179768,0.645629288481538,0.530755115781043,0.855902178310378,-6.04775391583907,0.0675758683224397,"ILF2","sp|Q12905|ILF2_HUMAN",0.0657283407320574,15.8067524037011,0.395021706038002,0.70001495315368,0.956136992772092,-6.06939595917611,0.0194798787044241,"Q12905"
"2063",0.127357002490765,19.3137182567653,0.645460947833202,0.530860462125215,0.855902178310378,-6.0478635294677,0.0675758683224397,"COR1C","sp|Q9ULV4|COR1C_HUMAN",-0.0399483768474259,19.3494382269738,-0.190218503452326,0.852435604411673,0.980636721353978,-6.13106633784154,0.00849184800315778,"Q9ULV4"
"2064",-0.143310525414711,15.9773188316832,-0.64518176862907,0.531035196852531,0.855902178310378,-6.0480452561124,0.0675758683224397,"CCS","sp|O14618|CCS_HUMAN",-0.0386535926954471,16.0611714025069,-0.222968507175364,0.827449138691233,0.977505666396101,-6.12407060520899,0.00988071641043172,"O14618"
"2065",0.13226972421782,12.3717001486987,0.644617724354977,0.531388325595342,0.855902178310378,-6.04841218741715,0.0675758683224397,"PRUN1","sp|Q86TP1|PRUN1_HUMAN",0.308058656665434,12.5799300264532,1.34108000162069,0.205637233554028,0.757046932651169,-5.28517163006202,0.120877195850511,"Q86TP1"
"2066",-0.115618706432514,13.696306267365,-0.644243392780339,0.531622755991745,0.855902178310378,-6.04865553892542,0.0675758683224397,"WRP73","sp|Q9P2S5|WRP73_HUMAN",-0.000333724229566281,13.2443987308039,-0.00119116756655909,0.999069884375648,0.99998415467369,-6.14981354416375,6.88159230085131e-06,"Q9P2S5"
"2067",-0.126978320117815,11.5272827318089,-0.644044080615739,0.531747602192226,0.855902178310378,-6.04878505734784,0.0675758683224397,"NUDC","sp|Q9Y266|NUDC_HUMAN",0.223147169321615,11.7626642811767,0.872835537879791,0.400511132447827,0.867111174600625,-5.76746074069054,0.0619252169179849,"Q9Y266"
"2068",0.0635295604674955,19.2072449863799,0.642828193567127,0.532509579395013,0.856713181779955,-6.04957436605098,0.0671645507946665,"LTBP4","sp|Q8N2S1|LTBP4_HUMAN",0.0496126180853622,19.3060153563838,0.533809061557135,0.603581866283134,0.926984034752897,-6.0038000391726,0.0329277455517564,"Q8N2S1"
"2069",0.144893854798302,18.5952303671593,0.641504951159248,0.533339543747695,0.857632725629167,-6.05043178864438,0.066698655485962,"LDHB","sp|P07195|LDHB_HUMAN",-0.052200068469132,18.7026690219846,-0.285647540236202,0.780199259254787,0.972723403089688,-6.10762305902508,0.0120106351572695,"P07195"
"2070",-0.273261013630683,9.85031117369105,-0.639554212786594,0.534564432835991,0.858862120240602,-6.05169281079821,0.0660765512152633,"CSH2","sp|P0DML3|CSH2_HUMAN / sp|P0DML2|CSH1_HUMAN / sp|P01241|SOMA_HUMAN / sp|P01242|SOM2_HUMAN",0.358209853315636,9.65632355546363,1.01878640887222,0.329142721582945,0.828221905181043,-5.63497451497041,0.081853287268264,"P0DML3"
"2071",0.139006369845482,18.2540304454597,0.639463207631579,0.534621615069926,0.858862120240602,-6.05175155225689,0.0660765512152633,"LDHA","sp|P00338|LDHA_HUMAN",-0.0474622510747567,18.3150502444459,-0.246860003572759,0.809343709973511,0.974324183315953,-6.11827399212872,0.0112965178645011,"P00338"
"2072",0.136509898204569,17.297395971688,0.638720901262682,0.535088166513647,0.858863662687366,-6.0522304009787,0.0660757712582701,"NDKB","sp|P22392|NDKB_HUMAN",0.129338701425987,17.3914784553827,0.803341297391595,0.43797608211575,0.876186499124255,-5.82429416523675,0.0574034430101715,"P22392"
"2073",-0.127193098438913,13.7852236167315,-0.638107185866091,0.53547407158924,0.858863662687366,-6.05262590675107,0.0660757712582701,"GVIN1","sp|Q7Z2Y8|GVIN1_HUMAN",-0.46523324781555,13.6316289947892,-2.87944293010278,0.0143119402057322,0.465699309243383,-2.95174164982756,0.33189440624165,"Q7Z2Y8"
"2074",0.161670548355327,11.3844949659035,0.638098570358797,0.535479490159764,0.858863662687366,-6.05263145645035,0.0660757712582701,"ITAL","sp|P20701|ITAL_HUMAN",0.127312107471413,11.3609918991792,0.704809806325331,0.494877434496592,0.903151205766242,-5.89762658125974,0.0442395339250954,"P20701"
"2075",0.146925455345349,15.6318818592886,0.637553009598171,0.535822674501621,0.858863662687366,-6.05298273854187,0.0660757712582701,"ARL8A","sp|Q96BM9|ARL8A_HUMAN",0.143491677306869,15.5417017869732,0.939414041058061,0.366723691644417,0.853765976698086,-5.70918169442209,0.0686611561925243,"Q96BM9"
"2076",-0.173048428425628,14.8607985616676,-0.637403994080407,0.53591643429513,0.858863662687366,-6.05307863974014,0.0660757712582701,"GBRA3","sp|P34903|GBRA3_HUMAN",-0.0887787165844622,14.9249613753853,-0.380465251905149,0.710495291003691,0.959818517912726,-6.07517590805075,0.0178108754186703,"P34903"
"2077",0.137731266773173,12.9249024072059,0.63676043824106,0.536321463502695,0.859097942743941,-6.05349256998957,0.0659573209551905,"ANS1A","sp|Q92625|ANS1A_HUMAN",-0.167321778927841,12.9605892929899,-0.615976092708634,0.549840881588817,0.912613568562101,-5.95619868327222,0.0397130785089623,"Q92625"
"2078",0.148050074866644,11.7974593238499,0.636152665917776,0.536704131725573,0.859182722703226,-6.05388312682903,0.0659144647801036,"ITA4","sp|P13612|ITA4_HUMAN",-0.0378372882655642,11.762208135643,-0.104989166380255,0.918183144715746,0.986613644973353,-6.14409647055431,0.00585288249271538,"P13612"
"2079",-0.264496209239177,12.3271938568693,-0.635695077913674,0.536992342623847,0.859182722703226,-6.05417694530159,0.0659144647801036,"ARP10","sp|Q9NZ32|ARP10_HUMAN",0.394847131595525,12.4278898578663,1.55163711010257,0.147668774549537,0.727155562999852,-5.01980718983928,0.138372669023747,"Q9NZ32"
"2080",0.154191085110711,13.1986102300385,0.635192972220985,0.537308694047806,0.859182722703226,-6.05449912196505,0.0659144647801036,"CNTFR","sp|P26992|CNTFR_HUMAN",0.461688637323563,13.0301528826723,2.36030212093237,0.0367568935084823,0.564461874265568,-3.81315027989536,0.248365386520688,"P26992"
"2081",-0.0882650250269788,15.3527790491628,-0.635032436038821,0.537409862106628,0.859182722703226,-6.0546020801202,0.0659144647801036,"IQGA1","sp|P46940|IQGA1_HUMAN",-0.113946970830774,15.4984912230674,-0.746712088658723,0.470144857957167,0.892806855517381,-5.86749795361375,0.0492424836148991,"P46940"
"2082",-0.442634376679733,12.4179831967291,-0.634576376662395,0.537697324480909,0.859228415961548,-6.05489443655135,0.0658913686426222,"A0A075B6Z5","tr|A0A075B6Z5|A0A075B6Z5_HUMAN",0.14453275313035,12.0003909310533,0.300929383749578,0.768809425557034,0.970650420596958,-6.10300676802533,0.0129371529359489,"A0A075B6Z5"
"2083",0.109632652214848,19.249199729919,0.633900975761864,0.538123201994346,0.859495143127639,-6.05532704194232,0.065756573100053,"HV70D","sp|A0A0C4DH43|HV70D_HUMAN",0.199277300689284,19.1121148729693,1.3887632053285,0.191067614786121,0.752526853111309,-5.22740572676022,0.123477998126165,"A0A0C4DH43"
"2084",-0.201611946079643,9.33139177267449,-0.434975736557709,0.672893735222709,0.916060864987047,-6.05605499495137,0.0380756699458468,"EMC5","sp|Q8N4V1|EMC5_HUMAN",0.0914531389681673,8.87263826125611,0.216728690488717,0.832971794066786,0.977880093091756,-6.01934374882614,0.00971439480458123,"Q8N4V1"
"2085",0.111651542999451,15.9536549229227,0.630920127922695,0.540005073955859,0.861671557913219,-6.05723119152023,0.0646582420262291,"ST1A1","sp|P50225|ST1A1_HUMAN",-0.0138897291699605,15.8905309231492,-0.142801377363825,0.888904584147324,0.986191942633613,-6.1392407024475,0.00603855005478495,"P50225"
"2086",0.10443635102516,19.6187188922299,0.630482475617425,0.540281686116097,0.861698662287038,-6.05751005658292,0.0646445812586844,"HPSE","sp|Q9Y251|HPSE_HUMAN",-0.276020308604869,19.6299034185192,-1.71144197300173,0.113655420770462,0.691019435863903,-4.80212508664682,0.16050973732951,"Q9Y251"
"2087",-0.264361496272531,11.3288627605931,-0.629973160073601,0.540603692857911,0.861798105953605,-6.05783435698712,0.0645944647322202,"AAK1","sp|Q2M2I8|AAK1_HUMAN",-0.0171864345203179,11.5607769619589,-0.045488114187621,0.964494189049285,0.991439396338831,-6.14874050840106,0.00373382774212562,"Q2M2I8"
"2088",0.128799504767732,22.2773481969806,0.627670005484791,0.54206117884019,0.862820340145634,-6.0592978081124,0.0640796253811671,"TBB5","sp|P07437|TBB5_HUMAN",0.0855862203048084,22.3140915935821,0.593770637778063,0.564098223063458,0.914734232457629,-5.96969353696866,0.0387050678382534,"P07437"
"2089",-0.106063906847923,22.2325130300526,-0.62705190398116,0.542452703541779,0.862820340145634,-6.05968970528705,0.0640796253811671,"A1AG2","sp|P19652|A1AG2_HUMAN",0.0299154685876342,22.2035419211997,0.22467751612969,0.826150420070216,0.977505666396101,-6.12367535247587,0.00988071641043172,"P19652"
"2090",-0.0993950205873543,15.5937525654601,-0.626978398675809,0.542499274684039,0.862820340145634,-6.05973628614012,0.0640796253811671,"DOK1","sp|Q99704|DOK1_HUMAN",-0.225761167667663,15.6816781551741,-1.09601412177114,0.29536984113809,0.807522654643593,-5.55802504952661,0.0928452849117949,"Q99704"
"2091",0.100475429570379,12.4782819563878,0.62673718246902,0.542652119124097,0.862820340145634,-6.05988911080242,0.0640796253811671,"WDR47","sp|O94967|WDR47_HUMAN",0.298560008318036,12.3762302235343,1.52542335546717,0.154022709979489,0.728883053370811,-5.05424250350162,0.137342147059245,"O94967"
"2092",0.199317758170764,11.5758933509938,0.626648861671949,0.542708088853193,0.862820340145634,-6.05994505349018,0.0640796253811671,"STML2","sp|Q9UJZ1|STML2_HUMAN",0.128381769743394,11.9573239161776,0.773563989061993,0.454709641537612,0.88874188491458,-5.84736494392582,0.0512243517788113,"Q9UJZ1"
"2093",0.0939627479081055,16.5702967004023,0.626161938771836,0.543016714880703,0.862820340145634,-6.06025333988913,0.0640796253811671,"PRG3","sp|Q9Y2Y8|PRG3_HUMAN",0.170219301319285,16.6075961144085,0.950813179242586,0.361146150539442,0.850705517133007,-5.6988365004562,0.0702207506291509,"Q9Y2Y8"
"2094",-0.110003856984079,14.5620064304848,-0.625558613826226,0.543399256934338,0.862820340145634,-6.06063501365774,0.0640796253811671,"ASH1L","sp|Q9NR48|ASH1L_HUMAN",-0.0490232947196875,14.7199520421685,-0.366823837765623,0.720373555548408,0.962038770061052,-6.08040057074381,0.016807425587659,"Q9NR48"
"2095",0.152425301923861,12.5754475349704,0.625449533384432,0.543468436267407,0.862820340145634,-6.06070398314285,0.0640796253811671,"XPO7","sp|Q9UIA9|XPO7_HUMAN",0.484534947296429,12.6326055996686,2.8950924742834,0.013908246033802,0.457044243427612,-2.92533570618078,0.340041756721354,"Q9UIA9"
"2096",-0.0759148935260436,17.5925035994294,-0.624883982969556,0.543827190427161,0.862820340145634,-6.0610613897587,0.0640796253811671,"DHB4","sp|P51659|DHB4_HUMAN",0.0156107478819511,17.5399279560551,0.131693390015688,0.897489910120254,0.986613644973353,-6.14082044667658,0.00585288249271538,"P51659"
"2097",-0.327475580811789,11.5791436774903,-0.624856579356523,0.543844577157176,0.862820340145634,-6.06107870014035,0.0640796253811671,"M3K11","sp|Q16584|M3K11_HUMAN",0.0162051772867626,11.3466984896238,0.0447096490772741,0.965101377539544,0.991439396338831,-6.14877694283173,0.00373382774212562,"Q16584"
"2098",-0.225712047887521,11.4308520169755,-0.622932037125956,0.545066419760201,0.863952776131367,-6.06229262547682,0.063509995514239,"CRHBP","sp|P24387|CRHBP_HUMAN",0.343708820765221,11.028452836767,0.877457645619116,0.398098747130712,0.866973336418611,-5.7635344778086,0.0619942589532371,"P24387"
"2099",0.160759281140347,14.5651486442227,0.622873731060402,0.545103460814977,0.863952776131367,-6.06232934802838,0.063509995514239,"STON2","sp|Q8WXE9|STON2_HUMAN",0.19062663918838,14.807758479903,0.900922983902957,0.386005144656331,0.860101831254256,-5.74332465759567,0.065450127670707,"Q8WXE9"
"2100",-0.0891745206760794,13.6798409428722,-0.62207701657019,0.545609744208813,0.863952776131367,-6.06283081593012,0.063509995514239,"UBP47","sp|Q96K76|UBP47_HUMAN",-0.0262989023549798,13.5080335443185,-0.137143001742791,0.893276150006991,0.986613644973353,-6.14006134147471,0.00585288249271538,"Q96K76"
"2101",-0.154344581092789,14.3061228432099,-0.621880375425532,0.545734743131103,0.863952776131367,-6.06295449345273,0.063509995514239,"STAT3","sp|P40763|STAT3_HUMAN",-0.0927855650103938,14.232893551423,-0.573582583649956,0.577233568964172,0.918063124434103,-5.98155864477039,0.0371274564339506,"P40763"
"2102",-0.0775502429143694,20.5837114232266,-0.62168352842012,0.545859888986887,0.863952776131367,-6.06307826384117,0.063509995514239,"ACTN3","sp|Q08043|ACTN3_HUMAN",-0.0415695070635989,20.6518711721051,-0.370180947586982,0.717937543943827,0.960820446915146,-6.07913205532466,0.0173577634237046,"Q08043"
"2103",0.127620828905854,17.3885722616163,0.620375387763874,0.546691950237478,0.864638037257345,-6.0638998454095,0.0631656628486251,"RAB35","sp|Q15286|RAB35_HUMAN",-0.193339626633607,17.5303218896162,-1.07321208214375,0.305057760132304,0.811326554908629,-5.58122014650684,0.090804309229161,"Q15286"
"2104",0.324015259709671,19.527646527238,0.619708104088227,0.547116658643283,0.864638037257345,-6.06431831157837,0.0631656628486251,"K1C9","sp|P35527|K1C9_HUMAN",0.432043172782282,19.2708846219231,1.55761903334794,0.146251008448931,0.726657330901203,-5.01189661095849,0.138670340698732,"P35527"
"2105",0.119477535904507,18.2418457547059,0.619657649705929,0.547148779025084,0.864638037257345,-6.06434993534531,0.0631656628486251,"GTR3","sp|P11169|GTR3_HUMAN",-0.081882377607243,18.4701757936147,-0.484291779425711,0.637219747792617,0.93955235136548,-6.02936379040937,0.0270790162279368,"P11169"
"2106",-0.10024004496395,11.0729350378088,-0.618220499299146,0.54806414357336,0.864638037257345,-6.06524970023442,0.0631656628486251,"HNRH1","sp|P31943|HNRH1_HUMAN",-0.0472192092964224,10.9677448031374,-0.250193719316537,0.806826268085247,0.974324183315953,-6.1174187835969,0.0112965178645011,"P31943"
"2107",0.118223296531908,18.2102083277111,0.617734722115861,0.54837374304111,0.864638037257345,-6.0655533915173,0.0631656628486251,"ATPB","sp|P06576|ATPB_HUMAN",-0.211783925604068,18.3289255013468,-1.37530195107025,0.195091061691441,0.752526853111309,-5.24385781753946,0.123477998126165,"P06576"
"2108",0.104278119457427,14.6342014010502,0.617720967471413,0.548382510684007,0.864638037257345,-6.06556198719893,0.0631656628486251,"PUR2","sp|P22102|PUR2_HUMAN",0.300001035888692,14.5952001409232,1.2889216960006,0.222609063738734,0.757046932651169,-5.34669149494775,0.120877195850511,"P22102"
"2109",-0.071132832823658,19.5953698271657,-0.617464890559207,0.548545756447292,0.864638037257345,-6.06572198448484,0.0631656628486251,"OIT3","sp|Q8WWZ8|OIT3_HUMAN",0.0145828746515044,19.6721947966271,0.124232903337529,0.903263818515052,0.986613644973353,-6.14180990271224,0.00585288249271538,"Q8WWZ8"
"2110",-0.10264170152978,13.6643859917707,-0.617302632645793,0.548649207829221,0.864638037257345,-6.06582333137425,0.0631656628486251,"GMPR2","sp|Q9P2T1|GMPR2_HUMAN",-0.0436350492087313,13.5943161981367,-0.319632580796051,0.75494650247681,0.967217051958264,-6.09703513574445,0.0144760555032612,"Q9P2T1"
"2111",0.110602372228676,14.3017492056137,0.616698373753144,0.549034563148346,0.864638037257345,-6.06620053444697,0.0631656628486251,"ECE1","sp|P42892|ECE1_HUMAN",-0.180334626222649,14.7745686553132,-0.991311921940297,0.341819921863253,0.842242257360161,-5.66123144792272,0.0745629727495888,"P42892"
"2112",0.0973291826565268,15.773649959632,0.616619788664253,0.549084690473388,0.864638037257345,-6.06624956506403,0.0631656628486251,"ADIPO","sp|Q15848|ADIPO_HUMAN",0.17287110950027,15.599175422066,0.842692069779344,0.416487245552465,0.871380058403275,-5.79262153686691,0.0597923831477007,"Q15848"
"2113",0.170446169885399,14.6015426477555,0.615495683316092,0.549802006391553,0.864638037257345,-6.06695027397612,0.0631656628486251,"HV158","sp|A0A0C4DH39|HV158_HUMAN",0.0426727009818774,14.447685711341,0.247005556240455,0.809233749498691,0.974324183315953,-6.11823688990243,0.0112965178645011,"A0A0C4DH39"
"2114",-0.173314444294665,10.478634818845,-0.615244947578231,0.549962077445792,0.864638037257345,-6.06710640636435,0.0631656628486251,"VPS18","sp|Q9P253|VPS18_HUMAN",0.0431412865715072,10.623323839018,0.181104315839418,0.859420508029304,0.983252901120048,-6.13281729474331,0.00733476351616177,"Q9P253"
"2115",-0.0972828995947421,18.0788373815536,-0.615046219977951,0.550088964653021,0.864638037257345,-6.06723011113458,0.0631656628486251,"PDIA6","sp|Q15084|PDIA6_HUMAN",-0.214229231065171,18.0943710001494,-1.63762590200769,0.128396900317906,0.704379028355585,-4.90427757726183,0.152193582865223,"Q15084"
"2116",-0.0870593328850873,17.0304007112056,-0.614262739718925,0.550589374082489,0.864638037257345,-6.06771745058712,0.0631656628486251,"STK4","sp|Q13043|STK4_HUMAN",-0.0206201823972339,17.0407204231269,-0.194972051949231,0.848797755529665,0.980342486398055,-6.13011923437701,0.00862217536021909,"Q13043"
"2117",-0.185769127573657,12.5130991788576,-0.614046977854736,0.550727225800708,0.864638037257345,-6.06785155637728,0.0631656628486251,"PMVK","sp|Q15126|PMVK_HUMAN",0.121984537539696,12.5030832652318,0.757641679906061,0.463822898874397,0.891538289314238,-5.85938047212276,0.0498600002387095,"Q15126"
"2118",-0.100628734168394,16.4154648828143,-0.613848642056846,0.550853960815265,0.864638037257345,-6.06797479215971,0.0631656628486251,"GNAZ","sp|P19086|GNAZ_HUMAN",-0.0902763239694272,16.4829689516589,-0.53213187896671,0.604706312682394,0.927601285322834,-6.00470464026988,0.0326386582571769,"P19086"
"2119",0.0935506505078913,15.9162165040442,0.613068473640143,0.551352639588111,0.864638037257345,-6.06845918737936,0.0631656628486251,"DYN1","sp|Q05193|DYN1_HUMAN",0.0210235107707314,15.9963047988585,0.152894501694137,0.881116408960335,0.986191942633613,-6.1376948426949,0.00603855005478495,"Q05193"
"2120",0.149995623961585,18.7428456515219,0.612803516399213,0.551522055634396,0.864638037257345,-6.06862356422874,0.0631656628486251,"PARVB","sp|Q9HBI1|PARVB_HUMAN",-0.138378432226579,18.8937832242629,-0.622135739336928,0.545921904635725,0.912613568562101,-5.95237331309156,0.0397130785089623,"Q9HBI1"
"2121",0.173517768655881,11.3620156550822,0.612352382372836,0.551810581302818,0.864638037257345,-6.0689032901733,0.0631656628486251,"MVD1","sp|P53602|MVD1_HUMAN",0.00326838973775169,11.2794540979666,0.00891971282253942,0.993035197478627,0.999123154162396,-6.1497729893897,0.000380976361940231,"P53602"
"2122",0.197337781621749,8.81400043159476,0.202552889870625,0.844030769773857,0.96232845238043,-6.06937898910089,0.0166766735853445,"RYR1","sp|P21817|RYR1_HUMAN",-1.02208539651857,7.75756018734549,-1.98797652367503,0.0761700413354954,0.61587755552954,-4.33593574246162,0.210505622646688,"P21817"
"2123",-0.093687859401419,15.4155046812159,-0.611285362062345,0.552493334327185,0.864638037257345,-6.06956412876649,0.0631656628486251,"PSMD3","sp|O43242|PSMD3_HUMAN",-0.197277590006882,15.3007010107634,-1.08454538943647,0.300213036403525,0.809428974673681,-5.56974062567685,0.0918212534709299,"O43242"
"2124",0.0782849899115177,18.2146302374043,0.610724548790048,0.552852368982871,0.864638037257345,-6.06991102479456,0.0631656628486251,"MXRA5","sp|Q9NR99|MXRA5_HUMAN",-0.0320403504909221,18.2332208262253,-0.355194851353893,0.728836638400604,0.964219667992726,-6.08470743407097,0.0158240140959132,"Q9NR99"
"2125",0.232302872923284,9.283732136655,0.610496752233842,0.552998242071174,0.864638037257345,-6.07005184516772,0.0631656628486251,"NDUS8","sp|O00217|NDUS8_HUMAN",-0.0825199877693317,9.89328433606967,-0.323959609448217,0.751751788516737,0.966330048833094,-6.09560323597016,0.0148745155041135,"O00217"
"2126",-0.155699047944598,12.3802003605849,-0.610255676852397,0.553152641687068,0.864638037257345,-6.07020082068868,0.0631656628486251,"PTPA","sp|Q15257|PTPA_HUMAN",-0.481548888158386,12.1633800252185,-1.45014543665925,0.173590092185612,0.737165441399294,-5.1509839207358,0.132435032868846,"Q15257"
"2127",-0.124845172373304,16.8339989681565,-0.609365697021363,0.553722846668564,0.864638037257345,-6.07075031717661,0.0631656628486251,"OSTP","sp|P10451|OSTP_HUMAN",-0.256091407623807,16.8090057376838,-0.939221535700365,0.366818403968506,0.853765976698086,-5.7093554897752,0.0686611561925243,"P10451"
"2128",-0.118148500878808,18.7020027136675,-0.608982642110258,0.553968367862527,0.864638037257345,-6.07098659375655,0.0631656628486251,"ADA10","sp|O14672|ADA10_HUMAN",-0.304387179562392,18.7347352993904,-1.92050621474053,0.0797844439092961,0.625528627758299,-4.49950315630885,0.203752809722832,"O14672"
"2129",0.133475973377953,11.7968513608397,0.608562767885748,0.5542375577745,0.864638037257345,-6.07124542128483,0.0631656628486251,"HEM6","sp|P36551|HEM6_HUMAN",-0.153721229537871,11.8309004325392,-0.684567511972584,0.507103246980542,0.906829567202812,-5.91161188023479,0.0424743281312217,"P36551"
"2130",-0.08307564493349,15.4837150497384,-0.608311603756798,0.554398618780478,0.864638037257345,-6.07140016905776,0.0631656628486251,"CDHR5","sp|Q9HBB8|CDHR5_HUMAN",-0.086427104693116,15.6208061290821,-0.819538465834643,0.429044598064434,0.872187078027514,-5.81141961542543,0.0593903519470659,"Q9HBB8"
"2131",0.129578445260375,20.5434356145965,0.608219952027797,0.554457397627734,0.864638037257345,-6.0714566227996,0.0631656628486251,"RAP1A","sp|P62834|RAP1A_HUMAN",-0.143381931927719,20.6423064246524,-0.724114014954761,0.483386178615982,0.899237641029829,-5.883942884676,0.0461255223383996,"P62834"
"2132",0.0661569139854566,17.8099208772082,0.608129102542265,0.554515665373178,0.864638037257345,-6.07151257452119,0.0631656628486251,"FBLN7","sp|Q53RD9|FBLN7_HUMAN",-0.0058866952265686,17.8690758723766,-0.0409166623219823,0.968060158616836,0.991970258243062,-6.14894547133919,0.00350134888872015,"Q53RD9"
"2133",0.0988028739201015,19.1528651035413,0.608018891191147,0.55458635569859,0.864638037257345,-6.07158044016832,0.0631656628486251,"DEMA","sp|Q08495|DEMA_HUMAN",0.286265329063102,18.9024151980071,1.65820311762753,0.124126431188787,0.700299306813659,-4.87606889670665,0.154716303535132,"Q08495"
"2134",0.109204201612558,13.7841215885654,0.60754599416984,0.554889731653554,0.864638037257345,-6.07187150849813,0.0631656628486251,"MP2K1","sp|Q02750|MP2K1_HUMAN",0.226901789149367,13.8793956487508,1.38604637718656,0.191874034072235,0.752526853111309,-5.23073523329726,0.123477998126165,"Q02750"
"2135",0.18677322681206,13.3217948106742,0.606826898192415,0.555351226387503,0.86495106540597,-6.07231370539261,0.0630084620442221,"VGFR2","sp|P35968|VGFR2_HUMAN",0.524795467879598,12.5395227735566,2.20645884420916,0.0483824571330197,0.589635363006715,-4.05946564440879,0.229416477831962,"P35968"
"2136",-0.182924842477237,12.2124709465149,-0.605661493776777,0.556099598486999,0.865428498732531,-6.07302930964287,0.0627688074981781,"ATS1","sp|Q9UHI8|ATS1_HUMAN",-0.165949805860585,12.644432021471,-0.703269638644967,0.495801342314778,0.903151205766242,-5.89870378419599,0.0442395339250954,"Q9UHI8"
"2137",0.206235688583281,9.58354456585054,0.605537480438675,0.556179267187854,0.865428498732531,-6.07310538275854,0.0627688074981781,"GCP3","sp|Q96CW5|GCP3_HUMAN",0.327879746366836,10.4831487874844,0.92286227645613,0.374930301688041,0.858429459099652,-5.72401365645525,0.0662953869124561,"Q96CW5"
"2138",0.177600384131035,10.9011015244113,0.515710615580035,0.616339841172644,0.892727285855886,-6.07335296280207,0.0492811909844602,"MMP3","sp|P08254|MMP3_HUMAN",0.528344668784477,10.2578693389586,1.15561715721922,0.271153085355616,0.7878411521707,-5.49556317607625,0.103561337954553,"P08254"
"2139",0.0729106913203345,17.0763439219589,0.60492391003607,0.556573529897497,0.865636150763727,-6.07348154830931,0.0626646148191086,"ADEC1","sp|O15204|ADEC1_HUMAN",-0.00647115739384519,17.2560199056875,-0.0693233739639425,0.945916332300843,0.988195249262353,-6.14732070808599,0.0051572383074646,"O15204"
"2140",-0.106703791285583,11.871284642686,-0.603852321609644,0.557262470928755,0.866301705392289,-6.07413765574247,0.0623308306526727,"TSN33","sp|Q86UF1|TSN33_HUMAN",0.0740825117135985,11.9954834382396,0.372434217950456,0.716304329083743,0.960820446915146,-6.07827431351503,0.0173577634237046,"Q86UF1"
"2141",-0.221805000271759,10.2174091842161,-0.601392638198626,0.558845613128488,0.868280969958131,-6.07563953029034,0.0613397172690876,"PAR1","sp|P25116|PAR1_HUMAN",-0.101189833981442,10.4628382660342,-0.279069150896977,0.785118956190329,0.972723403089688,-6.10953726913846,0.0120106351572695,"P25116"
"2142",0.110682810476274,13.7862146074281,0.600537617536212,0.559396513467424,0.868280969958131,-6.07616025500494,0.0613397172690876,"NUCL","sp|P19338|NUCL_HUMAN",-0.327199505999871,13.8662500217855,-1.69369785492514,0.117054613662554,0.694998681119888,-4.82692126141105,0.158016019557941,"P19338"
"2143",0.0979081140704595,14.2942481467965,0.600365174103329,0.55950765697504,0.868280969958131,-6.07626519220392,0.0613397172690876,"ACADM","sp|P11310|ACADM_HUMAN",0.12226981217877,14.3807596566077,0.892354722970966,0.390391323759477,0.864387040121016,-5.75075768392314,0.0632917531794976,"P11310"
"2144",0.157443730307905,11.7177861706294,0.600249681123326,0.559582101458404,0.868280969958131,-6.0763354574535,0.0613397172690876,"PP4P2","sp|Q8N4L2|PP4P2_HUMAN",-0.26315549686632,11.993751932384,-0.883105226196837,0.395164644699086,0.866783484471409,-5.75871266881564,0.0620893722383122,"Q8N4L2"
"2145",-0.119227567622876,14.3251901426837,-0.599316195508103,0.560184007023042,0.868808747340877,-6.07690291856312,0.0610758151691902,"DNJA2","sp|O60884|DNJA2_HUMAN",-0.082007307395339,14.287055147069,-0.489984939267654,0.633306849931915,0.938075849947756,-6.02654557478549,0.0277620444759845,"O60884"
"2146",0.104059039664968,11.1108316824324,0.59827604526096,0.560855106728345,0.869332232490221,-6.07753424328914,0.060814217610384,"BORC6","sp|Q96GS4|BORC6_HUMAN",0.588758334907714,11.5947899186023,2.28210441739587,0.0422843153754899,0.579106990109998,-3.93905519732976,0.237241192884139,"Q96GS4"
"2147",0.13649241658975,14.9918440092177,0.597981248997574,0.561045387765608,0.869332232490221,-6.07771298406347,0.060814217610384,"MARCO","sp|Q9UEW3|MARCO_HUMAN",0.427774905932475,14.9882686795633,3.01438690631472,0.0111825213009646,0.431567304626761,-2.72365634774728,0.364951464726011,"Q9UEW3"
"2148",0.166588713598434,11.4676894762905,0.596207945180173,0.562190740046928,0.870462532055076,-6.07878642624664,0.0602499177941286,"RBP56","sp|Q92804|RBP56_HUMAN / sp|P35637|FUS_HUMAN",0.330485555876324,11.2987854859246,0.876467988585503,0.398614435485026,0.866973336418611,-5.76437666222008,0.0619942589532371,"Q92804"
"2149",0.157981235312233,10.7444252125198,0.596039832369321,0.562299387986165,0.870462532055076,-6.07888803525733,0.0602499177941286,"NDNF","sp|Q8TB73|NDNF_HUMAN",-0.225394467897582,10.4555797071877,-0.975209811882377,0.349412524957088,0.844428376563205,-5.67634107003775,0.0734371808857621,"Q8TB73"
"2150",0.401478053780855,9.44597922908698,0.595296082361463,0.56278019617375,0.870650780566469,-6.07933724176641,0.060156006284234,"DTD1","sp|Q8TEA8|DTD1_HUMAN",-0.00759120856174361,9.49664318301117,-0.0188345369385942,0.985294112381406,0.997313558705058,-6.14963017800301,0.00116827658714712,"Q8TEA8"
"2151",-0.123138939825074,13.7336119705149,-0.595040243545749,0.562945638775427,0.870650780566469,-6.0794916401636,0.060156006284234,"RNAS1","sp|P07998|RNAS1_HUMAN",0.473126425060113,13.5205901244228,2.6997912323375,0.0198695728093487,0.519263570737536,-3.2535764588891,0.28461214453882,"P07998"
"2152",-0.104515816572427,13.5154337533471,-0.594437516996782,0.563335507137477,0.870847949785415,-6.07985513818594,0.0600576662709305,"PURB","sp|Q96QR8|PURB_HUMAN",0.216663335110049,13.5434609431134,1.42357827618363,0.180981914508622,0.744335779744877,-5.18433917387518,0.128231104248375,"Q96QR8"
"2153",-0.0800614212214261,16.5909948730066,-0.593605948249799,0.563873641476577,0.871274029823445,-6.08035607987069,0.0598452308442255,"SPA11","sp|Q86U17|SPA11_HUMAN",-0.111667314259797,16.452583988031,-0.690747719843797,0.503351564802403,0.90597822319912,-5.90738161881998,0.0428822412394334,"Q86U17"
"2154",0.134081852860892,11.1506901475227,0.593078364506673,0.564215202590372,0.871396117914121,-6.08067355733547,0.0597843791859328,"GFRA2","sp|O00451|GFRA2_HUMAN",0.248676522033515,10.7762788506173,0.702035558082808,0.496542389082047,0.903151205766242,-5.89956535319438,0.0442395339250954,"O00451"
"2155",0.0883485861266673,16.3492542613768,0.591694404630372,0.56511172179312,0.871876149389832,-6.08150510363775,0.0595452025177551,"PPM1A","sp|P35813|PPM1A_HUMAN",0.165940305625785,16.3821610595042,0.991372304197063,0.341791676665247,0.842242257360161,-5.66117439763915,0.0745629727495888,"P35813"
"2156",0.0800230686328962,17.4269219917561,0.591466722149495,0.565259286967383,0.871876149389832,-6.08164173060038,0.0595452025177551,"PARK7","sp|Q99497|PARK7_HUMAN",0.0167946703338836,17.2686467147341,0.126994477171839,0.901125853115119,0.986613644973353,-6.14145035057628,0.00585288249271538,"Q99497"
"2157",0.122127139735053,18.1811466011668,0.590799594304789,0.565691785182038,0.871876149389832,-6.08204177363138,0.0595452025177551,"STXB2","sp|Q15833|STXB2_HUMAN",-0.0655007700281241,18.2482335326858,-0.388753321013969,0.70452027417119,0.957324731019672,-6.07191084039364,0.0189407216084595,"Q15833"
"2158",0.106448999763331,15.1676549615285,0.590773407537889,0.565708765695901,0.871876149389832,-6.08205746785403,0.0595452025177551,"USP9X","sp|Q93008|USP9X_HUMAN",-0.0560384418462315,15.4391685583238,-0.177234780917081,0.862389846208072,0.983382563387846,-6.13353484467746,0.00727749656607012,"Q93008"
"2159",0.093478256407375,16.5381906932038,0.590267737775837,0.566036715793614,0.871876149389832,-6.0823603968946,0.0595452025177551,"UGPA","sp|Q16851|UGPA_HUMAN",-0.0207269738315554,16.5358231163304,-0.176152069673838,0.863221076029928,0.983382563387846,-6.13373285909106,0.00727749656607012,"Q16851"
"2160",0.151963498830039,19.8723532407436,0.59016683240152,0.566102169911144,0.871876149389832,-6.08242081655247,0.0595452025177551,"LIMS1","sp|P48059|LIMS1_HUMAN",-0.0576543116390925,20.0623889707283,-0.283262972229953,0.781981435608766,0.972723403089688,-6.1083220106674,0.0120106351572695,"P48059"
"2161",-0.0722005900739249,16.0524631517308,-0.589365489325088,0.56662212147877,0.872272180513932,-6.08290029590973,0.0593479783116875,"EF2","sp|P13639|EF2_HUMAN",0.0549611670938084,16.1552233373732,0.469247907590404,0.647614484936698,0.941197234759129,-6.03665869680858,0.0263193574528965,"P13639"
"2162",0.0874732726874786,19.6532101332379,0.587486988537574,0.567842000639232,0.873744830839875,-6.08402188278423,0.058615380567417,"LV545","sp|A0A087WSX0|LV545_HUMAN",0.0442667335361375,19.1046655811267,0.309229180134099,0.76264687845224,0.968056980052892,-6.10040043752448,0.01409907926779,"A0A087WSX0"
"2163",0.0973061705071419,17.2082033753472,0.586762211631139,0.568313042834772,0.873838686884989,-6.08445372027004,0.0585687319670932,"ITA1","sp|P56199|ITA1_HUMAN",0.103900669518737,17.1372550270381,0.84468004840948,0.415420625087499,0.871380058403275,-5.79098603818629,0.0597923831477007,"P56199"
"2164",0.115991447385673,19.0018976414042,0.586094131127434,0.56874742424319,0.873838686884989,-6.08485133214771,0.0585687319670932,"JAM1","sp|Q9Y624|JAM1_HUMAN",-0.100144447552307,19.1269126795563,-0.727356444237642,0.481472263747612,0.899237641029829,-5.88161150158274,0.0461255223383996,"Q9Y624"
"2165",-0.0837244683534448,15.2418824465707,-0.585537665367239,0.569109371324118,0.873838686884989,-6.08518219018161,0.0585687319670932,"IF2G","sp|P41091|IF2G_HUMAN",0.00531662323671708,15.2862937280758,0.0335094513086472,0.973839670267539,0.994209125074734,-6.14923154775163,0.00252225512639252,"P41091"
"2166",-0.315466922166156,9.46769305751581,-0.585469318399588,0.569153835434169,0.873838686884989,-6.08522280684702,0.0585687319670932,"SPTC1","sp|O15269|SPTC1_HUMAN",-0.38439577675278,9.38974671778789,-1.04788330329689,0.320446510819586,0.820250808002062,-5.50306850288334,0.0860533331325101,"O15269"
"2167",0.179485336578215,11.6417159630392,0.585368518329226,0.56921941580155,0.873838686884989,-6.08528270132027,0.0585687319670932,"PFD3","sp|P61758|PFD3_HUMAN",0.791156922250876,11.5068282753118,2.60752975539589,0.0235047519459146,0.539166123680754,-3.40734445633365,0.268277402749999,"P61758"
"2168",0.265574095720558,12.239188763846,0.584879471372734,0.56953764685168,0.873923000416425,-6.08557315060173,0.0585268304861911,"M4K2","sp|Q12851|M4K2_HUMAN",1.09430408077154,12.4978361173299,3.47868090470227,0.0048017797174231,0.315655191169246,-1.93779967070156,0.500787064002967,"Q12851"
"2169",-0.0767892986690809,16.2811196013555,-0.583557946465083,0.570398064954467,0.874791241859256,-6.08635687166129,0.0580955736353574,"RDH11","sp|Q8TC12|RDH11_HUMAN",-0.291094820102064,16.3822040481625,-2.37851521168017,0.0355730889437677,0.564461874265568,-3.78363432137584,0.248365386520688,"Q8TC12"
"2170",0.0862788033033826,13.8301976899923,0.58320094217629,0.570630623267638,0.874791241859256,-6.08656830392817,0.0580955736353574,"RB3GP","sp|Q15042|RB3GP_HUMAN",0.270388790753649,13.7888449535354,1.41217980226602,0.184233621381066,0.749352192847742,-5.19852040750569,0.125314017466809,"Q15042"
"2171",0.0959952651102729,12.9917826831253,0.582582827080929,0.571033394001682,0.875004540485496,-6.08693408813777,0.0579896933746243,"CXL16","sp|Q9H2A7|CXL16_HUMAN",-0.325729569227496,13.100505958701,-1.91558116234567,0.0804626883967561,0.625528627758299,-4.50683801110078,0.203752809722832,"Q9H2A7"
"2172",0.12354382043368,21.493261040443,0.582172589396233,0.571300793894003,0.875010306845499,-6.0871766541238,0.057986831343672,"TBB6","sp|Q9BUF5|TBB6_HUMAN",0.0998433047202014,21.5334645265505,0.644246999659156,0.531984340270164,0.912613568562101,-5.93834970743401,0.0397130785089623,"Q9BUF5"
"2173",0.0600225076855581,8.41834141060315,0.0806150255826705,0.937528507038644,0.9896683683428,-6.08756490025124,0.00451031037934117,"SMAP1","sp|Q8IYB5|SMAP1_HUMAN",-0.676110756060208,7.23124369301555,-1.2930287158496,0.234083205262121,0.766165792444393,-5.12177178039022,0.115677242178419,"Q8IYB5"
"2174",0.102769409563889,16.6778386348495,0.580885582844883,0.572140123361032,0.875250744283094,-6.08793659197597,0.0578675112536999,"TKT","sp|P29401|TKT_HUMAN",0.0231072991590099,16.6833017734814,0.149101657473961,0.884041605787994,0.986191942633613,-6.13828808158755,0.00603855005478495,"P29401"
"2175",-0.0910369479463324,14.6435968474819,-0.580849275708092,0.572163810890491,0.875250744283094,-6.08795800722728,0.0578675112536999,"SPB6","sp|P35237|SPB6_HUMAN",0.0967213188187371,14.5965259454071,0.618720851004099,0.548092631946314,0.912613568562101,-5.95449847227704,0.0397130785089623,"P35237"
"2176",-0.14488875064343,14.991504128818,-0.580718854372704,0.572248904819016,0.875250744283094,-6.08803492399776,0.0578675112536999,"MP2K3","sp|P46734|MP2K3_HUMAN",-0.0236608207268914,15.0390211599253,-0.0949771992313957,0.92595857181184,0.986613644973353,-6.14513457314181,0.00585288249271538,"P46734"
"2177",-0.127907041099824,11.0657916818234,-0.580260462371044,0.572548038431812,0.875304900762407,-6.08830513422579,0.0578406399454971,"FRM4B","sp|Q9Y2L6|FRM4B_HUMAN",-0.0792996892283335,11.5340970617814,-0.198796947323115,0.845873242237684,0.979774508889009,-6.1293403020966,0.00887386391301568,"Q9Y2L6"
"2178",0.228751325449066,10.4783175448272,0.578413136129952,0.573754400926877,0.876608120558211,-6.08939204547144,0.057194510527501,"TX264","sp|Q9Y6I9|TX264_HUMAN",0.46516293477884,10.9400909924577,1.42915420073942,0.179408901830978,0.742466515183312,-5.17737346917747,0.129323128002715,"Q9Y6I9"
"2179",0.151177365386773,16.6709925642501,0.578146358910831,0.573928727319371,0.876608120558211,-6.0895487390093,0.057194510527501,"SEP11","sp|Q9NVA2|SEP11_HUMAN",-0.370793756916964,16.6869439959855,-1.79176578549849,0.0993468288968192,0.66470563563198,-4.68806476817351,0.177370639093326,"Q9NVA2"
"2180",-0.208022891951138,12.442868161385,-0.577601723317964,0.574284709131677,0.87674836688502,-6.08986842293783,0.0571250344039558,"PAEP","sp|P09466|PAEP_HUMAN",0.179699000480379,12.0609638709207,0.817944728136283,0.429918065577889,0.872187078027514,-5.81269652449469,0.0593903519470659,"P09466"
"2181",-0.0834315909375277,16.5461773887666,-0.575110029883476,0.57591482155403,0.87836655438593,-6.09132734227534,0.0563242092352521,"S23IP","sp|Q9Y6Y8|S23IP_HUMAN",-0.250705874163185,16.6466600751082,-2.01681736712222,0.0675375736574468,0.609740800734631,-4.35428185792615,0.214854743241087,"Q9Y6Y8"
"2182",0.10851680069838,12.5749122955185,0.57480108155606,0.576117113254068,0.87836655438593,-6.09150782073885,0.0563242092352521,"RNAS4","sp|P34096|RNAS4_HUMAN",0.100994110114009,12.5402631718381,0.424890759348797,0.678713597816053,0.953397402701628,-6.0568763603616,0.0207260355366119,"P34096"
"2183",-0.21298691041054,11.5189140404396,-0.573887268509023,0.576715677107829,0.87836655438593,-6.09204110732598,0.0563242092352521,"SC11A","sp|P67812|SC11A_HUMAN",-0.401958191166645,11.3251884754666,-1.5383609646682,0.150857886160567,0.728883053370811,-5.03729429051157,0.137342147059245,"P67812"
"2184",0.215703298605659,10.1578901630005,0.573549457908933,0.576937032940401,0.87836655438593,-6.09223804532847,0.0563242092352521,"PP14A","sp|Q96A00|PP14A_HUMAN",-1.29175691864773,10.288468313996,-3.78839582162819,0.00275264756653896,0.246622133486383,-1.41894383365821,0.607967949558429,"Q96A00"
"2185",0.155177281831805,14.3155674236907,0.573385377723293,0.577044565448227,0.87836655438593,-6.09233366185787,0.0563242092352521,"PKN1","sp|Q16512|PKN1_HUMAN",0.225317661948128,14.3655086558188,1.44289235694492,0.175582357570253,0.737165441399294,-5.16013184221878,0.132435032868846,"Q16512"
"2186",0.089239340002248,12.0027023240625,0.572852365237328,0.577393957123666,0.87836655438593,-6.09264409270599,0.0563242092352521,"SCLY","sp|Q96I15|SCLY_HUMAN",-0.361371008461909,11.9078322964452,-1.84747036074641,0.0904008906729514,0.645248507835539,-4.60730525287372,0.190272991107287,"Q96I15"
"2187",0.181661003206128,11.823884384728,0.572730705478987,0.577473721329023,0.87836655438593,-6.09271491012818,0.0563242092352521,"PRAM","sp|Q96QH2|PRAM_HUMAN",0.0217324171782173,11.8668294244184,0.090080668683756,0.929764258832332,0.986837723161755,-6.14560448555759,0.00575425739079757,"Q96QH2"
"2188",0.0810099465346539,14.9197500615113,0.572572281043256,0.577577598474446,0.87836655438593,-6.09280710675616,0.0563242092352521,"KCD12","sp|Q96CX2|KCD12_HUMAN",-0.0831972195549664,14.7185429101107,-0.573300043067018,0.577418558840915,0.918063124434103,-5.98172196144248,0.0371274564339506,"Q96CX2"
"2189",-0.0982907975632696,13.2091510106413,-0.571954700975092,0.577982633764581,0.87836655438593,-6.0931662834199,0.0563242092352521,"RS18","sp|P62269|RS18_HUMAN",-0.154412508600951,13.1795730348267,-0.5081365463487,0.620909197656843,0.932352002397294,-6.01734993118474,0.0304200921125771,"P62269"
"2190",0.0930689885653888,16.6438945998475,0.571473948384738,0.578298036273582,0.87836655438593,-6.09344562951779,0.0563242092352521,"FGFR4","sp|P22455|FGFR4_HUMAN",-0.12255465215702,16.787615127206,-0.717129939894624,0.487524555409225,0.900768510021316,-5.88893240784572,0.0453868047340959,"P22455"
"2191",-0.0766112470947928,26.1016836245649,-0.571055832390054,0.578572419763393,0.87836655438593,-6.09368839956727,0.0563242092352521,"C1S","sp|P09871|C1S_HUMAN",-0.0587395254154347,26.2004132278886,-0.544901595556386,0.596171979042485,0.924268458929614,-5.99774919554037,0.0342018672020061,"P09871"
"2192",0.172116145173365,16.5012494959668,0.571055699135401,0.578572507221145,0.87836655438593,-6.09368847691195,0.0563242092352521,"S47A1","sp|Q96FL8|S47A1_HUMAN",0.0412177202939063,16.9182281857106,0.141456957381662,0.889942919115165,0.986191942633613,-6.13943867877946,0.00603855005478495,"Q96FL8"
"2193",0.132469165196423,20.9170754767699,0.570731857045129,0.578785072142822,0.87836655438593,-6.09387639344149,0.0563242092352521,"TBA8","sp|Q9NY65|TBA8_HUMAN",0.0831329261268005,20.9883866098541,0.541509607791723,0.598432858555644,0.924268458929614,-5.99961201220273,0.0342018672020061,"Q9NY65"
"2194",-0.092096518899171,18.7953418394698,-0.570039908109657,0.579239395586356,0.87865427511477,-6.09427757457911,0.0561819735555339,"DBNL","sp|Q9UJU6|DBNL_HUMAN",-0.0276725836588519,18.7944668261382,-0.198493295460614,0.846105326943939,0.979774508889009,-6.12940268928054,0.00887386391301568,"Q9UJU6"
"2195",-0.146096656950888,11.0560600092305,-0.569403521873964,0.579657404339849,0.87873197950383,-6.09464613533596,0.0561435681255133,"S39AE","sp|Q15043|S39AE_HUMAN",-0.669273761476117,10.9110249745203,-1.83377479636406,0.0925297663783585,0.650368547620527,-4.62728165559325,0.18684046975891,"Q15043"
"2196",0.118255424132853,17.0378519767748,0.569155839507904,0.579820137123648,0.87873197950383,-6.09478947448793,0.0561435681255133,"DMRT2","sp|Q9Y5R5|DMRT2_HUMAN",0.117821632309593,16.851058291582,0.550269609389461,0.592603052044622,0.924268458929614,-5.99477866388546,0.0342018672020061,"Q9Y5R5"
"2197",0.184503940384607,12.4085054409259,0.568637056646392,0.580161067370184,0.878847367686738,-6.09508951434054,0.0560865437285599,"PCDH7","sp|O60245|PCDH7_HUMAN",-0.128978207341538,12.3102141752886,-0.273767791218222,0.789090726293338,0.972723403089688,-6.11104788220471,0.0120106351572695,"O60245"
"2198",-0.0743401202129503,21.551767543349,-0.567716353699874,0.580766390094556,0.878986431306478,-6.09562136922775,0.0560178289696933,"CO6A3","sp|P12111|CO6A3_HUMAN",0.168846210039201,21.3265849788354,1.1702113077697,0.265464466655017,0.78566784211862,-5.47987306246543,0.104761022438977,"P12111"
"2199",-0.182016037638412,12.1517823500076,-0.567018540656979,0.581225394788884,0.878986431306478,-6.09602392633598,0.0560178289696933,"QCR8","sp|O14949|QCR8_HUMAN",-0.926139854523521,11.8645462206852,-2.35347098031613,0.0372106172442105,0.564461874265568,-3.82420281803464,0.248365386520688,"O14949"
"2200",-0.0606320448216781,19.3476099407382,-0.566058505673058,0.581857196091346,0.878986431306478,-6.09657698994096,0.0560178289696933,"XYLT2","sp|Q9H1B5|XYLT2_HUMAN",-0.172411309694852,19.4530659227887,-1.71918226822669,0.112200404145342,0.686734451410911,-4.79126208976745,0.16321116480567,"Q9H1B5"
"2201",-0.097037501078339,14.6877904294082,-0.565950114596235,0.581928551298403,0.878986431306478,-6.09663937694206,0.0560178289696933,"SETD3","sp|Q86TU7|SETD3_HUMAN",0.214537984078357,14.4257132930062,0.903893330042709,0.384492586018518,0.860069392436294,-5.74073355592344,0.0654665074350563,"Q86TU7"
"2202",0.103436665868838,16.3595897995792,0.565549826205848,0.582192106207922,0.878986431306478,-6.09686967430422,0.0560178289696933,"LV403","sp|A0A075B6K6|LV403_HUMAN",0.254720582378544,15.8732899873343,2.34276232737377,0.0379327559600403,0.564461874265568,-3.84150895034407,0.248365386520688,"A0A075B6K6"
"2203",-0.0968854294614724,16.7129246546385,-0.565370580703643,0.582310144119946,0.878986431306478,-6.09697274941299,0.0560178289696933,"CISY","sp|O75390|CISY_HUMAN",-0.26041066759879,16.7211127811123,-1.36489259762555,0.198250386932523,0.754702161522043,-5.25650248695692,0.122224406155744,"O75390"
"2204",0.194640142047961,9.4840823253284,0.468610063889722,0.648566551443912,0.906161953373601,-6.09710871866213,0.0427941763068843,"IMPA3","sp|Q9NX62|IMPA3_HUMAN",0.492795138756382,9.52171712255984,1.5048268240289,0.164650177163128,0.728883053370811,-4.98988126467869,0.137342147059245,"Q9NX62"
"2205",0.0766177187813957,14.8622297378684,0.565057129382539,0.582516590467182,0.878986431306478,-6.09715292528844,0.0560178289696933,"RTN4","sp|Q9NQC3|RTN4_HUMAN",-0.139963926632315,14.9721004807334,-0.711792624658292,0.490701729705457,0.90179348886623,-5.8927157619795,0.044892904713276,"Q9NQC3"
"2206",0.11124947224789,16.7847190383099,0.564916203481161,0.58260942013127,0.878986431306478,-6.09723390052119,0.0560178289696933,"LCK","sp|P06239|LCK_HUMAN",-0.107471952363056,16.8937239592099,-0.618275218076859,0.548376261988976,0.912613568562101,-5.9547749944629,0.0397130785089623,"P06239"
"2207",-0.143836382115315,9.44930744598461,-0.468020866532808,0.648974680075037,0.906161953373601,-6.09739210932946,0.0427941763068843,"RL5","sp|P46777|RL5_HUMAN",0.621673167373698,10.1999145288038,1.763980903835,0.10410179216168,0.669600480977937,-4.7278479371674,0.174184243058421,"P46777"
"2208",-0.272386067332814,16.4062475386826,-0.564070083817481,0.58316693379838,0.878986431306478,-6.09771967438852,0.0560178289696933,"TGFI1","sp|O43294|TGFI1_HUMAN",0.215471845099411,16.6559198721785,0.426840107376614,0.677333218785248,0.953143482843135,-6.05602857187555,0.0208417172876589,"O43294"
"2209",0.129711497468872,12.0847043322078,0.563135665284193,0.583782954644361,0.878986431306478,-6.09825534187214,0.0560178289696933,"DDAH2","sp|O95865|DDAH2_HUMAN",0.396464557005283,12.0964880807169,1.47639357291217,0.166539645180766,0.730137476101289,-5.11762082168895,0.13659535975495,"O95865"
"2210",0.496283745453013,14.4999969097512,0.563079975934071,0.583819678984776,0.878986431306478,-6.09828723997713,0.0560178289696933,"HORN","sp|Q86YZ3|HORN_HUMAN",0.535376012449197,14.6013326044573,1.29623727880246,0.220162035236974,0.757046932651169,-5.33817026395211,0.120877195850511,"Q86YZ3"
"2211",0.169292978947902,11.8858844552066,0.56303104915922,0.583851944748497,0.878986431306478,-6.09831526210726,0.0560178289696933,"VP26A","sp|O75436|VP26A_HUMAN",0.259445276358206,11.9281666950562,0.692157854182758,0.502497879721139,0.90495936016098,-5.90641151619192,0.0433709236170405,"O75436"
"2212",-0.184199702959079,11.6699981476652,-0.562990880498701,0.583878435495874,0.878986431306478,-6.09833826642676,0.0560178289696933,"EXOC8","sp|Q8IYI6|EXOC8_HUMAN",0.0730098765360621,11.5762005023669,0.238611236397891,0.815582302507213,0.976540152493457,-6.12034129053824,0.010309895081874,"Q8IYI6"
"2213",-0.115565931294703,13.7796287822822,-0.562866366957437,0.583960554694421,0.878986431306478,-6.09840956461871,0.0560178289696933,"WASF3","sp|Q9UPY6|WASF3_HUMAN",-0.0802737666406687,13.6676297323894,-0.62225045045392,0.545849070708452,0.912613568562101,-5.95230173653364,0.0397130785089623,"Q9UPY6"
"2214",0.301407665506002,10.6642288517713,0.561560578074639,0.584822114746138,0.879647855626821,-6.09915637855087,0.0556911516744761,"ZN363","sp|Q96PM5|ZN363_HUMAN",0.366318237990714,10.1049004729848,0.558379142302866,0.587232580719943,0.923616858095106,-5.99023878894963,0.0345081488266848,"Q96PM5"
"2215",0.0884719870895088,15.1545121150889,0.561397070116257,0.584930044401444,0.879647855626821,-6.09924977725915,0.0556911516744761,"ENTP5","sp|O75356|ENTP5_HUMAN",-0.0533847057791522,15.1777598006717,-0.592939494103363,0.5646357722977,0.914734232457629,-5.97018963218503,0.0387050678382534,"O75356"
"2216",0.0687472812505354,17.9353087274439,0.560517025883264,0.58551113076473,0.880122936144991,-6.09975203223873,0.0554566610766346,"FAT1","sp|Q14517|FAT1_HUMAN",0.0050849391821409,17.8946887584508,0.0427295211176456,0.966645943522886,0.991439396338831,-6.1488667851857,0.00373382774212562,"Q14517"
"2217",-0.122684208593337,15.1247508429968,-0.559632331531489,0.586095592758597,0.880350078642129,-6.10025618916993,0.0553445926349924,"CD9","sp|P21926|CD9_HUMAN",-0.268404301633146,15.2351088149809,-1.40978519286965,0.184922941400479,0.749396598473841,-5.20148962664733,0.125288282509092,"P21926"
"2218",-0.0910811347590458,14.9841888117634,-0.559485339353016,0.586192730882526,0.880350078642129,-6.10033988191247,0.0553445926349924,"PYGM","sp|P11217|PYGM_HUMAN",0.00668208537909216,15.1556544909693,0.0404719613365504,0.968407088423453,0.992019483480692,-6.14896425255431,0.00347979812298007,"P11217"
"2219",0.130778272323923,11.7284374122458,0.559056389692807,0.586476245662838,0.880377503100389,-6.10058399338898,0.055331063806324,"NASP","sp|P49321|NASP_HUMAN",-0.255179315453849,11.7882630013815,-1.01176531487083,0.332349117570754,0.831639201298847,-5.64174117307777,0.0800650473510164,"P49321"
"2220",0.118257982919448,15.0308702661624,0.558353152455633,0.586941206512311,0.880410771659135,-6.10098381586862,0.0553146525754078,"TBC30","sp|Q9Y2I9|TBC30_HUMAN",0.153010867972519,15.1685650425615,0.823859497543639,0.426682294707264,0.872187078027514,-5.80794652517536,0.0593903519470659,"Q9Y2I9"
"2221",0.101276107815412,25.7077262076762,0.55767817946827,0.587387661241687,0.880410771659135,-6.10136712051498,0.0553146525754078,"IGLC7","sp|A0M8Q6|IGLC7_HUMAN",0.140571525993743,25.4548948443849,1.08720339673918,0.299085258337077,0.809428974673681,-5.56703424074567,0.0918212534709299,"A0M8Q6"
"2222",-0.108743568599899,13.3140616479208,-0.557308670735203,0.587632144641099,0.880410771659135,-6.10157677164475,0.0553146525754078,"TSP50","sp|Q9UI38|TSP50_HUMAN",-0.218367809920756,13.4646091200322,-0.882478481403877,0.395489526331612,0.866783484471409,-5.75924909777093,0.0620893722383122,"Q9UI38"
"2223",-0.0760070811915324,17.1517584024842,-0.557214773220988,0.587694279886033,0.880410771659135,-6.10163002605368,0.0553146525754078,"ISLR","sp|O14498|ISLR_HUMAN",-0.0241414775313099,17.0544771677276,-0.270513570115245,0.791531875020186,0.972723403089688,-6.11196100897617,0.0120106351572695,"O14498"
"2224",0.146370908740237,13.9102475686394,0.557017660593317,0.587824727326497,0.880410771659135,-6.10174179173721,0.0553146525754078,"PDIA5","sp|Q14554|PDIA5_HUMAN",0.33670967250468,14.160015803714,1.74919985626822,0.106713948061064,0.673352839571618,-4.74887203655597,0.171757304091438,"Q14554"
"2225",0.154445188941579,14.0770638383185,0.55575995849388,0.588657419900357,0.88095335772662,-6.1024540446142,0.0550470847981504,"apoE_E2","apoE_E2",0.212710095421903,14.2174154276453,0.790711977248464,0.445023736246591,0.881285071958494,-5.83417408612024,0.0548835863069743,NA
"2226",-0.0909316015069757,12.9317240356959,-0.55566871930337,0.588717850990553,0.88095335772662,-6.10250565518941,0.0550470847981504,"NECP2","sp|Q9NVZ3|NECP2_HUMAN",-0.331955331548796,12.9691522763859,-1.90861366756396,0.081431261716506,0.629134650126312,-4.5171988674362,0.201256395018067,"Q9NVZ3"
"2227",-0.0723341662119674,14.5939369473938,-0.554292887315311,0.589629507655851,0.88191993506524,-6.10328293792537,0.0545708404211124,"RL10A","sp|P62906|RL10A_HUMAN",0.0622811801284831,14.7053848338964,0.60022467262076,0.55993355437765,0.914734232457629,-5.96581906427496,0.0387050678382534,"P62906"
"2228",-0.106508231222029,16.9227427742487,-0.553454806490042,0.590185198789895,0.88214949966721,-6.1037555204253,0.0544578078630103,"INF2","sp|Q27J81|INF2_HUMAN",-0.355854600962925,17.0685204653017,-2.36886223629645,0.0361958526548211,0.564461874265568,-3.79928643371757,0.248365386520688,"Q27J81"
"2229",0.0592298553234895,14.4599887172099,0.553259759372692,0.590314564254557,0.88214949966721,-6.10386540762577,0.0544578078630103,"TBCB","sp|Q99426|TBCB_HUMAN",-0.156931304587562,14.497255854295,-1.16102818071157,0.269032977779906,0.787407807100095,-5.48976373448506,0.103800283521301,"Q99426"
"2230",-0.0956739616578106,13.7195974365886,-0.552110618888764,0.591077033820543,0.882348427723323,-6.10451207397531,0.0543598838517769,"SCAM2","sp|O15127|SCAM2_HUMAN",-0.146389934960543,13.5600335336424,-0.75012055841053,0.468167536019878,0.892503189000561,-5.8649778839619,0.0493902234366409,"O15127"
"2231",0.201937468760417,16.2492145303614,0.551946626722916,0.591185886459325,0.882348427723323,-6.10460425483128,0.0543598838517769,"NEUG","sp|Q92686|NEUG_HUMAN",-0.340431140719571,16.6412094595495,-0.771853171173985,0.455683328651692,0.889131668309799,-5.8486667498329,0.0510339211600687,"Q92686"
"2232",0.135331738820709,14.9313007852244,0.551857236057371,0.591245225446421,0.882348427723323,-6.10465449085709,0.0543598838517769,"ASAP2","sp|O43150|ASAP2_HUMAN",-0.141753535521038,14.994651844401,-0.33660369562729,0.742444273201349,0.965375638139256,-6.09131086278713,0.0153036650731462,"O43150"
"2233",-0.0697561885220981,16.9383063604236,-0.550527760106151,0.592128118360224,0.882551976345869,-6.10540072271427,0.0542597081775477,"WASF2","sp|Q9Y6W5|WASF2_HUMAN",-0.132645765518962,16.9179560618979,-1.0611090516063,0.310296203493284,0.81335054112204,-5.59337134079493,0.089722240058852,"Q9Y6W5"
"2234",0.119904671672546,14.7503815075788,0.550502791727952,0.592144706173934,0.882551976345869,-6.10541472107597,0.0542597081775477,"C163A","sp|Q86VB7|C163A_HUMAN",0.249440356761418,14.612306242563,1.55899994704155,0.145925401236114,0.726657330901203,-5.0100677252527,0.138670340698732,"Q86VB7"
"2235",0.111130210657676,13.8560800326901,0.550365424907129,0.592235970525749,0.882551976345869,-6.10549172413517,0.0542597081775477,"F234A","sp|Q9H0X4|F234A_HUMAN",-0.297468709092865,14.1146084178239,-1.52687805707266,0.153664026638955,0.728883053370811,-5.05234146168617,0.137342147059245,"Q9H0X4"
"2236",0.0641422012539132,29.551528093875,0.549852932043072,0.592576527068613,0.882551976345869,-6.1057788489183,0.0542597081775477,"AMBP","sp|P02760|AMBP_HUMAN",-0.0943557896993727,29.5999084453175,-1.12677256351138,0.282674038658103,0.79982534893968,-5.52611859041815,0.0970048358486958,"P02760"
"2237",-0.131458158841817,10.6425211604589,-0.549030192209536,0.593123457931387,0.882551976345869,-6.10623925922832,0.0542597081775477,"TXD17","sp|Q9BRA2|TXD17_HUMAN",-0.243296625994208,10.9875445331066,-1.06577826320988,0.308267342095066,0.81335054112204,-5.58869680918689,0.089722240058852,"Q9BRA2"
"2238",-0.164263092714151,11.9472912612054,-0.548742500138164,0.59331476798544,0.882551976345869,-6.1064000991309,0.0542597081775477,"CKLF6","sp|Q9NX76|CKLF6_HUMAN",-0.490251841671093,11.6880472484924,-1.78155582602433,0.101070852374421,0.666682972203156,-4.70272312316917,0.176080637078796,"Q9NX76"
"2239",-0.0661518039835345,21.0112446991477,-0.548627680116413,0.59339113015112,0.882551976345869,-6.10646426918475,0.0542597081775477,"HSP7C","sp|P11142|HSP7C_HUMAN",-0.146890321262973,21.1214312106583,-1.33907407012866,0.20626971726824,0.757046932651169,-5.28757019083006,0.120877195850511,"P11142"
"2240",0.144099717836086,15.4115471356968,0.548450626113408,0.593508891595052,0.882551976345869,-6.10656319528785,0.0542597081775477,"SEM4B","sp|Q9NPR2|SEM4B_HUMAN",0.112238719518084,15.5026130854219,0.316982963067231,0.756905111680985,0.967217051958264,-6.09790261581257,0.0144760555032612,"Q9NPR2"
"2241",-0.126742459716563,15.0215851037362,-0.548020918715353,0.593794747119658,0.88258162368569,-6.10680316143543,0.0542451192806072,"CD63","sp|P08962|CD63_HUMAN",-0.442647540213277,15.2053337416406,-2.189096654162,0.0498957658978217,0.589635363006715,-4.0868934521309,0.229416477831962,"P08962"
"2242",-0.193462982600589,15.4697205149545,-0.547324624701876,0.594258095948973,0.882874942011926,-6.10719162145011,0.0541008092656541,"BTK","sp|Q06187|BTK_HUMAN",0.24949051092206,15.7588668744237,0.67997924920605,0.509899289057707,0.907970131840623,-5.91472988832342,0.0419284375914184,"Q06187"
"2243",-0.13654662027866,11.6493528043591,-0.546739607946651,0.594647539698857,0.883058247991278,-6.10751763787856,0.0540106486909857,"CES1P","sp|Q9UKY3|CES1P_HUMAN",-0.215355576434428,12.0734074280249,-0.915645953348237,0.378548278892616,0.859029442950653,-5.73040951904307,0.0659919506136197,"Q9UKY3"
"2244",-0.071815642852523,19.214108764136,-0.545519408394862,0.595460246397092,0.883797316098658,-6.10819656195726,0.0536473216301551,"CSF1","sp|P09603|CSF1_HUMAN",-0.0628515795688787,19.204042492633,-0.672295710355926,0.514601990306459,0.907970131840623,-5.9199081191793,0.0419284375914184,"P09603"
"2245",0.108444029128278,17.8993008469769,0.545192928703021,0.595677793345194,0.883797316098658,-6.10837797237798,0.0536473216301551,"RB27B","sp|O00194|RB27B_HUMAN",-0.19521114868046,17.9732843212132,-1.28777948488382,0.222993112708843,0.757046932651169,-5.34801874696432,0.120877195850511,"O00194"
"2246",-0.142612493251811,12.4369231713922,-0.544005197048861,0.596469573558961,0.884576637462998,-6.1090370725924,0.0532645349583749,"CNBP","sp|P62633|CNBP_HUMAN",0.143943524116336,11.9761819134153,0.337464585508196,0.741812088977343,0.965375638139256,-6.09101275489955,0.0153036650731462,"P62633"
"2247",0.136299229050901,8.81510345224319,0.442502261363034,0.66676512866076,0.912198459202417,-6.10933713519186,0.0399106656627775,"SC16A","sp|O15027|SC16A_HUMAN",-0.284224278874488,8.04119790865625,-0.333402194510234,0.746022999430803,0.965375638139256,-5.98614115589978,0.0153036650731462,"O15027"
"2248",-0.125687999441749,15.2543568491309,-0.54315262758847,0.597038257605889,0.884904136434241,-6.10950934169019,0.0531037748079831,"JAM3","sp|Q9BX67|JAM3_HUMAN",-0.0334736393948284,15.2465721701825,-0.109905339268994,0.914368373218481,0.986613644973353,-6.14354875329026,0.00585288249271538,"Q9BX67"
"2249",0.0861944350730246,14.4730190176093,0.542874791093894,0.597223641341579,0.884904136434241,-6.10966309337621,0.0531037748079831,"AP1M1","sp|Q9BXS5|AP1M1_HUMAN",0.0854361044668948,14.5552391422739,0.769339578195669,0.457116314741644,0.89072334793151,-5.85057471511609,0.0502571636661918,"Q9BXS5"
"2250",0.107702624058836,22.0639219156722,0.542460582551725,0.597500072934261,0.884918671159666,-6.10989217310639,0.0530966414938216,"TBB4A","sp|P04350|TBB4A_HUMAN",0.0768863090246468,22.0935845696708,0.540322567647,0.599225103996092,0.924268458929614,-6.00026130718092,0.0342018672020061,"P04350"
"2251",-0.132665881904875,17.4449737273483,-0.541693480214361,0.598012189820836,0.88528209545734,-6.1103159834754,0.0529183191563069,"MYH7","sp|P12883|MYH7_HUMAN",-0.246920367032102,17.3104698967938,-0.953382306081461,0.359897457146445,0.849682789063033,-5.696490290132,0.0707431786054195,"P12883"
"2252",-0.180544251899624,10.9865885916162,-0.540662894237402,0.59870056258863,0.885906004115766,-6.11088446672353,0.0526123549294258,"IF2B3","sp|O00425|IF2B3_HUMAN",-0.190651125073906,11.064550451491,-0.343390813506485,0.737465618082842,0.965161035653373,-6.08894039321369,0.0154002192355934,"O00425"
"2253",0.218311779577421,11.0277833944199,0.536961867044433,0.601175980839533,0.888886324307123,-6.11291751223636,0.0511537754558618,"LSM7","sp|Q9UK45|LSM7_HUMAN",0.0493719619129586,11.1264164604828,0.120703826051106,0.905997128795364,0.986613644973353,-6.14225790873171,0.00585288249271538,"Q9UK45"
"2254",-0.134100183591886,19.9557906718299,-0.536850848543684,0.601250315778696,0.888886324307123,-6.11297829170542,0.0511537754558618,"A2GL","sp|P02750|A2GL_HUMAN",0.132507399788997,19.4370889781081,0.612903048377436,0.551801922467379,0.912613568562101,-5.95809387255325,0.0397130785089623,"P02750"
"2255",-0.130937453171694,14.6257156595589,-0.535922030742164,0.601872410325977,0.889409853015102,-6.11348632466849,0.0508980636813429,"RACK1","sp|P63244|RACK1_HUMAN",0.399501200346885,14.5576361117869,2.02409139127313,0.0666874231481978,0.609740800734631,-4.34318145613876,0.214854743241087,"P63244"
"2256",0.182204825046928,9.25343275794258,0.535140632935427,0.60239602127357,0.889787447533147,-6.11391307557867,0.0507137252518777,"MTA2","sp|O94776|MTA2_HUMAN",-0.0670188120902907,9.27806916771734,-0.0980090542361042,0.923603106725188,0.986613644973353,-6.14483116552855,0.00585288249271538,"O94776"
"2257",-0.0644708722030588,16.972765880721,-0.534328417338256,0.602940528773841,0.890137791701145,-6.11435602933754,0.0505427601601537,"PACN2","sp|Q9UNF0|PACN2_HUMAN",0.160468188643204,16.9100781784746,1.32641605110549,0.210297874639453,0.757046932651169,-5.30264620860541,0.120877195850511,"Q9UNF0"
"2258",-0.113148092824859,11.2930688976971,-0.533638696858633,0.603403112282376,0.890137791701145,-6.11473167593187,0.0505427601601537,"KCMA1","sp|Q12791|KCMA1_HUMAN",-0.146381656418601,10.8858589821859,-0.654540800320733,0.525566061743388,0.911686477091096,-5.93166610911187,0.0401544869775934,"Q12791"
"2259",-0.135335315871381,13.7421731406371,-0.533586999740101,0.603437791903458,0.890137791701145,-6.1147598134424,0.0505427601601537,"THAP1","sp|Q9NVV9|THAP1_HUMAN",-0.32481736407214,14.0697584236831,-1.48109344604505,0.165303291628772,0.728883053370811,-5.11160477366599,0.137342147059245,"Q9NVV9"
"2260",0.0874728942696939,15.2763723358238,0.532276120872643,0.604317497968208,0.891039438363609,-6.11547242662223,0.0501030731969792,"FUMH","sp|P07954|FUMH_HUMAN",-0.200145738533732,15.3787763497609,-1.12678521565036,0.282668903868715,0.79982534893968,-5.52610532159705,0.0970048358486958,"P07954"
"2261",0.0647285238118322,21.4503286905593,0.53137569347899,0.60492213450371,0.891190922564399,-6.11596094564736,0.050029245756824,"VCAM1","sp|P19320|VCAM1_HUMAN",0.082151440197601,21.5208315769674,0.765816034283213,0.459129894261228,0.89072334793151,-5.85323988086708,0.0502571636661918,"P19320"
"2262",-0.101124740497995,17.8306688272583,-0.531323397294334,0.604957260782642,0.891190922564399,-6.11598929429247,0.050029245756824,"LRBA","sp|P50851|LRBA_HUMAN",-0.0453179254846614,17.7492719979507,-0.336309792391722,0.74266014269938,0.965375638139256,-6.09141246442082,0.0153036650731462,"P50851"
"2263",-0.0515548108931628,30.469687514725,-0.529886663028763,0.605922689817206,0.891915593357574,-6.1167670782083,0.0496762432399361,"THRB","sp|P00734|THRB_HUMAN",-0.143236576733979,30.434989019864,-1.56881287458387,0.143629658289459,0.726283329837963,-4.99704193475125,0.138893923954356,"P00734"
"2264",0.0825222572452579,17.0184585639667,0.52961247763056,0.606107020161895,0.891915593357574,-6.11691528208843,0.0496762432399361,"EF1A1","sp|P68104|EF1A1_HUMAN / sp|Q5VTE0|EF1A3_HUMAN",0.0631919246503655,17.1290713519834,0.554086758287979,0.59007199410072,0.923616858095106,-5.99264957527191,0.0345081488266848,"P68104"
"2265",-0.0875717135981035,23.6944441231606,-0.529391840182977,0.606255371682642,0.891915593357574,-6.11703448895442,0.0496762432399361,"AACT","sp|P01011|AACT_HUMAN",0.0710066165709439,23.5460678093264,0.535736318542976,0.602291078157151,0.926322561818158,-6.00275722069642,0.0332377580000099,"P01011"
"2266",-0.108577865312975,15.1570377933242,-0.528942899370724,0.606557285764401,0.89196439142758,-6.11727689839762,0.0496524829727466,"MYL1","sp|P05976|MYL1_HUMAN / sp|P08590|MYL3_HUMAN",-0.160471641962294,15.4358369432334,-0.630374641002703,0.540704681349771,0.912613568562101,-5.94720120671241,0.0397130785089623,"P05976"
"2267",0.0571811344003578,19.9728725413784,0.528337512416621,0.606964530592853,0.892167970344411,-6.11760347210584,0.0495533723882523,"LYAM3","sp|P16109|LYAM3_HUMAN",-0.0571944528174924,20.2360805639465,-0.538565841838462,0.600398553013633,0.924268458929614,-6.00121973219475,0.0342018672020061,"P16109"
"2268",-0.072093111054534,14.7486552189211,-0.527719772586914,0.607380227452,0.892302758722781,-6.11793634229745,0.0494877643083788,"COFA1","sp|P39059|COFA1_HUMAN",-0.0891467068930949,14.8546646982783,-0.612369819299296,0.552142595129401,0.912613568562101,-5.95842182092863,0.0397130785089623,"P39059"
"2269",-0.139395730267295,17.0481680316852,-0.526762308377959,0.608024819343709,0.892302758722781,-6.11845154039594,0.0494877643083788,"RHG06","sp|O43182|RHG06_HUMAN",-0.086316656250642,16.866892227751,-0.339378807988299,0.740407111185315,0.965204714070723,-6.09034722720613,0.015380565658918,"O43182"
"2270",0.105812275620607,22.2356616132117,0.526355442319386,0.608298837353618,0.892302758722781,-6.11867019943564,0.0494877643083788,"TBB4B","sp|P68371|TBB4B_HUMAN",0.0741778707881117,22.2596104044261,0.517818087662176,0.614345912429416,0.929782983745204,-6.01231472184887,0.0316184062419663,"P68371"
"2271",0.0768887975270729,25.5844381754864,0.526139699640946,0.60844416194199,0.892302758722781,-6.11878607912106,0.0494877643083788,"CD5L","sp|O43866|CD5L_HUMAN",0.244235138783034,25.6230843236743,2.22366428310153,0.0469259080232031,0.589635363006715,-4.03220642596652,0.229416477831962,"O43866"
"2272",0.107434466209408,12.5333463463407,0.525881880028052,0.608617852535513,0.892302758722781,-6.11892449978867,0.0494877643083788,"SYVC","sp|P26640|SYVC_HUMAN",-0.0564764904131137,12.4813741875014,-0.227100550123359,0.824310021286065,0.977505666396101,-6.12310983746088,0.00988071641043172,"P26640"
"2273",-0.21491554935133,9.76317665274603,-0.525584190951129,0.608818433836825,0.892302758722781,-6.11908424552889,0.0494877643083788,"SNX1","sp|Q13596|SNX1_HUMAN",0.202067376215042,9.5814386836017,0.640557905232551,0.534295446898217,0.912613568562101,-5.94072106265198,0.0397130785089623,"Q13596"
"2274",-0.189855068517996,9.68001274489626,-0.524989953774189,0.609218927070775,0.892302758722781,-6.11940286693679,0.0494877643083788,"WASF1","sp|Q92558|WASF1_HUMAN",0.159246813759201,9.30398706755609,0.312072522328981,0.760539608274679,0.967484722891457,-6.09949153339079,0.0143558840003405,"Q92558"
"2275",-0.136771753625797,14.9919059638673,-0.524481699649878,0.609561576043334,0.892302758722781,-6.11967511288187,0.0494877643083788,"CP135","sp|Q66GS9|CP135_HUMAN",-0.119468256735199,14.7424888980027,-0.551800875923198,0.591587028493595,0.924268458929614,-5.99392624332598,0.0342018672020061,"Q66GS9"
"2276",-0.0963227664960447,13.0430261583361,-0.524225516710675,0.609734323227804,0.892302758722781,-6.11981224180412,0.0494877643083788,"RASA1","sp|P20936|RASA1_HUMAN",0.0458245136219107,13.082522093275,0.233008749778665,0.819827101333553,0.976540152493457,-6.12170572723322,0.010309895081874,"P20936"
"2277",-0.129505711904443,12.9703799109099,-0.523934239607615,0.609930764684351,0.892302758722781,-6.11996807824683,0.0494877643083788,"RBGPR","sp|Q9H2M9|RBGPR_HUMAN",-0.164656384811952,13.0239488857655,-0.641607691466809,0.533637202671779,0.912613568562101,-5.94004754495676,0.0397130785089623,"Q9H2M9"
"2278",0.0827836297327195,14.8091205094762,0.523074701054292,0.610510634945993,0.892302758722781,-6.12042745942866,0.0494877643083788,"TMED8","sp|Q6PL24|TMED8_HUMAN",-0.104162258844855,14.6304774739272,-0.663923536930756,0.519755159865228,0.908128509918929,-5.92548869464224,0.0418526898054166,"Q6PL24"
"2279",0.25196622472306,16.7090668684454,0.523047794893038,0.610528791103937,0.892302758722781,-6.12044182784375,0.0494877643083788,"TNIK","sp|Q9UKE5|TNIK_HUMAN",-0.162066306087272,16.323988338994,-0.286619821624978,0.779472971605793,0.972583004796852,-6.10733641219741,0.0120733236917914,"Q9UKE5"
"2280",0.070153060277271,18.6956720142212,0.522725048686743,0.61074659990778,0.892302758722781,-6.12061412568709,0.0494877643083788,"NELL2","sp|Q99435|NELL2_HUMAN",0.231054748062893,18.7257798077075,2.0200445861661,0.0671591544152299,0.609740800734631,-4.3493592208771,0.214854743241087,"Q99435"
"2281",-0.273826682104999,8.43123157535924,-0.4164044059367,0.685183484885268,0.920086489750631,-6.12088542936547,0.036171346289296,"FKBP5","sp|Q13451|FKBP5_HUMAN",2.16495785460486,7.69567899095937,5.95474874442204,0.000167813246874124,0.0506338333068379,1.15654301641892,1.29555919248304,"Q13451"
"2282",0.0774325204853969,16.9408065427885,0.521837289497699,0.611345914715435,0.892302758722781,-6.12108753220006,0.0494877643083788,"PIMT","sp|P22061|PIMT_HUMAN",0.213973122224761,17.0025321135963,1.63402031628754,0.129158365220217,0.705060220667596,-4.90919855109256,0.151773787424645,"P22061"
"2283",0.0552246465359531,16.5922050749905,0.521433943201182,0.611618305859992,0.892302758722781,-6.12130236712628,0.0494877643083788,"FLOT1","sp|O75955|FLOT1_HUMAN",-0.0211834549994673,16.7351210126073,-0.142785275852835,0.888917018541261,0.986191942633613,-6.13924308455992,0.00603855005478495,"O75955"
"2284",0.126219960269878,22.2653337994441,0.52135424929979,0.611672132586703,0.892302758722781,-6.12134479586082,0.0494877643083788,"TBB1","sp|Q9H4B7|TBB1_HUMAN",0.0939734462615521,22.2878033502562,0.525437278133566,0.609205210797934,0.928468578954848,-6.00828846739027,0.032232788981201,"Q9H4B7"
"2285",0.128054911633668,10.9832781400992,0.520619409257566,0.612168568718347,0.892302758722781,-6.12173573046358,0.0494877643083788,"ZMY11","sp|Q15326|ZMY11_HUMAN",0.0357887397991386,9.99658611579807,0.0883203841958731,0.931132839713542,0.986837723161755,-6.1457673495538,0.00575425739079757,"Q15326"
"2286",-0.130031900124887,13.5549743065082,-0.520585270200322,0.612191636947835,0.892302758722781,-6.12175387964283,0.0494877643083788,"GBG5","sp|P63218|GBG5_HUMAN",-0.384131793417982,13.672734525357,-2.05124886790485,0.0636008018280974,0.609740800734631,-4.30158224952737,0.214854743241087,"P63218"
"2287",0.115790086488125,14.618183965128,0.520383056505974,0.612328284424563,0.892302758722781,-6.12186135823713,0.0494877643083788,"NDUC1","sp|O43677|NDUC1_HUMAN",0.0902913028223082,13.8298297771871,0.414639285613386,0.685992942162087,0.953955901060617,-6.06127295807964,0.0204717011540782,"O43677"
"2288",0.0643807015263611,24.6213112488536,0.52022786306946,0.612433167933262,0.892302758722781,-6.12194381807887,0.0494877643083788,"KV320","sp|P01619|KV320_HUMAN",0.283426710327073,24.2776886918478,1.78588474986907,0.100336612277046,0.66490992145975,-4.69651367906682,0.177237186670997,"P01619"
"2289",-0.137176397394441,13.2091162106629,-0.519445962065592,0.612961732180509,0.892452882093742,-6.1223589132147,0.0494147036044081,"RUVB2","sp|Q9Y230|RUVB2_HUMAN",0.0604195714053843,13.338085260874,0.392316899727292,0.70195754194001,0.956136992772092,-6.07048592831756,0.0194798787044241,"Q9Y230"
"2290",0.0909249979583541,17.5601408521015,0.519279944013362,0.613073989507,0.892452882093742,-6.12244697211112,0.0494147036044081,"SLIP","sp|Q68CJ6|SLIP_HUMAN",-0.0111588916795396,17.7194592765677,-0.0771830244663194,0.939797049163808,0.988040648929326,-6.14672339004825,0.00522518775796543,"Q68CJ6"
"2291",-0.134388431883871,10.4835260860011,-0.518301953822588,0.613735490569623,0.892648390555281,-6.12296517015879,0.0493195737116093,"RL13","sp|P26373|RL13_HUMAN",0.0822913060332857,10.097483381958,0.143164003754737,0.888624554089573,0.986191942633613,-6.13918698338033,0.00603855005478495,"P26373"
"2292",-0.0699509480449935,16.1210803741443,-0.518286129587089,0.613746196820473,0.892648390555281,-6.12297354712727,0.0493195737116093,"STK3","sp|Q13188|STK3_HUMAN",0.0280155792129699,16.0705934588852,0.258129261290185,0.80084295208287,0.973599473204371,-6.11533743206576,0.0116196697661764,"Q13188"
"2293",0.135991961805585,10.6189002710455,0.516932788873674,0.614662174816055,0.892727285855886,-6.12368906989955,0.0492811909844602,"MTFR1","sp|Q15390|MTFR1_HUMAN",0.712249195430015,10.7197707294559,1.6870426995187,0.118352662459837,0.697332628869831,-4.83618273556317,0.15656001325975,"Q15390"
"2294",0.116770763948135,17.2070262229087,0.5166280803715,0.61486850363618,0.892727285855886,-6.12384992559393,0.0492811909844602,"RAB15","sp|P59190|RAB15_HUMAN",-0.182883794484796,17.3731089372248,-0.985005375725772,0.344779280345718,0.842302006615039,-5.66717397975386,0.0745321646880175,"P59190"
"2295",-0.101280745628319,13.7242162514404,-0.516539654073352,0.614928386633466,0.892727285855886,-6.12389658890946,0.0492811909844602,"KTHY","sp|P23919|KTHY_HUMAN",-0.0147936532576038,13.723431266865,-0.0655192097638469,0.948879464028605,0.988571809281324,-6.14758682026647,0.00499177830587694,"P23919"
"2296",-0.137580361511062,13.7591355334111,-0.516309704933882,0.615084123607005,0.892727285855886,-6.12401789934506,0.0492811909844602,"AL9A1","sp|P49189|AL9A1_HUMAN",-0.119728929314369,13.7050531313282,-0.410831614087488,0.68870517563778,0.953955901060617,-6.06287946495518,0.0204717011540782,"P49189"
"2297",-0.0800291085891143,21.618499717408,-0.51504608484872,0.615940281549375,0.892727285855886,-6.12468360597745,0.0492811909844602,"FA7","sp|P08709|FA7_HUMAN",-0.0687624665011742,21.4623578160403,-0.533426360159584,0.603838349845063,0.926984034752897,-6.00400669015305,0.0329277455517564,"P08709"
"2298",-0.0962150223521243,13.5347173968579,-0.514794363468303,0.616110904432883,0.892727285855886,-6.12481603304684,0.0492811909844602,"GIT2","sp|Q14161|GIT2_HUMAN",0.170609878561995,13.4770434666875,0.82002686353761,0.428777160032985,0.872187078027514,-5.81102786881978,0.0593903519470659,"Q14161"
"2299",0.10472169430659,16.6307549611434,0.514509688409618,0.616303892372572,0.892727285855886,-6.12496572209351,0.0492811909844602,"CRKL","sp|P46109|CRKL_HUMAN",-0.336667812979686,16.5993561230679,-2.17578345049381,0.0510864686589268,0.589635363006715,-4.10786941692943,0.229416477831962,"P46109"
"2300",0.0835243519174624,15.4609662088188,0.513696566889252,0.616855291685626,0.892727285855886,-6.12539284560593,0.0492811909844602,"ACADV","sp|P49748|ACADV_HUMAN",-0.201294001742661,15.4046837834582,-1.03113975522657,0.323556482815662,0.823872143869656,-5.62297500445462,0.0841401809245796,"P49748"
"2301",-0.0677014848833313,14.411837197523,-0.513450435292006,0.617022248240388,0.892727285855886,-6.12552200853166,0.0492811909844602,"HPRT","sp|P00492|HPRT_HUMAN",-0.191961073336321,14.660049038013,-1.05041370900518,0.314981153962575,0.816736289063895,-5.60401581445074,0.0879181474969977,"P00492"
"2302",0.380237470048151,16.9879345793907,0.513284090312161,0.617135096424311,0.892727285855886,-6.12560926820701,0.0492811909844602,"SNTB1","sp|Q13884|SNTB1_HUMAN",-0.000703997639301007,16.061327151703,-0.00143413489583438,0.99888016501001,0.99998415467369,-6.14981321312106,6.88159230085131e-06,"Q13884"
"2303",0.106134851208248,17.3091322079455,0.513280544946689,0.617137501706133,0.892727285855886,-6.12561112770735,0.0492811909844602,"CTL1","sp|Q8WWI5|CTL1_HUMAN",-0.185090006874336,17.4159549240055,-1.01425724229081,0.331208492907462,0.830900217656741,-5.63934398859101,0.0804511272664281,"Q8WWI5"
"2304",0.161616250859925,13.1324128787345,0.51304529318106,0.617297113901554,0.892727285855886,-6.1257344869328,0.0492811909844602,"PFD4","sp|Q9NQP4|PFD4_HUMAN",0.0581432851608782,13.0238841118502,0.207516889475085,0.839215046435651,0.979552680786868,-6.12750834567435,0.00897220248720586,"Q9NQP4"
"2305",-0.0864151101255364,15.1382949490416,-0.512438859965915,0.617708657243417,0.892933376912413,-6.12605223386508,0.0491809432600377,"RASH","sp|P01112|RASH_HUMAN",0.00881010685473076,15.0696828143966,0.05436501291678,0.957572120399323,0.989471316190957,-6.14828058951441,0.00459679104883991,"P01112"
"2306",0.10867699179085,19.1174877532315,0.510954028018156,0.618716880177486,0.8933367972708,-6.12682871105697,0.0489847766990706,"CBG","sp|P08185|CBG_HUMAN",0.227128255749753,18.9518358499908,1.20164512846813,0.253529008855429,0.777364072933162,-5.44556108695078,0.109375534823134,"P08185"
"2307",0.121830041458394,10.3270710584695,0.400488419342609,0.696522937963345,0.922241171268979,-6.12759487634679,0.0351554936370958,"S61A1","sp|P61619|S61A1_HUMAN",-0.286502650820211,9.42624386397623,-0.527356176496407,0.607913948638015,0.928468578954848,-6.00726563205318,0.032232788981201,"P61619"
"2308",0.0865737629035681,15.3167185233851,0.509452787243634,0.619737070106518,0.8933367972708,-6.12761158006719,0.0489847766990706,"COX41","sp|P13073|COX41_HUMAN",-0.133591045201189,15.4035728076745,-0.647376315824578,0.530028427636255,0.912613568562101,-5.93632827857042,0.0397130785089623,"P13073"
"2309",-0.113188212394299,14.7334280729879,-0.509268324324438,0.619862481713442,0.8933367972708,-6.12770762214995,0.0489847766990706,"GRAN","sp|P28676|GRAN_HUMAN",-0.069629519291347,15.0518421766866,-0.311311358525883,0.761103528613918,0.967484722891457,-6.09973564866864,0.0143558840003405,"P28676"
"2310",0.102476005608234,14.5829785430988,0.508014568106086,0.620715209416187,0.8933367972708,-6.1283595192903,0.0489847766990706,"CC085","sp|A0A1B0GTC6|CC085_HUMAN",-0.371067547353976,14.576577008315,-2.66909524121926,0.0210129249476607,0.527621436125473,-3.30484761509479,0.27767756831542,"A0A1B0GTC6"
"2311",0.20753419331998,11.5243682073482,0.507841784137379,0.620832771636538,0.8933367972708,-6.12844923878133,0.0489847766990706,"PREX1","sp|Q8TCU6|PREX1_HUMAN",0.0325584661551926,11.5023594297324,0.15903681250292,0.876383126576615,0.985671161337779,-6.13670265456094,0.00626794980151444,"Q8TCU6"
"2312",0.143282250295465,10.8159083511136,0.507698491932043,0.620930275962048,0.8933367972708,-6.12852362229836,0.0489847766990706,"ATP68","sp|P56378|ATP68_HUMAN",-0.433004485960844,10.6107316024508,-0.969537436171833,0.352115935141201,0.845081497853297,-5.68161429206046,0.0731014065991187,"P56378"
"2313",0.122374035280331,13.2718352355307,0.50720564384343,0.62126569583053,0.8933367972708,-6.12877930834357,0.0489847766990706,"P3IP1","sp|Q96FE7|P3IP1_HUMAN",0.0507628032583742,13.2887775268087,0.210777425004001,0.836728751963112,0.979496539518255,-6.1268033037895,0.00899709399367683,"Q96FE7"
"2314",-0.0639853172370738,22.459338992487,-0.506820903761406,0.621527601983002,0.8933367972708,-6.12897874369583,0.0489847766990706,"PLDX1","sp|Q8IUK5|PLDX1_HUMAN",0.060905664795313,22.4049550166316,0.447283068083154,0.662931861981676,0.945133526596728,-6.04691192685508,0.0245068308900952,"Q8IUK5"
"2315",-0.267703443234254,21.3218004501837,-0.506587236176948,0.62168669420816,0.8933367972708,-6.12909979788801,0.0489847766990706,"ATS13","sp|Q76LX8|ATS13_HUMAN",-0.479026034291242,21.2546310013793,-1.52130665873564,0.155041665530083,0.728883053370811,-5.05961594830625,0.137342147059245,"Q76LX8"
"2316",-0.28025007945071,10.6206534078316,-0.506140787535759,0.621990713656693,0.8933367972708,-6.12933093732261,0.0489847766990706,"EIPR1","sp|Q53HC9|EIPR1_HUMAN",-0.727935132623197,9.45095265152549,-2.23262296492987,0.0461841163968218,0.589635363006715,-4.01798233066497,0.229416477831962,"Q53HC9"
"2317",-0.125674996520712,10.6083369084261,-0.505806593096624,0.622218338745084,0.8933367972708,-6.12950383194072,0.0489847766990706,"HERC2","sp|O95714|HERC2_HUMAN",0.354920729290172,11.0799602234085,1.48568248250702,0.164103654832105,0.728883053370811,-5.10571835051713,0.137342147059245,"O95714"
"2318",0.0658403232501235,16.1234428618355,0.505371507638968,0.622514743474951,0.8933367972708,-6.12972875860103,0.0489847766990706,"SDCB1","sp|O00560|SDCB1_HUMAN",-0.0947523622853279,16.2820903869283,-0.607537140059397,0.555235459180432,0.913137076706219,-5.96138186457671,0.0394640229163576,"O00560"
"2319",0.11954829723259,23.9623499537135,0.50535594450738,0.622525347238717,0.8933367972708,-6.12973680086249,0.0489847766990706,"HEMO","sp|P02790|HEMO_HUMAN",0.244693616541477,23.4873255339725,1.19049526978192,0.257713337175794,0.777929443098344,-5.45781216701245,0.109059791008534,"P02790"
"2320",0.0531347287358796,15.1258652669933,0.504791232965113,0.62291016691494,0.8933367972708,-6.13002845577399,0.0489847766990706,"ITAV","sp|P06756|ITAV_HUMAN",0.198879746986259,15.0896681177665,2.22376111840831,0.046917829613923,0.589635363006715,-4.03205278710006,0.229416477831962,"P06756"
"2321",-0.0709584642148449,15.833094839577,-0.504029395876714,0.623429501218354,0.8933367972708,-6.13042142523374,0.0489847766990706,"BAIP3","sp|O94812|BAIP3_HUMAN",-0.12553378847333,15.7084861403501,-0.928137696591004,0.372300791485613,0.858429459099652,-5.71931082958896,0.0662953869124561,"O94812"
"2322",-0.084750036436178,15.7339635947944,-0.50396913851165,0.623470586906612,0.8933367972708,-6.13045248284903,0.0489847766990706,"ANXA5","sp|P08758|ANXA5_HUMAN",-0.244125664591672,15.9521978911078,-1.20292303908584,0.253052875706793,0.777364072933162,-5.44415136235148,0.109375534823134,"P08758"
"2323",-0.0572095674025153,14.759844265575,-0.50388384018525,0.623528748707449,0.8933367972708,-6.13049644090475,0.0489847766990706,"MFNG","sp|O00587|MFNG_HUMAN",-0.119287999892475,14.845884517445,-0.936942396349073,0.367941050853784,0.854052682405479,-5.71141080880953,0.0685153389452927,"O00587"
"2324",-0.146172159779942,10.178531940322,-0.50383112122447,0.623564697160216,0.8933367972708,-6.13052360579161,0.0489847766990706,"GIMA4","sp|Q9NUV9|GIMA4_HUMAN",-0.415389870896824,10.1744937131389,-1.78754684944806,0.100055980723346,0.66490992145975,-4.69412737338024,0.177237186670997,"Q9NUV9"
"2325",0.0646480257942876,19.5546122844913,0.503764920335475,0.623609840219972,0.8933367972708,-6.13055771375934,0.0489847766990706,"MMP19","sp|Q99542|MMP19_HUMAN",0.0104498739520695,19.5689746907456,0.0709517445772917,0.944648221865977,0.988040648929326,-6.1472022136933,0.00522518775796543,"Q99542"
"2326",0.0836031794875592,16.4464549093481,0.503304826515553,0.623923627011023,0.8933367972708,-6.13079464445,0.0489847766990706,"CH10","sp|P61604|CH10_HUMAN",0.0148146625005038,16.5840312677302,0.0922632563356329,0.928067674566413,0.9867756198111,-6.14539809308717,0.00578158912991695,"P61604"
"2327",-0.0821646145200347,14.6814487729526,-0.502559856269474,0.624431864791421,0.8933367972708,-6.1311778363181,0.0489847766990706,"CHM4B","sp|Q9H444|CHM4B_HUMAN",-0.121440911834902,14.5295830465761,-0.92112987289648,0.375796643291409,0.858429459099652,-5.725553019497,0.0662953869124561,"Q9H444"
"2328",0.0563673294178574,15.9904935611885,0.502420908016837,0.624526681206437,0.8933367972708,-6.13124924731171,0.0489847766990706,"PTPRB","sp|P23467|PTPRB_HUMAN",0.073476750033217,16.0757906100863,0.701637433841436,0.496781599502699,0.903151205766242,-5.89984300702806,0.0442395339250954,"P23467"
"2329",0.110312877253932,16.5899834776355,0.502336785766209,0.624584088511168,0.8933367972708,-6.13129247187423,0.0489847766990706,"RB39A","sp|Q14964|RB39A_HUMAN",-0.22340857620126,16.7676904123777,-1.22594150284312,0.244596967026281,0.771689480570559,-5.41856287259794,0.112557419876128,"Q14964"
"2330",0.0647426839152567,15.1792151657462,0.501667759760627,0.625040741647626,0.8933367972708,-6.13163599109905,0.0489847766990706,"CHSTA","sp|O43529|CHSTA_HUMAN",0.00127540472578183,15.4010560798579,0.00733459571013694,0.994272881869786,0.999391791316117,-6.14978636101152,0.000264222034471317,"O43529"
"2331",0.0924915130472496,15.4748246498737,0.501560241655171,0.625114144827504,0.8933367972708,-6.13169115665953,0.0489847766990706,"SPON1","sp|Q9HCB6|SPON1_HUMAN",0.247181980452402,15.2735701154793,1.72600341281928,0.110931982295271,0.68308580563637,-4.78166589969548,0.165524739109415,"Q9HCB6"
"2332",0.292771833540262,8.94360840758648,0.501499455963786,0.625155645400233,0.8933367972708,-6.13172233967074,0.0489847766990706,"LDH6B","sp|Q9BYZ2|LDH6B_HUMAN",-0.163482176175049,8.81145552807074,-0.225903735497785,0.825218917409946,0.977505666396101,-6.12338991475296,0.00988071641043172,"Q9BYZ2"
"2333",-0.0947258074247797,15.994373757374,-0.500963975523712,0.62552129512328,0.8933367972708,-6.1319968844034,0.0489847766990706,"ARF3","sp|P61204|ARF3_HUMAN / sp|P84077|ARF1_HUMAN",-0.583430314363975,16.083914851697,-2.64575967186245,0.0219252560650603,0.531167334890038,-3.34375259687395,0.274768640554956,"P61204"
"2334",0.223149308885828,10.3762969053749,0.500959767465769,0.625524168983832,0.8933367972708,-6.13199904079361,0.0489847766990706,"DOC11","sp|Q5JSL3|DOC11_HUMAN",0.107179794060114,10.9702445711241,0.379205697047793,0.711405108184787,0.959818517912726,-6.07566610853742,0.0178108754186703,"Q5JSL3"
"2335",-0.206825408100183,11.1410584250607,-0.499624791475786,0.62643620493866,0.894254522232866,-6.13268226462767,0.0485388549521955,"VCIP1","sp|Q96JH7|VCIP1_HUMAN",-0.470965290030397,11.2151143282332,-1.07317786954642,0.30507247379511,0.811326554908629,-5.58125465278053,0.090804309229161,"Q96JH7"
"2336",0.102743718815987,12.8577055748215,0.499218982000062,0.626713576102861,0.894265846554341,-6.13288960683272,0.0485333553331652,"HNRL2","sp|Q1KMD3|HNRL2_HUMAN",0.153883053174749,13.2001477954199,0.459047611192967,0.654707283313438,0.94272168039796,-6.04147905132792,0.0256165050444603,"Q1KMD3"
"2337",-0.201334313557851,13.2158886952631,-0.497939478910763,0.627588508166855,0.895129462228531,-6.13354229325879,0.0481141482981783,"NDUS7","sp|O75251|NDUS7_HUMAN",0.0645010049414201,13.0054056287584,0.342741344669427,0.737941496629013,0.965162287770973,-6.08916923149617,0.0153996558193429,"O75251"
"2338",0.0540431480897639,15.4059547966267,0.496277811530854,0.628725650138007,0.896157864858727,-6.13438753052743,0.0476154794025902,"CAD19","sp|Q9H159|CAD19_HUMAN",0.122947982634192,15.5988473532831,0.863858748691299,0.405224723323467,0.867345430800147,-5.77503447238764,0.0618079050462365,"Q9H159"
"2339",0.0956230939048456,14.3730495318336,0.496079668678445,0.628861313331342,0.896157864858727,-6.13448813887003,0.0476154794025902,"COPG2","sp|Q9UBF2|COPG2_HUMAN",-0.0595328575818746,14.6165486024951,-0.307932217871209,0.763608753112875,0.968073892888324,-6.10081230969413,0.0140914918146851,"Q9UBF2"
"2340",-0.0695018195900482,15.4032234599176,-0.495386963213716,0.629335701796989,0.896157864858727,-6.13483956212652,0.0476154794025902,"GTPB2","sp|Q9BX10|GTPB2_HUMAN",0.197795379457608,15.3130781707866,1.26301744316905,0.23145163553636,0.765127468471293,-5.37657807161737,0.116266206359959,"Q9BX10"
"2341",0.0530695065746488,27.5660495568333,0.495308320371116,0.62938957004691,0.896157864858727,-6.13487942946386,0.0476154794025902,"ENO1","sp|P00924|ENO1_YEAST",-0.058821237563287,27.5477820062815,-0.610059288154297,0.553620113549621,0.912613568562101,-5.9598397696063,0.0397130785089623,"P00924"
"2342",-0.102280424690143,12.2478780003955,-0.494351451559069,0.63004517810914,0.89648141126565,-6.13536402031951,0.047458711197672,"CAD15","sp|P55291|CAD15_HUMAN",0.155475540887652,12.0221973672518,0.557590549115739,0.587753697196467,0.923616858095106,-5.99068301536345,0.0345081488266848,"P55291"
"2343",-0.142483554362272,10.9894168861666,-0.494188272253905,0.630157014908937,0.89648141126565,-6.13544657023104,0.047458711197672,"VP33B","sp|Q9H267|VP33B_HUMAN",-0.37806812414539,10.9561750724616,-1.212576244651,0.249478999287202,0.77493142529046,-5.43346541329056,0.110736727088038,"Q9H267"
"2344",-0.0899599194127366,14.3784017716812,-0.491065158748857,0.632299320024587,0.899143720292033,-6.13702147053144,0.0461708845280613,"HCDH","sp|Q16836|HCDH_HUMAN",0.0753135467112103,14.4204271094282,0.37137395874788,0.717072643133761,0.960820446915146,-6.07867854980992,0.0173577634237046,"Q16836"
"2345",-0.0868811518645787,13.6282854656992,-0.490128349236667,0.632942607958121,0.899489070445118,-6.13749201130965,0.046004109332563,"KNDC1","sp|Q76NI1|KNDC1_HUMAN",-0.228834612467345,13.8208319675851,-1.75978957585575,0.104836596527102,0.672549858855041,-4.73381951857947,0.172275514116677,"Q76NI1"
"2346",0.124926544007787,11.9047926342988,0.489412582286752,0.633434322051214,0.899489070445118,-6.13785094608155,0.046004109332563,"C2C2L","sp|O14523|C2C2L_HUMAN",0.37843982944247,11.7808050591995,1.38224328946551,0.193007643027146,0.752526853111309,-5.23538828986337,0.123477998126165,"O14523"
"2347",0.13650892138741,10.6462496619902,0.489058273891995,0.633677790853764,0.899489070445118,-6.13802843450746,0.046004109332563,"TENS1","sp|Q9HBL0|TENS1_HUMAN",0.15762130319918,9.89272789119808,0.222452398577792,0.827841447964262,0.977505666396101,-6.12418938072774,0.00988071641043172,"Q9HBL0"
"2348",0.0934787045884506,17.9292825858079,0.488892179552012,0.63379194072921,0.899489070445118,-6.13811159591123,0.046004109332563,"RAB8B","sp|Q92930|RAB8B_HUMAN",-0.134054824181654,18.0291809843099,-0.920110072486259,0.376307280662502,0.858429459099652,-5.72645802546911,0.0662953869124561,"Q92930"
"2349",0.0757678878630131,21.2971120455317,0.488738977695808,0.63389723885843,0.899489070445118,-6.13818827818244,0.046004109332563,"LV211","sp|P01706|LV211_HUMAN",0.218059594678384,21.2824563320905,1.78032235161304,0.101280950740301,0.666682972203156,-4.70449092588358,0.176080637078796,"P01706"
"2350",-0.113590765340461,20.1629952200557,-0.488267223842354,0.634221535573271,0.899564648105849,-6.13842426078636,0.0459676201930877,"LV469","sp|A0A075B6H9|LV469_HUMAN",0.331248974374471,19.8688227928479,2.3329466336182,0.0386065068003741,0.566969009161247,-3.85735012823115,0.246440679234246,"A0A075B6H9"
"2351",0.158618158162002,12.5218669967757,0.487165036838096,0.634979518886633,0.900106264227652,-6.13897474903485,0.0457062158457722,"RSBNL","sp|Q6PCB5|RSBNL_HUMAN",-1.09337083647066,11.9467175130631,-2.44158991211622,0.0317513892966955,0.564461874265568,-3.68090367854704,0.248365386520688,"Q6PCB5"
"2352",-0.265263045186346,9.28962420153152,-0.486923348101922,0.63514578813533,0.900106264227652,-6.13909530111042,0.0457062158457722,"PP4R1","sp|Q8TF05|PP4R1_HUMAN",-0.104724111218662,8.79354644249934,-0.215072603091119,0.83380556295561,0.977880093091756,-6.0755944941651,0.00971439480458123,"Q8TF05"
"2353",0.0953514721632387,17.7729512971383,0.483199889515619,0.637709957252161,0.902159618690623,-6.14094527076361,0.0447166161346967,"IGF1","sp|P05019|IGF1_HUMAN",-0.135958536805855,17.8288226014397,-0.652476034827616,0.526849853287352,0.911686477091096,-5.93301459398397,0.0401544869775934,"P05019"
"2354",0.298941178458504,10.6544892354409,0.482346304991202,0.63829847304923,0.902159618690623,-6.14136744616016,0.0447166161346967,"AGFG1","sp|P52594|AGFG1_HUMAN",-0.216528626507261,10.4779413151723,-0.484859663461925,0.636828924028679,0.939393421711637,-6.02908409462072,0.0271524853751877,"P52594"
"2355",0.0643743617425909,17.1786310298321,0.482020548439253,0.638523138411714,0.902159618690623,-6.1415283735064,0.0447166161346967,"PSB10","sp|P40306|PSB10_HUMAN",0.0715847677655509,17.2014910869237,0.589265127855004,0.567015544720867,0.914734232457629,-5.9723749820431,0.0387050678382534,"P40306"
"2356",0.080549783673341,14.5446564787542,0.481831110631685,0.638653805723796,0.902159618690623,-6.14162190986848,0.0447166161346967,"KAD1","sp|P00568|KAD1_HUMAN",-0.192012717217412,14.6186190349487,-1.21882664823439,0.247186331151892,0.772515473722344,-5.4265115553762,0.112092812764067,"P00568"
"2357",0.0670867730472113,17.6059178032055,0.481533187967178,0.638859327598592,0.902159618690623,-6.14176894002064,0.0447166161346967,"MEGF9","sp|Q9H1U4|MEGF9_HUMAN",0.0293639758478092,17.6366167809968,0.260563302493024,0.799010343433197,0.973599473204371,-6.11468615807931,0.0116196697661764,"Q9H1U4"
"2358",0.110166184364994,14.7740480474133,0.481464610620408,0.638906640103223,0.902159618690623,-6.14180277179908,0.0447166161346967,"GARS","sp|P41250|GARS_HUMAN",-0.168157849495494,14.448657487848,-0.649433886883364,0.528744647344491,0.912613568562101,-5.93499421290351,0.0397130785089623,"P41250"
"2359",0.068698669075748,18.3747849775356,0.48142755416753,0.638932206577949,0.902159618690623,-6.14182105121176,0.0447166161346967,"IGHD","sp|P01880|IGHD_HUMAN",0.0902258509393339,18.6073828391884,0.649137924475926,0.528929196584317,0.912613568562101,-5.93518634732689,0.0397130785089623,"P01880"
"2360",0.109929483114807,20.3681560539158,0.481425168341342,0.638933852655109,0.902159618690623,-6.14182222805904,0.0447166161346967,"ITA6","sp|P23229|ITA6_HUMAN",0.071759942351741,20.355614000401,0.363955872586956,0.722457184745261,0.962413436307593,-6.08147532430047,0.016638322416434,"P23229"
"2361",0.0996387986013187,20.4810778315921,0.481128450631959,0.639138585770342,0.902159618690623,-6.14196854518948,0.0447166161346967,"PSB8","sp|P28062|PSB8_HUMAN",0.0144958429814522,20.4138341078344,0.0667597395033247,0.94791310276776,0.988571809281324,-6.14750169015733,0.00499177830587694,"P28062"
"2362",0.090079808924229,23.9948217874619,0.480875894350231,0.639312872298989,0.902159618690623,-6.14209301722062,0.0447166161346967,"PLMN","sp|P00747|PLMN_HUMAN",0.152808888766759,23.8090523142185,0.976326267004627,0.348882194772597,0.844428376563205,-5.67530013054419,0.0734371808857621,"P00747"
"2363",0.0498565074558978,18.7619264660458,0.479798910252001,0.640056340635954,0.90278998329342,-6.14262310272413,0.0444132681859103,"MA2A1","sp|Q16706|MA2A1_HUMAN",-0.0188084016965332,18.7807241195518,-0.15755139251016,0.877527343328578,0.985955738831263,-6.1369461657735,0.00614258081213647,"Q16706"
"2364",0.0562864948451752,17.0281217538529,0.479440874965708,0.640303591645891,0.90278998329342,-6.14279907278334,0.0444132681859103,"PAPOG","sp|Q9BWT3|PAPOG_HUMAN",-0.157456287587322,16.9860211412156,-1.45083243865129,0.173402383260162,0.737165441399294,-5.15011583232687,0.132435032868846,"Q9BWT3"
"2365",-0.103637247521677,13.95350970111,-0.476502578612046,0.642334415177023,0.9046931766122,-6.14423844121405,0.0434986852120352,"TOM70","sp|O94826|TOM70_HUMAN",-0.185637332347964,13.6638637821861,-1.04903959528369,0.315586868399531,0.817668084479346,-5.60537700869026,0.0874229534586223,"O94826"
"2366",0.0907790594530913,14.1101087062866,0.476270394436306,0.642495020057308,0.9046931766122,-6.14435181753656,0.0434986852120352,"MYO1G","sp|B0I1T2|MYO1G_HUMAN",-0.0103631210293513,14.2575626722268,-0.0596753089195088,0.953432929811116,0.989471316190957,-6.14796638948743,0.00459679104883991,"B0I1T2"
"2367",0.0607137977411508,16.9381453541219,0.475986488697086,0.64269142710309,0.9046931766122,-6.14449037748766,0.0434986852120352,"INHBC","sp|P55103|INHBC_HUMAN",0.0923282160683386,16.8280441943932,0.762221908637658,0.461189604990903,0.891272360498841,-5.85594710011575,0.0499895612977875,"P55103"
"2368",0.0675665574181464,15.6980849145088,0.475501406510652,0.643027074088859,0.9046931766122,-6.14472693763743,0.0434986852120352,"PHB1","sp|P35232|PHB1_HUMAN",-0.167191498455492,15.7141484710907,-1.50005867614712,0.160393534562201,0.728883053370811,-5.08719993859174,0.137342147059245,"P35232"
"2369",-0.0526271820354569,16.0081952926788,-0.47523866897515,0.643208906666324,0.9046931766122,-6.14485497009975,0.0434986852120352,"PP1B","sp|P62140|PP1B_HUMAN",0.000283329899022814,16.1100624816765,0.00187937941782948,0.998532499086781,0.99998415467369,-6.14981244744658,6.88159230085131e-06,"P62140"
"2370",-0.0720983050712353,15.9020177539087,-0.47512307788491,0.643288911360287,0.9046931766122,-6.14491127629058,0.0434986852120352,"TIMD4","sp|Q96H15|TIMD4_HUMAN",-0.232943216935441,16.0669568648911,-2.18137837770707,0.0505828261147903,0.589635363006715,-4.09906011788393,0.229416477831962,"Q96H15"
"2371",-0.0701882102967242,14.698438290988,-0.473316094506665,0.644540195797795,0.905898748726463,-6.14578977328778,0.0429203402113656,"ZCCHV","sp|Q7Z2W4|ZCCHV_HUMAN",0.196952553175123,14.4383164370878,1.0116735095087,0.332391194327925,0.831639201298847,-5.64182939460252,0.0800650473510164,"Q7Z2W4"
"2372",0.0842188329945528,13.6811081438624,0.472783794107362,0.64490901598326,0.905898748726463,-6.14604794670537,0.0429203402113656,"SQOR","sp|Q9Y6N5|SQOR_HUMAN",0.0869979397137291,13.816153816769,0.475265331863908,0.64344715054227,0.940765473701383,-6.03376730648056,0.0265186296779271,"Q9Y6N5"
"2373",-0.136680791863141,10.9491396420585,-0.472667381493128,0.644989689095148,0.905898748726463,-6.14610437127612,0.0429203402113656,"AATC","sp|P17174|AATC_HUMAN",-0.375441856112958,11.0634115603713,-1.34247966547805,0.205196856635375,0.757046932651169,-5.28349647936695,0.120877195850511,"P17174"
"2374",-0.102477543494664,16.5204485440336,-0.472309229289406,0.645237915634034,0.905898748726463,-6.14627788191806,0.0429203402113656,"AFAD","sp|P55196|AFAD_HUMAN",0.118447831357352,16.2555218923236,0.442123413533584,0.666553646628722,0.947624621531316,-6.04925175041915,0.0233636638037777,"P55196"
"2375",0.144743378056038,12.2645630366032,0.470836304581589,0.646259233206817,0.906161953373601,-6.14699012578065,0.0427941763068843,"PLXD1","sp|Q9Y4D7|PLXD1_HUMAN",-0.0413999224749578,12.1360641519732,-0.164494486615539,0.872181624729286,0.985144468613344,-6.13578842531809,0.00650007679081748,"Q9Y4D7"
"2376",0.0614537724427098,25.0735570426578,0.469878054064382,0.646924083569385,0.906161953373601,-6.14745234580525,0.0427941763068843,"CBPN","sp|P15169|CBPN_HUMAN",0.029933321579208,25.1479411256519,0.290346250949877,0.776691381609664,0.972583004796852,-6.10622890479958,0.0120733236917914,"P15169"
"2377",-0.0563605218401336,15.1953570743099,-0.469291032527691,0.647331526430703,0.906161953373601,-6.14773505288164,0.0427941763068843,"GMPR1","sp|P36959|GMPR1_HUMAN",0.0593748558868331,15.2008527052782,0.507984937059329,0.6210122509883,0.932352002397294,-6.01742805976618,0.0304200921125771,"P36959"
"2378",0.0664305900904242,13.9361292070892,0.469034764234281,0.647509435886467,0.906161953373601,-6.14785836395235,0.0427941763068843,"EIF3C","sp|Q99613|EIF3C_HUMAN / sp|B5ME19|EIFCL_HUMAN",-0.0273496393949117,13.9256420430561,-0.184526877969261,0.856796036897796,0.981603744033063,-6.13216979120451,0.00806379379185243,"Q99613"
"2379",0.100889402976366,18.987817357794,0.46894211329994,0.647573762662084,0.906161953373601,-6.14790292973537,0.0427941763068843,"ZYX","sp|Q15942|ZYX_HUMAN",0.0932004203243901,19.1558872776696,0.514562945092361,0.616548763605174,0.930949474286698,-6.01401777712888,0.0310738889799154,"Q15942"
"2380",-0.0622845196107167,13.6532913909678,-0.468565918830591,0.647834981917834,0.906161953373601,-6.14808379499667,0.0427941763068843,"SNP29","sp|O95721|SNP29_HUMAN",0.112677835332688,13.7287233599165,0.975862645807666,0.349102350243847,0.844428376563205,-5.67573251452712,0.0734371808857621,"O95721"
"2381",0.0663929485204894,24.560286755932,0.468441893510533,0.647921112486741,0.906161953373601,-6.14814339276794,0.0427941763068843,"APOC2","sp|P02655|APOC2_HUMAN",0.0139879270244788,24.4400513299407,0.0947538992288581,0.926132084232724,0.986613644973353,-6.14515654320052,0.00585288249271538,"P02655"
"2382",-0.0762983059820912,16.445072534856,-0.46828294687318,0.648031502284745,0.906161953373601,-6.14821974904551,0.0427941763068843,"CTL2","sp|Q8IWA5|CTL2_HUMAN",-0.185505579988031,16.5186042742295,-1.78344612457338,0.100749639668165,0.666111661471395,-4.70001267219798,0.176452963177932,"Q8IWA5"
"2383",0.0723383791831828,18.4170848782713,0.467725058481515,0.648419029743677,0.906161953373601,-6.14848755528926,0.0427941763068843,"RAB1A","sp|P62820|RAB1A_HUMAN",-0.183120739035391,18.5477601250438,-1.26132673948703,0.232038473149559,0.766165792444393,-5.37851301500353,0.115677242178419,"P62820"
"2384",-0.0839117246853487,14.7870322625732,-0.467676429664751,0.648452814006457,0.906161953373601,-6.14851088428777,0.0427941763068843,"PCD16","sp|Q96JQ0|PCD16_HUMAN",-0.415767837048512,14.7922878552139,-2.53585728920362,0.0267721765520523,0.541810085221108,-3.52602889134664,0.266152915295631,"Q96JQ0"
"2385",0.0527906103816864,17.4956345990082,0.466931483571481,0.648970458182387,0.906161953373601,-6.14886796993276,0.0427941763068843,"MA1A1","sp|P33908|MA1A1_HUMAN",-0.212854516837285,17.6305247208198,-1.87525636688874,0.0862183252450532,0.636341370309331,-4.56654136656329,0.196309841162635,"P33908"
"2386",0.0708855331145973,15.2196606751194,0.466466757904465,0.649293481389172,0.906186138333117,-6.14909045593065,0.0427825853829206,"PLCB2","sp|Q00722|PLCB2_HUMAN",0.268534510515804,15.0971606067579,2.31078788854007,0.0401700287917682,0.574673817068442,-3.89303269310747,0.240578589471024,"Q00722"
"2387",0.177355972877513,10.8428124748146,0.466114959060472,0.649538060588878,0.906186138333117,-6.1492587366965,0.0427825853829206,"DLRB1","sp|Q9NP97|DLRB1_HUMAN / sp|Q8TF09|DLRB2_HUMAN",-1.01291879962562,10.9582975927367,-3.0153656163688,0.0111625302385234,0.431567304626761,-2.72199949390025,0.364951464726011,"Q9NP97"
"2388",0.0582754138809993,17.6596744991249,0.465193970338693,0.650178556717678,0.90669858392688,-6.14969870688007,0.0425370625464801,"AMPN","sp|P15144|AMPN_HUMAN",0.140861744171792,17.570154309973,1.18958078745081,0.258058921487912,0.777929443098344,-5.458813066946,0.109059791008534,"P15144"
"2389",-0.0611214667447392,18.9474292636689,-0.462922244410585,0.651759663398081,0.908108840302405,-6.15078036116954,0.0418620965119978,"CATW","sp|P56202|CATW_HUMAN",-0.133614349745149,19.0978189429483,-0.937786525091784,0.367524971642103,0.854052682405479,-5.71065007276775,0.0685153389452927,"P56202"
"2390",0.0550082256216807,16.8094761437979,0.462111641999452,0.652324266624598,0.908108840302405,-6.15116508468618,0.0418620965119978,"COPB2","sp|P35606|COPB2_HUMAN",-0.178951365581658,16.817335425324,-1.62032527071195,0.132086935280982,0.708220132409959,-4.92782986149872,0.149831731813607,"P35606"
"2391",-0.0990842417833495,11.8962409626528,-0.461640642755073,0.652652431917111,0.908108840302405,-6.15138832926301,0.0418620965119978,"LCN8","sp|Q6JVE9|LCN8_HUMAN",-0.191473382833545,11.9426279044419,-0.5024216357205,0.624799611518881,0.932842964746363,-6.02027959117073,0.0301914594519667,"Q6JVE9"
"2392",0.144590453560182,12.0893130745729,0.461371998379658,0.652839641964968,0.908108840302405,-6.15151556328459,0.0418620965119978,"RNF11","sp|Q9Y3C5|RNF11_HUMAN",0.147010847075545,12.0433014288725,0.698394413613085,0.498732740390975,0.903151205766242,-5.90209933790333,0.0442395339250954,"Q9Y3C5"
"2393",0.047333852914071,16.7891133908613,0.461348333759597,0.65285613429925,0.908108840302405,-6.1515267677847,0.0418620965119978,"LIPC","sp|P11150|LIPC_HUMAN",-0.0095483981647719,16.6855553876635,-0.0892722008360597,0.930392795092868,0.986837723161755,-6.14567968464691,0.00575425739079757,"P11150"
"2394",0.0632369771759898,14.5284315827603,0.460302473359837,0.653585206156338,0.908108840302405,-6.15202139871937,0.0418620965119978,"LRRC7","sp|Q96NW7|LRRC7_HUMAN",-0.0132686620780534,14.5345800659116,-0.0744861536334858,0.941896316614336,0.988040648929326,-6.14693556236928,0.00522518775796543,"Q96NW7"
"2395",0.143899212069066,14.9751882881376,0.459976530867834,0.653812497916683,0.908108840302405,-6.15217532936518,0.0418620965119978,"CDK5","sp|Q00535|CDK5_HUMAN",0.0751765992497824,15.3284493015776,0.354545921813729,0.729310020606546,0.964219667992726,-6.08494377555119,0.0158240140959132,"Q00535"
"2396",0.0762833366312527,14.2986831775288,0.459474193615226,0.654162867337473,0.908108840302405,-6.15241235896124,0.0418620965119978,"SPTN1","sp|Q13813|SPTN1_HUMAN",0.149012170065034,14.4089832745184,0.929003452345333,0.3718704997895,0.858301939361163,-5.71853685348421,0.0663599061714517,"Q13813"
"2397",-0.0619985615566416,16.4887284865793,-0.459291466255699,0.654290337106988,0.908108840302405,-6.15249851758416,0.0418620965119978,"SORL","sp|Q92673|SORL_HUMAN",-0.0665317656550655,16.5507667875187,-0.518627397070195,0.613798839626537,0.929782983745204,-6.01188971181007,0.0316184062419663,"Q92673"
"2398",-0.0541323788187202,15.9152386930812,-0.458909618740379,0.654556748966486,0.908108840302405,-6.15267845762191,0.0418620965119978,"DYN3","sp|Q9UQ16|DYN3_HUMAN",0.0846896243314652,16.0093038016583,0.724559778844412,0.483122779303745,0.899237641029829,-5.8836229312771,0.0461255223383996,"Q9UQ16"
"2399",0.06632663407181,13.9948606386692,0.457979730993917,0.655205731911223,0.908108840302405,-6.15311605006789,0.0418620965119978,"EFNB1","sp|P98172|EFNB1_HUMAN",-0.221136771464333,14.0474616251501,-1.30581892504281,0.216990150084089,0.757046932651169,-5.32695607556498,0.120877195850511,"P98172"
"2400",0.113147240260662,11.6117687421776,0.457916254476461,0.655250043889377,0.908108840302405,-6.1531458900467,0.0418620965119978,"UD3A1","sp|Q6NUS8|UD3A1_HUMAN",0.344242928173652,11.320635177235,0.837500467117147,0.419281353931417,0.871380058403275,-5.79687665754728,0.0597923831477007,"Q6NUS8"
"2401",0.133706253638216,11.2195814038255,0.457519360114785,0.655527140826469,0.908108840302405,-6.15333237758588,0.0418620965119978,"ITPA","sp|Q9BY32|ITPA_HUMAN",-0.146604164585413,11.2750540288316,-0.485233397354278,0.636571778939918,0.939393421711637,-6.02889985079655,0.0271524853751877,"Q9BY32"
"2402",-0.132312852186395,11.667971350887,-0.457311264708329,0.655672446750962,0.908108840302405,-6.15343009243097,0.0418620965119978,"ABR","sp|Q12979|ABR_HUMAN",-0.205595645478858,11.2275137734712,-0.970124393313641,0.35183550121903,0.845081497853297,-5.6810698392074,0.0731014065991187,"Q12979"
"2403",-0.0712888231084006,15.8150250748427,-0.457052382872484,0.655853235668129,0.908108840302405,-6.15355159509955,0.0418620965119978,"PDGFA","sp|P04085|PDGFA_HUMAN",-0.00408088817935093,15.987180905719,-0.0292186924258538,0.977188290311063,0.994976977877517,-6.14937122144848,0.00218696799440344,"P04085"
"2404",0.0638064910674754,14.9767277120245,0.456461551232303,0.656265925513498,0.908108840302405,-6.15382864539363,0.0418620965119978,"E2F6","sp|O75461|E2F6_HUMAN",0.00160105722513592,15.0689612028483,0.0104705128906782,0.991824326751338,0.99872308656462,-6.14975738338215,0.000554910820842213,"O75461"
"2405",-0.145358697394225,12.7763855749544,-0.456343985689902,0.656348057989201,0.908108840302405,-6.15388373250765,0.0418620965119978,"B3GA3","sp|O94766|B3GA3_HUMAN",-0.339114174207378,13.0341747431346,-1.2881511488962,0.222868088098922,0.757046932651169,-5.34758696759676,0.120877195850511,"O94766"
"2406",-0.0705969589892168,17.4143119440128,-0.45632627607732,0.656360430510321,0.908108840302405,-6.15389202942865,0.0418620965119978,"B4GA1","sp|O43505|B4GA1_HUMAN",-0.00546307540284335,17.4318023761042,-0.0433295087528286,0.966177917823727,0.991439396338831,-6.14883999208552,0.00373382774212562,"O43505"
"2407",-0.0728032130711664,14.6088212988327,-0.455469067257144,0.656959432244452,0.908108840302405,-6.15429325887776,0.0418620965119978,"CDC37","sp|Q16543|CDC37_HUMAN",-0.159772576371047,14.4507903022074,-0.834428033271997,0.420940806111561,0.871380058403275,-5.79938397032858,0.0597923831477007,"Q16543"
"2408",0.0940131009795358,13.5296168764233,0.455143706541879,0.65718685358403,0.908108840302405,-6.15444535833284,0.0418620965119978,"PRELP","sp|P51888|PRELP_HUMAN",0.186371130653902,13.5303004421736,1.28478096949675,0.224003869276176,0.757096580578034,-5.35149890301485,0.120848715299633,"P51888"
"2409",0.0847318705598312,20.887184084444,0.455083810814926,0.657228723540832,0.908108840302405,-6.15447334692912,0.0418620965119978,"LV208","sp|P01709|LV208_HUMAN",0.088813935346147,20.7661317461028,0.556577479746437,0.588423507374285,0.923616858095106,-5.99125282165877,0.0345081488266848,"P01709"
"2410",-0.0528460828695361,14.9237944307918,-0.454963029419688,0.657313159168503,0.908108840302405,-6.15452977590352,0.0418620965119978,"LRRF2","sp|Q9Y608|LRRF2_HUMAN",-0.186824863481487,14.9959899624952,-2.16886249614992,0.0517160517770773,0.589635363006715,-4.11875455281501,0.229416477831962,"Q9Y608"
"2411",-0.0969752236018314,21.0355997319126,-0.454720331115396,0.657482839182489,0.908108840302405,-6.1546431206772,0.0418620965119978,"STOM","sp|P27105|STOM_HUMAN",-0.248338276802738,21.2367285877664,-1.58920342093192,0.138959470798284,0.724922900959771,-4.96981125110265,0.139708180281757,"P27105"
"2412",0.138940750176613,8.83960529551283,0.452877471742836,0.658771905661602,0.909510796543617,-6.15550186777605,0.0411921411838001,"CXCR4","sp|P61073|CXCR4_HUMAN",0.472497170035209,8.43066191868481,0.792148276164133,0.445695242023781,0.882088555919457,-5.7828964218438,0.0544878123550715,"P61073"
"2413",-0.13895827179001,15.1098405340541,-0.451539399594566,0.659708596112753,0.910132381849414,-6.15612328223048,0.0408954334753382,"MTSS1","sp|O43312|MTSS1_HUMAN",-0.182180595206695,14.7124889978454,-0.819621818868565,0.428998947621611,0.872187078027514,-5.81135277209538,0.0593903519470659,"O43312"
"2414",0.0898185360847906,11.070248436533,0.451450904428307,0.659770566655526,0.910132381849414,-6.15616431773254,0.0408954334753382,"PP4P1","sp|Q86T03|PP4P1_HUMAN",0.450801358287738,11.0105585875414,1.94449333565803,0.0765557309909007,0.61587755552954,-4.46364878423537,0.210505622646688,"Q86T03"
"2415",0.110574698753611,9.1345557626355,0.322780646669664,0.752959240222477,0.939088147902551,-6.15669304546388,0.0272936405870009,"TNNI2","sp|P48788|TNNI2_HUMAN",-0.0702970429809614,8.36509127369099,-0.120503823025733,0.906344936361824,0.986613644973353,-6.09205708202308,0.00585288249271538,"P48788"
"2416",0.0930416264641295,14.0152394170877,0.450034841014103,0.660762552546002,0.910902410006859,-6.15681989496963,0.040528148895037,"SF3B3","sp|Q15393|SF3B3_HUMAN",0.108684202491815,13.91175227583,0.80303117460583,0.438148267213141,0.876186499124255,-5.82453844348249,0.0574034430101715,"Q15393"
"2417",0.0772713176648002,15.1692343267165,0.448819136375755,0.66161472013674,0.910902410006859,-6.15738112836997,0.040528148895037,"TMPS6","sp|Q8IU80|TMPS6_HUMAN",-0.164525627098766,15.2079746080302,-0.927058909336424,0.372837452000847,0.858429459099652,-5.72027439029484,0.0662953869124561,"Q8IU80"
"2418",-0.0755144017826751,11.8393066692942,-0.448479068610657,0.661853184848054,0.910902410006859,-6.15753785922891,0.040528148895037,"FCRL5","sp|Q96RD9|FCRL5_HUMAN",0.313278541641796,11.7175731235698,2.25380068362865,0.0444747490160124,0.589498724619889,-3.98427626845501,0.229517130163708,"Q96RD9"
"2419",0.0858448312989281,21.0618719275605,0.448295388802299,0.661982002222862,0.910902410006859,-6.1576224660972,0.040528148895037,"HV169","sp|P01742|HV169_HUMAN",0.150188983092323,20.9295449951104,1.00570595263432,0.335134649882957,0.834442537855614,-5.64754973322944,0.0786035647384304,"P01742"
"2420",-0.0632163730104678,16.4632469327106,-0.447325429659338,0.662662436387399,0.910902410006859,-6.15806869509053,0.040528148895037,"SRPX","sp|P78539|SRPX_HUMAN",0.0697822637992641,16.4052116980117,0.503035810053812,0.624380941442517,0.932637418833355,-6.01996626196748,0.0302871639760606,"P78539"
"2421",-0.102536871407682,16.2583038249371,-0.44655206767667,0.663205181636802,0.910902410006859,-6.15842381085952,0.040528148895037,"CZIB","sp|Q9NWV4|CZIB_HUMAN",0.656793652041382,16.1669542485113,2.17423864367932,0.0512263635514726,0.589635363006715,-4.11030021311675,0.229416477831962,"Q9NWV4"
"2422",0.0504902518961488,17.6121427729315,0.446267195954137,0.66340515492354,0.910902410006859,-6.15855446993775,0.040528148895037,"AEBP1","sp|Q8IUX7|AEBP1_HUMAN",0.0159684630052326,17.6349127286769,0.138701726249827,0.892071532009692,0.986270957608317,-6.13983857732965,0.0060037552127469,"Q8IUX7"
"2423",0.153072936456101,10.2355011798191,0.446247417160807,0.663419040180303,0.910902410006859,-6.15856353867619,0.040528148895037,"MP2K4","sp|P45985|MP2K4_HUMAN",0.365740549804488,10.6636452683763,1.31834039727056,0.212901340841022,0.757046932651169,-5.31221045102087,0.120877195850511,"P45985"
"2424",0.126766521353606,11.6729469028179,0.446164502531802,0.663477249951583,0.910902410006859,-6.15860155148612,0.040528148895037,"PSPB","sp|P07988|PSPB_HUMAN",-0.122900194929099,11.423515620395,-0.429275321394122,0.675610512369084,0.952166153101057,-6.05496420133813,0.0212872605665086,"P07988"
"2425",-0.11153248182479,12.8315505052029,-0.445895996753427,0.663665768748831,0.910902410006859,-6.15872460307285,0.040528148895037,"SC24C","sp|P53992|SC24C_HUMAN",-0.296606673516822,12.8046906241677,-1.829523508178,0.0931998123368102,0.650368547620527,-4.63346678731013,0.18684046975891,"P53992"
"2426",0.106278630085058,12.0838064202628,0.445552619840378,0.663906889882081,0.910902410006859,-6.15888186254514,0.040528148895037,"AN32E","sp|Q9BTT0|AN32E_HUMAN",-0.126427913162805,12.3110121310601,-0.507169580421112,0.621566617705226,0.932352002397294,-6.01784785461855,0.0304200921125771,"Q9BTT0"
"2427",-0.0520024004765643,17.8297862605928,-0.445026881517212,0.66427614239432,0.910902410006859,-6.15912241296465,0.040528148895037,"ASPH","sp|Q12797|ASPH_HUMAN",-0.149858980755962,17.9324610550738,-1.55072956604911,0.147884906605875,0.727155562999852,-5.02100564606702,0.138372669023747,"Q12797"
"2428",0.0507380926289417,17.644755105085,0.444819399614558,0.664421892744761,0.910902410006859,-6.1592172703448,0.040528148895037,"COIA1","sp|P39060|COIA1_HUMAN",0.0154429957230019,17.7372965950325,0.118913746371762,0.90738405109501,0.986613644973353,-6.1424802321068,0.00585288249271538,"P39060"
"2429",0.0454581694234342,16.6027407460662,0.444671447010013,0.66452583415555,0.910902410006859,-6.15928488578595,0.040528148895037,"GRN","sp|P28799|GRN_HUMAN",-0.0129351447775146,16.5876745316977,-0.105701617174894,0.917630174002879,0.986613644973353,-6.14401864501418,0.00585288249271538,"P28799"
"2430",-0.0855232149367172,22.8728098075896,-0.44463139310258,0.66455397455381,0.910902410006859,-6.15930318698157,0.040528148895037,"HV741","sp|A0A0J9YVY3|HV741_HUMAN",0.124157112737245,22.6942580527026,0.930554986971018,0.371100242250102,0.858243592276221,-5.71714825620594,0.0663894303717343,"A0A0J9YVY3"
"2431",0.123890306303059,16.0529399589005,0.444167289879185,0.664880075320434,0.910902410006859,-6.1595151261396,0.040528148895037,"TPSN","sp|O15533|TPSN_HUMAN",0.154524893560883,16.1202978603828,1.145912581897,0.274987925951695,0.791574090402146,-5.50591117844003,0.101508429447361,"O15533"
"2432",-0.0530523540564085,16.7373083846244,-0.444004554382235,0.664994437917029,0.910902410006859,-6.15958939091303,0.040528148895037,"PRDX4","sp|Q13162|PRDX4_HUMAN",-0.0985323124149282,16.8541449770894,-0.715490380073618,0.488499203856738,0.900768510021316,-5.89009735037925,0.0453868047340959,"Q13162"
"2433",0.181527765004172,12.9734741412955,0.443300200296379,0.665489525299892,0.911204510920108,-6.159910521524,0.0403841389477644,"AHNK","sp|Q09666|AHNK_HUMAN",-0.440549728988285,13.1046306490089,-1.06190898876564,0.309947907710866,0.81335054112204,-5.59257167726989,0.089722240058852,"Q09666"
"2434",0.114693056215168,13.3659448527143,0.442341339965976,0.666163768950425,0.911751566658334,-6.16034689522984,0.0401234817674194,"MANF","sp|P55145|MANF_HUMAN",-0.0376706980590485,13.4037997347116,-0.188804804043559,0.853518187635513,0.980636721353978,-6.13134352502099,0.00849184800315778,"P55145"
"2435",0.0676164201590785,14.5544937446259,0.439963311275098,0.66783724720099,0.91327273751308,-6.16142518543309,0.0393995064650337,"SARG","sp|Q9BW04|SARG_HUMAN",-0.0927560270986734,14.4377977832496,-0.611558523416143,0.552661145385976,0.912613568562101,-5.95892027531659,0.0397130785089623,"Q9BW04"
"2436",-0.213576891492632,10.2071964408077,-0.439589191426217,0.668100694992997,0.91327273751308,-6.16159431425201,0.0393995064650337,"SLIK2","sp|Q9H156|SLIK2_HUMAN",-0.162298445747157,10.3979906940721,-0.316983886071631,0.757430852204901,0.967217051958264,-6.04758569897091,0.0144760555032612,"Q9H156"
"2437",0.342176418227326,9.28721687734123,0.437455137836733,0.669604336102001,0.914717645488372,-6.16255639795281,0.0387129430158482,"CDSN","sp|Q15517|CDSN_HUMAN",-0.618998331333915,9.01788197537797,-1.0090136887418,0.333611952510528,0.833533799334363,-5.64438249834522,0.0790767850779772,"Q15517"
"2438",0.0517830179108794,16.6070398801123,0.437306797031125,0.669708911882116,0.914717645488372,-6.16262310530354,0.0387129430158482,"CALD1","sp|Q05682|CALD1_HUMAN",0.0324077952844494,16.5372561609008,0.321541639514039,0.753536423766695,0.966751987043548,-6.09640571975206,0.0146849266134058,"Q05682"
"2439",0.059812807488706,13.6438923885019,0.436534555709672,0.670253435514738,0.915084801511072,-6.16297002085224,0.0385386577130193,"PATE3","sp|B3GLJ2|PATE3_HUMAN",0.0711615448318963,13.4193653251343,0.507738787795115,0.62117958390929,0.932352002397294,-6.0175548600983,0.0304200921125771,"B3GLJ2"
"2440",-0.0945776239011636,11.9301927793849,-0.43601174978227,0.670622188198889,0.915211777398072,-6.16320454531094,0.0384783997987745,"CYB5B","sp|O43169|CYB5B_HUMAN",0.234184071494077,11.954083430638,0.736843905233348,0.475899012805626,0.894435501170711,-5.87473549798894,0.0484509714695499,"O43169"
"2441",-0.0815766003020985,14.0744955004643,-0.434417726740852,0.671747059786495,0.916060864987047,-6.16391792642362,0.0380756699458468,"ERF1","sp|P62495|ERF1_HUMAN",-0.232182104855768,14.2440166563019,-1.55790217101907,0.146184195812967,0.726657330901203,-5.01152170648793,0.138670340698732,"P62495"
"2442",-0.136131918898203,12.4027584459714,-0.433963976953864,0.672067414464471,0.916060864987047,-6.16412053304505,0.0380756699458468,"ARFG1","sp|Q8N6T3|ARFG1_HUMAN",0.964697620430475,11.4641585954855,2.00302873471951,0.069176876711317,0.609740800734631,-4.37527437554994,0.214854743241087,"Q8N6T3"
"2443",-0.132327314989939,10.8200071888943,-0.433233376024458,0.672583371956206,0.916060864987047,-6.16444632758487,0.0380756699458468,"GIPC3","sp|Q8TF64|GIPC3_HUMAN",0.24559753252313,10.8667934259594,0.626085798706805,0.543417029117827,0.912613568562101,-5.94990150674157,0.0397130785089623,"Q8TF64"
"2444",-0.131786166206194,12.7301822112395,-0.433186397029344,0.672616554946759,0.916060864987047,-6.16446725859798,0.0380756699458468,"TENR","sp|Q92752|TENR_HUMAN",0.565014404436097,13.0764863898571,1.47266298328879,0.167526617364171,0.730218139886144,-5.12238707294428,0.136547382623484,"Q92752"
"2445",0.109721868888893,16.6744397817302,0.43179495179687,0.6735997103417,0.916060864987047,-6.16508620659701,0.0380756699458468,"KJ01","sp|A0A0A0MT89|KJ01_HUMAN",0.410897942801984,16.6028407092786,2.72981652667487,0.0188106610839387,0.515971769732169,-3.20332831834371,0.2873740591963,"A0A0A0MT89"
"2446",-0.0604749123254992,24.9488021445316,-0.431707878969802,0.673661254492108,0.916060864987047,-6.16512487457715,0.0380756699458468,"ITIH4","sp|Q14624|ITIH4_HUMAN",-0.0163261196159897,24.8843697464548,-0.144396996697785,0.887672521253507,0.986191942633613,-6.13900331381486,0.00603855005478495,"Q14624"
"2447",-0.0616515855708252,15.5217769803492,-0.431596294036098,0.67374012771185,0.916060864987047,-6.16517441704825,0.0380756699458468,"PPM1B","sp|O75688|PPM1B_HUMAN",0.146488981292358,15.5120590418325,1.02658513967977,0.325607902725428,0.823872143869656,-5.62741305074064,0.0841401809245796,"O75688"
"2448",0.0634886736129528,13.2762093422476,0.431521797766532,0.673792787262445,0.916060864987047,-6.16520748566256,0.0380756699458468,"SULF2","sp|Q8IWU5|SULF2_HUMAN",0.160286792489803,13.2660340389567,0.922563665132186,0.375079531555958,0.858429459099652,-5.72427917042378,0.0662953869124561,"Q8IWU5"
"2449",0.0997687315576151,14.0365440915367,0.431222447569804,0.674004408646691,0.916060864987047,-6.16534031036973,0.0380756699458468,"IL6RA","sp|P08887|IL6RA_HUMAN",0.0869555660338798,14.1085484707174,0.857370935340535,0.408654705385374,0.867345430800147,-5.78046568598133,0.0618079050462365,"P08887"
"2450",0.076346539000236,21.9139421297967,0.430796621810878,0.674305490373046,0.916094933503127,-6.16552909980037,0.0380595187336473,"NRP2","sp|O60462|NRP2_HUMAN",0.0103627297937036,21.8899530573053,0.0888308296617304,0.93073595606679,0.986837723161755,-6.14572045281125,0.00575425739079757,"O60462"
"2451",0.0861013601448397,16.1486025964078,0.429491525001722,0.675228631088201,0.916973742463887,-6.16610658816943,0.0376431001711025,"LOX12","sp|P18054|LOX12_HUMAN",-0.0663590621219073,16.1905783171463,-0.314725741166261,0.758575058950095,0.967234199252926,-6.0986360323625,0.014468356187554,"P18054"
"2452",0.0867573504679211,15.2783187099963,0.427983097534539,0.676296282922792,0.91804800123548,-6.16677193364788,0.0371346105997518,"MYO1C","sp|O00159|MYO1C_HUMAN",-0.18157744140283,15.2865744727823,-0.890882686910183,0.391148319105874,0.864904244578544,-5.75202850366089,0.0630319715561181,"O00159"
"2453",0.107122529640921,11.9585050962659,0.427560712012407,0.676595375714222,0.918078516760222,-6.16695783542917,0.0371201750759692,"TRI25","sp|Q14258|TRI25_HUMAN",-0.372672708672282,11.8332596243287,-1.17991928963421,0.261732293007852,0.782271152840982,-5.46935126210106,0.106642684573063,"Q14258"
"2454",-0.121719223999714,17.6637304829035,-0.426411355419016,0.677409531314495,0.918670468403176,-6.16746279395008,0.0368402442383143,"IBP2","sp|P18065|IBP2_HUMAN",-0.0789289108133542,17.299336995587,-0.217546827334789,0.831572734225637,0.977505666396101,-6.12530471076584,0.00988071641043172,"P18065"
"2455",-0.0708269920231322,15.644390486711,-0.425401661943229,0.678125107088876,0.918670468403176,-6.16790530622339,0.0368402442383143,"RASK","sp|P01116|RASK_HUMAN",-0.0177451403928899,15.6731394139762,-0.13497935695376,0.894948726594898,0.986613644973353,-6.14036639874364,0.00585288249271538,"P01116"
"2456",-0.19645062550974,10.2803013468715,-0.425346102519705,0.678164491916324,0.918670468403176,-6.167929626411,0.0368402442383143,"PDXL2","sp|Q9NZ53|PDXL2_HUMAN",-0.304461969892105,10.8286364355505,-0.667797064254425,0.518583508661162,0.907970131840623,-5.87256859436395,0.0419284375914184,"Q9NZ53"
"2457",0.248554435846275,11.8747764862428,0.425121666975046,0.678323599347368,0.918670468403176,-6.16802783790127,0.0368402442383143,"MCCB","sp|Q9HCC0|MCCB_HUMAN",-0.544026225100065,11.9677228648442,-1.32620620700119,0.210365193383294,0.757046932651169,-5.30289526795321,0.120877195850511,"Q9HCC0"
"2458",0.111423644948285,13.38987719568,0.424432415075688,0.678812326900974,0.918670468403176,-6.16832913589988,0.0368402442383143,"HPCL1","sp|P37235|HPCL1_HUMAN / sp|P84074|HPCA_HUMAN",0.0711302353630119,13.3490062366245,0.27368726020576,0.789151108291336,0.972723403089688,-6.11107060901655,0.0120106351572695,"P37235"
"2459",0.0991513768090477,12.5654941495872,0.424388535358147,0.678843445845469,0.918670468403176,-6.16834830133758,0.0368402442383143,"OSBP1","sp|P22059|OSBP1_HUMAN",0.286519292320984,12.5936511775554,1.34808973382503,0.203439550093926,0.757046932651169,-5.27676966484027,0.120877195850511,"P22059"
"2460",0.086544166204449,16.7964422522139,0.424211271976099,0.678969165107861,0.918670468403176,-6.16842570549354,0.0368402442383143,"GBB3","sp|P16520|GBB3_HUMAN",-0.0728770531339284,17.0005996145021,-0.55395033133185,0.590162358098514,0.923616858095106,-5.99272590999538,0.0345081488266848,"P16520"
"2461",-0.179951012125751,10.3083322451424,-0.42278472344197,0.679981273334239,0.918925141762831,-6.16904748370934,0.0367198660279156,"NSDHL","sp|Q15738|NSDHL_HUMAN",0.0690746719936786,10.5070589955682,0.139892047489048,0.891151814534691,0.986253513625816,-6.13966677386617,0.00601143656266498,"Q15738"
"2462",0.0832943285284037,14.9319216078224,0.422527440302878,0.680163880136839,0.918925141762831,-6.16915940753851,0.0367198660279156,"LAMA1","sp|P25391|LAMA1_HUMAN",0.131958552012241,14.9814582323822,0.855905045329838,0.409432400918123,0.867553245305968,-5.78168788306283,0.0617038612829758,"P25391"
"2463",-0.060100307915179,15.4594602945068,-0.422485384834544,0.680193731037169,0.918925141762831,-6.16917769631266,0.0367198660279156,"T132A","sp|Q24JP5|T132A_HUMAN",-0.0958875038971429,15.5787832763105,-0.966045048598311,0.353787830197847,0.845981129990384,-5.68484803690288,0.072639323996966,"Q24JP5"
"2464",0.0802164245875176,20.9972845928943,0.422385176684637,0.680264860895233,0.918925141762831,-6.16922126698691,0.0367198660279156,"HV69D","sp|A0A0B4J2H0|HV69D_HUMAN",0.155311939231811,20.8506668119111,1.03307982039914,0.322685573528268,0.823207854373805,-5.6210796790077,0.0844904945443003,"A0A0B4J2H0"
"2465",-0.0810594731460188,12.5772182866621,-0.421118567409359,0.681164203832114,0.919475422169412,-6.16977112706389,0.0364598750815428,"TNF10","sp|P50591|TNF10_HUMAN",-0.202107538588212,12.7661986249707,-0.639013316799993,0.535264789983342,0.912613568562101,-5.94171017194206,0.0397130785089623,"P50591"
"2466",0.123561862023962,13.8817120651316,0.420782488067999,0.681402919604538,0.919475422169412,-6.16991675695403,0.0364598750815428,"SMAP2","sp|Q8WU79|SMAP2_HUMAN",-0.35347090482514,14.0874354508187,-1.62871225252298,0.130286606271378,0.706570663749513,-4.91643115751574,0.150844398087405,"Q8WU79"
"2467",0.0599829836600373,20.072048493951,0.420328740182729,0.681725272060443,0.919475422169412,-6.17011319611027,0.0364598750815428,"COCA1","sp|Q99715|COCA1_HUMAN",-0.0426082756315989,19.9989232583428,-0.457210569927004,0.655988466089415,0.942800633562724,-6.04233634896011,0.0255801343014022,"Q99715"
"2468",0.057029551506225,15.9066839198734,0.41990021644283,0.68202976502858,0.919475422169412,-6.1702985263752,0.0364598750815428,"CBPE","sp|P16870|CBPE_HUMAN",0.130521480837802,15.865442550055,1.07676988482845,0.303530584385622,0.811034091561332,-5.57762694315099,0.0909608899740679,"P16870"
"2469",0.249892470086098,15.901545014954,0.419861337842427,0.682057393606837,0.919475422169412,-6.17031533173181,0.0364598750815428,"M4K4","sp|O95819|M4K4_HUMAN",-0.365698115013771,15.5467355439823,-0.498758698906705,0.627299409651184,0.934255822631249,-6.0221406906086,0.029534186784462,"O95819"
"2470",0.087072745703522,14.9698830170023,0.41924741530313,0.682493733616766,0.919476391741114,-6.17058050097226,0.0364594171253994,"UBA5","sp|Q9GZZ9|UBA5_HUMAN",-0.133256049623366,14.9327544525336,-0.888585777132751,0.392331523647476,0.865214835206627,-5.75400781499128,0.0628760426389327,"Q9GZZ9"
"2471",0.0915763197261453,14.1551562255871,0.419080790884146,0.682612181153994,0.919476391741114,-6.17065240549798,0.0364594171253994,"SNAG","sp|Q99747|SNAG_HUMAN",0.100071363132611,14.2673517623793,0.450988014169588,0.66033669516041,0.943286511489439,-6.04521564211232,0.0253563757039566,"Q99747"
"2472",0.21262861150265,13.942349225918,0.418224894694283,0.683220747350387,0.919922783146424,-6.17102131901411,0.0362486251118467,"THMS2","sp|Q5TEJ8|THMS2_HUMAN",0.032233939646332,13.8974149203644,0.10314727632246,0.919612940269016,0.986613644973353,-6.14429523743158,0.00585288249271538,"Q5TEJ8"
"2473",-0.0939159766725414,16.7913003002141,-0.416458160360704,0.684477680674778,0.920086489750631,-6.17178051352157,0.036171346289296,"PTN12","sp|Q05209|PTN12_HUMAN",0.0955261867192851,16.7581334638714,0.412938785324247,0.687203657455342,0.953955901060617,-6.06199219745892,0.0204717011540782,"Q05209"
"2474",0.051513515942356,16.9820124004273,0.416396396992034,0.684521639780686,0.920086489750631,-6.1718069978371,0.036171346289296,"OSTF1","sp|Q92882|OSTF1_HUMAN",0.0410821261702879,16.9854441704503,0.355610850505677,0.728533236307994,0.964219667992726,-6.08455570411892,0.0158240140959132,"Q92882"
"2475",0.219691285240908,9.31496332396938,0.416126717848661,0.68471359381691,0.920086489750631,-6.17192259240024,0.036171346289296,"ERLN2","sp|O94905|ERLN2_HUMAN",0.323562471728516,9.31997642074428,0.467288542452369,0.648974149968906,0.941197234759129,-6.0375925377279,0.0263193574528965,"O94905"
"2476",0.0479518064574397,19.4103334332782,0.415922147050796,0.684859219948843,0.920086489750631,-6.17201023062371,0.036171346289296,"PSB1","sp|P20618|PSB1_HUMAN",-0.0401914727957406,19.4247150090214,-0.329309455818829,0.747808579116825,0.965663208308992,-6.09380675181831,0.0151743148645484,"P20618"
"2477",0.0681177343891102,12.4622212559998,0.415755363678215,0.684977956453847,0.920086489750631,-6.17208164975327,0.036171346289296,"SEM3B","sp|Q13214|SEM3B_HUMAN",-0.152343278584629,12.4893142962865,-0.896482063903725,0.388274223175848,0.861474961558659,-5.74718484638814,0.0647573406360728,"Q13214"
"2478",-0.0622807346071823,15.8560266410262,-0.415327141228504,0.685282857084532,0.920086489750631,-6.17226489369287,0.036171346289296,"SYMM","sp|Q96GW9|SYMM_HUMAN",-0.189741477493088,15.9967455758869,-1.48257669802074,0.164914733817646,0.728883053370811,-5.10970350675459,0.137342147059245,"Q96GW9"
"2479",0.0613375290366097,15.1775959062049,0.414757011846349,0.685688887442475,0.920259368144591,-6.17250857769961,0.0360897527861664,"CELR2","sp|Q9HCU4|CELR2_HUMAN",-0.219347080983446,15.2251477290189,-1.61347567375238,0.133573412250187,0.708220132409959,-4.93711247141009,0.149831731813607,"Q9HCU4"
"2480",-0.0949899056958993,12.7756406412742,-0.413973872463572,0.686246784863938,0.920635844366778,-6.17284277655457,0.0359121201354519,"5MP1","sp|Q9Y6E2|5MP1_HUMAN",-0.244907631829943,12.7629372411227,-1.50019406908718,0.160358937183796,0.728883053370811,-5.08702497663604,0.137342147059245,"Q9Y6E2"
"2481",0.0850962343828115,22.4328571428639,0.413106238213273,0.686865100932776,0.920961122195914,-6.17321231707979,0.035758702889102,"ITB3","sp|P05106|ITB3_HUMAN",-0.105248514723276,22.5844438703093,-0.604974998423405,0.55687908971062,0.913137076706219,-5.962942293409,0.0394640229163576,"P05106"
"2482",0.118869141993803,10.854541640067,0.412311012827872,0.68743202316793,0.920961122195914,-6.17355035635348,0.035758702889102,"CK5P3","sp|Q96JB5|CK5P3_HUMAN",-0.350956898016768,10.9613443360384,-2.02233388316426,0.0668919132044613,0.609740800734631,-4.34586510798345,0.214854743241087,"Q96JB5"
"2483",-0.0456752320195177,15.8175216229631,-0.412209865155533,0.687504146363103,0.920961122195914,-6.17359330749443,0.035758702889102,"TRML2","sp|Q5T2D2|TRML2_HUMAN",-0.0774675192022712,15.8075922227176,-0.519914983700178,0.612928965947137,0.929782983745204,-6.01121223088638,0.0316184062419663,"Q5T2D2"
"2484",0.0856144007075652,13.8683225289196,0.41070493064459,0.688577616925385,0.920961122195914,-6.17423115114271,0.035758702889102,"IMPA1","sp|P29218|IMPA1_HUMAN",0.143346714500617,13.8480629247543,0.833625182519563,0.42137515333703,0.871380058403275,-5.80003781271969,0.0597923831477007,"P29218"
"2485",0.0983387487151666,11.5559246618854,0.409932625105082,0.68912877842067,0.920961122195914,-6.17455760150612,0.035758702889102,"STAT1","sp|P42224|STAT1_HUMAN",-0.0407853071588502,11.5246537489156,-0.151271916743201,0.882367590473528,0.986191942633613,-6.13795044757224,0.00603855005478495,"P42224"
"2486",0.104874366953738,17.3081575544492,0.409863941009545,0.689177804364231,0.920961122195914,-6.17458660509531,0.035758702889102,"K2C8","sp|P05787|K2C8_HUMAN",-0.0217187661577288,17.2430897799157,-0.113701918012328,0.911423891392628,0.986613644973353,-6.14310865980039,0.00585288249271538,"P05787"
"2487",0.0577150234694636,22.7306302711969,0.409385372017799,0.689519442525798,0.920961122195914,-6.17478856188398,0.035758702889102,"A0A075B7E8","tr|A0A075B7E8|A0A075B7E8_HUMAN",0.190777544949024,22.5584224617707,1.52589924273593,0.153905291987791,0.728883053370811,-5.05362073069569,0.137342147059245,"A0A075B7E8"
"2488",-0.0766509604677076,13.3011023291681,-0.408363781932839,0.690248968865911,0.920961122195914,-6.17521890755883,0.035758702889102,"NDUA9","sp|Q16795|NDUA9_HUMAN",0.15288969632101,13.3525280250746,1.12037793254636,0.285278437611394,0.803677098634372,-5.53280977545318,0.0949184070341135,"Q16795"
"2489",0.0579966630302113,16.2231015877801,0.408312462189494,0.690285625329074,0.920961122195914,-6.17524049849154,0.035758702889102,"TRBM","sp|P07204|TRBM_HUMAN",0.0192411460495059,16.3477092270741,0.104844598111799,0.918295357278222,0.986613644973353,-6.14411219855854,0.00585288249271538,"P07204"
"2490",0.0984141258792007,21.9207110412053,0.408272462590902,0.690314196653445,0.920961122195914,-6.17525732505335,0.035758702889102,"ACTN1","sp|P12814|ACTN1_HUMAN",-0.118648031046874,22.1215930905913,-0.592183034740269,0.565125261693716,0.914734232457629,-5.97064058284211,0.0387050678382534,"P12814"
"2491",0.0552585524112351,14.4975911783269,0.407949123297196,0.690545173075692,0.920961122195914,-6.17539328484109,0.035758702889102,"ADDG","sp|Q9UEY8|ADDG_HUMAN",-0.0413830347745952,14.4842771871262,-0.327692626558212,0.748999512013008,0.965663208308992,-6.09435272787758,0.0151743148645484,"Q9UEY8"
"2492",-0.0658046610697407,19.0106002955898,-0.407775356937353,0.690669315993143,0.920961122195914,-6.17546630800899,0.035758702889102,"SDC4","sp|P31431|SDC4_HUMAN",-0.48972543512388,18.9060825855046,-2.19181374679894,0.0496560113253163,0.589635363006715,-4.08260650896425,0.229416477831962,"P31431"
"2493",0.139038196362803,11.4136913588351,0.407594208170818,0.690798743093145,0.920961122195914,-6.17554240136494,0.035758702889102,"BAP29","sp|Q9UHQ4|BAP29_HUMAN",0.107991646453296,11.1613574492406,0.340050241177848,0.739914533077965,0.965162287770973,-6.09011291311468,0.0153996558193429,"Q9UHQ4"
"2494",-0.100897802074449,13.5257395639416,-0.40699795723627,0.691224824362798,0.920961122195914,-6.17579263054733,0.035758702889102,"HFM1","sp|A2PYH4|HFM1_HUMAN",0.341722167621517,13.1877833332767,1.86234641127728,0.0881391494763909,0.640117805497027,-4.58551989694314,0.193740092314353,"A2PYH4"
"2495",0.0833879436014889,22.8315643268835,0.406780479570471,0.691380261553343,0.920961122195914,-6.17588381101948,0.035758702889102,"ITA2B","sp|P08514|ITA2B_HUMAN",-0.110774396794912,22.9823959231342,-0.638594313831106,0.535527918494308,0.912613568562101,-5.94197810684069,0.0397130785089623,"P08514"
"2496",-0.055158754998009,18.3089108795017,-0.406553728297273,0.691542342497751,0.920961122195914,-6.1759788291538,0.035758702889102,"CLH2","sp|P53675|CLH2_HUMAN",-0.00974935137316143,18.2495423685978,-0.0761116723190999,0.940630943004661,0.988040648929326,-6.14680857950011,0.00522518775796543,"P53675"
"2497",0.0722473764419851,14.8377510733062,0.406392848230878,0.691657348643251,0.920961122195914,-6.17604621331698,0.035758702889102,"GGT7","sp|Q9UJ14|GGT7_HUMAN",0.177646399829727,14.7661808266269,1.27316959905007,0.227952949280427,0.760377727298229,-5.36491878808739,0.118970612812831,"Q9UJ14"
"2498",0.130775835593557,11.8924834263965,0.406013987570785,0.69192821136378,0.920961122195914,-6.17620479566515,0.035758702889102,"COSA1","sp|Q2UY09|COSA1_HUMAN",0.278606799415119,12.3050996573182,1.38682841040272,0.191641617754842,0.752526853111309,-5.22977730967939,0.123477998126165,"Q2UY09"
"2499",0.126810459021775,10.313401536391,0.405452400209852,0.692329794699899,0.920961122195914,-6.17643959877413,0.035758702889102,"KCC1A","sp|Q14012|KCC1A_HUMAN / sp|Q8IU85|KCC1D_HUMAN",0.323683574415419,10.7264579874976,0.634388176983525,0.538173408905973,0.912613568562101,-5.94465870844405,0.0397130785089623,"Q14012"
"2500",-0.108529482185927,14.5395973392287,-0.40496841885965,0.692675961499498,0.920961122195914,-6.17664170095064,0.035758702889102,"TMOD1","sp|P28289|TMOD1_HUMAN",0.000951247599714796,14.8418005204782,0.00498787386487999,0.996105266936152,0.99998415467369,-6.14980136873001,6.88159230085131e-06,"P28289"
"2501",0.111634581188139,20.3597969723265,0.404380083389979,0.693096865092186,0.920961122195914,-6.1768870636538,0.035758702889102,"GP1BB","sp|P13224|GP1BB_HUMAN",-0.219301312085802,20.5361857827855,-0.919308930502092,0.376708771134501,0.858584256005764,-5.72716838377464,0.0662170795096315,"P13224"
"2502",0.0470353739942981,16.287550784045,0.404335170016349,0.693129001161791,0.920961122195914,-6.17690578033339,0.035758702889102,"CKAP5","sp|Q14008|CKAP5_HUMAN",0.262945650141624,16.262798561807,1.93035100982996,0.0784444303357383,0.625265844136828,-4.48481385441254,0.203935294505077,"Q14008"
"2503",0.058387973003669,15.9938733945438,0.404124122394293,0.693280016677899,0.920961122195914,-6.17699370282121,0.035758702889102,"CYTC","sp|P01034|CYTC_HUMAN",0.136079454160969,15.993291376503,0.929574979434225,0.371586635161473,0.858243592276221,-5.71802557668473,0.0663894303717343,"P01034"
"2504",-0.0842599540309914,14.901111731304,-0.404070261891724,0.693318558866258,0.920961122195914,-6.17701613397261,0.035758702889102,"OGFR","sp|Q9NZT2|OGFR_HUMAN",0.188927280128324,14.8086935146905,1.18820858173247,0.25857816333741,0.777929443098344,-5.46031383175881,0.109059791008534,"Q9NZT2"
"2505",-0.0679888227876015,24.0110039798542,-0.403572192790904,0.693675016017917,0.920961122195914,-6.17722342589532,0.035758702889102,"HV311","sp|P01762|HV311_HUMAN",0.136124774511818,23.8944729294732,1.24025228103958,0.239454141072022,0.769006415303954,-5.402468906467,0.114070037156325,"P01762"
"2506",-0.122367635176178,10.5621284852938,-0.403532023208583,0.693703767848685,0.920961122195914,-6.17724013328754,0.035758702889102,"STUM","sp|Q69YW2|STUM_HUMAN",0.912893250276149,10.4981533803963,3.19851449691646,0.00798894200507264,0.397469758249259,-2.41167021427276,0.400695909334819,"Q69YW2"
"2507",-0.153686868253565,7.74412348372515,-0.253019789284695,0.804954222544733,0.954151906303786,-6.17758400871266,0.0203824776882935,"CHSS3","sp|Q70JA7|CHSS3_HUMAN",-0.859021919392481,7.72786029683513,-0.996365560621794,0.341343686365597,0.842242257360161,-5.6070362365163,0.0745629727495888,"Q70JA7"
"2508",0.0739076159625437,17.2354561021979,0.402671626363441,0.694319726168391,0.92141030433942,-6.17759760265338,0.0355469352429587,"ABI1","sp|Q8IZP0|ABI1_HUMAN",-0.100668916657568,17.3815111978083,-0.591606136944845,0.565498715921419,0.914734232457629,-5.97098412774709,0.0387050678382534,"Q8IZP0"
"2509",0.150497502607311,13.6089755992866,0.401200138684613,0.695373693342586,0.922241171268979,-6.17820724288771,0.0351554936370958,"THA10","sp|Q9P2Z0|THA10_HUMAN",0.37051846650167,13.2454595769593,0.631376662687383,0.540072090660143,0.912613568562101,-5.94656785104415,0.0397130785089623,"Q9P2Z0"
"2510",0.0740466831769908,15.734000767596,0.40078649207103,0.695670091645771,0.922241171268979,-6.17837822671484,0.0351554936370958,"FBLL1","sp|A6NHQ2|FBLL1_HUMAN",0.238826938317406,15.6227392125358,1.36060405218484,0.199564275667537,0.754702161522043,-5.26169217608664,0.122224406155744,"A6NHQ2"
"2511",-0.0675287021976501,24.0206252104065,-0.400544658213313,0.695843401941254,0.922241171268979,-6.17847811104269,0.0351554936370958,"HV321","sp|A0A0B4J1V1|HV321_HUMAN",0.135423111239072,23.9046627907292,1.23104068404474,0.242754490822801,0.77039683551692,-5.41284450970315,0.113285509788458,"A0A0B4J1V1"
"2512",0.0752762229071472,12.9612832415346,0.399865743677761,0.696330042148346,0.922241171268979,-6.17875820890049,0.0351554936370958,"M0QZD8","tr|M0QZD8|M0QZD8_HUMAN",-0.0796092888585809,13.30277550162,-0.354928319781299,0.729031054118681,0.964219667992726,-6.08480455654374,0.0158240140959132,"M0QZD8"
"2513",-0.0687486114565417,16.2960163306852,-0.399194642502365,0.696811220696625,0.922241171268979,-6.17903462903346,0.0351554936370958,"ROCK1","sp|Q13464|ROCK1_HUMAN",-0.0281599809302937,16.3505518277153,-0.188508451172059,0.85374516860191,0.980636721353978,-6.13140137111146,0.00849184800315778,"Q13464"
"2514",0.117332197464158,12.196733586544,0.399083548721313,0.69689088808153,0.922241171268979,-6.17908034392853,0.0351554936370958,"GDF11","sp|O95390|GDF11_HUMAN / sp|O14793|GDF8_HUMAN",-0.0889457994815055,11.8202047724519,-0.40159380394063,0.695304170200396,0.956136992772092,-6.06671724313926,0.0194798787044241,"O95390"
"2515",-0.0670884905985448,24.019156475434,-0.398691055899188,0.69717238211962,0.922245969013558,-6.17924175492815,0.0351532343272301,"HV348","sp|P01763|HV348_HUMAN",0.133458525737601,23.9073316008534,1.21698063399971,0.247861709130362,0.773897471875514,-5.42856816434923,0.111316572066632,"P01763"
"2516",0.113771552569398,13.9914074830209,0.397319965261433,0.698156091559294,0.922884048944443,-6.1798043975356,0.0348528602599871,"SLPI","sp|P03973|SLPI_HUMAN",-0.255822579982465,14.131377364414,-0.628480454508901,0.541901655201976,0.912613568562101,-5.94839592233562,0.0397130785089623,"P03973"
"2517",-0.0404391333736516,18.1619584875213,-0.396227894558231,0.698940024322435,0.922884048944443,-6.18025119195194,0.0348528602599871,"LEUK","sp|P16150|LEUK_HUMAN",0.0389084143166863,18.2190423553949,0.414441526896983,0.686133694723942,0.953955901060617,-6.06135674885863,0.0204717011540782,"P16150"
"2518",-0.134573413290829,16.611217106096,-0.396163747377526,0.698986083072192,0.922884048944443,-6.1802773990185,0.0348528602599871,"DCTN1","sp|Q14203|DCTN1_HUMAN",-0.193647209553301,16.8301047032307,-0.747890179105152,0.469460832908569,0.892806855517381,-5.86662809884684,0.0492424836148991,"Q14203"
"2519",0.106555914501547,12.2399679515132,0.395784829780069,0.699258177791169,0.922884048944443,-6.18043212001331,0.0348528602599871,"ATLA3","sp|Q6DD88|ATLA3_HUMAN",-0.265531878366629,12.1496371751565,-0.854685890524744,0.41007995641524,0.867553245305968,-5.78270296840785,0.0617038612829758,"Q6DD88"
"2520",-0.0987084935002433,10.2874484250119,-0.395678020950361,0.699334883407697,0.922884048944443,-6.18047570654882,0.0348528602599871,"STX16","sp|O14662|STX16_HUMAN",0.0893886120254459,9.8064806740751,0.275414284415084,0.787856504445677,0.972723403089688,-6.11058177619688,0.0120106351572695,"O14662"
"2521",-0.0668814646943206,14.1772541988665,-0.395139874299936,0.699721410478794,0.922884048944443,-6.18069513922259,0.0348528602599871,"MP2K2","sp|P36507|MP2K2_HUMAN",0.164395601463057,14.3016545837539,1.19691959628918,0.255295823891879,0.777364072933162,-5.45076405809451,0.109375534823134,"P36507"
"2522",0.212895213158669,13.7801747150866,0.395085013725843,0.699760819357835,0.922884048944443,-6.18071749264143,0.0348528602599871,"PPAC","sp|P24666|PPAC_HUMAN",0.344500847527485,14.0448690423759,0.732547938151989,0.47841762718359,0.897607747101376,-5.87785900010759,0.046913407749167,"P24666"
"2523",0.139408805180746,15.4969513100178,0.394558772417022,0.700138889158976,0.922884048944443,-6.18093176078898,0.0348528602599871,"ZN317","sp|Q96PQ6|ZN317_HUMAN",0.125181881271765,15.2033842163128,0.399342191309318,0.696916603592453,0.956136992772092,-6.06763981232237,0.0194798787044241,"Q96PQ6"
"2524",0.0982605362172305,11.7041542121726,0.394528893676532,0.70016035759158,0.922884048944443,-6.18094391809033,0.0348528602599871,"PCCA","sp|P05165|PCCA_HUMAN",0.61598698517899,11.6366038599348,2.20125067061848,0.0488317691890756,0.589635363006715,-4.06770172272621,0.229416477831962,"P05165"
"2525",0.0821994412818915,13.9997680336065,0.393650442435931,0.700791662137544,0.922884048944443,-6.18130094889527,0.0348528602599871,"GLYG","sp|P46976|GLYG_HUMAN",-0.277109292968312,14.0972516848687,-2.02348064364719,0.0667584188766548,0.609740800734631,-4.34411416374556,0.214854743241087,"P46976"
"2526",-0.0736162751304934,14.1398652204813,-0.393605390263407,0.70082404546844,0.922884048944443,-6.18131923866235,0.0348528602599871,"CNTN6","sp|Q9UQ52|CNTN6_HUMAN",-0.13813789240569,14.0441200890081,-0.565148932400325,0.582768989255233,0.922370183756853,-5.98640086926641,0.0350947443507824,"Q9UQ52"
"2527",-0.075161246711977,12.3692304112986,-0.393007817710097,0.701253636460016,0.922884048944443,-6.18156164158274,0.0348528602599871,"MAOX","sp|P48163|MAOX_HUMAN",0.0210266363146241,12.1313214204758,0.0781529785183056,0.939042143735507,0.988040648929326,-6.14664523742441,0.00522518775796543,"P48163"
"2528",0.0499575994743799,12.3179197946917,0.392937988024358,0.701303843611571,0.922884048944443,-6.18158994432027,0.0348528602599871,"GRHPR","sp|Q9UBQ7|GRHPR_HUMAN",-0.0289606725783611,12.2092325620817,-0.149321203784909,0.883872233325938,0.986191942633613,-6.13825414700083,0.00603855005478495,"Q9UBQ7"
"2529",0.102795364125515,9.56053982655043,0.2373406084819,0.816787823801602,0.954151906303786,-6.18159171796144,0.0203824776882935,"GNS","sp|P15586|GNS_HUMAN",-0.432667697236637,9.46483765021482,-0.989746397317424,0.342552823271107,0.842302006615039,-5.66270957071332,0.0745321646880175,"P15586"
"2530",-0.0697718407291677,15.6279135343484,-0.392328757175593,0.70174193967908,0.922884048944443,-6.18183666456539,0.0348528602599871,"PSG7","sp|Q13046|PSG7_HUMAN",0.111156910312783,15.5012391671569,0.739419828756105,0.474392775662287,0.894435501170711,-5.87285466479542,0.0484509714695499,"Q13046"
"2531",-0.149551142418268,9.90797197480242,-0.392212361567674,0.701825652165042,0.922884048944443,-6.18188375889493,0.0348528602599871,"PYRG2","sp|Q9NRF8|PYRG2_HUMAN",-0.154219054892029,9.70732471433157,-0.384202699698287,0.7077983695745,0.959241645005213,-6.07371202888503,0.0180719748181365,"Q9NRF8"
"2532",0.0584390875670809,17.1655780268695,0.391696568590451,0.702196663065236,0.923006227609314,-6.18209228795737,0.0347953687387288,"PDC6I","sp|Q8WUM4|PDC6I_HUMAN",-0.127221616548835,17.2569951548154,-1.15542305352621,0.271229378095278,0.7878411521707,-5.49577081931031,0.103561337954553,"Q8WUM4"
"2533",0.0778278844649423,14.0809916777031,0.391049032323947,0.702662550736984,0.923252971455285,-6.18235370101176,0.0346792859141277,"PLP2","sp|Q04941|PLP2_HUMAN",0.0200372567212031,14.6775779902181,0.10299356820924,0.919732271964484,0.986613644973353,-6.1443116660544,0.00585288249271538,"Q04941"
"2534",0.0597696042212446,18.239493158323,0.389808470508268,0.703555459387764,0.923769172947927,-6.18285334451258,0.0344365346657783,"NTRK2","sp|Q16620|NTRK2_HUMAN",-0.0559796961141872,18.2001656105141,-0.46118198816182,0.653220181113209,0.94139721281578,-6.04047883977796,0.0262270918383411,"Q16620"
"2535",0.101018291897785,22.0390194835444,0.3891419540369,0.704035383263536,0.923769172947927,-6.18312114939346,0.0344365346657783,"TBA4A","sp|P68366|TBA4A_HUMAN",0.095474447973173,22.0825176421103,0.623520055747458,0.545043320912437,0.912613568562101,-5.95150871657102,0.0397130785089623,"P68366"
"2536",-0.0577505277346271,14.9244677783271,-0.38878592088072,0.704291798849194,0.923769172947927,-6.18326401984055,0.0344365346657783,"UXS1","sp|Q8NBZ7|UXS1_HUMAN",0.117870506276734,15.0556602716632,0.905371362249562,0.383741476338906,0.860069392436294,-5.73944149568409,0.0654665074350563,"Q8NBZ7"
"2537",-0.106355437271484,13.4929812424386,-0.388523228560885,0.704481014590851,0.923769172947927,-6.1833693524279,0.0344365346657783,"COL12","sp|Q5KU26|COL12_HUMAN",0.318275690508019,13.5660397133332,1.05767547530847,0.31179452289557,0.813567297890723,-5.59679816848592,0.089606516613139,"Q5KU26"
"2538",0.0430531890055121,22.8100485825587,0.388505649495869,0.704493677426645,0.923769172947927,-6.1833763986867,0.0344365346657783,"KVD40","sp|P01614|KVD40_HUMAN / sp|A0A087WW87|KV240_HUMAN",0.14551627012181,22.6295293575054,1.32974005672024,0.209233876425346,0.757046932651169,-5.29869722537635,0.120877195850511,"P01614"
"2539",0.0747628019616302,14.3614732945619,0.387721725824377,0.70505846003083,0.923769172947927,-6.18369030495775,0.0344365346657783,"IDAS1","sp|Q9NZ38|IDAS1_HUMAN",0.0860950499530406,12.8918556596045,0.334750129551359,0.743806085944306,0.965375638139256,-6.09195018083974,0.0153036650731462,"Q9NZ38"
"2540",-0.146691418907044,14.2088461782106,-0.387681991459705,0.705087091793102,0.923769172947927,-6.18370619932816,0.0344365346657783,"BNIP2","sp|Q12982|BNIP2_HUMAN",-0.512263794842268,13.9793383620038,-3.08097468889344,0.00990109202559824,0.421246544814199,-2.61087657773247,0.375463648314744,"Q12982"
"2541",0.0418407050379286,18.8636400473769,0.386924585667921,0.705632952984032,0.923769172947927,-6.18400887010651,0.0344365346657783,"ERP44","sp|Q9BS26|ERP44_HUMAN",-0.0233971883813964,19.0131323392902,-0.247638755648339,0.808755436960747,0.974324183315953,-6.11807523195371,0.0112965178645011,"Q9BS26"
"2542",-0.0828580333913846,12.1580362758469,-0.385979509591878,0.706314308011215,0.923769172947927,-6.18438572801105,0.0344365346657783,"E41L3","sp|Q9Y2J2|E41L3_HUMAN",-0.0131784260821909,12.3581640015958,-0.0498954817300248,0.96105697541444,0.99079827275201,-6.1485223758862,0.00401475918644791,"Q9Y2J2"
"2543",0.0480325243045948,18.661841778209,0.385720694058536,0.706500948177752,0.923769172947927,-6.18448877648118,0.0344365346657783,"HLAC","sp|P10321|HLAC_HUMAN",0.0463811474587264,18.8432058777919,0.451052939282128,0.660291258867525,0.943286511489439,-6.045185796322,0.0253563757039566,"P10321"
"2544",0.069963017102574,18.3453896629001,0.38559450479907,0.706591954527086,0.923769172947927,-6.18453899482853,0.0344365346657783,"RAB10","sp|P61026|RAB10_HUMAN",-0.15489112979784,18.493003699664,-1.04049440156435,0.319373089521399,0.820250808002062,-5.61380910602613,0.0860533331325101,"P61026"
"2545",-0.0428896875127264,16.0400162334148,-0.38549679777008,0.706662423051807,0.923769172947927,-6.18457786737286,0.0344365346657783,"STIP1","sp|P31948|STIP1_HUMAN",0.105248598531761,16.0012431423378,0.839960327096983,0.417955907533334,0.871380058403275,-5.79486340007299,0.0597923831477007,"P31948"
"2546",0.0504363822965035,19.4628171447859,0.385481195756958,0.70667367584055,0.923769172947927,-6.18458407371345,0.0344365346657783,"HV428","sp|A0A0C4DH34|HV428_HUMAN",0.143416151934748,19.2112155037958,1.38539091939256,0.192069013707048,0.752526853111309,-5.23153782134282,0.123477998126165,"A0A0C4DH34"
"2547",0.0532055432362259,22.4671778267167,0.384399887074142,0.707453734801015,0.924153663218112,-6.18501361218924,0.0342558106638574,"HV315","sp|A0A0B4J1V0|HV315_HUMAN",0.240278740254002,22.2361122613179,2.10760153863018,0.0576176336856234,0.607088654611378,-4.2145057818396,0.216747883229364,"A0A0B4J1V0"
"2548",-0.060575358862281,13.7268264464216,-0.383950194061058,0.707778246809188,0.924153663218112,-6.18519190177761,0.0342558106638574,"SIA7A","sp|Q9NSC7|SIA7A_HUMAN",0.149418379921216,13.9497593233199,1.08857444120355,0.298504785907164,0.808765211776228,-5.56563615619274,0.0921775377565086,"Q9NSC7"
"2549",0.136708882745078,10.788698967062,0.383426334283585,0.708156355435758,0.924153663218112,-6.18539933972536,0.0342558106638574,"TM9S4","sp|Q92544|TM9S4_HUMAN",-0.116067551697542,10.9830158622513,-0.326566183107705,0.749829635605213,0.965663208308992,-6.09473155114287,0.0151743148645484,"Q92544"
"2550",0.0979247341427279,17.2937244840288,0.383219484384664,0.708305676818263,0.924153663218112,-6.18548117210506,0.0342558106638574,"K2C7","sp|P08729|K2C7_HUMAN",-0.020143324804622,17.2324560312502,-0.105396592722813,0.917866914084391,0.986613644973353,-6.1440520290822,0.00585288249271538,"P08729"
"2551",0.0598743589715257,26.8507078468061,0.383144203595182,0.708360023870707,0.924153663218112,-6.18551094343347,0.0342558106638574,"IGLL5","sp|B9A064|IGLL5_HUMAN",0.217780329506931,26.632934613455,1.77822250377882,0.101639525138535,0.666682972203156,-4.70749886858164,0.176080637078796,"B9A064"
"2552",0.0610785138648938,26.6103206908029,0.380750606364136,0.710088894208606,0.925681476778619,-6.18645456735576,0.0335384265735342,"IGLC6","sp|P0CF74|IGLC6_HUMAN",0.198926960257112,26.3623356180728,1.46813795892324,0.168730443143827,0.730218139886144,-5.12815749344618,0.136547382623484,"P0CF74"
"2553",-0.0907569282464157,11.0366056908549,-0.380253226652754,0.710448358521216,0.925786455411039,-6.18664992498847,0.0334891773912679,"DRB5","sp|Q30154|DRB5_HUMAN / sp|P79483|DRB3_HUMAN",0.233247144739531,10.754209385627,0.513052964392101,0.617571944985793,0.930949474286698,-6.01480430695771,0.0310738889799154,"Q30154"
"2554",-0.0704517051679112,14.8300352569336,-0.37946000203589,0.71102178533185,0.925968248947077,-6.18696096742685,0.033403904833715,"RTN2","sp|O75298|RTN2_HUMAN",-0.2021622408837,14.840994009857,-0.93636023437788,0.368228197807243,0.854052682405479,-5.71193511800927,0.0685153389452927,"O75298"
"2555",-0.0553622042140166,15.0719744828329,-0.379288420317034,0.711145847112413,0.925968248947077,-6.18702816541343,0.033403904833715,"SFXN1","sp|Q9H9B4|SFXN1_HUMAN",0.109857716451481,14.9234429004096,0.836558358576462,0.419789731918955,0.871380058403275,-5.79764634414939,0.0597923831477007,"Q9H9B4"
"2556",0.163326447369356,10.8024878561338,0.378581575052851,0.711657021162442,0.925998763856395,-6.18730468056511,0.0333895930704465,"BICD2","sp|Q8TD16|BICD2_HUMAN",0.0816819978237059,10.5960257971344,0.292657143799681,0.774968044976664,0.971934782471684,-6.1055350218019,0.0123628755705539,"Q8TD16"
"2557",-0.0667829376128085,16.3958510986497,-0.378484436046589,0.711727281288841,0.925998763856395,-6.18734264165196,0.0333895930704465,"SNP23","sp|O00161|SNP23_HUMAN",0.180138060557105,16.3232316394162,0.862309958511444,0.406041761845526,0.867345430800147,-5.7763342784726,0.0618079050462365,"O00161"
"2558",0.0769718307062887,16.5311229698753,0.377305325545255,0.712580346084514,0.926075887795368,-6.18780267015618,0.033353423360864,"RAB4A","sp|P20338|RAB4A_HUMAN",-0.177849540668416,16.6427032065213,-1.05654671871005,0.312288260775167,0.813567297890723,-5.59792272977858,0.089606516613139,"P20338"
"2559",0.0753725191366216,16.401230338505,0.377249104437866,0.712621031187445,0.926075887795368,-6.18782456977808,0.033353423360864,"TWF2","sp|Q6IBS0|TWF2_HUMAN",-0.369274217987926,16.08410069911,-1.88031549064216,0.0854760921568086,0.636087779974098,-4.55908595868202,0.196482947672635,"Q6IBS0"
"2560",-0.0704909260266345,13.9211739848403,-0.377245517675236,0.712623626824155,0.926075887795368,-6.18782596680982,0.033353423360864,"TTC1","sp|Q99614|TTC1_HUMAN",-0.149737694456421,13.8571523729405,-0.926944321943818,0.372894487294504,0.858429459099652,-5.72037668218245,0.0662953869124561,"Q99614"
"2561",0.125783989501167,10.7215607476395,0.37634696798169,0.713273999774702,0.926329156202957,-6.18817554057614,0.0332346663180692,"ASML","sp|O95671|ASML_HUMAN",0.179162499345923,10.9229424336183,0.872929589274244,0.400461945743578,0.867111174600625,-5.76738102831458,0.0619252169179849,"O95671"
"2562",-0.0958550747273333,12.2508572794428,-0.376205084716007,0.713376716858921,0.926329156202957,-6.18823066480417,0.0332346663180692,"GBG2","sp|P59768|GBG2_HUMAN",-0.594227042381645,12.3750764178269,-2.22708593002447,0.0466412615533369,0.589635363006715,-4.02677616891595,0.229416477831962,"P59768"
"2563",-0.166673537409372,11.9171326468971,-0.374852385428565,0.714356304786217,0.927238394832012,-6.18875519462018,0.0328085935258649,"B2CL1","sp|Q07817|B2CL1_HUMAN",-0.269415518698338,12.3846721960562,-1.19694492049127,0.255286329705145,0.777364072933162,-5.45073621725995,0.109375534823134,"Q07817"
"2564",-0.074771486880081,14.1620707715327,-0.372532830120839,0.716037301479903,0.928999988834232,-6.18965034559861,0.0319842912261986,"UBA7","sp|P41226|UBA7_HUMAN",0.214263077624974,14.0218122620204,1.1658858680435,0.267140681637324,0.78566784211862,-5.4845393351376,0.104761022438977,"P41226"
"2565",0.0665363199872612,21.0941143963469,0.372096514261673,0.716353676630473,0.928999988834232,-6.18981812035467,0.0319842912261986,"HV108","sp|P0DP01|HV108_HUMAN",0.157892991364977,20.8962173873148,1.10514175530356,0.291557849051839,0.804174755558491,-5.54863031588555,0.0946495642767864,"P0DP01"
"2566",0.0633292535164648,25.1517138746144,0.371538306214737,0.716758516755279,0.928999988834232,-6.19003248595312,0.0319842912261986,"A1AT","sp|P01009|A1AT_HUMAN",0.171294148971,24.9373792563148,1.07550123325785,0.304074487323002,0.811034091561332,-5.57890932213871,0.0909608899740679,"P01009"
"2567",-0.0617433212662108,15.8933298311757,-0.371435518047869,0.716833073637983,0.928999988834232,-6.1900719248798,0.0319842912261986,"KAPCA","sp|P17612|KAPCA_HUMAN",-0.0330634350323218,15.897926984588,-0.219686843174534,0.82994445521647,0.977505666396101,-6.1248211886188,0.00988071641043172,"P17612"
"2568",-0.10964660620874,12.7377466312143,-0.370453732208627,0.717545360687132,0.929026891641695,-6.19044809068562,0.0319717147226476,"PP2BB","sp|P16298|PP2BB_HUMAN / sp|Q08209|PP2BA_HUMAN",0.0336849676584089,12.7660098281113,0.194851269313747,0.848890144593587,0.980342486398055,-6.130143586751,0.00862217536021909,"P16298"
"2569",0.120446259859896,9.46941041535184,0.370258632514907,0.717686938887577,0.929026891641695,-6.19052272627153,0.0319717147226476,"SERA","sp|O43175|SERA_HUMAN",-0.0526018676275954,8.83220079817798,-0.0716643443636396,0.944093327254678,0.988040648929326,-6.14714949415011,0.00522518775796543,"O43175"
"2570",-0.0575458614819315,16.6979408156469,-0.369283202176047,0.718394944730215,0.929026891641695,-6.19089530231986,0.0319717147226476,"AN32A","sp|P39687|AN32A_HUMAN",0.09490483794134,16.8335567518685,0.554780752147845,0.589612431056788,0.923616858095106,-5.99226099090309,0.0345081488266848,"P39687"
"2571",-0.0814331598063957,15.6831497708024,-0.369069455979438,0.71855012669112,0.929026891641695,-6.19097681676474,0.0319717147226476,"ANXA4","sp|P09525|ANXA4_HUMAN",-0.509671002162376,15.8283403214266,-3.03375919914277,0.0107934240677832,0.431567304626761,-2.69085610891685,0.364951464726011,"P09525"
"2572",-0.0465715489461155,17.2206675214178,-0.368953475893433,0.718634334930532,0.929026891641695,-6.19102102774695,0.0319717147226476,"GTR10","sp|O95528|GTR10_HUMAN",-0.213042335254796,17.2577022097484,-1.38723537089891,0.191520764006264,0.752526853111309,-5.22927866832591,0.123477998126165,"O95528"
"2573",0.0479867013866289,16.6290003137392,0.368750422279796,0.718781772877159,0.929026891641695,-6.19109839801039,0.0319717147226476,"FLII","sp|Q13045|FLII_HUMAN",-0.143538113517163,16.6311033750145,-0.897594691935376,0.387704864854094,0.861474961558659,-5.74621926095751,0.0647573406360728,"Q13045"
"2574",0.0528917387378327,19.5305408547203,0.368707123036301,0.718813214141571,0.929026891641695,-6.19111489109925,0.0319717147226476,"CACO1","sp|Q9P1Z2|CACO1_HUMAN",-0.288070148240113,19.5278706255995,-2.35947099520231,0.0368118107143044,0.564461874265568,-3.81449553960612,0.248365386520688,"Q9P1Z2"
"2575",-0.0568148086169939,16.1981663505778,-0.367942361638356,0.719368625739836,0.92938282165454,-6.19140588415599,0.0318053591108505,"KAPCB","sp|P22694|KAPCB_HUMAN",-0.0225122305939523,16.2296230125204,-0.160539408496299,0.875225977287903,0.985371444578884,-6.13645401338621,0.00640002744928762,"P22694"
"2576",0.0497845793392256,17.6567356193769,0.366172884124806,0.72065435892704,0.930462620548043,-6.19207691091083,0.0313010690843102,"UROM","sp|P07911|UROM_HUMAN",0.114956418494457,17.8889910852241,1.23145243036098,0.24260619914515,0.77039683551692,-5.41238198190671,0.113285509788458,"P07911"
"2577",0.049101677315911,15.5463398448247,0.366020522718375,0.720765109198258,0.930462620548043,-6.19213454211115,0.0313010690843102,"PLXB2","sp|O15031|PLXB2_HUMAN",-0.09444731683263,15.513401014033,-0.555688663376111,0.58901149452934,0.923616858095106,-5.99175193435406,0.0345081488266848,"O15031"
"2578",-0.0928846831874415,11.9356829968454,-0.364569650350262,0.721820067918027,0.931247432514493,-6.19268216524614,0.030934911608832,"SPON2","sp|Q9BUD6|SPON2_HUMAN",-0.0378165978348291,12.0962954951539,-0.185052262055435,0.856393322745925,0.981481159597281,-6.13206932877957,0.00811803265232989,"Q9BUD6"
"2579",-0.0672834823507763,18.1333710329423,-0.364412721086563,0.721934210262064,0.931247432514493,-6.1927412698949,0.030934911608832,"EF1G","sp|P26641|EF1G_HUMAN",0.0381233035960284,18.1043464235713,0.192336059368358,0.850814612175419,0.980636721353978,-6.1306473011025,0.00849184800315778,"P26641"
"2580",0.0713778612328287,18.4739450171541,0.363715310566193,0.722441555725147,0.93153983040084,-6.19300363649069,0.0307985709840795,"GSTO1","sp|P78417|GSTO1_HUMAN",-0.000964540976278267,18.5354948432502,-0.00548048637620102,0.995720619217323,0.99998415467369,-6.14979869239875,6.88159230085131e-06,"P78417"
"2581",-0.0925339709394764,16.2033002665538,-0.362624579748541,0.723235306599541,0.931786549199583,-6.19341298578849,0.0306835630985312,"ENOB","sp|P13929|ENOB_HUMAN",-0.0241076751625329,16.4324077319896,-0.129609131384538,0.899102379784028,0.986613644973353,-6.14110266351054,0.00585288249271538,"P13929"
"2582",-0.0983685657481137,12.5603286600328,-0.362302783654568,0.723469549655302,0.931786549199583,-6.19353352573112,0.0306835630985312,"SYSC","sp|P49591|SYSC_HUMAN",0.252993746439312,12.5260038367496,1.16392898072349,0.267901729602535,0.78617669367888,-5.48664599639473,0.104479835047455,"P49591"
"2583",0.0636340952180223,15.7175020929157,0.361900777111588,0.723762220946682,0.931786549199583,-6.19368396433321,0.0306835630985312,"A0A0B4J2B8","tr|A0A0B4J2B8|A0A0B4J2B8_HUMAN",0.263793149414767,15.3057028329404,2.04549697180296,0.0642431856735025,0.609740800734631,-4.31041317787228,0.214854743241087,"A0A0B4J2B8"
"2584",0.0634714812037056,14.8286404987194,0.361728905615646,0.723887361831287,0.931786549199583,-6.19374823214318,0.0306835630985312,"EHD2","sp|Q9NZN4|EHD2_HUMAN",-0.126377721412504,14.9566893544576,-0.529741978976744,0.606310430751883,0.928468578954848,-6.00598897779534,0.032232788981201,"Q9NZN4"
"2585",-0.0849874534443767,16.3592862071447,-0.361417285119383,0.724114276248948,0.931786549199583,-6.19386468011244,0.0306835630985312,"DYHC2","sp|Q8NCM8|DYHC2_HUMAN",-0.299087614752454,16.4821498762547,-1.94767985812245,0.0761360058312502,0.61587755552954,-4.45886968254029,0.210505622646688,"Q8NCM8"
"2586",0.0661163923046798,14.9970230259364,0.361138431719332,0.724317353701393,0.931786549199583,-6.19396880032791,0.0306835630985312,"ATPG","sp|P36542|ATPG_HUMAN",0.212326099806425,15.0251018366325,1.13410884022335,0.279708673035774,0.796186179936307,-5.5184049498745,0.0989853650959198,"P36542"
"2587",0.0743189371579798,16.1463711701656,0.359237514755753,0.72570229678741,0.93285270775931,-6.19467648446135,0.030186923517385,"KPCD","sp|Q05655|KPCD_HUMAN",-0.0903211436076241,16.2547005369781,-0.379465031090088,0.711217744650178,0.959818517912726,-6.07556530895769,0.0178108754186703,"Q05655"
"2588",-0.0859899702524427,12.7656551713003,-0.359131720585841,0.725779404644914,0.93285270775931,-6.19471576284099,0.030186923517385,"COX5B","sp|P10606|COX5B_HUMAN",-0.285372092632163,12.6210685899377,-0.877344062428306,0.398157909653319,0.866973336418611,-5.76363117750014,0.0619942589532371,"P10606"
"2589",0.0491424067659479,17.4531871137313,0.358843736285948,0.72598931730711,0.93285270775931,-6.19482262594745,0.030186923517385,"DAF","sp|P08174|DAF_HUMAN",0.110533731209529,17.5465836923133,1.08108391207285,0.30168653601796,0.811034091561332,-5.57325709334667,0.0909608899740679,"P08174"
"2590",0.139915542054074,8.46577521733932,0.175998452532847,0.86351746295676,0.96833467127428,-6.19482913459086,0.0139745179313829,"IRS2","sp|Q9Y4H2|IRS2_HUMAN",0.991718561385302,8.40771782817502,2.15734497667668,0.0549410934418932,0.59071324196055,-4.1132856081126,0.228623293496481,"Q9Y4H2"
"2591",-0.0522387036827227,14.3115230042077,-0.357672350386428,0.726843383761325,0.933483538885179,-6.19525643125359,0.0298933360270243,"OPA1","sp|O60313|OPA1_HUMAN",0.336417198106529,13.7173562922671,1.44252127357247,0.175684803900826,0.737165441399294,-5.16059903320871,0.132435032868846,"O60313"
"2592",0.0806257252061234,24.8341403223136,0.357382653408439,0.727054663293448,0.933483538885179,-6.19536350225969,0.0298933360270243,"ACTG","sp|P63261|ACTG_HUMAN / sp|P60709|ACTB_HUMAN",-0.103969660015015,25.0001828879332,-0.523190394472888,0.610718936921336,0.928468578954848,-6.00948162108238,0.032232788981201,"P63261"
"2593",0.0415806603999041,21.2659267230789,0.355951003965677,0.728099126787102,0.933483538885179,-6.19589138907947,0.0298933360270243,"NEO1","sp|Q92859|NEO1_HUMAN",0.0173616996358915,21.1895280350056,0.203157192835873,0.842542338621072,0.979774508889009,-6.12843402215801,0.00887386391301568,"Q92859"
"2594",0.0785276568705855,11.6241033150984,0.355381914414105,0.728514466227607,0.933483538885179,-6.19610065165783,0.0298933360270243,"SCP2","sp|P22307|SCP2_HUMAN",-0.187066165717001,11.6960852620152,-0.880813146084614,0.396353664317476,0.866973336418611,-5.76067284700795,0.0619942589532371,"P22307"
"2595",0.0653162627994256,18.7102205597881,0.35537625888642,0.728518594261829,0.933483538885179,-6.19610272963458,0.0298933360270243,"FBLN2","sp|P98095|FBLN2_HUMAN",-0.00649494408001412,18.8440501263138,-0.0561973736926418,0.956143705975126,0.989471316190957,-6.14817547677686,0.00459679104883991,"P98095"
"2596",-0.0884062699005427,12.9851786484191,-0.35485203084248,0.728901272920736,0.933483538885179,-6.196295203132,0.0298933360270243,"LFA3","sp|P19256|LFA3_HUMAN",0.110182581452488,13.2389875300252,0.385555511176972,0.706823209876003,0.958311369925838,-6.07317872682585,0.0184933591159103,"P19256"
"2597",0.204565622110362,10.953147065775,0.354617165813557,0.729072745666659,0.933483538885179,-6.1963813450801,0.0298933360270243,"PLLP","sp|Q9Y342|PLLP_HUMAN",0.521573712018483,10.866882273254,1.44357645444786,0.17539362862489,0.737165441399294,-5.15927035512616,0.132435032868846,"Q9Y342"
"2598",-0.084621893258114,12.3886863224831,-0.354328697405669,0.72928337469622,0.933483538885179,-6.19648707089784,0.0298933360270243,"ACSL4","sp|O60488|ACSL4_HUMAN",-0.0538587870191312,12.6260431833883,-0.151791688472951,0.881966756066862,0.986191942633613,-6.1378688638631,0.00603855005478495,"O60488"
"2599",0.0734348560563501,14.5161921560468,0.354117681526509,0.729437465361944,0.933483538885179,-6.19656435647572,0.0298933360270243,"SIAT1","sp|P15907|SIAT1_HUMAN",-0.0783944275258635,14.6576266432913,-0.669201610962253,0.516502930767,0.907970131840623,-5.92197804138683,0.0419284375914184,"P15907"
"2600",-0.0499520493455392,14.8580026743036,-0.35330187095663,0.730033312927508,0.933483538885179,-6.1968627272616,0.0298933360270243,"CBPD","sp|O75976|CBPD_HUMAN",0.193386623006347,14.9566916936739,1.22216745537099,0.245967786823508,0.772206478342405,-5.42278359847406,0.112266559230286,"O75976"
"2601",-0.0784925925074873,18.2396848789508,-0.353233267384819,0.730083427658096,0.933483538885179,-6.19688778732078,0.0298933360270243,"STML3","sp|Q8TAV4|STML3_HUMAN",-0.226844499218454,18.5569647663901,-1.20218049694187,0.253329451419057,0.777364072933162,-5.44497063610062,0.109375534823134,"Q8TAV4"
"2602",-0.0922275298782414,13.761791724287,-0.352767589263575,0.730423638736025,0.933483538885179,-6.19705776805831,0.0298933360270243,"PA2G4","sp|Q9UQ80|PA2G4_HUMAN",-0.0584725475044428,13.8557950249832,-0.255292748032934,0.802980154185578,0.974083015987548,-6.11608877484275,0.0114040289027625,"Q9UQ80"
"2603",0.0514956138414018,21.0709870584541,0.352697966022135,0.730474508633028,0.933483538885179,-6.19708316291463,0.0298933360270243,"HV601","sp|A0A0B4J1U7|HV601_HUMAN",0.164410497584471,20.8696532891401,1.37914684257666,0.193934732426295,0.752526853111309,-5.2391701470652,0.123477998126165,"A0A0B4J1U7"
"2604",-0.0994863593125869,13.6450719052774,-0.351893418243947,0.731062444873738,0.933483538885179,-6.19737626329692,0.0298933360270243,"CBL","sp|P22681|CBL_HUMAN",-0.116701106878399,13.6872831797727,-0.48016530030666,0.640063066171549,0.939874259186622,-6.03138673665821,0.0269302444791645,"P22681"
"2605",-0.0714932829292024,14.5819471692986,-0.350867230634694,0.731812607112486,0.933483538885179,-6.19774915737386,0.0298933360270243,"EMAL4","sp|Q9HC35|EMAL4_HUMAN",-0.219356319794227,14.4789713792226,-1.50779643936816,0.158426510330385,0.728883053370811,-5.07718417735454,0.137342147059245,"Q9HC35"
"2606",0.0386546673751683,19.1837125769628,0.350548595737788,0.732045594153104,0.933483538885179,-6.19786472543672,0.0298933360270243,"EZRI","sp|P15311|EZRI_HUMAN",-0.036250048574939,19.2632754742966,-0.359570250604291,0.72564793436905,0.963370197668351,-6.08310288115259,0.016206792927522,"P15311"
"2607",0.0651605540981368,13.959253932544,0.350431738136254,0.73213104787183,0.933483538885179,-6.19790708363159,0.0298933360270243,"GLCM","sp|P04062|GLCM_HUMAN",0.0671122149870726,14.0395287343218,0.45442969327782,0.657930079987723,0.942800633562724,-6.04362781026255,0.0255801343014022,"P04062"
"2608",-0.0767085561452247,11.3977362366715,-0.350384346402835,0.732165704794918,0.933483538885179,-6.1979242581057,0.0298933360270243,"RNT2","sp|O00584|RNT2_HUMAN",-0.135623111775656,11.7641978290746,-0.31879031317583,0.755568917474965,0.967217051958264,-6.09731166128782,0.0144760555032612,"O00584"
"2609",-0.0628406304181871,15.403912226769,-0.349817906583045,0.732579982219272,0.933483538885179,-6.19812935642663,0.0298933360270243,"SCG1","sp|P05060|SCG1_HUMAN",0.0154632983476437,15.1183800771988,0.122933815884009,0.904269827179896,0.986613644973353,-6.14197631542647,0.00585288249271538,"P05060"
"2610",0.157717930246249,9.0392136916219,0.349813561130815,0.732583160695838,0.933483538885179,-6.19813092858614,0.0298933360270243,"CLCC1","sp|Q96S66|CLCC1_HUMAN",0.139447761152673,8.40257006753323,0.162472735294481,0.873737567638971,0.985371444578884,-6.13613067380836,0.00640002744928762,"Q96S66"
"2611",0.0480979306778438,22.5716444430483,0.349729250595222,0.73264483057634,0.933483538885179,-6.19816142786698,0.0298933360270243,"HV372","sp|A0A0B4J1Y9|HV372_HUMAN",0.243077800307229,22.35453037713,2.0745962751711,0.0610545125671968,0.609740800734631,-4.26562704392377,0.214854743241087,"A0A0B4J1Y9"
"2612",-0.130887135860833,11.867839967532,-0.349445282458755,0.732852556582752,0.933483538885179,-6.19826410021103,0.0298933360270243,"CCL18","sp|P55774|CCL18_HUMAN",0.0333885575052875,11.5346516996576,0.100989648449815,0.921288206834794,0.986613644973353,-6.14452361131574,0.00585288249271538,"P55774"
"2613",-0.0465889395243563,11.0728149303019,-0.348351487171044,0.733652887134965,0.933483538885179,-6.19865881303899,0.0298933360270243,"PA1B3","sp|Q15102|PA1B3_HUMAN",-0.505476406548488,11.1234571776368,-2.31499413997198,0.0398686353621117,0.574673817068442,-3.88626780070889,0.240578589471024,"Q15102"
"2614",-0.0871115556031155,13.4673871615391,-0.348225834097545,0.733744848525016,0.933483538885179,-6.19870407929595,0.0298933360270243,"PDC10","sp|Q9BUL8|PDC10_HUMAN",-0.0297694544947712,13.6051047030345,-0.202399223143647,0.843121143710305,0.979774508889009,-6.12859296822395,0.00887386391301568,"Q9BUL8"
"2615",0.0386730995026173,22.7399059335337,0.347942859586286,0.733951964157539,0.933483538885179,-6.19880596171846,0.0298933360270243,"NRP1","sp|O14786|NRP1_HUMAN",-0.0379353533220082,22.7090508308969,-0.400974943042781,0.695747195900613,0.956136992772092,-6.06697131551574,0.0194798787044241,"O14786"
"2616",0.0406530581687684,17.4723676596675,0.347083722934506,0.73458092028453,0.933483538885179,-6.19911478921333,0.0298933360270243,"CUTA","sp|O60888|CUTA_HUMAN",0.082138513929816,17.5344958465329,0.676237933201178,0.512185967623737,0.907970131840623,-5.91725806995043,0.0419284375914184,"O60888"
"2617",0.0719272425514963,13.3942858169208,0.347080998023224,0.734582915456018,0.933483538885179,-6.19911576752762,0.0298933360270243,"LYRIC","sp|Q86UE4|LYRIC_HUMAN",0.151643116812442,13.5324883112145,1.40511083607075,0.186274746741614,0.75121006614267,-5.2072755925103,0.124238601198647,"Q86UE4"
"2618",-0.0591840468430493,15.1679186390108,-0.347053056840991,0.73460337401878,0.933483538885179,-6.19912579870752,0.0298933360270243,"BGAL","sp|P16278|BGAL_HUMAN",-0.156713585558593,15.2824348334861,-1.43802386816361,0.176930439111917,0.73865676404082,-5.1662547353324,0.1315573208897,"P16278"
"2619",-0.0599805094032874,14.3424683812799,-0.347007626499726,0.734636638616477,0.933483538885179,-6.19914210699219,0.0298933360270243,"MCU","sp|Q8NE86|MCU_HUMAN",-0.141045945088971,14.5906643348487,-0.641656469223178,0.533606629006957,0.912613568562101,-5.94001622543039,0.0397130785089623,"Q8NE86"
"2620",-0.0771982925385891,18.7421367454498,-0.346296455605208,0.73515743911436,0.933578580116167,-6.19939712589765,0.0298491212343965,"MYL6","sp|P60660|MYL6_HUMAN",-0.115620588567516,18.9164399110001,-0.556592247688824,0.588413740394656,0.923616858095106,-5.99124452238652,0.0345081488266848,"P60660"
"2621",-0.0883333135585932,11.7879676085691,-0.345799208697897,0.735521661839968,0.933578580116167,-6.19957512938574,0.0298491212343965,"KI13B","sp|Q9NQT8|KI13B_HUMAN",0.022643054230728,11.6891549055096,0.115688820464752,0.909883472408645,0.986613644973353,-6.14287239800445,0.00585288249271538,"Q9NQT8"
"2622",-0.11920190493634,9.252787990164,-0.345458334069183,0.735771384052675,0.933578580116167,-6.19969701029657,0.0298491212343965,"CP250","sp|Q9BV73|CP250_HUMAN",-0.669358591588529,8.77223979521879,-0.988296223501382,0.343232738733127,0.842302006615039,-5.66407703933372,0.0745321646880175,"Q9BV73"
"2623",0.0439972459500471,17.1000773070911,0.344969890651516,0.736129269065978,0.933578580116167,-6.19987144971743,0.0298491212343965,"GDIR2","sp|P52566|GDIR2_HUMAN",0.0712097007624722,17.192435956047,0.619499138124021,0.547597476177526,0.912613568562101,-5.95401508719396,0.0397130785089623,"P52566"
"2624",0.0787834427004588,12.1261363371938,0.344920622135072,0.736165371957097,0.933578580116167,-6.19988903172385,0.0298491212343965,"ACOHC","sp|P21399|ACOHC_HUMAN",0.27058485744194,12.1725634969282,1.22788472455592,0.243893518633853,0.77093579842453,-5.4163858108188,0.112981787384725,"P21399"
"2625",-0.0623739911613866,13.1495499095704,-0.344601637162493,0.736399133095549,0.933578580116167,-6.2000028054647,0.0298491212343965,"MAP2","sp|P50579|MAP2_HUMAN",-0.305388090138045,12.8416526801635,-1.3013473025787,0.218465762021438,0.757046932651169,-5.33219710255455,0.120877195850511,"P50579"
"2626",0.0420598775441529,16.333006565185,0.343668665236094,0.73708299931496,0.934088764691238,-6.20033498069478,0.0296118516244389,"FGFR2","sp|P21802|FGFR2_HUMAN",-0.0312009836084243,16.3492983801707,-0.247227436053125,0.80906613448153,0.974324183315953,-6.11818028982308,0.0112965178645011,"P21802"
"2627",-0.0631620326355306,17.6200166120759,-0.343107548847361,0.737494409690029,0.934253414412674,-6.20053433565396,0.0295353062609061,"IF4G1","sp|Q04637|IF4G1_HUMAN",0.15353968631127,17.577487172775,0.818320932269195,0.429711776752359,0.872187078027514,-5.81239530664191,0.0593903519470659,"Q04637"
"2628",0.0681757467578981,9.79113524865452,0.140140109199211,0.891101507740116,0.975482951654427,-6.20075786421954,0.0107803162921251,"TB10C","sp|Q8IV04|TB10C_HUMAN",-0.180876873897883,9.37059727773854,-0.346451495962734,0.735804203657246,0.964602283830354,-6.03752381711841,0.0156517141602005,"Q8IV04"
"2629",0.0656174561187371,12.4401907089498,0.34151711860357,0.738660974311626,0.935374198298468,-6.20109765358154,0.0290146139989775,"SPSY","sp|P52788|SPSY_HUMAN",-0.211940645696849,12.1370746216472,-0.998616406249301,0.338415361627838,0.837584329040114,-5.654308986515,0.0769714567770072,"P52788"
"2630",-0.117818471569711,13.5422084436904,-0.340406497827713,0.739476007095098,0.936049148569272,-6.20148950592109,0.0287013474242396,"DUS29","sp|Q68J44|DUS29_HUMAN",0.137046784845352,13.3663584878216,0.346544721725679,0.735156313902878,0.964602283830354,-6.08782309466195,0.0156517141602005,"Q68J44"
"2631",0.0686269767210317,15.0273325891927,0.339468323154336,0.740164747539745,0.936563780817542,-6.20181954066887,0.0284626414452809,"SEPT5","sp|Q99719|SEPT5_HUMAN",0.0962025658989594,15.1124175220436,0.542370242608442,0.597858797391507,0.924268458929614,-5.99914041160537,0.0342018672020061,"Q99719"
"2632",0.0536345468842626,20.9741196413188,0.338834000744732,0.740630554969822,0.936586944121599,-6.2020421792037,0.0284519005102341,"KV127","sp|A0A075B6S5|KV127_HUMAN",0.081629365485108,20.6157781306409,0.577824697966611,0.574459910551781,0.916271872807246,-5.97909746904082,0.0379756449553353,"A0A075B6S5"
"2633",0.0495820940083239,13.749216754693,0.338283957213405,0.741034560192424,0.936586944121599,-6.20223490656636,0.0284519005102341,"NOTC4","sp|Q99466|NOTC4_HUMAN",0.115247182128325,13.8234273539942,0.697326665641859,0.499376153369186,0.903151205766242,-5.90284012989813,0.0442395339250954,"Q99466"
"2634",-0.140213369101386,12.1709173354251,-0.338237644707305,0.741068580266399,0.936586944121599,-6.2022511197942,0.0284519005102341,"SURF4","sp|O15260|SURF4_HUMAN",-0.332290789927352,12.4554511254025,-1.46975133188779,0.168300384387946,0.730218139886144,-5.12610144313067,0.136547382623484,"O15260"
"2635",0.0702674395674824,18.0744271782775,0.337377696643254,0.741700381692491,0.936586944121599,-6.20255177775712,0.0284519005102341,"SH3L3","sp|Q9H299|SH3L3_HUMAN",-0.0984384359740142,18.2276247997977,-0.487606619145613,0.634940059424436,0.939029247353674,-6.02772672273025,0.0273208808260098,"Q9H299"
"2636",0.090143868116819,12.8377482374324,0.337052750538922,0.741939169946809,0.936586944121599,-6.202665191178,0.0284519005102341,"SYYC","sp|P54577|SYYC_HUMAN",0.109271326741295,13.0802645297467,0.579213525475473,0.573553397861951,0.916271872807246,-5.97828799411576,0.0379756449553353,"P54577"
"2637",0.0614252900879687,15.2100245187054,0.337028578047237,0.741956934344528,0.936586944121599,-6.20267362363368,0.0284519005102341,"CHSTD","sp|Q8NET6|CHSTD_HUMAN",0.0482323504822415,15.3090625170314,0.475427696867132,0.643334880723428,0.940765473701383,-6.03368879948451,0.0265186296779271,"Q8NET6"
"2638",-0.098798046528426,10.9471941696211,-0.336754480412204,0.742158379945708,0.936586944121599,-6.20276919977297,0.0284519005102341,"MAP11","sp|P53582|MAP11_HUMAN",0.415395358175419,10.7405043257596,1.30801615155658,0.216268059452575,0.757046932651169,-5.32437597706649,0.120877195850511,"P53582"
"2639",0.0704829334893279,16.1487757441436,0.335897793589421,0.74278812290582,0.936899047429954,-6.2030674295747,0.028307202608603,"ALDOC","sp|P09972|ALDOC_HUMAN",-0.0283766450694444,16.2967973640957,-0.188795317591219,0.85352545323407,0.980636721353978,-6.13134537811157,0.00849184800315778,"P09972"
"2640",0.0523988844523721,16.7826501508015,0.335360403408567,0.743183253062047,0.936899047429954,-6.20325412565054,0.028307202608603,"CD59","sp|P13987|CD59_HUMAN",-0.00953144558932654,16.8336721984379,-0.0792006398659502,0.938226829332405,0.988040648929326,-6.14655972844047,0.00522518775796543,"P13987"
"2641",-0.0514244167323926,15.3059691183821,-0.33526617682195,0.743252543501979,0.936899047429954,-6.20328683094099,0.028307202608603,"DSC2","sp|Q02487|DSC2_HUMAN",0.0837841089070651,15.2721764318732,0.723805013734374,0.483568817523595,0.899237641029829,-5.88416456965055,0.0461255223383996,"Q02487"
"2642",0.0445120102002456,16.7800767521659,0.334689397943634,0.74367673468679,0.937077859690758,-6.20348682981502,0.0282243230617908,"COPA","sp|P53621|COPA_HUMAN",-0.040404070771462,16.8253279353977,-0.374852634321744,0.714553049758165,0.960820446915146,-6.07734805889069,0.0173577634237046,"P53621"
"2643",-0.0407961524335995,23.0108772635918,-0.333712753927722,0.744395206559661,0.937627207048013,-6.20382471236718,0.0279697992575232,"APOM","sp|O95445|APOM_HUMAN",0.00720531590083299,22.9418491203391,0.0654190999991267,0.948957452356221,0.988571809281324,-6.1475936206267,0.00499177830587694,"O95445"
"2644",0.0576189879158912,23.7799591124542,0.332349361324449,0.745398611978788,0.938444409779865,-6.2042947758274,0.0275914483925533,"PZP","sp|P20742|PZP_HUMAN",-0.00553786562528662,23.5938595273794,-0.0377719950596808,0.970513587759021,0.992339678919344,-6.14907387661516,0.0033396429373873,"P20742"
"2645",0.0807735726043236,11.2396327930924,0.331619974476934,0.74593561377522,0.938444409779865,-6.20454547495456,0.0275914483925533,"SEC62","sp|Q99442|SEC62_HUMAN",-0.0186293715635121,11.2815663452861,-0.0958430275609432,0.92528582880379,0.986613644973353,-6.14504889774995,0.00585288249271538,"Q99442"
"2646",0.0901956496650388,18.8603381595551,0.331193516689372,0.746249652553142,0.938444409779865,-6.20469180334875,0.0275914483925533,"RSU1","sp|Q15404|RSU1_HUMAN",-0.094299852929301,18.7400390789173,-0.392827013595675,0.701591009167143,0.956136992772092,-6.07028092241481,0.0194798787044241,"Q15404"
"2647",-0.0586614764772806,14.7287951824697,-0.330936446612963,0.746438979120698,0.938444409779865,-6.20477992131335,0.0275914483925533,"PRAF3","sp|O75915|PRAF3_HUMAN",0.217431574489841,14.7911322630425,1.16801784514656,0.266313459161715,0.78566784211862,-5.48224104521023,0.104761022438977,"O75915"
"2648",0.0606882281031735,15.477614734943,0.330900313715266,0.74646559160763,0.938444409779865,-6.20479230149444,0.0275914483925533,"K1958","sp|Q8N8K9|K1958_HUMAN",0.283865298853143,14.9398700040907,2.41645287483891,0.0332242722559131,0.564461874265568,-3.72193705048065,0.248365386520688,"Q8N8K9"
"2649",0.0530795011918035,17.5253219195217,0.330116140335844,0.747043232627774,0.938444409779865,-6.20506065534385,0.0275914483925533,"FYB1","sp|O15117|FYB1_HUMAN",-0.0223218615392271,17.6042761186538,-0.144301914686072,0.887745930559997,0.986191942633613,-6.1390175332952,0.00603855005478495,"O15117"
"2650",-0.0663323663542531,21.5164683473849,-0.330055576262633,0.747087852270952,0.938444409779865,-6.20508135513191,0.0275914483925533,"HV102","sp|P23083|HV102_HUMAN",0.157960763938691,21.2510922836552,1.11818060615583,0.286177596740908,0.803677098634372,-5.53510202074238,0.0949184070341135,"P23083"
"2651",-0.0770843487673813,15.2718992079072,-0.329759510037475,0.74730598826399,0.938444409779865,-6.20518249198095,0.0275914483925533,"LV537","sp|A0A075B6J1|LV537_HUMAN",0.200472980536257,15.0643086904834,1.30687596626943,0.216642521869707,0.757046932651169,-5.32571523738451,0.120877195850511,"A0A075B6J1"
"2652",-0.0732880081189144,12.6400031450548,-0.328950040005375,0.747902507191649,0.938793890349402,-6.20545855401,0.0274297454434653,"TSN15","sp|O95858|TSN15_HUMAN",-0.355309527343385,13.0824625676144,-1.86956929797381,0.0870597191222546,0.639272583554786,-4.5749099826934,0.194313920728328,"O95858"
"2653",-0.0329987209803524,16.7663510590233,-0.328499898530649,0.748234301677299,0.938793890349402,-6.2056117823762,0.0274297454434653,"CHSTC","sp|Q9NRB3|CHSTC_HUMAN",-0.0499995428990474,16.828829507766,-0.389768767802058,0.703789630580056,0.956934774229908,-6.07150609833382,0.0191176632235889,"Q9NRB3"
"2654",-0.0553860837142766,13.0996499794096,-0.327612835378501,0.748888300691654,0.938793890349402,-6.20591313632318,0.0274297454434653,"GLO2","sp|Q16775|GLO2_HUMAN",-0.0161495908008561,13.1504749015204,-0.110634055572534,0.91380310378642,0.986613644973353,-6.14346543798564,0.00585288249271538,"Q16775"
"2655",-0.0867772632655244,12.6999978476878,-0.327437547257577,0.749017558349621,0.938793890349402,-6.2059725907375,0.0274297454434653,"CLCB","sp|P09497|CLCB_HUMAN",-0.291923209472414,12.3713319514368,-0.870478100384411,0.401745362191649,0.867111174600625,-5.76945632132434,0.0619252169179849,"P09497"
"2656",-0.0482937422006602,19.0483304942582,-0.327325461869345,0.749100214418995,0.938793890349402,-6.20601059161042,0.0274297454434653,"AT2A3","sp|Q93084|AT2A3_HUMAN",-0.0426048947368112,18.9634885321274,-0.357227057000432,0.727354941010712,0.964219667992726,-6.08396456798475,0.0158240140959132,"Q93084"
"2657",0.170908380420995,11.2325802640399,0.327079761443959,0.74928141474407,0.938793890349402,-6.20609384798269,0.0274297454434653,"SC5A5","sp|Q92911|SC5A5_HUMAN",-0.436426432078434,11.577824894448,-0.941717754494733,0.365591609682784,0.853304186031758,-5.70709953171755,0.0688961238551915,"Q92911"
"2658",-0.225967071621655,8.60576555280345,-0.326074942497897,0.750022616130511,0.939088147902551,-6.20643369540486,0.0272936405870009,"VP37A","sp|Q8NEZ2|VP37A_HUMAN",-0.674131614694214,9.21066757225904,-1.50233689542182,0.159812224543015,0.728883053370811,-5.08425452184211,0.137342147059245,"Q8NEZ2"
"2659",-0.0724231276917208,13.1495770282215,-0.325712036930236,0.7502903764059,0.939088147902551,-6.20655618413244,0.0272936405870009,"KS6A3","sp|P51812|KS6A3_HUMAN",-0.0120846751855414,13.306004496041,-0.0481362728724267,0.96242885115568,0.991403276531875,-6.14861186016936,0.00374965010974447,"P51812"
"2660",-0.0720147301693462,19.5411046846637,-0.324683454880005,0.751049473136914,0.939088147902551,-6.20690262587855,0.0272936405870009,"MYH10","sp|P35580|MYH10_HUMAN",-0.126847859679956,19.7550909210439,-0.613406222996929,0.551480558602693,0.912613568562101,-5.95778416384486,0.0397130785089623,"P35580"
"2661",0.04373910227033,19.9605744862417,0.324431432619556,0.751235507924469,0.939088147902551,-6.20698734663151,0.0272936405870009,"PLSL","sp|P13796|PLSL_HUMAN",0.145648393102183,19.8602110841226,1.08520254841976,0.299933908749222,0.809428974673681,-5.56907200281015,0.0918212534709299,"P13796"
"2662",0.142703116552713,11.9281219162905,0.3240303504812,0.751531607653409,0.939088147902551,-6.20712204271575,0.0272936405870009,"AIP","sp|O00170|AIP_HUMAN",0.0841915890755891,11.7539260265641,0.376111118575046,0.713642400420364,0.960820446915146,-6.07686374673015,0.0173577634237046,"O00170"
"2663",-0.0923059308987259,12.5448896912369,-0.32358576356738,0.751859873192871,0.939088147902551,-6.20727115788962,0.0272936405870009,"RNF17","sp|Q9BXT8|RNF17_HUMAN",-0.0177774289822135,12.9496958394648,-0.0645516761034228,0.949633223149297,0.988655165505808,-6.14765210883387,0.00495516020506309,"Q9BXT8"
"2664",0.0384890756563483,15.0715696561318,0.323496560979975,0.751925742998942,0.939088147902551,-6.20730105236761,0.0272936405870009,"H6ST1","sp|O60243|H6ST1_HUMAN",-0.0990075153282916,15.05877559223,-0.697485890755302,0.499280174389134,0.903151205766242,-5.90272972706657,0.0442395339250954,"O60243"
"2665",0.0986293275553337,10.350495434338,0.3230462521099,0.752258295441334,0.939088147902551,-6.20745184089655,0.0272936405870009,"EDC4","sp|Q6P2E9|EDC4_HUMAN",0.120383650599865,10.327947707833,0.237437069109873,0.816471422726945,0.976540152493457,-6.12062990672899,0.010309895081874,"Q6P2E9"
"2666",0.0333652977525837,19.0425318872338,0.322150028548144,0.752920309859202,0.939088147902551,-6.2077513327382,0.0272936405870009,"CALX","sp|P27824|CALX_HUMAN",-0.0644888788850962,19.1426340300347,-0.716112512725681,0.488129232313068,0.900768510021316,-5.8896555977682,0.0453868047340959,"P27824"
"2667",-0.0616590642966937,13.590300110199,-0.322097984488595,0.752958759615905,0.939088147902551,-6.2077686992456,0.0272936405870009,"CC126","sp|Q96EE4|CC126_HUMAN",0.177631503773817,13.5749926851515,1.07053002134075,0.306212842089689,0.811757526274504,-5.58392252527304,0.0905736760874445,"Q96EE4"
"2668",0.141538786153433,10.2088906143609,0.321848450350728,0.753143123165353,0.939088147902551,-6.20785192765197,0.0272936405870009,"PDXK","sp|O00764|PDXK_HUMAN",-0.233423640781177,9.82209943261692,-0.436731085886537,0.673107429018857,0.951227050525213,-5.88227545821359,0.0217158079617043,"O00764"
"2669",0.118887164149911,16.8026519052769,0.321686373688473,0.753262878947547,0.939088147902551,-6.20790595197885,0.0272936405870009,"YKT6","sp|O15498|YKT6_HUMAN",0.0241397229728427,17.0394956071118,0.11049880913241,0.91390801150045,0.986613644973353,-6.14348094244738,0.00585288249271538,"O15498"
"2670",0.100328620577388,17.4912314857679,0.321395964235912,0.753477474499697,0.939088147902551,-6.20800268608082,0.0272936405870009,"FST","sp|P19883|FST_HUMAN",-0.450954361346187,17.5922403120029,-1.68096750641029,0.119548739327187,0.697332628869831,-4.84461853845714,0.15656001325975,"P19883"
"2671",0.0736484446260006,13.6344550447648,0.320776722174964,0.753935129923977,0.939305816898529,-6.20820866628722,0.0271929881721942,"SG3A1","sp|Q96QR1|SG3A1_HUMAN",0.187919255616086,13.3590284332839,0.643802672396358,0.53226239348233,0.912613568562101,-5.93863599085334,0.0397130785089623,"Q96QR1"
"2672",0.0460048555862896,18.6630949748494,0.320163517919685,0.754388419343031,0.93951788510301,-6.2084122535996,0.0270949480513609,"GBB1","sp|P62873|GBB1_HUMAN",-0.00663126784691049,18.8820838166116,-0.0469405671443532,0.963361365164092,0.991439396338831,-6.14867084865462,0.00373382774212562,"P62873"
"2673",0.0533996286662766,14.8321405283486,0.317672301481633,0.756230944358719,0.940987586215549,-6.20923541590396,0.0264161058752381,"EST1","sp|P23141|EST1_HUMAN",0.0327520667151336,14.8839642194201,0.337515901798498,0.741774411706132,0.965375638139256,-6.09099496159976,0.0153036650731462,"P23141"
"2674",-0.0466711520975019,11.4167951738335,-0.316954817010861,0.756761893303375,0.940987586215549,-6.20947131947058,0.0264161058752381,"RL6","sp|Q02878|RL6_HUMAN",-0.40977462148726,11.5770993705478,-1.31019504094319,0.215553932108765,0.757046932651169,-5.32181428829317,0.120877195850511,"Q02878"
"2675",0.0447028123450199,26.3228376171505,0.316891264401364,0.756808929420298,0.940987586215549,-6.20949218982624,0.0264161058752381,"CPN2","sp|P22792|CPN2_HUMAN",0.0778370337587229,26.4187617713753,0.756958162950456,0.464216683716284,0.891538289314238,-5.85989124282258,0.0498600002387095,"P22792"
"2676",0.0718585517268825,12.293514063218,0.316707954952282,0.756944604842714,0.940987586215549,-6.20955236468325,0.0264161058752381,"SYMC","sp|P56192|SYMC_HUMAN",0.0258783189761706,12.2438812475482,0.128099171652243,0.900270843454673,0.986613644973353,-6.14130431422781,0.00585288249271538,"P56192"
"2677",0.0971545503649003,15.5005888816153,0.316651897980733,0.756986096774786,0.940987586215549,-6.20957075963202,0.0264161058752381,"SAHH2","sp|O43865|SAHH2_HUMAN",0.639603669923403,15.5815712231599,2.39476571045217,0.0345479705203422,0.564461874265568,-3.75724148988758,0.248365386520688,"O43865"
"2678",0.13861046680097,11.7136928018018,0.315711528139242,0.757682252337597,0.941103603126041,-6.20987886243775,0.0263625638318098,"H15","sp|P16401|H15_HUMAN",-0.264937119447717,12.0518644964689,-1.06097707208227,0.310353696037051,0.81335054112204,-5.59350322803843,0.089722240058852,"P16401"
"2679",-0.0531492942246218,15.7124840488904,-0.315685998147018,0.757701155285317,0.941103603126041,-6.2098872145286,0.0263625638318098,"DYL1","sp|P63167|DYL1_HUMAN / sp|Q96FJ2|DYL2_HUMAN",-0.309695456350868,15.5727041716217,-1.2008960165575,0.253808446906729,0.777364072933162,-5.4463869340126,0.109375534823134,"P63167"
"2680",-0.109600133011561,11.5605820959166,-0.315376835739102,0.757930078685118,0.941103603126041,-6.20998830375892,0.0263625638318098,"EXOC2","sp|Q96KP1|EXOC2_HUMAN",0.554471364580133,11.3710621950432,1.39453105543579,0.189364948098098,0.752526853111309,-5.22032205462496,0.123477998126165,"Q96KP1"
"2681",-0.0634801920883457,13.2879070950052,-0.314382085179387,0.758666817616756,0.941666106084522,-6.21031290449967,0.0261030611034665,"VMA5A","sp|O00534|VMA5A_HUMAN",0.239578320212109,13.1730874556543,1.63948203416899,0.1280064461831,0.704379028355585,-4.90174174121281,0.152193582865223,"O00534"
"2682",-0.0495915722563175,16.1056954299659,-0.313679148051916,0.759187581114912,0.941960217465567,-6.21054167469879,0.0259674387145733,"AT1A1","sp|P05023|AT1A1_HUMAN",0.237919718946068,16.2261249628102,1.57161755335089,0.14297929237043,0.726283329837963,-4.99330949892025,0.138893923954356,"P05023"
"2683",0.0716482013871591,11.2023387722501,0.311809912167022,0.760572984642996,0.943058826599863,-6.21114756634637,0.0254612157771278,"WASC3","sp|Q9Y3C0|WASC3_HUMAN",-0.286740550640301,11.0680157487769,-0.753520741199414,0.466200233343535,0.891884320053894,-5.86245361897702,0.0496914712070623,"Q9Y3C0"
"2684",0.0887488774444546,10.8566553752169,0.310700659491096,0.761395529624403,0.943058826599863,-6.21150543460129,0.0254612157771278,"CD69","sp|Q07108|CD69_HUMAN",-0.278289045034325,11.0931946445947,-0.911243200262178,0.380767579114207,0.859930399743799,-5.73429053025129,0.0655366978615683,"Q07108"
"2685",0.0453951712052993,16.2521561088048,0.310480571438721,0.761558767960749,0.943058826599863,-6.2115762905377,0.0254612157771278,"KINH","sp|P33176|KINH_HUMAN",-0.223944177311882,16.3327990187207,-1.62694789901822,0.130663537391701,0.707458859058817,-4.91883205224531,0.150298810649248,"P33176"
"2686",0.0279420261709983,21.0280304568087,0.310177762138463,0.761783379883016,0.943058826599863,-6.21167369734972,0.0254612157771278,"PKHL1","sp|Q86WI1|PKHL1_HUMAN",-0.107726058847316,21.0355106018136,-1.11470035076313,0.28760617648755,0.803677098634372,-5.53872528788563,0.0949184070341135,"Q86WI1"
"2687",-0.0742350810007943,12.1690475974358,-0.310054185890283,0.761875050358922,0.943058826599863,-6.21171342214085,0.0254612157771278,"TBCK","sp|Q8TEA7|TBCK_HUMAN",0.151433978009716,12.3083098371288,0.763882710329137,0.460237110749321,0.89072334793151,-5.8546975506659,0.0502571636661918,"Q8TEA7"
"2688",0.0573590267970462,18.8700675825911,0.309916540615043,0.761977161869094,0.943058826599863,-6.2117576512314,0.0254612157771278,"A0A075B7D8","tr|A0A075B7D8|A0A075B7D8_HUMAN",0.318530117612151,18.6578807524047,2.63643635966694,0.0223005594512548,0.533299812609672,-3.35927806201662,0.273028568919036,"A0A075B7D8"
"2689",0.0391691061681402,15.5675952409301,0.309638643744194,0.76218333264826,0.943058826599863,-6.21184688803204,0.0254612157771278,"CBR1","sp|P16152|CBR1_HUMAN",-0.117082159491956,15.5822758198762,-0.920079400636777,0.376322646275985,0.858429459099652,-5.72648523141503,0.0662953869124561,"P16152"
"2690",0.079845469620081,17.3064681281301,0.309186286894113,0.762518975508325,0.943058826599863,-6.21199197813165,0.0254612157771278,"TBA4B","sp|Q9H853|TBA4B_HUMAN",0.224935211181471,17.1972336770679,1.36432255363148,0.198424618170194,0.754702161522043,-5.25719298026883,0.122224406155744,"Q9H853"
"2691",0.14173247628725,11.7017807878937,0.308894548480079,0.762735468373216,0.943058826599863,-6.21208544040067,0.0254612157771278,"METRL","sp|Q641Q3|METRL_HUMAN",0.137079094485591,11.2710969390914,0.592964725588092,0.564619449507209,0.914734232457629,-5.97017458154625,0.0387050678382534,"Q641Q3"
"2692",-0.0431663455154095,14.8914118405021,-0.307941517526525,0.763442838469163,0.943058826599863,-6.21239015171198,0.0254612157771278,"TINAL","sp|Q9GZM7|TINAL_HUMAN",-0.0259496825217164,14.9858448745176,-0.242177428244327,0.812883514305347,0.975754207587504,-6.11945606439118,0.0106595673046229,"Q9GZM7"
"2693",-0.0833676621173596,15.0373246458356,-0.307638542916869,0.763667762729967,0.943058826599863,-6.21248682736004,0.0254612157771278,"UNC5D","sp|Q6UXZ4|UNC5D_HUMAN",-0.0956573524294283,14.7403429275443,-0.219738287642073,0.829905322701995,0.977505666396101,-6.1248095073335,0.00988071641043172,"Q6UXZ4"
"2694",0.0561643097078771,20.7170490538647,0.307507077838454,0.763765367644831,0.943058826599863,-6.21252874720449,0.0254612157771278,"G3P","sp|P04406|G3P_HUMAN",-0.0689312086266445,20.8598730554317,-0.422070393751977,0.680712929531895,0.953955901060617,-6.05809631277127,0.0204717011540782,"P04406"
"2695",0.0823282726372901,11.4085359641545,0.307505101268794,0.763766835161323,0.943058826599863,-6.21252937733238,0.0254612157771278,"P3H1","sp|Q32P28|P3H1_HUMAN",0.155951888494249,11.7822095905733,0.611837635743855,0.552482716561042,0.912613568562101,-5.95874886037145,0.0397130785089623,"Q32P28"
"2696",-0.0481223897349249,14.5927049455508,-0.306800734675222,0.7642898575738,0.943353676938431,-6.2127536748032,0.025325453449609,"CREL1","sp|Q96HD1|CREL1_HUMAN",0.17935842231194,14.3831782700572,0.90641945284824,0.38320947285467,0.860069392436294,-5.73852417827237,0.0654665074350563,"Q96HD1"
"2697",0.04720505429928,16.5099751348576,0.304988654383987,0.765635962986136,0.944663851728991,-6.21332838543391,0.0247227029300141,"BCAM","sp|P50895|BCAM_HUMAN",0.334809996034727,16.5861583363414,2.81706600774892,0.0160403130287548,0.483041313812467,-3.0568361282057,0.316015723092241,"P50895"
"2698",-0.044503844916199,14.7495491719344,-0.303755981361125,0.766552112871477,0.945442758313055,-6.21371741957191,0.0243647603158474,"HNRPU","sp|Q00839|HNRPU_HUMAN",-0.0425067500328856,14.9623650324418,-0.25306033086887,0.804663370559926,0.974324183315953,-6.11667433318671,0.0112965178645011,"Q00839"
"2699",-0.0874457409332944,14.7845914102542,-0.302996256288361,0.767116941266826,0.945787937616864,-6.21395641809149,0.0242062291869921,"NECT3","sp|Q9NQS3|NECT3_HUMAN",0.0243157832809052,14.7030650577431,0.110478465807019,0.913923791521562,0.986613644973353,-6.14348327294033,0.00585288249271538,"Q9NQS3"
"2700",0.0650386342599173,12.5826643959304,0.302343904533641,0.767602053070954,0.946034613495171,-6.21416116847322,0.0240929733498505,"SAM15","sp|Q9P1V8|SAM15_HUMAN",-0.202719360137319,12.6546421481752,-0.634690958203354,0.537982723529458,0.912613568562101,-5.94446629367784,0.0397130785089623,"Q9P1V8"
"2701",-0.112305653752862,11.3939004159447,-0.301324560644372,0.768360279191873,0.946617582270908,-6.21448023521399,0.0238254333010264,"METK2","sp|P31153|METK2_HUMAN / sp|Q00266|METK1_HUMAN",0.0254704068313364,11.1797745295484,0.0746189652543505,0.941792924049728,0.988040648929326,-6.14692529007369,0.00522518775796543,"P31153"
"2702",-0.0321261429361688,15.4072834900193,-0.300004628298722,0.769342466437092,0.947273683180394,-6.2148918137118,0.0235245279416129,"ATP5I","sp|P56385|ATP5I_HUMAN",-0.27048264324295,15.2592381521426,-1.29315777910198,0.221189436763723,0.757046932651169,-5.34176160015722,0.120877195850511,"P56385"
"2703",-0.06687521806977,14.4101661438807,-0.299786623137391,0.769504728616044,0.947273683180394,-6.21495962046406,0.0235245279416129,"WFD12","sp|Q8WWY7|WFD12_HUMAN",-0.0867591660562427,14.4776610611658,-0.279170253551315,0.785043271472111,0.972723403089688,-6.10950818248621,0.0120106351572695,"Q8WWY7"
"2704",-0.0439408255634134,13.7828677270985,-0.298657070049792,0.77034564236991,0.947273683180394,-6.21531017137289,0.0235245279416129,"SHLB1","sp|Q9Y371|SHLB1_HUMAN",-0.0254216392803068,13.8294327198097,-0.20693527280793,0.839658745657921,0.979552680786868,-6.12763296535572,0.00897220248720586,"Q9Y371"
"2705",-0.0784321068333652,12.5611958970185,-0.29838461486422,0.770548521698269,0.947273683180394,-6.21539453137879,0.0235245279416129,"AP1S2","sp|P56377|AP1S2_HUMAN",-0.0293243469717007,12.8850981539751,-0.0881863677259063,0.931237043971864,0.986837723161755,-6.1457796174736,0.00575425739079757,"P56377"
"2706",0.0345107115304065,20.5571996416049,0.297811570821149,0.770975287532018,0.947273683180394,-6.21557171497575,0.0235245279416129,"PTPRJ","sp|Q12913|PTPRJ_HUMAN",-0.0871253428129251,20.7485951151764,-0.821512182006123,0.42796450136697,0.872187078027514,-5.80983521740375,0.0593903519470659,"Q12913"
"2707",0.0361061730361286,17.7438808770528,0.297027592279024,0.771559270544676,0.947273683180394,-6.21581357561039,0.0235245279416129,"PPIF","sp|P30405|PPIF_HUMAN",-0.00685804121282221,17.855115105967,-0.0569904161146339,0.955525540030534,0.989471316190957,-6.14812890452661,0.00459679104883991,"P30405"
"2708",0.0662618040590016,12.5381002546974,0.295676434623562,0.772566086632991,0.947273683180394,-6.21622893985348,0.0235245279416129,"IF4E","sp|P06730|IF4E_HUMAN",-0.0367734756056118,12.8716578724286,-0.19301634357969,0.850294004941495,0.980636721353978,-6.13051170371398,0.00849184800315778,"P06730"
"2709",0.0560679550359605,13.0081614532438,0.295670059436125,0.77257083813593,0.947273683180394,-6.21623089525192,0.0235245279416129,"ADAS","sp|O00116|ADAS_HUMAN",0.171651466166665,12.9966785099234,0.843630330709286,0.415983607409119,0.871380058403275,-5.79185005684566,0.0597923831477007,"O00116"
"2710",0.0447782704581404,18.188679120969,0.295570473644861,0.772645061860263,0.947273683180394,-6.21626143483001,0.0235245279416129,"GNAI3","sp|P08754|GNAI3_HUMAN",-0.186043078518563,18.3739024052378,-1.31256226335615,0.214780261831914,0.757046932651169,-5.31902766029777,0.120877195850511,"P08754"
"2711",0.0756784977819725,21.8619613969116,0.295512887837568,0.772687983042757,0.947273683180394,-6.21627908981652,0.0235245279416129,"TBA1A","sp|Q71U36|TBA1A_HUMAN",0.0704161110173712,21.906106150405,0.452148085195516,0.659525061299953,0.943112312992049,-6.04468173854645,0.0254365850906521,"Q71U36"
"2712",-0.041431608067666,15.2461343734106,-0.295164070815048,0.772947988187954,0.947273683180394,-6.21638595971468,0.0235245279416129,"DX39B","sp|Q13838|DX39B_HUMAN",-0.0457790807111743,15.2792052205747,-0.373392017178469,0.715610542326495,0.960820446915146,-6.07790817509618,0.0173577634237046,"Q13838"
"2713",0.0547380235387871,17.1749408531536,0.295015518875067,0.773058726247599,0.947273683180394,-6.21643143502933,0.0235245279416129,"LCP2","sp|Q13094|LCP2_HUMAN",0.0568642748722924,16.9883083502417,0.34523770291496,0.736112990369816,0.964602283830354,-6.08828733014551,0.0156517141602005,"Q13094"
"2714",-0.0304842437195377,18.975166248818,-0.29497688601004,0.773087525976755,0.947273683180394,-6.21644325778207,0.0235245279416129,"GSLG1","sp|Q92896|GSLG1_HUMAN",-0.047757416343393,18.9790827401548,-0.457150081180108,0.656030671492169,0.942800633562724,-6.04236452114158,0.0255801343014022,"Q92896"
"2715",0.0320347869986273,16.63085912826,0.294585596796859,0.773379241126171,0.947273683180394,-6.2165629174337,0.0235245279416129,"DYN2","sp|P50570|DYN2_HUMAN",0.0400567419179082,16.8120098158388,0.348599966643944,0.733652913767209,0.964602283830354,-6.08708962786328,0.0156517141602005,"P50570"
"2716",0.05275199037206,14.7672402507967,0.294118451562659,0.773727556076853,0.947273683180394,-6.21670556962302,0.0235245279416129,"TIMP3","sp|P35625|TIMP3_HUMAN",-0.264969103489518,15.0006510032701,-1.55874876308827,0.145984581380791,0.726657330901203,-5.01040047042645,0.138670340698732,"P35625"
"2717",0.077182358311822,12.402501322671,0.293798837592673,0.773965897774204,0.947273683180394,-6.21680304168585,0.0235245279416129,"EIF3F","sp|O00303|EIF3F_HUMAN",-0.162628448749075,12.6249933830155,-0.491305316871544,0.63240101067853,0.93800786082764,-6.02588745863013,0.0277935220689503,"O00303"
"2718",0.0513992213577408,16.6448104706151,0.293760437561948,0.773994534966299,0.947273683180394,-6.21681474544496,0.0235245279416129,"ANXA1","sp|P04083|ANXA1_HUMAN",-0.130711583496201,16.8788667450089,-0.74593131453299,0.470598536294619,0.892806855517381,-5.868073763097,0.0492424836148991,"P04083"
"2719",0.0398788829288374,16.6480835573278,0.293712616473122,0.774030198489072,0.947273683180394,-6.2168293184957,0.0235245279416129,"IDS","sp|P22304|IDS_HUMAN",-0.0224786947925009,16.7288970152008,-0.19015780716751,0.85248207797257,0.980636721353978,-6.13107828090363,0.00849184800315778,"P22304"
"2720",0.0527591733395532,13.6992644786042,0.29242720191826,0.774989023544828,0.948097519036227,-6.21722016132747,0.0231469898759339,"PTBP1","sp|P26599|PTBP1_HUMAN",0.10023483300198,14.0086725122616,0.73908535254132,0.474588188298373,0.894435501170711,-5.87309922138666,0.0484509714695499,"P26599"
"2721",-0.0461855476630656,18.0881674938839,-0.291917809820005,0.775369100136649,0.948212985760331,-6.21737457969509,0.0230941013209668,"MBL2","sp|P11226|MBL2_HUMAN",-0.00282398410174767,18.051332234491,-0.0259803644620486,0.979715871483673,0.994976977877517,-6.1494639854242,0.00218696799440344,"P11226"
"2722",0.0524845250550462,21.1131133061044,0.290851611557996,0.776164827534342,0.948836487140508,-6.21769693094847,0.0228086230321944,"HV103","sp|A0A0C4DH29|HV103_HUMAN",0.138989238219886,21.0818073894789,0.968006980100001,0.352847904425353,0.845561151471296,-5.68303261488273,0.0728549785024484,"A0A0C4DH29"
"2723",-0.0384300693842129,17.9377082168309,-0.290043992626221,0.776767748299018,0.949124897186144,-6.2179403304351,0.0226766341589292,"GNA13","sp|Q14344|GNA13_HUMAN",-0.163373590334718,18.0305923157529,-1.028318865344,0.324825896706096,0.823872143869656,-5.62572560632281,0.0841401809245796,"Q14344"
"2724",0.0405750766640455,20.8971864317354,0.289572665908483,0.777119683364144,0.949124897186144,-6.21808207026566,0.0226766341589292,"KV117","sp|P01599|KV117_HUMAN",0.151901427559335,20.7728994012732,1.27637126281006,0.226858471863001,0.759377171347676,-5.36122745663893,0.119542462906989,"P01599"
"2725",0.0620925218682444,13.8855780614237,0.289012107080696,0.777538314483374,0.949124897186144,-6.21825034867105,0.0226766341589292,"PLIN3","sp|O60664|PLIN3_HUMAN",-0.106086324280186,13.9482649448254,-0.725483288930281,0.482577363827757,0.899237641029829,-5.882959499183,0.0461255223383996,"O60664"
"2726",0.0683863494287097,13.2655510598862,0.288665474542354,0.777797219780634,0.949124897186144,-6.21835424611574,0.0226766341589292,"PGRP1","sp|O75594|PGRP1_HUMAN",-0.173846129547609,13.2100342932948,-0.755598852461122,0.465000430707408,0.891538289314238,-5.86090577794,0.0498600002387095,"O75594"
"2727",0.160703483761845,10.6838216002881,0.288620803076263,0.777830587630705,0.949124897186144,-6.21836762671926,0.0226766341589292,"ASGR2","sp|P07307|ASGR2_HUMAN",-0.958505803594745,10.2964307004481,-1.20529607393764,0.252170586372273,0.777364072933162,-5.44153050808951,0.109375534823134,"P07307"
"2728",-0.079176363058586,11.6249552361921,-0.287341818470923,0.778786135633141,0.949941633284232,-6.21874985971277,0.0223030779967321,"XYLT1","sp|Q86Y38|XYLT1_HUMAN",-0.087683004665358,11.2980591289993,-0.272069811651253,0.79036417177718,0.972723403089688,-6.11152567545142,0.0120106351572695,"Q86Y38"
"2729",-0.0547177591832858,12.0519780399495,-0.286570294883839,0.779362735054975,0.950295708173204,-6.21897962544865,0.0221412321379164,"TMM43","sp|Q9BTV4|TMM43_HUMAN",-0.408300517830672,12.0043391671852,-1.79115250982978,0.099449630260522,0.66470563563198,-4.68894652524219,0.177370639093326,"Q9BTV4"
"2730",0.0414326736282723,27.8428580712831,0.285907465587779,0.779858211241693,0.950550643816078,-6.21917653482441,0.0220247396676139,"TTHY","sp|P02766|TTHY_HUMAN",0.0662460343471678,27.8504537036232,0.587900983918231,0.5679004442764,0.914734232457629,-5.97318306741107,0.0387050678382534,"P02766"
"2731",-0.0657571504402358,13.9989130685874,-0.285203344469672,0.780384664499552,0.950843135636569,-6.21938521850309,0.0218911244364969,"H1BP3","sp|Q53T59|H1BP3_HUMAN",-0.0628664284178364,13.9584911833956,-0.208763116408692,0.838264529830054,0.979552680786868,-6.12724015527986,0.00897220248720586,"Q53T59"
"2732",0.0537457606933309,14.3561238378079,0.283663877817595,0.78153608028523,0.951261426423353,-6.21983971013213,0.0217001135035723,"NRK","sp|Q7Z2Y5|NRK_HUMAN",-0.266430232236258,14.1892621416037,-1.1152821178551,0.287366992970377,0.803677098634372,-5.53812024050118,0.0949184070341135,"Q7Z2Y5"
"2733",-0.0351884157226814,15.7237118642942,-0.283123204653538,0.781940595456812,0.951261426423353,-6.21999875571643,0.0217001135035723,"NCKPL","sp|P55160|NCKPL_HUMAN",0.097174928111628,15.7738672525168,0.7169169245412,0.487651116646905,0.900768510021316,-5.88908389713785,0.0453868047340959,"P55160"
"2734",0.0523726736221948,13.2063977065268,0.28306004825538,0.781987851499012,0.951261426423353,-6.22001731442054,0.0217001135035723,"HD","sp|P42858|HD_HUMAN",-0.0926208566200071,13.2518363557076,-0.575291727618836,0.576115204073043,0.917086984325386,-5.98056909372406,0.0375894701959184,"P42858"
"2735",-0.0457353764127214,23.1787433263743,-0.282696984079119,0.78225952769509,0.951261426423353,-6.22012392275447,0.0217001135035723,"HV313","sp|P01766|HV313_HUMAN",0.187722971990216,23.0893138590447,1.72734585929012,0.110683863347496,0.682824800093567,-4.7797747633585,0.165690713760889,"P01766"
"2736",0.0660278839922446,24.3926091951061,0.282556360927754,0.782364762236945,0.951261426423353,-6.22016517837328,0.0217001135035723,"ACTS","sp|P68133|ACTS_HUMAN / sp|P68032|ACTC_HUMAN",-0.0804485424205744,24.5578876223714,-0.406905833891915,0.691506299328095,0.953955901060617,-6.06452075033051,0.0204717011540782,"P68133"
"2737",-0.0366424293484542,15.9141324262433,-0.282372910229995,0.782502053298944,0.951261426423353,-6.22021896818422,0.0217001135035723,"H6ST2","sp|Q96MM7|H6ST2_HUMAN",-0.423274459509584,15.7776054766666,-3.40890636784802,0.00544857755644585,0.347765940573919,-2.0555512730978,0.458712954090406,"Q96MM7"
"2738",0.0726398113421345,21.8335084328022,0.281742024749323,0.782974254583674,0.951261426423353,-6.22040368792873,0.0217001135035723,"TBA1C","sp|Q9BQE3|TBA1C_HUMAN",0.0707458771239204,21.8797378395272,0.456059887487583,0.656791556354111,0.942800633562724,-6.04287165537797,0.0255801343014022,"Q9BQE3"
"2739",-0.0505216838256792,15.5224850004197,-0.281162208357035,0.783408311699512,0.951261426423353,-6.22057309556642,0.0217001135035723,"CMIP","sp|Q8IY22|CMIP_HUMAN",0.326101520878952,15.4885993444312,2.08184311727548,0.0602837974314266,0.609740800734631,-4.25443155894314,0.214854743241087,"Q8IY22"
"2740",0.0556282776573568,14.3893773888262,0.280964419564413,0.783556396066483,0.951261426423353,-6.2206308056928,0.0217001135035723,"MEGF6","sp|O75095|MEGF6_HUMAN",0.100640431369771,14.5243019678214,0.673587754922063,0.513809411032763,0.907970131840623,-5.91904115021612,0.0419284375914184,"O75095"
"2741",0.10608735555912,12.5447556220995,0.28040617461464,0.783974401554776,0.951261426423353,-6.22079347237611,0.0217001135035723,"FBN3","sp|Q75N90|FBN3_HUMAN",0.449349242584176,12.6195816448533,2.23113961290284,0.0463061636824262,0.589635363006715,-4.02033894141023,0.229416477831962,"Q75N90"
"2742",0.0750918069540062,11.5104576464637,0.280366983639125,0.784003749820998,0.951261426423353,-6.22080488022421,0.0217001135035723,"ISM1","sp|B1AKI9|ISM1_HUMAN",0.39585449338216,11.5658230393838,1.20476655646396,0.252367248915124,0.777364072933162,-5.44211566674106,0.109375534823134,"B1AKI9"
"2743",-0.0550547319207567,13.0937163355314,-0.279229684373263,0.78485557047345,0.951261426423353,-6.22113524418479,0.0217001135035723,"FKB15","sp|Q5T1M5|FKB15_HUMAN",0.302580223987312,12.964115493815,1.27757525290404,0.226447992462314,0.759377171347676,-5.35983754966954,0.119542462906989,"Q5T1M5"
"2744",-0.0447690683732229,19.8699814136838,-0.279169029801686,0.784901008060839,0.951261426423353,-6.22115282598354,0.0217001135035723,"HV364","sp|A0A075B6Q5|HV364_HUMAN",0.247104710554028,19.5882257338375,1.87629086595247,0.0860660742235241,0.636341370309331,-4.5650176977422,0.196309841162635,"A0A075B6Q5"
"2745",0.0508297480024168,17.9449967608592,0.279091645343006,0.784958979553668,0.951261426423353,-6.22117525176504,0.0217001135035723,"MYLK","sp|Q15746|MYLK_HUMAN",0.0283463639072086,17.9872341975166,0.225829006480678,0.825275677648611,0.977505666396101,-6.1234073541228,0.00988071641043172,"Q15746"
"2746",0.0428421919670088,21.2624402152888,0.278319089935257,0.78553780257674,0.951261426423353,-6.22139879969503,0.0217001135035723,"KV108","sp|A0A0C4DH67|KV108_HUMAN",0.0920916323587936,20.8955657941485,0.668052877901167,0.517209734386662,0.907970131840623,-5.92274429171961,0.0419284375914184,"A0A0C4DH67"
"2747",-0.0913684975681497,10.9092538742209,-0.278129385039633,0.785679956015405,0.951261426423353,-6.22145359952845,0.0217001135035723,"EXOC1","sp|Q9NV70|EXOC1_HUMAN",1.14839628632268,10.3286139013455,2.60316801105615,0.023691911104192,0.539166123680754,-3.41458777983885,0.268277402749999,"Q9NV70"
"2748",-0.065626633595535,13.9189600985132,-0.27781793994195,0.78591335175324,0.951261426423353,-6.22154348636874,0.0217001135035723,"ANGI","sp|P03950|ANGI_HUMAN",-0.0368447964590902,14.0302780600815,-0.201807330502503,0.843573194973735,0.979774508889009,-6.12871667789225,0.00887386391301568,"P03950"
"2749",0.0438449717068085,15.2776052940121,0.277686120429378,0.786012143332397,0.951261426423353,-6.22158150115299,0.0217001135035723,"EIF3D","sp|O15371|EIF3D_HUMAN",-0.00314113166349879,15.286009877901,-0.0182572139918704,0.985744827224458,0.997463626278847,-6.14964129121266,0.00110293242758616,"O15371"
"2750",0.0403147442160397,15.8566592831252,0.277470731322092,0.78617357417272,0.951261426423353,-6.22164357785666,0.0217001135035723,"VATB2","sp|P21281|VATB2_HUMAN",-0.0252656061082703,16.0463016880156,-0.255468977313919,0.802847323387526,0.974083015987548,-6.11604233380855,0.0114040289027625,"P21281"
"2751",0.0395119885229248,18.4563862926433,0.277056893737537,0.786483768264917,0.951289951483695,-6.22176271546311,0.0216870907001436,"GBB2","sp|P62879|GBB2_HUMAN",0.00294975821762397,18.7114216925013,0.0204004335703264,0.984071647360558,0.996936243804291,-6.14959829361041,0.00133261485719963,"P62879"
"2752",-0.0430721385019999,14.6086842272941,-0.27641249759048,0.786966854958081,0.951291178930035,-6.22194787807147,0.0216865303317435,"NRX1A","sp|Q9ULB1|NRX1A_HUMAN",-0.00591782193049498,14.8049236728044,-0.0444162642657556,0.965330218282543,0.991439396338831,-6.14879051097987,0.00373382774212562,"Q9ULB1"
"2753",0.0353096061106651,14.9660984195341,0.276155379613775,0.787159635362055,0.951291178930035,-6.22202164032513,0.0216865303317435,"PAK2","sp|Q13177|PAK2_HUMAN",0.0230709036064407,14.9638641360548,0.198975792876441,0.845736555564849,0.979774508889009,-6.12930351284535,0.00887386391301568,"Q13177"
"2754",0.0503869289214097,16.4155756229547,0.275838208647482,0.787397462252403,0.951291178930035,-6.22211253731642,0.0216865303317435,"PSG9","sp|Q00887|PSG9_HUMAN",0.0904976454203296,16.4659003231085,0.78354575859654,0.449055211130301,0.882946828045894,-5.83971807274128,0.0540654492894378,"Q00887"
"2755",0.100325472200204,11.5500294477697,0.2755264370422,0.787631262337974,0.951291178930035,-6.22220178645478,0.0216865303317435,"ELMO2","sp|Q96JJ3|ELMO2_HUMAN",0.279085449788,11.5294443783392,1.24920946936585,0.236279426285774,0.766165792444393,-5.39232402288197,0.115677242178419,"Q96JJ3"
"2756",0.0696897125610491,11.5406471413863,0.274252681003594,0.788586686937522,0.952098659129005,-6.22256538272007,0.0213180464734347,"TOM22","sp|Q9NS69|TOM22_HUMAN",-0.143857903850602,11.2252030608911,-0.362951492040604,0.723187439033183,0.962413436307593,-6.08184976299066,0.016638322416434,"Q9NS69"
"2757",0.0858572888678898,11.6974971261171,0.273246342788546,0.789341779917356,0.952488197162451,-6.22285146812519,0.0211403972155736,"EFHD2","sp|Q96C19|EFHD2_HUMAN",-0.258510095807384,11.8093086763024,-1.35119135767765,0.202473333494083,0.756686374028933,-5.27304202466852,0.121084086486147,"Q96C19"
"2758",-0.0429339425748848,17.34263423857,-0.272758233170198,0.789708107320108,0.952488197162451,-6.22298985578684,0.0211403972155736,"CATH","sp|P09668|CATH_HUMAN",0.0201713464020171,17.3215875398817,0.205265952089246,0.840932544665638,0.979774508889009,-6.12798871346776,0.00887386391301568,"P09668"
"2759",-0.0888266915551445,10.6818890191071,-0.272617733225481,0.789813562597094,0.952488197162451,-6.22302964472128,0.0211403972155736,"PHP14","sp|Q9NRX4|PHP14_HUMAN",-0.0907905618324063,10.8151854919519,-0.287573268577527,0.778760965161289,0.972583004796852,-6.10705438617453,0.0120733236917914,"Q9NRX4"
"2760",-0.0840972365056221,11.8779337154737,-0.272024469593423,0.790258897419248,0.952488197162451,-6.22319743109023,0.0211403972155736,"AK1A1","sp|P14550|AK1A1_HUMAN",0.0738946886072198,12.0129584645785,0.276415484530653,0.787106293505825,0.972723403089688,-6.11029699846277,0.0120106351572695,"P14550"
"2761",0.0635638989380698,24.3713526170954,0.271910805257326,0.790344228678937,0.952488197162451,-6.22322953636003,0.0211403972155736,"ACTA","sp|P62736|ACTA_HUMAN / sp|P63267|ACTH_HUMAN",-0.0805337986166653,24.5360675727758,-0.408282274090118,0.690523633388269,0.953955901060617,-6.06394703056619,0.0204717011540782,"P62736"
"2762",-0.120715968335658,15.355133048449,-0.27099875888986,0.791029032277172,0.952876712174821,-6.22348667049847,0.0209632868599453,"BARD1","sp|Q99728|BARD1_HUMAN",0.362434214213762,15.2167573317334,1.69878764516034,0.116070438725802,0.694998681119888,-4.81982390399199,0.158016019557941,"Q99728"
"2763",-0.0743408830000072,14.4683868404247,-0.270081315093143,0.79171807248058,0.952876712174821,-6.2237444657662,0.0209632868599453,"RCN3","sp|Q96D15|RCN3_HUMAN",-0.0184381766170973,14.4567389275383,-0.0507702513587362,0.96037485624635,0.99079827275201,-6.14847668465793,0.00401475918644791,"Q96D15"
"2764",-0.0549093687728669,13.545477395033,-0.269884557837639,0.791865869715202,0.952876712174821,-6.22379964076171,0.0209632868599453,"PEF1","sp|Q9UBV8|PEF1_HUMAN",0.206099873776435,13.5729007845044,1.16299420180775,0.268265867600123,0.786549836187992,-5.48765134624858,0.104273755054991,"Q9UBV8"
"2765",0.0457465551823374,20.6095328406268,0.269571090146912,0.792101353249855,0.952876712174821,-6.2238874618739,0.0209632868599453,"HV124","sp|A0A0C4DH33|HV124_HUMAN",-0.042305915102235,20.0947599441958,-0.402654936573617,0.694544808808007,0.956136992772092,-6.06628071113091,0.0194798787044241,"A0A0C4DH33"
"2766",-0.0294202642428618,30.1994886929246,-0.268434127902337,0.792955642978475,0.952876712174821,-6.22420514751381,0.0209632868599453,"ITIH1","sp|P19827|ITIH1_HUMAN",-0.187194633282729,30.2125216111646,-2.09190426090077,0.0592289007566167,0.607868733149162,-4.23886107239949,0.216190194779748,"P19827"
"2767",0.0294045788325747,18.845767637978,0.268077515015824,0.793223652399771,0.952876712174821,-6.22430451774575,0.0209632868599453,"CEMIP","sp|Q8WUJ3|CEMIP_HUMAN",-0.0851017242624326,18.8607963129002,-0.862975141056701,0.405690719270393,0.867345430800147,-5.77577628046959,0.0618079050462365,"Q8WUJ3"
"2768",0.10155854538214,12.6588560284217,0.267842373285149,0.793400386298602,0.952876712174821,-6.22436996865115,0.0209632868599453,"DCA12","sp|Q5T6F0|DCA12_HUMAN",0.0181571545612292,12.8187706624967,0.0686617483694125,0.946431624690075,0.988422455112134,-6.14736806841677,0.0050573967983736,"Q5T6F0"
"2769",-0.0269105718778858,25.9728143242061,-0.267478858973939,0.793673629377317,0.952876712174821,-6.22447104000242,0.0209632868599453,"CLUS","sp|P10909|CLUS_HUMAN",-0.0423053539598212,26.0632766903847,-0.407677845100343,0.690955073625236,0.953955901060617,-6.06419919665389,0.0204717011540782,"P10909"
"2770",0.0651195304798043,12.60275027095,0.266315804772031,0.794548055358043,0.952876712174821,-6.22479350425183,0.0209632868599453,"CLIP1","sp|P30622|CLIP1_HUMAN",-0.0175204062897139,12.8651210799361,-0.108817317552229,0.915212449282546,0.986613644973353,-6.14367212604726,0.00585288249271538,"P30622"
"2771",0.04553368353844,16.4041383342987,0.265636978911473,0.795058556026536,0.952876712174821,-6.22498107161805,0.0209632868599453,"HV205","sp|P01817|HV205_HUMAN",0.246413242703001,16.3200966846622,1.74532024566824,0.107409245689742,0.673896571728268,-4.75437393782032,0.171406752981737,"P01817"
"2772",0.0620627110129721,11.8632255885096,0.2655911003802,0.795093061859925,0.952876712174821,-6.22499373132281,0.0209632868599453,"SHLB2","sp|Q9NR46|SHLB2_HUMAN",0.40679594859988,11.6781649314132,1.08355670413746,0.300633349302405,0.809904290856074,-5.57074594286001,0.091566300144774,"Q9NR46"
"2773",0.0486031126266392,16.2994493805237,0.265450786504804,0.795198596541481,0.952876712174821,-6.22503243607599,0.0209632868599453,"PARP1","sp|P09874|PARP1_HUMAN",0.0979759941325607,16.0638395290707,0.916929649781694,0.377902907744954,0.858960285943418,-5.7292749213445,0.0660269153239883,"P09874"
"2774",0.043504024935103,17.4547247865497,0.265333276438229,0.795286982987385,0.952876712174821,-6.22506483498751,0.0209632868599453,"RAB13","sp|P51153|RAB13_HUMAN",-0.0851725856376297,17.6235804922892,-0.615267681607477,0.550292603368697,0.912613568562101,-5.95663635527557,0.0397130785089623,"P51153"
"2775",-0.0290922766141699,16.5620045772242,-0.264722318308051,0.795746569469756,0.952876712174821,-6.22523305497323,0.0209632868599453,"CHSTB","sp|Q9NPF2|CHSTB_HUMAN",-0.00609128551783293,16.7627969346109,-0.0706601795299892,0.944875269569654,0.988040648929326,-6.14722363251194,0.00522518775796543,"Q9NPF2"
"2776",0.0555727197668438,13.8704757010202,0.264628301861915,0.795817299415453,0.952876712174821,-6.2252589072614,0.0209632868599453,"PGFRA","sp|P16234|PGFRA_HUMAN",0.32397183662808,13.9104568339533,2.10178301155097,0.0582100161285695,0.607868733149162,-4.22354238018221,0.216190194779748,"P16234"
"2777",0.0455379732184258,16.0510013819545,0.264595627335622,0.795841881382917,0.952876712174821,-6.22526788985523,0.0209632868599453,"ROR1","sp|Q01973|ROR1_HUMAN",0.186940469437658,16.1009288695105,1.53001605335912,0.15289274537586,0.728883053370811,-5.04823665914129,0.137342147059245,"Q01973"
"2778",-0.11900868297148,10.3658284377078,-0.264567028673492,0.795863397150788,0.952876712174821,-6.22527575104903,0.0209632868599453,"RIT1","sp|Q92963|RIT1_HUMAN",0.048173830639641,10.1813411782109,0.0961452850073534,0.925050990967467,0.986613644973353,-6.14501880600824,0.00585288249271538,"Q92963"
"2779",0.0786296383838249,12.9775268713282,0.264556393066313,0.795871398732611,0.952876712174821,-6.2252786743482,0.0209632868599453,"NANP","sp|Q8TBE9|NANP_HUMAN",0.101216808242144,13.4128231142137,0.586634257279678,0.568722821380995,0.914734232457629,-5.97393186982616,0.0387050678382534,"Q8TBE9"
"2780",0.109570324202421,12.7018494752314,0.264184602939588,0.796151126177362,0.952876712174821,-6.22538079148274,0.0209632868599453,"UBS3A","sp|P57075|UBS3A_HUMAN",0.0366174235843134,13.3221129594295,0.141101801549423,0.890217252223653,0.986191942633613,-6.1394906666801,0.00603855005478495,"P57075"
"2781",0.0658135418189533,14.7581549109658,0.263352450670261,0.796777328122182,0.952876712174821,-6.22560883906964,0.0209632868599453,"CHAD","sp|O15335|CHAD_HUMAN",0.279376118199332,14.6833720912115,1.23146632542866,0.24260119605416,0.77039683551692,-5.41236637109191,0.113285509788458,"O15335"
"2782",-0.0523393139926263,14.3675298154874,-0.263053414067687,0.797002391958288,0.952876712174821,-6.22569061508994,0.0209632868599453,"STAB1","sp|Q9NY15|STAB1_HUMAN",-0.450255051918833,14.492518568455,-3.01913696747543,0.0110858315985716,0.431567304626761,-2.71561473120468,0.364951464726011,"Q9NY15"
"2783",0.0419274044311057,13.1398942107332,0.262895902828376,0.797120947272069,0.952876712174821,-6.22573365197747,0.0209632868599453,"THTM","sp|P25325|THTM_HUMAN",-0.135276590933583,13.206058903791,-0.69445771597658,0.501107424473877,0.903899750993912,-5.90482543456598,0.0438797332463046,"P25325"
"2784",-0.0655236190184617,16.4835144416152,-0.2626980832943,0.797269849264681,0.952876712174821,-6.22578766624352,0.0209632868599453,"CD151","sp|P48509|CD151_HUMAN",-0.279270374777024,16.6916231944113,-1.37271015498259,0.195873758099863,0.752526853111309,-5.24701251903587,0.123477998126165,"P48509"
"2785",0.0487485573323021,17.24341450055,0.261904999920906,0.797866899743988,0.952897924823648,-6.22600381281976,0.0209536188371336,"PRDX6","sp|P30041|PRDX6_HUMAN",0.0117293731309507,17.3270854773991,0.0714112688422756,0.944290391225119,0.988040648929326,-6.14716827745042,0.00522518775796543,"P30041"
"2786",-0.0314708392818045,16.5238059299716,-0.260503361127367,0.798922410667536,0.952897924823648,-6.22638423554822,0.0209536188371336,"GOLI4","sp|O00461|GOLI4_HUMAN",-0.0375894035496254,16.7514290664096,-0.348396875521927,0.733801422334168,0.964602283830354,-6.0871622950628,0.0156517141602005,"O00461"
"2787",-0.0312184662466896,20.8342217520216,-0.260331943445718,0.799051526140914,0.952897924823648,-6.22643062205608,0.0209536188371336,"PON3","sp|Q15166|PON3_HUMAN",-0.097161674222139,20.9673982703385,-0.947397005767895,0.362811307678051,0.850954166069728,-5.70194794239916,0.070093831171655,"Q15166"
"2788",0.0491305170502528,17.8294659408823,0.260270982686474,0.799097444589056,0.952897924823648,-6.2264471110778,0.0209536188371336,"FYN","sp|P06241|FYN_HUMAN",-0.165636022040964,17.927243222918,-0.892350402312629,0.390393544182405,0.864387040121016,-5.75076141663587,0.0632917531794976,"P06241"
"2789",-0.0348949099323257,16.864618488671,-0.260159005254268,0.799181793187924,0.952897924823648,-6.22647738944314,0.0209536188371336,"FHL1","sp|Q13642|FHL1_HUMAN",-0.0824907465633835,16.87800984334,-0.461864989707716,0.652744637164826,0.94139721281578,-6.04015782869641,0.0262270918383411,"Q13642"
"2790",0.0622174194651077,13.5050343895075,0.260028909843484,0.799279792738536,0.952897924823648,-6.22651255068508,0.0209536188371336,"KAD3","sp|Q9UIJ7|KAD3_HUMAN",0.0485034629309279,13.5771419781484,0.269027454680136,0.792647455708878,0.972723403089688,-6.11237442540594,0.0120106351572695,"Q9UIJ7"
"2791",-0.118995180408398,16.464007040396,-0.26000563567286,0.79929732531155,0.952897924823648,-6.2265188392258,0.0209536188371336,"RFIP1","sp|Q6WKZ4|RFIP1_HUMAN",0.088747998900008,17.0116189040425,0.289760612460972,0.777128317049856,0.972583004796852,-6.10640389181528,0.0120733236917914,"Q6WKZ4"
"2792",0.0712999905395036,12.4626406049606,0.259292470554217,0.799834612285038,0.952949919201927,-6.22671126244644,0.0209299224317221,"LIPI","sp|Q6XZB0|LIPI_HUMAN",-0.174179343201142,12.7087181919109,-0.61350042924464,0.551420403245566,0.912613568562101,-5.95772615262863,0.0397130785089623,"Q6XZB0"
"2793",-0.0653929634277776,11.9365041269922,-0.259185544681657,0.799915177733223,0.952949919201927,-6.22674006770566,0.0209299224317221,"LGUL","sp|Q04760|LGUL_HUMAN",0.199535850552096,12.1458822845941,0.791532337876347,0.444563725429059,0.881285071958494,-5.83353655707455,0.0548835863069743,"Q04760"
"2794",0.0920950877198872,18.1523327894438,0.258661265842224,0.800310240976055,0.953078467814684,-6.22688113567367,0.0208713420310924,"MUC5B","sp|Q9HC84|MUC5B_HUMAN",-1.55404406525788,17.8551041425212,-4.46322765746215,0.000847263979193779,0.138488078008897,-0.322785239968353,0.858587611998859,"Q9HC84"
"2795",0.0457347853283328,15.7062406364688,0.257660326310576,0.801064645736095,0.953634705594727,-6.22714967488036,0.020617952052232,"EPCR","sp|Q9UNN8|EPCR_HUMAN",0.164611252128703,15.772636251192,1.45504890276274,0.172254083841024,0.737164200701138,-5.14478187196583,0.132435763815776,"Q9UNN8"
"2796",0.0568463289648183,13.2903916211817,0.256690491305816,0.801795807200902,0.953822043309648,-6.22740888737228,0.0205326450211279,"ADCY6","sp|O43306|ADCY6_HUMAN",-0.142152683385519,13.2229541664198,-0.812950693165528,0.432662684331948,0.873931350518796,-5.81668350273096,0.0585226809374819,"O43306"
"2797",-0.0489095231913382,15.7159610362403,-0.256689205918371,0.801796776388647,0.953822043309648,-6.22740923028276,0.0205326450211279,"UGDH","sp|O60701|UGDH_HUMAN",0.211947182509127,15.6139249476788,1.74659533855473,0.10718027850816,0.673896571728268,-4.75256640809967,0.171406752981737,"O60701"
"2798",-0.0457494754189678,14.3549725547905,-0.255328864208743,0.802822672885064,0.954029986475971,-6.22777118513587,0.0204379746078767,"LAMA5","sp|O15230|LAMA5_HUMAN",-0.0281006095797486,14.3863875874638,-0.251581519866886,0.805778943135715,0.974324183315953,-6.11705942297196,0.0112965178645011,"O15230"
"2799",-0.104497809968253,10.7597223290377,-0.255009484088272,0.803063587940825,0.954029986475971,-6.22785588901909,0.0204379746078767,"IF2B2","sp|Q9Y6M1|IF2B2_HUMAN",0.731723519838053,9.83147261010682,1.29651290851001,0.220070267419109,0.757046932651169,-5.33784851689883,0.120877195850511,"Q9Y6M1"
"2800",0.0367149104097801,16.6261527522559,0.254567182313894,0.803397260279246,0.954029986475971,-6.22797302025964,0.0204379746078767,"GLT15","sp|Q8N3T1|GLT15_HUMAN",0.107835673839285,16.547691358543,0.882083335356923,0.39569444966408,0.866783484471409,-5.75958713218822,0.0620893722383122,"Q8N3T1"
"2801",0.0489962007346194,13.5419426540134,0.254130833392526,0.803726481478152,0.954029986475971,-6.22808837803622,0.0204379746078767,"NPS3A","sp|Q9UFN0|NPS3A_HUMAN",0.0632610136408081,13.3728543178515,0.430137516836461,0.675001043512081,0.952166153101057,-6.05458595358701,0.0212872605665086,"Q9UFN0"
"2802",-0.0302048526659019,16.2292534515788,-0.254038398984267,0.803796227432788,0.954029986475971,-6.22811278984771,0.0204379746078767,"PCSK5","sp|Q92824|PCSK5_HUMAN",-0.193666623057076,16.1777978880503,-1.71837081552737,0.112352156407389,0.686734451410911,-4.79240222466313,0.16321116480567,"Q92824"
"2803",0.0404034261007467,14.3638251114211,0.253980945853228,0.803839579316548,0.954029986475971,-6.22812795872217,0.0204379746078767,"EPS15","sp|P42566|EPS15_HUMAN",0.175285016036143,14.3008221966008,1.57746751996465,0.141631001421717,0.725421749565862,-4.9855109450444,0.139409427560608,"P42566"
"2804",0.0319019610551441,16.4810992363329,0.253742860414309,0.804019236536524,0.954029986475971,-6.2281907822883,0.0204379746078767,"PLOD3","sp|O60568|PLOD3_HUMAN",-0.0808951078318902,16.6113052121919,-0.586439235642136,0.568849489542798,0.914734232457629,-5.97404701852467,0.0387050678382534,"O60568"
"2805",0.096120085587288,10.872961740071,0.253409063469001,0.804271136535031,0.954029986475971,-6.22827876312865,0.0204379746078767,"CO7A1","sp|Q02388|CO7A1_HUMAN",0.341475852312442,10.7317350348236,1.06580525530934,0.308255642492334,0.81335054112204,-5.58866973783575,0.089722240058852,"Q02388"
"2806",0.059531106047512,12.52936745942,0.25298456025677,0.804591521235553,0.954069045723758,-6.22839048651588,0.0204201943821154,"MER34","sp|Q9H9K5|MER34_HUMAN",-0.131580888584321,12.4071762044053,-0.463711804527573,0.651459582950257,0.941197234759129,-6.03928753617711,0.0263193574528965,"Q9H9K5"
"2807",0.0262714384430576,18.6656779685525,0.251911507504452,0.805401550077061,0.954151906303786,-6.22867207322596,0.0203824776882935,"NCAN","sp|O14594|NCAN_HUMAN",-0.0896898552367118,18.6912436253463,-0.890163117443601,0.391518725622128,0.86514690435409,-5.75264905261366,0.0629101418607876,"O14594"
"2808",0.0472604167161798,13.3272587091839,0.249830195683597,0.806973368438556,0.954151906303786,-6.22921486870659,0.0203824776882935,"AFG32","sp|Q9Y4W6|AFG32_HUMAN",0.268622670306049,13.5049692864888,1.47179385560435,0.167757269209382,0.730218139886144,-5.12349632627769,0.136547382623484,"Q9Y4W6"
"2809",-0.129791152487155,8.10021730933843,-0.249581536627038,0.807161216235736,0.954151906303786,-6.22927941983441,0.0203824776882935,"FAF2","sp|Q96CS3|FAF2_HUMAN",-0.096358068038572,8.26169415249133,-0.236211613400076,0.818249050389973,0.976540152493457,-6.01476502277706,0.010309895081874,"Q96CS3"
"2810",0.0504503388346264,13.1897502969997,0.248704238116143,0.807824065781001,0.954151906303786,-6.22950665588572,0.0203824776882935,"O51L1","sp|Q8NGJ5|O51L1_HUMAN",0.0996767544142889,12.4729470158967,0.576421240404044,0.575376753246303,0.916350980817889,-5.97991361269541,0.0379381509641956,"Q8NGJ5"
"2811",0.0397876295174743,16.5217115839139,0.247475202207938,0.808752935378714,0.954151906303786,-6.22982366689844,0.0203824776882935,"RHG18","sp|Q8N392|RHG18_HUMAN",-0.0168938431740285,16.6129741668736,-0.081514346289606,0.936426510857634,0.987373398987653,-6.14636685687859,0.00551857736815413,"Q8N392"
"2812",0.0376415880483901,18.1708620898335,0.247141233567001,0.809005391874007,0.954151906303786,-6.22990954052408,0.0203824776882935,"GNAI1","sp|P63096|GNAI1_HUMAN",-0.183415038941283,18.3540436246048,-1.29502023134235,0.220567609544523,0.757046932651169,-5.33959034328783,0.120877195850511,"P63096"
"2813",-0.0586156011626682,12.9222317624046,-0.246343540049044,0.809608482218258,0.954151906303786,-6.23011418775916,0.0203824776882935,"TNR5","sp|P25942|TNR5_HUMAN",-0.46336843881784,12.9994397945998,-2.02598804944318,0.0664673964396883,0.609740800734631,-4.340284161734,0.214854743241087,"P25942"
"2814",-0.0344731559640416,17.9748973404463,-0.245779775532117,0.810034789365961,0.954151906303786,-6.23025842597564,0.0203824776882935,"PGRC1","sp|O00264|PGRC1_HUMAN",-0.16021399968368,18.0127291251633,-1.44452252554507,0.175132908924453,0.737165441399294,-5.15807850689385,0.132435032868846,"O00264"
"2815",0.0540872081211021,16.5494625172045,0.245745061643158,0.810061041379346,0.954151906303786,-6.23026729677861,0.0203824776882935,"PLSI","sp|Q14651|PLSI_HUMAN",0.572636260043147,16.5849680439462,3.47722162570178,0.00481447105088727,0.315655191169246,-1.94025982540261,0.500787064002967,"Q14651"
"2816",0.0339108277214835,17.6560646154372,0.245587917958573,0.810179882658713,0.954151906303786,-6.23030743783648,0.0203824776882935,"CORO7","sp|P57737|CORO7_HUMAN",0.0208024999242388,17.5042346568587,0.151501266078465,0.882190718026023,0.986191942633613,-6.13791448310571,0.00603855005478495,"P57737"
"2817",0.059286977574908,11.6549420897435,0.245356922673937,0.810354583832102,0.954151906303786,-6.23036639754942,0.0203824776882935,"VP13A","sp|Q96RL7|VP13A_HUMAN",-0.130685471434544,11.7631800439504,-0.509589966245221,0.619921693409695,0.931847871570099,-6.0165998136409,0.030654982421071,"Q96RL7"
"2818",0.101703410262018,10.8457226689696,0.245103472813311,0.810546279632714,0.954151906303786,-6.23043102544439,0.0203824776882935,"CHRD1","sp|Q9UHD1|CHRD1_HUMAN",-0.170337957356234,10.8171079108394,-0.567613894254716,0.581148209984856,0.920683011427082,-5.9849925950561,0.0358898704376794,"Q9UHD1"
"2819",0.0523582286341994,13.7009380707916,0.244879155328223,0.810715951990453,0.954151906303786,-6.2304881696525,0.0203824776882935,"XRP2","sp|O75695|XRP2_HUMAN",-0.0748141997436917,13.8698062770442,-0.481078872209376,0.639433057471931,0.939874259186622,-6.0309403019806,0.0269302444791645,"O75695"
"2820",0.047460573067703,12.3956019118442,0.244782037348083,0.81078941454832,0.954151906303786,-6.23051289410557,0.0203824776882935,"LIRB5","sp|O75023|LIRB5_HUMAN",0.0968426119207814,12.3912618798129,0.371052868525943,0.717305384447037,0.960820446915146,-6.07880074748896,0.0173577634237046,"O75023"
"2821",0.0294169659789679,15.7275075629749,0.244543501422743,0.810969857299009,0.954151906303786,-6.2305735797727,0.0203824776882935,"PLD4","sp|Q96BZ4|PLD4_HUMAN",0.0267039939433401,15.9361211997252,0.222972816325668,0.827445863385205,0.977505666396101,-6.12406961236713,0.00988071641043172,"Q96BZ4"
"2822",0.0428187315858141,14.4569375119182,0.243559075169517,0.811714655810843,0.954151906303786,-6.23082340710781,0.0203824776882935,"DLDH","sp|P09622|DLDH_HUMAN",0.0148064573533109,14.5537817956265,0.104211282220036,0.918786952982953,0.986613644973353,-6.14418084392508,0.00585288249271538,"P09622"
"2823",0.123005306101749,12.8970704139309,0.242638182087725,0.8124115607084,0.954151906303786,-6.23105620809466,0.0203824776882935,"PIN1","sp|Q13526|PIN1_HUMAN",0.96761354179715,12.7197362892856,1.5976164658018,0.137071493071096,0.718705032390156,-4.95851216558543,0.143449314192057,"Q13526"
"2824",0.0366442815228056,12.9276854690375,0.242230013065304,0.812720504824508,0.954151906303786,-6.23115911368483,0.0203824776882935,"PLCA","sp|Q99943|PLCA_HUMAN",0.395137539356776,12.8463034905102,2.37193752661629,0.0359963170738138,0.564461874265568,-3.79430200064007,0.248365386520688,"Q99943"
"2825",0.10964939722975,10.1801368597462,0.241668247156944,0.813145760662208,0.954151906303786,-6.23130046292966,0.0203824776882935,"CMYA5","sp|Q8N3K9|CMYA5_HUMAN",-0.141710785869804,10.6497865863541,-0.400888475310486,0.695809105184777,0.956136992772092,-6.06700678440499,0.0194798787044241,"Q8N3K9"
"2826",0.0292826847305857,16.8610060500578,0.241631321088492,0.813173715816071,0.954151906303786,-6.23130974273724,0.0203824776882935,"ESM1","sp|Q9NQ30|ESM1_HUMAN",0.151948434637122,16.9443933613158,1.42964335898548,0.179271457396438,0.742466515183312,-5.17676150041044,0.129323128002715,"Q9NQ30"
"2827",-0.0260476436343434,21.4214695853934,-0.241408572638445,0.813342354886625,0.954151906303786,-6.23136569137804,0.0203824776882935,"TGFB1","sp|P01137|TGFB1_HUMAN",-0.190339286012155,21.4795332350714,-2.06312553633822,0.0622933515730185,0.609740800734631,-4.2833139296512,0.214854743241087,"P01137"
"2828",0.0675028982485485,13.3511887620162,0.241300283088753,0.81342434260071,0.954151906303786,-6.2313928724554,0.0203824776882935,"PCDGK","sp|Q9UN70|PCDGK_HUMAN",0.249005463825046,13.5149841531634,1.58203891319079,0.140585108584626,0.724922900959771,-4.97940421122685,0.139708180281757,"Q9UN70"
"2829",-0.0424337326824249,23.7430425962989,-0.240712337962076,0.81386952537328,0.954151906303786,-6.2315402381388,0.0203824776882935,"HV353","sp|P01767|HV353_HUMAN",0.137158894246459,23.5742664768591,1.1403964400959,0.27718631036812,0.792511383027922,-5.51176247243146,0.100994491191333,"P01767"
"2830",-0.0378636840972382,23.1497524992957,-0.240149346458976,0.814295877358762,0.954151906303786,-6.23168101574621,0.0203824776882935,"A0A075B7F0","tr|A0A075B7F0|A0A075B7F0_HUMAN",0.162868263401607,23.0715628979224,1.5188089260146,0.15566272126148,0.728883053370811,-5.06287159818608,0.137342147059245,"A0A075B7F0"
"2831",0.0603694235426038,11.4129657204366,0.240099871244831,0.814333347782835,0.954151906303786,-6.23169337156261,0.0203824776882935,"CR2","sp|P20023|CR2_HUMAN",0.391172539655086,10.7565466337896,1.37995310849128,0.193692976924695,0.752526853111309,-5.23818598486955,0.123477998126165,"P20023"
"2832",0.0333418082837588,18.501160781836,0.239750554108266,0.814597919390378,0.954151906303786,-6.23178053743243,0.0203824776882935,"MPRI","sp|P11717|MPRI_HUMAN",0.0260910704694812,18.4940251153298,0.24424444612536,0.811320407160905,0.974957702965865,-6.11893702591814,0.0110142250881126,"P11717"
"2833",-0.027570504290166,15.1201235306556,-0.239523455132759,0.81476993620294,0.954151906303786,-6.23183713854125,0.0203824776882935,"CD320","sp|Q9NPF0|CD320_HUMAN",0.223164658481706,15.2718312955597,1.56352523825421,0.144862779256623,0.726283329837963,-5.00406722324769,0.138893923954356,"Q9NPF0"
"2834",-0.0408110855352371,18.9132839055177,-0.238993504420611,0.81517138823351,0.954151906303786,-6.23196901446325,0.0203824776882935,"CO1A1","sp|P02452|CO1A1_HUMAN",-0.00579008307488982,19.2327211118336,-0.0390457518660733,0.969519779372174,0.992240563594278,-6.14902310195206,0.00338302262832847,"P02452"
"2835",-0.0320300371546744,17.5843590330449,-0.238382689970938,0.815634164777157,0.954151906303786,-6.23212065419098,0.0203824776882935,"TCPQ","sp|P50990|TCPQ_HUMAN",0.0797595037008713,17.609304265317,0.563260365613872,0.584012389777766,0.922575226651601,-5.98747592531458,0.0349982114153286,"P50990"
"2836",0.079246609301713,13.3070437561313,0.23807901090607,0.815864270795403,0.954151906303786,-6.23219590202121,0.0203824776882935,"SPR2E","sp|P22531|SPR2E_HUMAN / sp|Q9BYE4|SPR2G_HUMAN / sp|P22532|SPR2D_HUMAN / sp|P35325|SPR2B_HUMAN / sp|P35326|SPR2A_HUMAN",0.204593904100075,12.9944384913675,1.18129197930269,0.26120790221465,0.782271152840982,-5.46785806315152,0.106642684573063,"P22531"
"2837",-0.0377159693324029,15.2594905469235,-0.237911609358823,0.815991123248302,0.954151906303786,-6.23223734139739,0.0203824776882935,"SLAI2","sp|Q9P270|SLAI2_HUMAN",0.154521430709168,15.1576151802283,0.864410535009571,0.404933906969879,0.867345430800147,-5.77457089945093,0.0618079050462365,"Q9P270"
"2838",-0.0386741141423676,18.1390763589948,-0.237480024047536,0.816318192282078,0.954151906303786,-6.23234404495199,0.0203824776882935,"CLIC1","sp|O00299|CLIC1_HUMAN",0.0587266490758177,18.3516362235669,0.424793950783998,0.678782182158466,0.953397402701628,-6.05691836536274,0.0207260355366119,"O00299"
"2839",0.0329184335478213,17.7622328179229,0.237196819530458,0.816532833301385,0.954151906303786,-6.23241395913701,0.0203824776882935,"FCAMR","sp|Q8WWV6|FCAMR_HUMAN",0.0404140624352202,17.884422610924,0.36867243964284,0.719031758550974,0.961896979697978,-6.07970345421726,0.0168714389232283,"Q8WWV6"
"2840",0.0441389824162012,15.3953957713111,0.236295828696186,0.817215798642666,0.954151906303786,-6.23263583559848,0.0203824776882935,"NIBA1","sp|Q9BZQ8|NIBA1_HUMAN",-0.0289382439866366,15.5601503351892,-0.185282559404603,0.856216810012733,0.981481159597281,-6.13202520249969,0.00811803265232989,"Q9BZQ8"
"2841",0.0423957680881508,17.1771939943508,0.235972442931126,0.817460968471145,0.954151906303786,-6.2327152680873,0.0203824776882935,"KVD13","sp|A0A0B4J2D9|KVD13_HUMAN / sp|P0DP09|KV113_HUMAN",0.110402102489213,17.3189540639058,0.490628884197107,0.632864996318583,0.938075849947756,-6.02622482496113,0.0277620444759845,"A0A0B4J2D9"
"2842",0.0328819023835032,22.2757594609573,0.235847223112312,0.817555907328847,0.954151906303786,-6.2327459966036,0.0203824776882935,"HV373","sp|A0A0B4J1V6|HV373_HUMAN",0.216204666464709,22.071507412028,1.8522926963373,0.0896619763684257,0.643850116117451,-4.60025301337797,0.191215221645184,"A0A0B4J1V6"
"2843",-0.0375844801723955,16.2658276864532,-0.235643605835594,0.817710291838593,0.954151906303786,-6.23279592909882,0.0203824776882935,"GNA14","sp|O95837|GNA14_HUMAN",-0.271631532193568,16.1842931202821,-1.54163917350609,0.150064932364322,0.728883053370811,-5.03298523696516,0.137342147059245,"O95837"
"2844",0.07004776826383,10.8034158243819,0.235472836994775,0.817839776521652,0.954151906303786,-6.23283777333095,0.0203824776882935,"EIF1A","sp|Q8N9N8|EIF1A_HUMAN",-0.315862301993322,10.9658350821398,-1.30486249926998,0.217305080755291,0.757046932651169,-5.32807817178005,0.120877195850511,"Q8N9N8"
"2845",-0.0378734596743278,15.3771760350522,-0.234168808787785,0.818828734834037,0.954151906303786,-6.23315631431314,0.0203824776882935,"PYGL","sp|P06737|PYGL_HUMAN",0.0359283217900484,15.5342746505054,0.214899488809455,0.833588155483971,0.977880093091756,-6.12589636518373,0.00971439480458123,"P06737"
"2846",-0.0624908540907793,15.3784360581085,-0.233920364975208,0.819017188453989,0.954151906303786,-6.23321680412049,0.0203824776882935,"EF1B","sp|P24534|EF1B_HUMAN",0.0517789234537158,15.4862130454415,0.295532603399807,0.772825441003985,0.971017712798112,-6.1046640564076,0.0127728478465606,"P24534"
"2847",0.0369543535631278,17.9800519801308,0.23337922158027,0.819427706182635,0.954151906303786,-6.23334833875261,0.0203824776882935,"GBB4","sp|Q9HAV0|GBB4_HUMAN",-0.0991180064150744,18.1317640817401,-0.776005160962507,0.453322587542716,0.888030022481217,-5.84550291700331,0.0515723513638328,"Q9HAV0"
"2848",0.0328255527319003,21.8338754405902,0.23319673434971,0.819566155756692,0.954151906303786,-6.23339262751473,0.0203824776882935,"LV325","sp|P01717|LV325_HUMAN",0.200281882568981,21.390598246663,1.48787421201475,0.163533333511991,0.728883053370811,-5.10290272945787,0.137342147059245,"P01717"
"2849",0.0467284307790377,20.5733259597465,0.232812996251474,0.819857311251887,0.954151906303786,-6.23348564692265,0.0203824776882935,"C1QC","sp|P02747|C1QC_HUMAN",0.265732266901981,20.2410818775031,1.55237453921978,0.147493356879759,0.727155562999852,-5.01883304979849,0.138372669023747,"P02747"
"2850",-0.089173572928454,11.0643419794609,-0.232000818831961,0.820473631136978,0.954151906303786,-6.23368202095532,0.0203824776882935,"DLG1","sp|Q12959|DLG1_HUMAN",-0.0283458893268088,10.9282289572606,-0.0814168089059863,0.936502398316701,0.987373398987653,-6.14637509962295,0.00551857736815413,"Q12959"
"2851",-0.0289326426304196,20.3060391212191,-0.231604534789014,0.820774396337139,0.954151906303786,-6.23377759053885,0.0203824776882935,"CD14","sp|P08571|CD14_HUMAN",0.0753898572828784,20.3096282913069,0.5300096225395,0.606130679162977,0.928468578954848,-6.00584541873717,0.032232788981201,"P08571"
"2852",-0.0367551197423891,23.081155411411,-0.231461218188537,0.820883175770353,0.954151906303786,-6.23381211353868,0.0203824776882935,"HV320","sp|A0A0C4DH32|HV320_HUMAN",0.168505913125886,23.0152325377679,1.55338583689822,0.147253085498532,0.727155562999852,-5.01749665168416,0.138372669023747,"A0A0C4DH32"
"2853",0.149162217254338,10.0029208884443,0.231360711119147,0.820959464455208,0.954151906303786,-6.23383631168088,0.0203824776882935,"MIC27","sp|Q6UXV4|MIC27_HUMAN",0.29033045026804,10.6748478126304,0.78785326321826,0.446629141414252,0.88223856545983,-5.83639107359993,0.0544139617465481,"Q6UXV4"
"2854",0.0383993907295541,22.3905254305502,0.231295304312816,0.821009111734883,0.954151906303786,-6.23385205346985,0.0203824776882935,"A0A075B7B8","tr|A0A075B7B8|A0A075B7B8_HUMAN",0.190242482702185,22.1825788731654,1.41483052937907,0.183473089379908,0.749097751119181,-5.19522955585808,0.12546150673088,"A0A075B7B8"
"2855",-0.0460065609891726,13.9507728400389,-0.230932278519203,0.821284682540904,0.954151906303786,-6.23393934457503,0.0203824776882935,"CA2D1","sp|P54289|CA2D1_HUMAN",-0.00747227748570124,13.7273316164526,-0.0431266733834243,0.966336139890645,0.991439396338831,-6.14884909170629,0.00373382774212562,"P54289"
"2856",-0.0365896945353665,15.118147391118,-0.230615418896657,0.821525229247956,0.954151906303786,-6.23401542379324,0.0203824776882935,"LRRF1","sp|Q32MZ4|LRRF1_HUMAN",-0.12850328423041,15.2680510113538,-0.809323558398082,0.434663277928403,0.874861988747343,-5.81956564225109,0.0580604524095201,"Q32MZ4"
"2857",-0.166416683257511,17.2832882353942,-0.23040163893722,0.821687532859987,0.954151906303786,-6.23406669471639,0.0203824776882935,"WBP2","sp|Q969T9|WBP2_HUMAN",-1.31441508758844,17.439948293011,-2.55137039897148,0.0260292713835437,0.541810085221108,-3.5004036456654,0.266152915295631,"Q969T9"
"2858",-0.0257134932550512,16.4338218809031,-0.230319021793989,0.82175025882819,0.954151906303786,-6.2340864961932,0.0203824776882935,"RINI","sp|P13489|RINI_HUMAN",0.0469455860718258,16.3581418103621,0.472425673533348,0.645412167405257,0.940765473701383,-6.03513617980309,0.0265186296779271,"P13489"
"2859",-0.054720759731276,13.5975304409062,-0.230149870354217,0.821878688828873,0.954151906303786,-6.23412701604916,0.0203824776882935,"F120A","sp|Q9NZB2|F120A_HUMAN",-0.0918741955291955,13.8779217612987,-0.389891524718177,0.70370132439043,0.956934774229908,-6.0714570996462,0.0191176632235889,"Q9NZB2"
"2860",-0.0399161242832068,21.0734107711287,-0.230055332668576,0.821950469906625,0.954151906303786,-6.23414964949457,0.0203824776882935,"KVD15","sp|A0A087WSY6|KVD15_HUMAN",0.158194710984392,20.9224267917738,1.25831392141076,0.233087178756101,0.766165792444393,-5.3819562712163,0.115677242178419,"A0A087WSY6"
"2861",0.0471140793679708,21.0748744521852,0.229867871134454,0.822092811681084,0.954151906303786,-6.234194502764,0.0203824776882935,"HV146","sp|P01743|HV146_HUMAN",0.175128282366416,20.8837959239507,1.19371631261714,0.256498997504807,0.777929443098344,-5.45428202019755,0.109059791008534,"P01743"
"2862",-0.0320355817881521,18.1702762888614,-0.229323329490051,0.822506326156144,0.954151906303786,-6.23432458787503,0.0203824776882935,"CATC","sp|P53634|CATC_HUMAN",-0.217110634918462,18.4385932913061,-2.16625896177041,0.0519547854907125,0.589635363006715,-4.12284587601733,0.229416477831962,"P53634"
"2863",-0.0728604981088095,11.1776152309421,-0.229141014703302,0.822644784965354,0.954151906303786,-6.23436807259373,0.0203824776882935,"GCP60","sp|Q9H3P7|GCP60_HUMAN",0.202234751008051,11.3280403532496,0.616524437270448,0.549491369346383,0.912613568562101,-5.95585958109385,0.0397130785089623,"Q9H3P7"
"2864",0.0278100179216493,18.9849083811119,0.228935839609892,0.822800612480112,0.954151906303786,-6.23441696884125,0.0203824776882935,"HLAB","sp|P01889|HLAB_HUMAN",-0.0841532713821713,19.1087391297371,-0.768291606548208,0.457714604837755,0.89072334793151,-5.85136853654544,0.0502571636661918,"P01889"
"2865",-0.0402361306813986,15.2858933287632,-0.228578791617721,0.823071804093996,0.954151906303786,-6.23450195514897,0.0203824776882935,"MGT4B","sp|Q9UQ53|MGT4B_HUMAN",-0.216905659746791,15.5191070965199,-1.98506786927463,0.0713676981891267,0.609740800734631,-4.40252042752595,0.214854743241087,"Q9UQ53"
"2866",0.0277151144659621,17.2883035822486,0.228510044445579,0.823124022945564,0.954151906303786,-6.23451830359553,0.0203824776882935,"LASP1","sp|Q14847|LASP1_HUMAN",0.159035836675408,17.2823049407469,1.30316781798095,0.217864018038969,0.757046932651169,-5.33006492798848,0.120877195850511,"Q14847"
"2867",0.0531234072657224,11.8153310613699,0.228301044127369,0.823282780461678,0.954151906303786,-6.23456797506507,0.0203824776882935,"WDR13","sp|Q9H1Z4|WDR13_HUMAN",0.0285671971962247,12.0077722947787,0.181291409816882,0.859276995764276,0.983252901120048,-6.13278221038084,0.00733476351616177,"Q9H1Z4"
"2868",-0.0737532531961524,12.9071541353164,-0.227916447895398,0.823574942726951,0.954151906303786,-6.23465926133748,0.0203824776882935,"COX6C","sp|P09669|COX6C_HUMAN",-0.0329715557582299,12.6361439387525,-0.0891980187370171,0.930450469790988,0.986837723161755,-6.14568655073666,0.00575425739079757,"P09669"
"2869",-0.0797763306218358,10.590209932845,-0.227901635196125,0.823586195890958,0.954151906303786,-6.23466277417204,0.0203824776882935,"ITPI2","sp|P28290|ITPI2_HUMAN",0.628366315757804,10.3368168993999,1.27413354272851,0.227622980767091,0.760040918678042,-5.36380814034214,0.119163025774859,"P28290"
"2870",-0.0527279618544114,12.4681223035752,-0.227837137859124,0.823635194805769,0.954151906303786,-6.23467806709081,0.0203824776882935,"KIF1B","sp|O60333|KIF1B_HUMAN",0.183547847068359,11.9659312130353,1.11279570970489,0.288390301972686,0.803731718162621,-5.54070438645305,0.0948888925018008,"O60333"
"2871",-0.0557008449574291,12.2016222606376,-0.227221136892752,0.824103212612429,0.954314220881439,-6.23482391051396,0.0203086044090426,"UBXN4","sp|Q92575|UBXN4_HUMAN",0.144807901100149,12.3375601345138,0.722448366486404,0.484371182652513,0.899237641029829,-5.8851368430578,0.0461255223383996,"Q92575"
"2872",0.0520045400539456,13.8401325557697,0.226819874037448,0.824408117319412,0.954314220881439,-6.23491870240192,0.0203086044090426,"SSBP","sp|Q04837|SSBP_HUMAN",0.0617409383530651,13.807317188185,0.280634932451771,0.783947082398033,0.972723403089688,-6.10908563749533,0.0120106351572695,"Q04837"
"2873",0.052801802473758,15.1094544557196,0.226255347080041,0.824837131039506,0.954314220881439,-6.23505178165643,0.0203086044090426,"RPGP2","sp|Q684P5|RPGP2_HUMAN",0.0344514883734273,15.1641272654773,0.207741211724713,0.839043932694279,0.979552680786868,-6.1274601886862,0.00897220248720586,"Q684P5"
"2874",0.0290987597784146,20.9232488512389,0.225893892102899,0.825111850750323,0.954314220881439,-6.23513681695782,0.0203086044090426,"TSP2","sp|P35442|TSP2_HUMAN",-0.134369453360719,21.037142150527,-1.11273937095825,0.288413521039976,0.803731718162621,-5.54076288656167,0.0948888925018008,"P35442"
"2875",-0.0306505016501559,13.8918924038414,-0.22576086850582,0.825212959906517,0.954314220881439,-6.23516807794742,0.0203086044090426,"EH1L1","sp|Q8N3D4|EH1L1_HUMAN",0.28385728795151,13.9184481173036,1.98574308075485,0.0712841856459216,0.609740800734631,-4.40149819392213,0.214854743241087,"Q8N3D4"
"2876",-0.0427845546772792,14.6478335910218,-0.224715964653719,0.82600728882168,0.954496541436525,-6.23541299905233,0.0202256409086108,"HYI","sp|Q5T013|HYI_HUMAN",0.32164256840384,14.0536896600313,0.639242926600663,0.535120629314523,0.912613568562101,-5.94156327684267,0.0397130785089623,"Q5T013"
"2877",-0.022120099179392,18.1580528813786,-0.224458429147361,0.826203096550797,0.954496541436525,-6.2354731912976,0.0202256409086108,"VEGFC","sp|P49767|VEGFC_HUMAN",-0.0782767407344223,18.2586187186008,-0.725920283755315,0.482319411517746,0.899237641029829,-5.88264530269517,0.0461255223383996,"P49767"
"2878",0.0937410415543155,13.2780112432327,0.224418610147116,0.826233372566175,0.954496541436525,-6.23548249184891,0.0202256409086108,"EIF3E","sp|P60228|EIF3E_HUMAN",0.66388183233809,13.192930917527,2.08748239410984,0.0596903746851248,0.609576472553628,-4.24570817328533,0.214971803540693,"P60228"
"2879",-0.0277535033972074,17.6264086387782,-0.223341117241588,0.827052745220196,0.954578498152498,-6.23573354160443,0.0201883523277159,"SE6L1","sp|Q9BYH1|SE6L1_HUMAN",-0.086454239298523,17.5412486953157,-0.908393065779918,0.382209071706969,0.859930399743799,-5.73679433857193,0.0655366978615683,"Q9BYH1"
"2880",0.0436002186173593,15.7335062168243,0.222476504719547,0.827710388316332,0.954578498152498,-6.23593412520348,0.0201883523277159,"MY18A","sp|Q92614|MY18A_HUMAN",0.246697049915488,15.7592982173842,1.51943324285749,0.155507286060905,0.728883053370811,-5.06205816301455,0.137342147059245,"Q92614"
"2881",-0.0355533958011661,15.1629969294925,-0.222402232198552,0.827766887988352,0.954578498152498,-6.23595131989339,0.0201883523277159,"DOCK4","sp|Q8N1I0|DOCK4_HUMAN",-0.10944696986581,15.2253900061771,-0.627790209403444,0.542338207225129,0.912613568562101,-5.94883044693692,0.0397130785089623,"Q8N1I0"
"2882",0.0523100891192821,12.2006272210127,0.222377087879678,0.827786015691371,0.954578498152498,-6.23595713971707,0.0201883523277159,"CD8A","sp|P01732|CD8A_HUMAN",0.347368633136975,11.8793525190119,1.0742529975822,0.304610353313601,0.811326554908629,-5.58016987010811,0.090804309229161,"P01732"
"2883",0.0287224511847965,16.382731788974,0.222352889412058,0.827804423978571,0.954578498152498,-6.23596274000102,0.0201883523277159,"LRC15","sp|Q8TF66|LRC15_HUMAN",0.0615900135692978,16.4660641101114,0.531576530504916,0.605078873975275,0.927601285322834,-6.00500357568249,0.0326386582571769,"Q8TF66"
"2884",-0.0320046600226185,16.2503612275308,-0.22171074647787,0.828292954747766,0.954578498152498,-6.23611113123925,0.0201883523277159,"AOFB","sp|P27338|AOFB_HUMAN",-0.133891657599204,16.2840858602892,-0.945342024960539,0.363815595556777,0.850954166069728,-5.70381503297966,0.070093831171655,"P27338"
"2885",-0.0521229733186191,12.2008569158975,-0.2216783701922,0.828317588032297,0.954578498152498,-6.2361186017281,0.0201883523277159,"TAP1","sp|Q03518|TAP1_HUMAN",0.0517180673562385,12.0516721963291,0.233722032287145,0.81928633738613,0.976540152493457,-6.12153379651982,0.010309895081874,"Q03518"
"2886",-0.0453104191373552,14.7803636310977,-0.221245510541314,0.828646944779702,0.954626591365439,-6.23621837565029,0.0201664724185156,"PLCB3","sp|Q01970|PLCB3_HUMAN",0.184265320877953,14.843710410587,1.38631337653173,0.191794656822435,0.752526853111309,-5.230408224538,0.123477998126165,"Q01970"
"2887",0.0312071348340525,14.3211766601431,0.219670151419528,0.82984590011832,0.95567610773515,-6.23657986258302,0.0196892713821495,"SYWC","sp|P23381|SYWC_HUMAN",-0.0636763916070742,14.4434711116175,-0.450755389467522,0.660499503676244,0.943286511489439,-6.04532254467017,0.0253563757039566,"P23381"
"2888",0.0542184142991563,13.9686079565196,0.218766035982161,0.830534195929667,0.956137008772308,-6.23678616688834,0.0194798714368403,"BSND","sp|Q8WZ55|BSND_HUMAN",0.0185413215891298,13.9955392091422,0.0737070198322634,0.942502887063293,0.988040648929326,-6.14699545615627,0.00522518775796543,"Q8WZ55"
"2889",0.0217013830448893,18.9839133249271,0.217239227852645,0.831696876083511,0.956702940515143,-6.23713264370222,0.0192228911909918,"AKA12","sp|Q02952|AKA12_HUMAN",0.0448665205651138,19.0907090616114,0.436036415147683,0.670837731306936,0.949876463399199,-6.05197840854075,0.0223328733982145,"Q02952"
"2890",0.0382623834935516,16.5068163397684,0.217218844699508,0.831712400887997,0.956702940515143,-6.23713725294836,0.0192228911909918,"BMP10","sp|O95393|BMP10_HUMAN",0.0456645777521213,16.591695212753,0.367215775111247,0.720088988293538,0.962038770061052,-6.0802530549756,0.016807425587659,"O95393"
"2891",0.07276454569678,12.0409697355709,0.216984971819816,0.831890535199368,0.956702940515143,-6.2371901079679,0.0192228911909918,"AP3M1","sp|Q9Y2T2|AP3M1_HUMAN",-0.0797964530609238,12.4148958465034,-0.427047921591838,0.677186133024874,0.953143482843135,-6.05593797016196,0.0208417172876589,"Q9Y2T2"
"2892",-0.0582216845146125,15.5585819187759,-0.215964714478699,0.832667750187871,0.957265072003306,-6.237420024452,0.0189677870211874,"RABL3","sp|Q5HYI8|RABL3_HUMAN",-0.0406134021943735,15.6859223433431,-0.170362962575276,0.867668436860309,0.984019329631185,-6.13477113831937,0.00699637040025486,"Q5HYI8"
"2893",0.0419620017531008,13.0402195328137,0.214322274341974,0.83391932173879,0.958371962898561,-6.23778789270304,0.0184659000221167,"GLRX1","sp|P35754|GLRX1_HUMAN",-0.248631001487311,12.8906732056986,-0.766507841842268,0.458734106830225,0.89072334793151,-5.85271747345011,0.0502571636661918,"P35754"
"2894",0.0267289496039604,15.896150477581,0.210709542066594,0.836673963947561,0.960968980287512,-6.2385872554867,0.0172906309655773,"HNRPQ","sp|O60506|HNRPQ_HUMAN",0.217713539889362,15.7639986405474,1.83110509949542,0.0929500241774721,0.650368547620527,-4.63116663531206,0.18684046975891,"O60506"
"2895",0.0343211697975505,23.4291599198296,0.210599157484412,0.836758166023173,0.960968980287512,-6.23861146718746,0.0172906309655773,"VTDB","sp|P02774|VTDB_HUMAN",0.238817444202371,23.2275516754116,1.80487197431825,0.0971727192939195,0.660893965853522,-4.66918204968355,0.179868213341375,"P02774"
"2896",0.0288357888492127,16.6931441072067,0.210023733478259,0.8371971373964,0.961140539266223,-6.23873747653386,0.0172131045632419,"G6PD","sp|P11413|G6PD_HUMAN",0.0119036728795187,16.7818026444104,0.0842972376731559,0.934261604089877,0.987206069396466,-6.14612752620669,0.00559218323659233,"P11413"
"2897",0.0378314689877977,15.5690616784407,0.209128782030098,0.837879979166487,0.961459271644326,-6.23893277778989,0.0170691081751256,"PP1G","sp|P36873|PP1G_HUMAN",-0.481888536109515,15.7426654460325,-2.41828117480312,0.0331149502241369,0.564461874265568,-3.71895659005936,0.248365386520688,"P36873"
"2898",0.0397584323095785,16.4224778585059,0.207540762946602,0.839091966164025,0.961459271644326,-6.23927728669924,0.0170691081751256,"GBG11","sp|P61952|GBG11_HUMAN",-0.16465275659714,16.2109459212052,-0.89693965890236,0.388039991010666,0.861474961558659,-5.746787851424,0.0647573406360728,"P61952"
"2899",0.11340818610294,10.5617917927775,0.207534299726961,0.839096899821102,0.961459271644326,-6.23927868352113,0.0170691081751256,"DAZP1","sp|Q96EP5|DAZP1_HUMAN",0.522191024388308,10.7715266205787,1.59882776150302,0.136801518763607,0.718424431608244,-4.95688229856317,0.143618906947343,"Q96EP5"
"2900",0.0294205390842309,19.04468484774,0.20680383445323,0.839654541781994,0.961459271644326,-6.23943627244843,0.0170691081751256,"LV539","sp|A0A0G2JS06|LV539_HUMAN",0.17458922674997,18.8546664045758,1.36009386109201,0.199721062520212,0.754702161522043,-5.26230880135286,0.122224406155744,"A0A0G2JS06"
"2901",0.0379785060477807,14.0403095800441,0.20649038682235,0.839893857667423,0.961459271644326,-6.23950372582151,0.0170691081751256,"COPB","sp|P53618|COPB_HUMAN",-0.127309945194759,14.0474891912584,-1.03067618883134,0.323764837943138,0.823872143869656,-5.62342744638228,0.0841401809245796,"P53618"
"2902",-0.0226987407420422,25.2933872996311,-0.206300298765873,0.840038997212054,0.961459271644326,-6.23954458296303,0.0170691081751256,"PROZ","sp|P22891|PROZ_HUMAN",-0.134075011924661,25.6563978638387,-1.36735831223323,0.197498212762389,0.754702161522043,-5.25351341931673,0.122224406155744,"P22891"
"2903",0.0491840210634474,12.7805710807211,0.20623653486636,0.840087684779805,0.961459271644326,-6.2395582798802,0.0170691081751256,"MBP","sp|P02686|MBP_HUMAN",0.362907916006423,12.8543945236434,1.52043064514893,0.155259241287467,0.728883053370811,-5.06075817670877,0.137342147059245,"P02686"
"2904",0.0401740470205377,14.4019631471411,0.206146035492148,0.840156787675753,0.961459271644326,-6.23957771254252,0.0170691081751256,"M3K1","sp|Q13233|M3K1_HUMAN",0.318952036154056,14.1261212472145,1.57846286402236,0.141402700759289,0.725371814250508,-4.98418224876011,0.139439323794586,"Q13233"
"2905",-0.0203506419436517,20.835765197971,-0.205920221641119,0.840329219149095,0.961459271644326,-6.2396261639624,0.0170691081751256,"MOES","sp|P26038|MOES_HUMAN",-0.107406671888392,20.9035383323458,-0.958366073599599,0.35748393011368,0.848256894707053,-5.69192366497552,0.0714726016845444,"P26038"
"2906",0.0261253005178416,20.8755404441644,0.205864719387014,0.84037160200066,0.961459271644326,-6.23963806465234,0.0170691081751256,"MADCA","sp|Q13477|MADCA_HUMAN",-0.0109429174021162,21.1286466211711,-0.128824872401918,0.899709238119808,0.986613644973353,-6.14120769305941,0.00585288249271538,"Q13477"
"2907",-0.0243925965705781,16.1547436159505,-0.205232985228782,0.840854046171044,0.961623266451927,-6.23977329550448,0.0169950374696162,"DNJC3","sp|Q13217|DNJC3_HUMAN",-0.240381864363929,16.4753295126534,-2.26711599600204,0.0434310972408931,0.58359437952439,-3.96302659477813,0.233888899357916,"Q13217"
"2908",0.0259782418106603,13.5716053352108,0.204600353910427,0.8413372431957,0.961623266451927,-6.23990830493521,0.0169950374696162,"TICN2","sp|Q92563|TICN2_HUMAN",-0.0531422343393242,13.6124561710683,-0.332871088370971,0.745187543563793,0.965375638139256,-6.09259475429378,0.0153036650731462,"Q92563"
"2909",0.0675855944412059,12.0655179467634,0.204345320034187,0.841532054457108,0.961623266451927,-6.23996261451742,0.0169950374696162,"AP3B1","sp|O00203|AP3B1_HUMAN",0.424643328159564,12.3759134126606,1.77655658832635,0.10192481414264,0.667235617631994,-4.7098838413681,0.175720778724988,"O00203"
"2910",0.0386455476991683,18.3085664424072,0.203564962166419,0.842128209995933,0.961623266451927,-6.24012837438333,0.0169950374696162,"CAZA1","sp|P52907|CAZA1_HUMAN",-0.0335085610009481,18.4312782401176,-0.201748792273991,0.843617906058643,0.979774508889009,-6.12872889324481,0.00887386391301568,"P52907"
"2911",0.0336336499410087,12.2887400101463,0.203327720316181,0.842309471551195,0.961623266451927,-6.24017864334393,0.0169950374696162,"VPS45","sp|Q9NRW7|VPS45_HUMAN",0.211031397214633,12.1346922997677,0.807699514071017,0.435561001304391,0.874928819105333,-5.82085240784809,0.0580272780945304,"Q9NRW7"
"2912",0.0331591116806603,13.1013631168811,0.203286209258998,0.842341188506624,0.961623266451927,-6.24018743310162,0.0169950374696162,"SNX6","sp|Q9UNH7|SNX6_HUMAN",0.0574719151839933,13.1199154254667,0.354280719675325,0.729503514415061,0.964219667992726,-6.08504024111216,0.0158240140959132,"Q9UNH7"
"2913",-0.0541338785661691,12.7579633229285,-0.203021992474104,0.842543072865985,0.961623266451927,-6.24024333791293,0.0169950374696162,"SYRC","sp|P54136|SYRC_HUMAN",-0.298981192416013,12.9692126324193,-2.27755304209023,0.04262944833277,0.5797396125148,-3.94634005274247,0.236767024092162,"P54136"
"2914",0.0445743246978326,14.0600410961895,0.202584402764785,0.842877454781822,0.961674208463688,-6.24033576737922,0.0169720313201271,"PEBP1","sp|P30086|PEBP1_HUMAN",-0.0128134633406394,13.997468078031,-0.0428356427677934,0.96656316143037,0.991439396338831,-6.14886207339449,0.00373382774212562,"P30086"
"2915",-0.0356565632829177,12.1122279158655,-0.201223699664066,0.843917433328906,0.96232845238043,-6.24062191532223,0.0166766735853445,"GOGA2","sp|Q08379|GOGA2_HUMAN",0.271001418750734,12.0953783492885,1.05076429783676,0.314826751859877,0.816736289063895,-5.60366828866697,0.0879181474969977,"Q08379"
"2916",0.0321865796451821,19.2381145301696,0.199955827301032,0.844886738730579,0.962973587172662,-6.2408868180472,0.0163856247160446,"HV383","sp|P0DTE1|HV383_HUMAN",0.1397067191736,18.978174153615,1.10432582255219,0.291897076564158,0.804174755558491,-5.54947266364983,0.0946495642767864,"P0DTE1"
"2917",-0.0181417829506437,17.4067168787221,-0.199462055335204,0.845264305934142,0.962992425848173,-6.24098953434099,0.0163771286857246,"SIA10","sp|Q9Y274|SIA10_HUMAN",-0.0498209060697983,17.58583515851,-0.462336199311178,0.652416647897436,0.94139721281578,-6.03993609349414,0.0262270918383411,"Q9Y274"
"2918",0.0533510056765729,19.9797812908209,0.198405164419434,0.846072602045533,0.962992425848173,-6.2412085450501,0.0163771286857246,"GPIX","sp|P14770|GPIX_HUMAN",-0.237435155639871,20.1481936881299,-1.01691396750358,0.329995599594445,0.829110821388314,-5.63678289079793,0.0813874164934677,"P14770"
"2919",0.0322354379704507,15.0027250099376,0.197987918347457,0.846391756762195,0.962992425848173,-6.24129468931576,0.0163771286857246,"6PGL","sp|O95336|6PGL_HUMAN",0.0496751364906085,15.0400103636729,0.231561158217059,0.820924868682774,0.97692708467484,-6.12205305715269,0.0101378496948353,"O95336"
"2920",-0.0398653911394782,14.6645857027993,-0.197958267308763,0.846414438153562,0.962992425848173,-6.24130080418897,0.0163771286857246,"PNCB","sp|Q6XQN6|PNCB_HUMAN",0.0367201129204235,14.6747300976109,0.23973031331056,0.814735149234747,0.976540152493457,-6.12006490432769,0.010309895081874,"Q6XQN6"
"2921",-0.031513378125026,15.7180825464765,-0.19781818082285,0.84652159844922,0.962992425848173,-6.24132968163847,0.0163771286857246,"O7E24","sp|Q6IFN5|O7E24_HUMAN",-0.0745448154403107,15.8652986856773,-0.510912412746734,0.619023852041364,0.930949474286698,-6.0159155161373,0.0310738889799154,"Q6IFN5"
"2922",-0.0279977750057916,14.9123129220465,-0.197517624899718,0.846751521967873,0.962992425848173,-6.24139156976915,0.0163771286857246,"COX5A","sp|P20674|COX5A_HUMAN",-0.0437391502748364,14.9122099695407,-0.288317543596584,0.77820530853883,0.972583004796852,-6.10683359115896,0.0120733236917914,"P20674"
"2923",0.0260435524436068,17.7821175241714,0.196916305151255,0.84721157229438,0.962992425848173,-6.24151510827801,0.0163771286857246,"GNAQ","sp|P50148|GNAQ_HUMAN",-0.0890223632569998,17.8017633918724,-0.593589128910568,0.564215591608764,0.914734232457629,-5.9698019320989,0.0387050678382534,"P50148"
"2924",-0.044118665809547,13.0095217742309,-0.196899500165864,0.847224430092397,0.962992425848173,-6.24151855541457,0.0163771286857246,"CYH3","sp|O43739|CYH3_HUMAN / sp|Q15438|CYH1_HUMAN / sp|Q99418|CYH2_HUMAN",0.404550665531854,12.8167710546292,2.19234253075206,0.049609479010897,0.589635363006715,-4.08177197732612,0.229416477831962,"O43739"
"2925",0.025965313179187,16.4735094535378,0.196285929694633,0.847693915394885,0.963196201710244,-6.24164421445451,0.0162852386895878,"ACLY","sp|P53396|ACLY_HUMAN",-0.114870542383953,16.5347688594601,-1.09125599543085,0.297371935968119,0.807673858820119,-5.56289761708632,0.0927639732705794,"P53396"
"2926",0.022536937858155,19.9156939766949,0.195862084553818,0.848018264383426,0.963234982713412,-6.24173079030472,0.0162677531174926,"FSTL1","sp|Q12841|FSTL1_HUMAN",-0.0241253896764928,19.9810489498401,-0.247620081498124,0.808769542069212,0.974324183315953,-6.11808000538521,0.0112965178645011,"Q12841"
"2927",-0.0640933909465384,12.4587652563464,-0.193991387318264,0.849450168796028,0.963312899102493,-6.24211068330834,0.0162326243172528,"CARD8","sp|Q9Y2G2|CARD8_HUMAN",-0.103681091236056,11.9948609896519,-0.269077836226378,0.792609627945776,0.972723403089688,-6.11236044677714,0.0120106351572695,"Q9Y2G2"
"2928",-0.0294008157954464,14.0195108605894,-0.193990566924123,0.84945079688118,0.963312899102493,-6.24211084911585,0.0162326243172528,"KGD4","sp|P82909|KGD4_HUMAN",-0.10949910340153,14.1780749139816,-0.679694672299743,0.510073008332395,0.907970131840623,-5.91492264103864,0.0419284375914184,"P82909"
"2929",0.0203127436776747,22.4897201811633,0.193791150188608,0.849603471445491,0.963312899102493,-6.24215113199513,0.0162326243172528,"SRCRL","sp|A1L4H1|SRCRL_HUMAN",-0.0405882127403947,22.4283359272399,-0.398129779687659,0.697785484745489,0.956136992772092,-6.06813449487825,0.0194798787044241,"A1L4H1"
"2930",-0.0384041207720736,12.7808666079965,-0.193322160319089,0.849962557820393,0.963312899102493,-6.24224570735662,0.0162326243172528,"SNX18","sp|Q96RF0|SNX18_HUMAN",-0.143526473039254,13.1043315103924,-0.764206568323942,0.460051518916022,0.89072334793151,-5.85445360223373,0.0502571636661918,"Q96RF0"
"2931",-0.0288955144455364,13.7787002379059,-0.193059493369929,0.850163686542464,0.963312899102493,-6.24229857667315,0.0162326243172528,"WNK1","sp|Q9H4A3|WNK1_HUMAN",0.0201496540976867,13.9615513982815,0.122671020056931,0.904473356585325,0.986613644973353,-6.1420097673469,0.00585288249271538,"Q9H4A3"
"2932",-0.0296244908364039,19.8227448913476,-0.192467425605458,0.850617083683479,0.963312899102493,-6.24241748550086,0.0162326243172528,"HV338","sp|A0A0C4DH36|HV338_HUMAN",0.165009866035374,19.5810591126389,1.29658057804387,0.220047742362821,0.757046932651169,-5.33776951747819,0.120877195850511,"A0A0C4DH36"
"2933",-0.0487717003942659,13.1901191136244,-0.19219611307762,0.85082486965384,0.963312899102493,-6.24247185371935,0.0162326243172528,"GYS1","sp|P13807|GYS1_HUMAN",-0.104515297787061,13.3262911194135,-0.486809391079526,0.6354879735022,0.939029247353674,-6.02812141915604,0.0273208808260098,"P13807"
"2934",-0.0408851982362182,12.8293814490146,-0.192071997600474,0.850919927977537,0.963312899102493,-6.24249669977077,0.0162326243172528,"PFD2","sp|Q9UHV9|PFD2_HUMAN",-0.584618033790936,12.9264723918643,-3.87088221999986,0.00237696182936219,0.235774467467753,-1.28212120800859,0.62750322739296,"Q9UHV9"
"2935",-0.0743618815410534,9.39299844411778,-0.191989516223231,0.850983100675631,0.963312899102493,-6.24251320248123,0.0162326243172528,"LRC47","sp|Q8N1G4|LRC47_HUMAN",-0.145841569728813,9.54074317066748,-0.511368200331615,0.618714555911045,0.930949474286698,-6.01567927768764,0.0310738889799154,"Q8N1G4"
"2936",0.0541242689234326,11.0003307157653,0.191981448329232,0.850989279954357,0.963312899102493,-6.24251481631133,0.0162326243172528,"OTU1","sp|Q5VVQ6|OTU1_HUMAN",-0.0171504391646022,11.0198352223077,-0.0601711755997298,0.953046489790166,0.989471316190957,-6.14793555716488,0.00459679104883991,"Q5VVQ6"
"2937",-0.0944724750893475,10.7773120160699,-0.191270841127058,0.851533581467845,0.96346661232332,-6.2426566955295,0.0161633306556309,"DAD1","sp|P61803|DAD1_HUMAN",-0.00653081381153184,10.5993284870989,-0.0132420650268588,0.989660343328885,0.998674325310052,-6.14972327563133,0.000576115157713409,"P61803"
"2938",0.029464269205627,17.2165409294815,0.191046225204539,0.851705646446707,0.96346661232332,-6.24270143340827,0.0161633306556309,"HMGB2","sp|P26583|HMGB2_HUMAN",0.13646708098141,17.5863529829393,0.773144938296671,0.454948015206349,0.88874188491458,-5.84768404969476,0.0512243517788113,"P26583"
"2939",0.0274576998915522,21.043646866992,0.190658419178547,0.852002740491212,0.963474308582737,-6.24277855172877,0.0161598614854454,"KVD33","sp|P01593|KVD33_HUMAN / sp|P01594|KV133_HUMAN",0.185480921318176,21.0623708201359,1.3103643655572,0.215498516941701,0.757046932651169,-5.32161508571435,0.120877195850511,"P01593"
"2940",0.0240156036834648,13.8172891542508,0.190201395071496,0.852352892235251,0.963541978654222,-6.24286923473024,0.0161293596792668,"PLCG2","sp|P16885|PLCG2_HUMAN",-0.182276508090901,14.0169871033065,-1.19214248598392,0.257091769672282,0.777929443098344,-5.45600779531461,0.109059791008534,"P16885"
"2941",-0.0440855102408261,13.6399186453304,-0.188692386379038,0.853509261434687,0.964081306549898,-6.24316711715439,0.0158863379883188,"ECP","sp|P12724|ECP_HUMAN",0.242138785251327,13.9412271538707,1.81198830532224,0.0960103566776438,0.659748185948447,-4.65889831811254,0.180621795247606,"P12724"
"2942",0.0483956841357967,14.6881139531914,0.18825461998906,0.853844793131439,0.964081306549898,-6.24325309216506,0.0158863379883188,"PDGFB","sp|P01127|PDGFB_HUMAN",-0.342461038725154,14.676609519102,-2.0908367255099,0.0593400028744587,0.607868733149162,-4.24051466758838,0.216190194779748,"P01127"
"2943",0.0197552784172418,20.6625771736606,0.188073578012262,0.853983563828876,0.964081306549898,-6.24328858984391,0.0158863379883188,"CLC11","sp|Q9Y240|CLC11_HUMAN",-0.0840893757274226,20.7245269286705,-0.857865237912484,0.408392689038655,0.867345430800147,-5.78005314488747,0.0618079050462365,"Q9Y240"
"2944",-0.061183658633746,9.88973293584946,-0.188062732170313,0.853991877450046,0.964081306549898,-6.24329071535709,0.0158863379883188,"NADE","sp|Q6IA69|NADE_HUMAN",0.715485558693529,10.3406360108984,1.4478090458076,0.174229749817144,0.737165441399294,-5.15393407774726,0.132435032868846,"Q6IA69"
"2945",-0.0419043476422489,14.064574663106,-0.187352529510875,0.854536306182463,0.964367902148792,-6.24342963209719,0.0157572530349874,"ABLM3","sp|O94929|ABLM3_HUMAN",0.221951363445405,13.9696295362551,1.62890456407937,0.130245579229549,0.706570663749513,-4.91616936860922,0.150844398087405,"O94929"
"2946",0.0204962387609346,17.5511981592273,0.186937379693227,0.854854588930448,0.96439917765471,-6.24351059410633,0.0157431686182816,"GOLM2","sp|Q6P4E1|GOLM2_HUMAN",-0.0599234525121632,17.5384535864829,-0.540694125193246,0.59897706389112,0.924268458929614,-6.00005821550254,0.0342018672020061,"Q6P4E1"
"2947",-0.0639969017725818,15.3475676997797,-0.184834362845955,0.856467317002593,0.965440445626165,-6.24391797914344,0.0152745110442383,"IF4B","sp|P23588|IF4B_HUMAN",0.285106311571977,15.1708877952397,1.1323863325294,0.280402759800918,0.797477943255567,-5.52021961661374,0.0982813198756277,"P23588"
"2948",-0.0757950581766004,9.55699646851232,-0.184817102995923,0.856480555775423,0.965440445626165,-6.24392130367324,0.0152745110442383,"KBRS2","sp|Q9NYR9|KBRS2_HUMAN",-0.0102235646411086,9.28112013533754,-0.0286347236560382,0.977644071508592,0.994976977877517,-6.14938875390024,0.00218696799440344,"Q9NYR9"
"2949",-0.0315444849049698,23.9272654506971,-0.184298159685446,0.856878620659872,0.965440445626165,-6.24402111651612,0.0152745110442383,"HVC33","sp|P0DP02|HVC33_HUMAN",0.143368208840367,23.7463944994253,1.17948801102105,0.261897218916219,0.782271152840982,-5.46982012537551,0.106642684573063,"P0DP02"
"2950",-0.031494644013365,23.9202406665552,-0.184216695960011,0.856941112628708,0.965440445626165,-6.24403675980052,0.0152745110442383,"HV333","sp|P01772|HV333_HUMAN",0.13877769248579,23.7367136810915,1.13986941742204,0.277397056724832,0.792511383027922,-5.51232035258391,0.100994491191333,"P01772"
"2951",-0.0448829360052146,13.3616001512459,-0.182771798744143,0.858049681623669,0.96617978499351,-6.24431307744776,0.0149420533301574,"RRAS","sp|P10301|RRAS_HUMAN",0.273615061055762,13.2786608100208,0.804416132221679,0.437379658344104,0.876186499124255,-5.82344688774038,0.0574034430101715,"P10301"
"2952",0.0379051036709265,15.7595994762336,0.18260252541357,0.858179574016532,0.96617978499351,-6.24434530719707,0.0149420533301574,"GLYM","sp|P34897|GLYM_HUMAN",-0.0438818424729685,15.6410456765613,-0.239969211028705,0.814554332873458,0.976540152493457,-6.12000573632183,0.010309895081874,"P34897"
"2953",-0.0422240585353834,12.0650254694475,-0.181212008855394,0.85924675492489,0.966609458698292,-6.24460893867158,0.0147489594140061,"SNAPN","sp|O95295|SNAPN_HUMAN",-0.0104244620581326,12.3791802621104,-0.0730809100224043,0.942990352864172,0.988040648929326,-6.14704313068942,0.00522518775796543,"O95295"
"2954",0.052500823300739,11.9258685152593,0.180976790636952,0.859427306854179,0.966609458698292,-6.2446533361338,0.0147489594140061,"LRC57","sp|Q8N9N7|LRC57_HUMAN",-0.0864911880263481,12.3496943173547,-0.344869419701364,0.7363826403255,0.964602283830354,-6.08841782936056,0.0156517141602005,"Q8N9N7"
"2955",-0.0366603015648425,14.8454251092665,-0.180966867515302,0.85943492395862,0.966609458698292,-6.2446552078635,0.0147489594140061,"PDCD6","sp|O75340|PDCD6_HUMAN",-0.167052314419632,15.0470687325654,-0.923773270669421,0.374475292917498,0.858429459099652,-5.72320318005993,0.0662953869124561,"O75340"
"2956",0.0447114624877025,15.9898361936244,0.179366272618674,0.860663752346577,0.967663615866629,-6.24495578116604,0.0142755881071177,"FNDC1","sp|Q4ZHG4|FNDC1_HUMAN",0.0731406010345164,16.0276090295426,0.613956235638716,0.551129399951508,0.912613568562101,-5.95744535432118,0.0397130785089623,"Q4ZHG4"
"2957",-0.0206762746295014,16.8911907487951,-0.178722950527617,0.861157759133589,0.967891162399046,-6.24507584153593,0.0141734755707328,"PSB9","sp|P28065|PSB9_HUMAN",-0.0707729804979709,16.9303740340929,-0.582890865337441,0.571156851597294,0.915782410846095,-5.97613583640528,0.0382077020900864,"P28065"
"2958",0.0251175159479452,16.4570521102817,0.17706761896378,0.862429169370677,0.96833467127428,-6.2453827966071,0.0139745179313829,"PGAM1","sp|P18669|PGAM1_HUMAN",-0.193090970043087,16.4929630218553,-1.39841796154048,0.188224696100714,0.751992459963404,-5.2155368835705,0.123786513946527,"P18669"
"2959",0.0835493834606581,9.62685170240499,0.176408252492093,0.862935721284263,0.96833467127428,-6.24550427456746,0.0139745179313829,"ARMX3","sp|Q9UH62|ARMX3_HUMAN",0.421266859473735,9.58458968451176,1.34453171470929,0.204552624051314,0.757046932651169,-5.28103827562536,0.120877195850511,"Q9UH62"
"2960",-0.0530169241651496,13.2393402993143,-0.175790408750126,0.863410431578692,0.96833467127428,-6.24561769353631,0.0139745179313829,"SUMO4","sp|Q6EEV6|SUMO4_HUMAN / sp|P61956|SUMO2_HUMAN / sp|P55854|SUMO3_HUMAN",0.181489002941534,13.5459342319941,0.777661013294355,0.452383288587902,0.887387786538561,-5.84423690678202,0.0518865529413139,"Q6EEV6"
"2961",-0.0233293946427933,17.0289139313863,-0.174959400303908,0.86404901141899,0.96833467127428,-6.2457696194323,0.0139745179313829,"PEPA3","sp|P0DJD8|PEPA3_HUMAN",0.0466864882481663,16.9462436264373,0.308343426126241,0.763303741126369,0.968056980052892,-6.10068190782189,0.01409907926779,"P0DJD8"
"2962",0.0990869745884104,13.9801714958149,0.174644891476933,0.864290718682863,0.96833467127428,-6.24582693149991,0.0139745179313829,"PPR3D","sp|O95685|PPR3D_HUMAN",-1.16336099199109,14.0111345096907,-1.80879037097859,0.0965311315394087,0.659800713932732,-4.66352229203804,0.180587218865125,"O95685"
"2963",0.0253447893540225,15.924541390379,0.174559558986288,0.864356301140316,0.96833467127428,-6.24584246371175,0.0139745179313829,"ARMD4","sp|Q86TY3|ARMD4_HUMAN",-0.157249083497752,16.0378045644559,-1.22899894949535,0.243490894985613,0.77039683551692,-5.41513632557014,0.113285509788458,"Q86TY3"
"2964",-0.0230868765467282,12.9807989774789,-0.174341335581325,0.864524021980453,0.96833467127428,-6.2458821503688,0.0139745179313829,"TNR16","sp|P08138|TNR16_HUMAN",-0.323372056611209,13.0884729669929,-2.03780583602349,0.0651116230568518,0.609740800734631,-4.32220447915501,0.214854743241087,"P08138"
"2965",-0.0181891107165678,15.9492707880272,-0.174151426259828,0.864669986966247,0.96833467127428,-6.24591664756758,0.0139745179313829,"DHE3","sp|P00367|DHE3_HUMAN",-0.00610745843097838,15.8823642752844,-0.0512510394796964,0.959999966039867,0.99079827275201,-6.14845123398144,0.00401475918644791,"P00367"
"2966",-0.0278444349809955,23.108343560877,-0.173882566208078,0.864876642690485,0.96833467127428,-6.24596542228207,0.0139745179313829,"HV343","sp|A0A0B4J1X8|HV343_HUMAN",0.16839842028493,23.0430191363665,1.56626176737374,0.144223455055997,0.726283329837963,-5.00043327020465,0.138893923954356,"A0A0B4J1X8"
"2967",-0.0200008685927077,24.5330664097682,-0.173555613608401,0.865127964557136,0.96833467127428,-6.24602463473201,0.0139745179313829,"APOD","sp|P05090|APOD_HUMAN",0.0878391221659751,24.4004767896782,0.717920931799778,0.487054770374628,0.900768510021316,-5.88836952252704,0.0453868047340959,"P05090"
"2968",0.0301763888086278,17.093476373938,0.173273054127347,0.865345174751285,0.96833467127428,-6.24607571810317,0.0139745179313829,"RASF1","sp|Q9NS23|RASF1_HUMAN",-0.00127798073656778,17.2119286149229,-0.0111527980844599,0.991291602396633,0.99872308656462,-6.14974972670388,0.000554910820842213,"Q9NS23"
"2969",-0.174221837028031,14.0686361791092,-0.172792173210481,0.865714865776948,0.968361778758886,-6.24616246524265,0.0139623604959902,"TAC2N","sp|Q8N9U0|TAC2N_HUMAN",-0.799882111203567,14.1190863752322,-1.50059062265325,0.160257641386434,0.728883053370811,-5.08651246934633,0.137342147059245,"Q8N9U0"
"2970",0.0181726247308034,15.5076431092854,0.172482536624279,0.865952925386072,0.968361778758886,-6.24621819431854,0.0139623604959902,"PCNA","sp|P12004|PCNA_HUMAN",0.00294414452704127,15.5000576682589,0.0285977138331218,0.977672957548818,0.994976977877517,-6.14938985311861,0.00218696799440344,"P12004"
"2971",0.0482726227378868,11.2694387575066,0.171248019580264,0.86690220238406,0.968992212010554,-6.24643939682055,0.0136797134491661,"LMCD1","sp|Q9NZU5|LMCD1_HUMAN",0.830038528883364,10.8965463733876,3.08251590436738,0.00987324911514768,0.421246544814199,-2.6082651800212,0.375463648314744,"Q9NZU5"
"2972",-0.0307400360529099,14.2609454117389,-0.170990051406705,0.867100593453252,0.968992212010554,-6.2464854202422,0.0136797134491661,"GPC6","sp|Q9Y625|GPC6_HUMAN",-0.259910208656286,14.2365975524966,-1.74165505323878,0.108069845414183,0.676157499434061,-4.75956547503279,0.16995213073284,"Q9Y625"
"2973",-0.0325845292033632,11.3722255936622,-0.169653820928413,0.868128375986073,0.969579849790469,-6.24672270871546,0.0134164187715829,"AL4A1","sp|P30038|AL4A1_HUMAN",0.148388578688658,11.2958635859724,0.615050884139677,0.550430886736949,0.912613568562101,-5.95677020355805,0.0397130785089623,"P30038"
"2974",0.0428843674504798,16.1498213606113,0.169288636487131,0.868409307221446,0.969579849790469,-6.2467872360652,0.0134164187715829,"TAOK3","sp|Q9H2K8|TAOK3_HUMAN",0.306458153974264,15.8278999890915,1.80963234204513,0.0963937712363808,0.659800713932732,-4.66230528748732,0.180587218865125,"Q9H2K8"
"2975",-0.0313261700092371,16.1750617715877,-0.169077689045648,0.868571594670281,0.969579849790469,-6.24682444700685,0.0134164187715829,"PSG6","sp|Q00889|PSG6_HUMAN",0.0672064639093969,16.2217043726887,0.593428840101397,0.564319249776562,0.914734232457629,-5.96989762898891,0.0387050678382534,"Q00889"
"2976",0.0365352283264583,11.8315813484673,0.168787363131216,0.8687949603124,0.969579849790469,-6.24687558474653,0.0134164187715829,"DEND3","sp|A2RUS2|DEND3_HUMAN",-0.010482988672702,11.536183129478,-0.0591035778818358,0.953878508036064,0.989471316190957,-6.14800162247995,0.00459679104883991,"A2RUS2"
"2977",-0.0239568674281733,16.7720528091814,-0.168145363726707,0.869288932069714,0.969805030433406,-6.24698835542555,0.013315567504673,"HOOK2","sp|Q96ED9|HOOK2_HUMAN",0.122372000503384,16.7892053746364,0.889356770923648,0.391934088337731,0.865214835206627,-5.75334392138652,0.0628760426389327,"Q96ED9"
"2978",0.0337804279873012,14.9643788039011,0.167319929007815,0.869924128637832,0.969830995876804,-6.24713271911973,0.0133039399120361,"RAP2B","sp|P61225|RAP2B_HUMAN",-0.0599803501663235,15.0146307003994,-0.398126397261602,0.697787909408328,0.956136992772092,-6.06813587291554,0.0194798787044241,"P61225"
"2979",-0.0200089974470319,13.1424094016611,-0.167005063992221,0.870166451654735,0.969830995876804,-6.24718760088977,0.0133039399120361,"CPNE2","sp|Q96FN4|CPNE2_HUMAN",-0.224087540109603,13.2627327980912,-0.952057082228361,0.360541182086095,0.849883652943003,-5.69770119788066,0.0706405241013825,"Q96FN4"
"2980",0.0204391984259304,19.9961978912665,0.16697599559261,0.870188823658067,0.969830995876804,-6.24719266239839,0.0133039399120361,"GAS6","sp|Q14393|GAS6_HUMAN",0.0387022389405943,20.0282299111967,0.311902643194058,0.760665453442308,0.967484722891457,-6.09954606664831,0.0143558840003405,"Q14393"
"2981",0.024770586054966,25.6331216422816,0.165385670790622,0.871412968720718,0.970734497384125,-6.24746824000043,0.0128995364031248,"HEP2","sp|P05546|HEP2_HUMAN",-0.0267743793741212,25.6370614329537,-0.268689738487032,0.792901036016451,0.972723403089688,-6.11246805986264,0.0120106351572695,"P05546"
"2982",-0.051378182934873,11.9799249810404,-0.165162925407686,0.871584453812803,0.970734497384125,-6.24750662862255,0.0128995364031248,"SC6A4","sp|P31645|SC6A4_HUMAN",0.545458444077057,12.0619818630469,1.75364292889668,0.105922631953552,0.673352839571618,-4.74256268510518,0.171757304091438,"P31645"
"2983",0.0331068191689472,13.465380300345,0.164206363942026,0.872320959686963,0.970917339334398,-6.24767089996268,0.0128177429025635,"SFR19","sp|Q9H7N4|SFR19_HUMAN",0.0684786205112949,13.6992566845054,0.195961375077506,0.848041091206578,0.980342486398055,-6.129919201458,0.00862217536021909,"Q9H7N4"
"2984",0.0186964334949443,22.1452968511412,0.164189835844543,0.872333686621022,0.970917339334398,-6.24767373000441,0.0128177429025635,"PLXB1","sp|O43157|PLXB1_HUMAN",0.0375991793030503,22.1991104243283,0.366062878440773,0.720926177733686,0.962104537152434,-6.08068653845002,0.0167777372741304,"O43157"
"2985",0.0381745742775299,19.8172557735044,0.163763453041413,0.872662021993064,0.97095717431947,-6.24774663986323,0.0127999249497714,"COF1","sp|P23528|COF1_HUMAN",-0.151174205532836,20.0297599372312,-0.631729259654007,0.539849591053527,0.912613568562101,-5.94634475972994,0.0397130785089623,"P23528"
"2986",-0.0241549452154909,16.087890046929,-0.162993224947386,0.873255197671046,0.971145681172367,-6.24787786764464,0.0127156168648114,"PSG3","sp|Q16557|PSG3_HUMAN",0.0778887291153807,16.0132880042763,0.573086733460242,0.577558241584335,0.918063124434103,-5.98184521037021,0.0371274564339506,"Q16557"
"2987",0.0614743440145913,9.4320625339965,0.16239864746626,0.873713154666774,0.971145681172367,-6.24797874774363,0.0127156168648114,"CCDC6","sp|Q16204|CCDC6_HUMAN",-0.0587987950909192,8.7540040326102,-0.0835398026382246,0.934850784958721,0.987373398987653,-6.14619346088395,0.00551857736815413,"Q16204"
"2988",0.0213550536388322,19.7081125455809,0.161559369707974,0.874359666701927,0.971145681172367,-6.24812052075094,0.0127156168648114,"LYVE1","sp|Q9Y5Y7|LYVE1_HUMAN",0.0163394035731577,19.5412425640526,0.163903860566568,0.872636113753967,0.985144468613344,-6.13588884388227,0.00650007679081748,"Q9Y5Y7"
"2989",0.0203009106984184,17.1546398872771,0.161033670038466,0.874764671742528,0.971145681172367,-6.24820895085102,0.0127156168648114,"B2MG","sp|P61769|B2MG_HUMAN",-0.0232633523374591,17.1008483611504,-0.210925909768772,0.836615569936534,0.979496539518255,-6.12677093659375,0.00899709399367683,"P61769"
"2990",0.0207438711517986,17.5198216184799,0.160946509661714,0.874831824681187,0.971145681172367,-6.24822358472731,0.0127156168648114,"NOTC2","sp|Q04721|NOTC2_HUMAN",0.0141280288056216,17.5395404252916,0.120066108134843,0.906491184400719,0.986613644973353,-6.1423374915982,0.00585288249271538,"Q04721"
"2991",-0.0424631798770803,11.2439768668443,-0.160701488924003,0.875020607001218,0.971145681172367,-6.24826468047168,0.0127156168648114,"AHSA1","sp|O95433|AHSA1_HUMAN",0.335374806208914,11.1472383689227,1.32158653554306,0.211851681565656,0.757046932651169,-5.30837103388374,0.120877195850511,"O95433"
"2992",-0.0246618853489076,16.152421962867,-0.160404526232906,0.875249420066776,0.971145681172367,-6.24831440455277,0.0127156168648114,"TIG1","sp|P49788|TIG1_HUMAN",-0.106530785698518,16.1062318052321,-0.703052664694157,0.495931583384747,0.903151205766242,-5.89885536403183,0.0442395339250954,"P49788"
"2993",-0.0565510753328035,11.8940760175771,-0.160289645463654,0.875337940144314,0.971145681172367,-6.2483336158781,0.0127156168648114,"NR4A3","sp|Q92570|NR4A3_HUMAN",-0.00448048861869027,12.0328840329888,-0.0107689372579776,0.99159131819731,0.99872308656462,-6.14975409388152,0.000554910820842213,"Q92570"
"2994",0.0282639752624037,13.8413563178743,0.16012493068715,0.875464862328328,0.971145681172367,-6.24836113695591,0.0127156168648114,"ARAP2","sp|Q8WZ64|ARAP2_HUMAN",-0.299824774242524,13.8415203579868,-1.91506726192477,0.0805337639163738,0.625528627758299,-4.50760282870295,0.203752809722832,"Q8WZ64"
"2995",-0.0408272529643623,15.338696350938,-0.159207339388565,0.87617198522785,0.971605352145417,-6.24851393550119,0.0125101015235364,"ATPO","sp|P48047|ATPO_HUMAN",-0.0243955390441157,15.2585267367441,-0.0949150319857903,0.926006877676797,0.986613644973353,-6.14514069484392,0.00585288249271538,"P48047"
"2996",-0.06538955926205,8.82777742068643,-0.15850710956258,0.876711678175433,0.97187911151111,-6.24862995057072,0.012387752016865,"OLM2B","sp|Q68BL8|OLM2B_HUMAN",-1.09219056395856,9.40173788418432,-1.97512921125615,0.0777931261301114,0.622157555724915,-4.35435450241522,0.206099620265589,"Q68BL8"
"2997",-0.0328319275688676,12.4906158001526,-0.157664995603933,0.8773608122503,0.972273968567194,-6.24876879883495,0.0122113417900026,"TISB","sp|Q07352|TISB_HUMAN",-0.313440141980177,12.5250919788189,-1.54025757817169,0.150398681362446,0.728883053370811,-5.03480199736256,0.137342147059245,"Q07352"
"2998",-0.0281211128508375,12.5210602289328,-0.156664428471294,0.878132209328764,0.972804006262406,-6.24893281560141,0.0119746495289128,"IF4G3","sp|O43432|IF4G3_HUMAN",0.156940185500601,12.4418021976185,0.835713645848449,0.420245902606143,0.871380058403275,-5.79833581142178,0.0597923831477007,"O43432"
"2999",-0.0409630708591183,15.0510880167047,-0.155960573056208,0.878674932010293,0.973080446894282,-6.24904757128577,0.0118512540810378,"SP100","sp|P23497|SP100_HUMAN",0.553012275516801,15.1068068898494,2.16155265517492,0.052388984298293,0.589635363006715,-4.1302367653047,0.229416477831962,"P23497"
"3000",-0.0665311817555542,12.1867377809778,-0.153913876279303,0.88025344622791,0.973653863287238,-6.24937833846398,0.011595408605676,"STMN1","sp|P16949|STMN1_HUMAN",-0.269532763728811,11.7886844015732,-0.824213606971068,0.426489085255268,0.872187078027514,-5.80766118882898,0.0593903519470659,"P16949"
"3001",0.034733643181095,15.1786153732076,0.153896230754358,0.880267057682403,0.973653863287238,-6.24938117124264,0.011595408605676,"SREC","sp|Q14162|SREC_HUMAN",0.0054383980012887,15.2550481677733,0.0271768611272575,0.97878195293658,0.994976977877517,-6.14943097866213,0.00218696799440344,"Q14162"
"3002",0.0300632228479283,15.305282826536,0.153782964250289,0.880354430467706,0.973653863287238,-6.24939934712774,0.011595408605676,"CAC1E","sp|Q15878|CAC1E_HUMAN",-0.0477393762977539,15.2777063013651,-0.299969816945168,0.769522977158488,0.970650420596958,-6.10330359677937,0.0129371529359489,"Q15878"
"3003",-0.0256779873717013,15.7851276751014,-0.152919307697307,0.881020701590086,0.973653863287238,-6.24953749991561,0.011595408605676,"LSM1","sp|O15116|LSM1_HUMAN",0.263811343897607,15.8026529473581,1.30128452608677,0.218486535961393,0.757046932651169,-5.33227058704662,0.120877195850511,"O15116"
"3004",0.0568294022988,11.4724067957771,0.152863082245114,0.881064080234522,0.973653863287238,-6.24954646702212,0.011595408605676,"SAE2","sp|Q9UBT2|SAE2_HUMAN",0.0851201095618193,11.6043964614293,0.456557380459301,0.656444288215386,0.942800633562724,-6.04264037718021,0.0255801343014022,"Q9UBT2"
"3005",-0.0680637866688429,9.66358186356833,-0.15270667466931,0.881184752770049,0.973653863287238,-6.24957139438171,0.011595408605676,"PI3R6","sp|Q5UE93|PI3R6_HUMAN",0.482750735778621,9.56465012467044,1.06527529175865,0.310489646158971,0.81335054112204,-5.54020907038147,0.089722240058852,"Q5UE93"
"3006",-0.0306319832261505,14.9992505424153,-0.151858018877764,0.881839567186887,0.973653863287238,-6.24970620528854,0.011595408605676,"I27RA","sp|Q6UWB1|I27RA_HUMAN",0.133621087907601,15.1321444215368,0.51163241728794,0.618535294113562,0.930949474286698,-6.01554223987576,0.0310738889799154,"Q6UWB1"
"3007",0.0223161620971665,16.2472905847929,0.151578088529879,0.882055578724183,0.973653863287238,-6.24975050874448,0.011595408605676,"ETFB","sp|P38117|ETFB_HUMAN",-0.14800120262602,16.1921989567637,-1.36135845660902,0.19933262632671,0.754702161522043,-5.26078008980289,0.122224406155744,"P38117"
"3008",0.0469288798856718,11.9293299357497,0.151292864317295,0.882275685533137,0.973653863287238,-6.24979556629766,0.011595408605676,"GT251","sp|Q8NBJ5|GT251_HUMAN",0.0614139237517461,11.999862666611,0.292417713266645,0.775146540886576,0.971934782471684,-6.10560716623262,0.0123628755705539,"Q8NBJ5"
"3009",0.0373270427034714,11.3632456815962,0.150869100792731,0.882602721750295,0.973653863287238,-6.24986235315342,0.011595408605676,"FNBP1","sp|Q96RU3|FNBP1_HUMAN",0.0825728219966367,11.4861499274706,0.223851735325583,0.826777884441246,0.977505666396101,-6.12386670916985,0.00988071641043172,"Q96RU3"
"3010",0.0309655332408331,14.6663331049091,0.150804858882477,0.882652301922919,0.973653863287238,-6.24987246165252,0.011595408605676,"ABCF1","sp|Q8NE71|ABCF1_HUMAN",0.0415551379677816,14.8208174964052,0.14663943201859,0.885941538236733,0.986191942633613,-6.13866525350894,0.00603855005478495,"Q8NE71"
"3011",-0.0162410589717437,20.0726016468564,-0.15072620143574,0.882713008325188,0.973653863287238,-6.24988483260442,0.011595408605676,"KATL2","sp|Q8IYT4|KATL2_HUMAN",-0.0129935687002395,20.1080853113264,-0.141928536211781,0.889578680468169,0.986191942633613,-6.13936944757472,0.00603855005478495,"Q8IYT4"
"3012",-0.0485946128527411,10.6937261369908,-0.150077108137263,0.883213996543211,0.973882808812929,-6.2499866741728,0.0114933003575012,"TSN7","sp|P41732|TSN7_HUMAN",0.310174904845728,11.2942144011316,0.900686272542608,0.386125859767654,0.860101831254256,-5.74353082995482,0.065450127670707,"P41732"
"3013",-0.0580251890439969,11.4471299014869,-0.149496226959958,0.883662381530009,0.974053618166091,-6.25007744217106,0.011417136106247,"EFL1","sp|Q7Z2Z2|EFL1_HUMAN",0.103944034406766,11.215409448113,0.29081164240666,0.776344217673931,0.972583004796852,-6.10608959910428,0.0120733236917914,"Q7Z2Z2"
"3014",-0.0213105784200374,22.3209160823898,-0.149066411944107,0.883994184944599,0.974095849877532,-6.2501443789854,0.0113983069562833,"KV105","sp|P01602|KV105_HUMAN",0.0982780021280187,21.9755291664276,0.803297858614022,0.438000197357055,0.876186499124255,-5.82432838624722,0.0574034430101715,"P01602"
"3015",-0.056084970236783,11.1469124738662,-0.148441555185717,0.884476595340004,0.974303956167764,-6.25024134800095,0.0113055339909397,"NDUBB","sp|Q9NX14|NDUBB_HUMAN",-0.1373403372614,11.0348584212916,-0.46764468218765,0.648726914535625,0.941197234759129,-6.03742307944658,0.0263193574528965,"Q9NX14"
"3016",-0.036116959652041,12.3011423943866,-0.14606920861027,0.886308565688909,0.975482951654427,-6.25060580801418,0.0107803162921251,"TSN32","sp|Q96QS1|TSN32_HUMAN",0.406702719402677,12.0274932470927,1.89199402045709,0.0837849972872691,0.632405319477049,-4.54183721943635,0.199004485656633,"Q96QS1"
"3017",-0.0970146795457321,23.1951032786094,-0.144659901410126,0.887397185014644,0.975482951654427,-6.25081954793823,0.0107803162921251,"KI67","sp|P46013|KI67_HUMAN",0.254385315484593,22.4782741537863,0.223099160367993,0.827349833111887,0.977505666396101,-6.12404049384777,0.00988071641043172,"P46013"
"3018",-0.0447583369834246,12.5317111973647,-0.144209172656798,0.887745401230654,0.975482951654427,-6.25088747110829,0.0107803162921251,"LTOR5","sp|O43504|LTOR5_HUMAN",-0.249963423420051,12.5061884478922,-0.818566186973763,0.429577328215661,0.872187078027514,-5.81219887090137,0.0593903519470659,"O43504"
"3019",0.020739720406224,15.3659846898064,0.143950034410247,0.8879456128632,0.975482951654427,-6.25092642667347,0.0107803162921251,"PVR","sp|P15151|PVR_HUMAN",0.0983740667524556,15.3747968669664,0.765492514228111,0.459315056538471,0.89072334793151,-5.8534840363446,0.0502571636661918,"P15151"
"3020",-0.0175625909997299,21.8208652160022,-0.143669639021669,0.888162256982873,0.975482951654427,-6.2509684991305,0.0107803162921251,"C1QR1","sp|Q9NPY3|C1QR1_HUMAN",0.0398628434067022,21.8864712840505,0.402098249920284,0.694943138291123,0.956136992772092,-6.0665098621016,0.0194798787044241,"Q9NPY3"
"3021",0.0282452510618177,12.6364757371594,0.142949979653238,0.88871833630586,0.975482951654427,-6.25107610766646,0.0107803162921251,"GHDC","sp|Q8N2G8|GHDC_HUMAN",-0.223611985078056,12.5311528803833,-1.09501534241187,0.295789250793131,0.807673858820119,-5.55904926315905,0.0927639732705794,"Q8N2G8"
"3022",-0.0296959695065542,13.5398332132541,-0.142688152218913,0.888920665203324,0.975482951654427,-6.25111512435933,0.0107803162921251,"UE2NL","sp|Q5JXB2|UE2NL_HUMAN / sp|P61088|UBE2N_HUMAN",-0.0477084972957402,13.5122522985492,-0.266881474720955,0.794259225520407,0.973121974840943,-6.11296744005782,0.0118327201835552,"Q5JXB2"
"3023",-0.020028953174976,18.2802158814795,-0.142292707862058,0.889226262970596,0.975482951654427,-6.2511739171031,0.0107803162921251,"PGS1","sp|P21810|PGS1_HUMAN",0.0843714491645619,18.5119606453242,0.627485258304805,0.542531139745135,0.912613568562101,-5.94902227882385,0.0397130785089623,"P21810"
"3024",0.0290388794826281,17.6129097249533,0.142284689644429,0.889232459608738,0.975482951654427,-6.2511751075309,0.0107803162921251,"RAB7A","sp|P51149|RAB7A_HUMAN",-0.0971167286445969,17.719849586728,-0.556726577355379,0.588324903542698,0.923616858095106,-5.99116902238677,0.0345081488266848,"P51149"
"3025",0.0164241447856983,19.3071502648842,0.141991428069404,0.889459103242667,0.975482951654427,-6.25121860079198,0.0107803162921251,"HV335","sp|A0A0C4DH35|HV335_HUMAN",0.204562968544224,18.9102499082273,1.67829028276633,0.120079224363297,0.699083129887641,-4.84833038161624,0.155471178038504,"A0A0C4DH35"
"3026",0.0176282146741846,17.7831512375845,0.14171023541378,0.889676429150322,0.975482951654427,-6.25126022014864,0.0107803162921251,"CPNS1","sp|P04632|CPNS1_HUMAN",-0.0343293801150177,17.9323574143477,-0.331678741042951,0.74606463146345,0.965375638139256,-6.09300192460061,0.0153036650731462,"P04632"
"3027",-0.0385424758542665,13.032454520185,-0.141640153042951,0.889730595306376,0.975482951654427,-6.25127058024947,0.0107803162921251,"CAH6","sp|P23280|CAH6_HUMAN",0.169537622407913,13.2374827805016,0.819381624098238,0.429130505175686,0.872187078027514,-5.81154537526596,0.0593903519470659,"P23280"
"3028",0.020753683348268,19.4378226318603,0.141544897515336,0.889804218545493,0.975482951654427,-6.25128465344678,0.0107803162921251,"HV226","sp|A0A0B4J1V2|HV226_HUMAN",0.133178359720669,18.9613758421949,1.04548762806069,0.317156605816585,0.818540260268464,-5.60888882513773,0.0869599547585425,"A0A0B4J1V2"
"3029",-0.0180635673395448,15.4135453446379,-0.141449610810293,0.88987786695641,0.975482951654427,-6.25129872181091,0.0107803162921251,"KAZD1","sp|Q96I82|KAZD1_HUMAN",0.0502898329931607,15.5722655675979,0.315158780847303,0.758254586382912,0.967234199252926,-6.0984957281692,0.014468356187554,"Q96I82"
"3030",-0.0358355670697831,13.4093267163836,-0.141215510087873,0.890058811199155,0.975482951654427,-6.25133324492906,0.0107803162921251,"HYAS1","sp|Q92839|HYAS1_HUMAN",0.455640951053138,13.3521867811926,1.27006140457773,0.22901954931358,0.76240309345213,-5.36849577459676,0.117815350215396,"Q92839"
"3031",0.0160044543220935,19.8714760509296,0.140403514087004,0.890686480041537,0.975482951654427,-6.25145254933241,0.0107803162921251,"AGRIN","sp|O00468|AGRIN_HUMAN",0.0652621214901961,20.0296044208548,0.72375017519345,0.483601234943039,0.899237641029829,-5.88420390316133,0.0461255223383996,"O00468"
"3032",-0.0197407149552405,15.0662640653801,-0.139815360679822,0.891141168065918,0.975482951654427,-6.25153853696847,0.0107803162921251,"TM9S3","sp|Q9HD45|TM9S3_HUMAN",0.0625740039574933,15.0216040125167,0.482834066306175,0.638223485120446,0.939874259186622,-6.03008030887091,0.0269302444791645,"Q9HD45"
"3033",-0.0461898695659471,10.2770140112663,-0.139056693267685,0.891727736326541,0.975482951654427,-6.25164892234025,0.0107803162921251,"SDF2L","sp|Q9HCN8|SDF2L_HUMAN",0.315411395342566,10.4753457778436,0.702669180248895,0.496161824891636,0.903151205766242,-5.89912316492692,0.0442395339250954,"Q9HCN8"
"3034",-0.0207623028959628,18.617846532093,-0.138875752493708,0.891867641675435,0.975482951654427,-6.25167516064226,0.0107803162921251,"RAB1B","sp|Q9H0U4|RAB1B_HUMAN",-0.350980068936708,18.7889384381534,-2.02215097864248,0.0669132280987263,0.609740800734631,-4.34614433685772,0.214854743241087,"Q9H0U4"
"3035",0.0209582636263686,18.0569260411363,0.138689245064939,0.892011855203379,0.975482951654427,-6.25170217053067,0.0107803162921251,"ROCK2","sp|O75116|ROCK2_HUMAN",0.15027124317856,18.0291030479195,1.36205501978186,0.199118935588158,0.754702161522043,-5.25993761593769,0.122224406155744,"O75116"
"3036",-0.0224492549895364,21.3042051563718,-0.138673005389514,0.892024412432592,0.975482951654427,-6.2517045206381,0.0107803162921251,"KVD39","sp|P04432|KVD39_HUMAN / sp|P01597|KV139_HUMAN",0.0742643669716158,21.2715782790156,0.47660313187841,0.642522383383274,0.940765473701383,-6.0331196835513,0.0265186296779271,"P04432"
"3037",-0.0156212259511802,14.6699562652167,-0.138307828140528,0.892306791570606,0.975482951654427,-6.25175729444679,0.0107803162921251,"A16A1","sp|Q8IZ83|A16A1_HUMAN",0.0107932010100166,14.7779004720831,0.0830401020973513,0.935239505824935,0.987373398987653,-6.14623663438173,0.00551857736815413,"Q8IZ83"
"3038",0.0337797739109268,11.9309002216048,0.137208119091731,0.893157252215167,0.976091182121218,-6.25191538181269,0.0105096105685413,"ATG9A","sp|Q7Z3C6|ATG9A_HUMAN",0.529141424206383,11.9135207338675,1.32795349387897,0.209805196203809,0.757046932651169,-5.30082058355895,0.120877195850511,"Q7Z3C6"
"3039",-0.0275514657341739,15.609237696482,-0.136063452582379,0.894042628241211,0.976677537584726,-6.25207859590639,0.0102488004200394,"CNST","sp|Q6PJW8|CNST_HUMAN",0.0568225099700215,15.447906957832,0.211069387909722,0.83650620783716,0.979496539518255,-6.12673963927813,0.00899709399367683,"Q6PJW8"
"3040",0.0353363450007561,16.053357694252,0.13561208464375,0.894391793164808,0.976677537584726,-6.25214258024333,0.0102488004200394,"TYB4","sp|P62328|TYB4_HUMAN",-0.346640459278026,16.2596930308702,-1.37382069278574,0.195538068053197,0.752526853111309,-5.24566130005353,0.123477998126165,"P62328"
"3041",0.0151806556045422,17.3989820285896,0.135373203896606,0.894576593629878,0.976677537584726,-6.25217635737957,0.0102488004200394,"IQGA2","sp|Q13576|IQGA2_HUMAN",-0.0634237451648656,17.4974346405769,-0.529428109513695,0.606521262472399,0.928468578954848,-6.00615724376672,0.032232788981201,"Q13576"
"3042",0.0176210006329894,13.973368476699,0.134575706808227,0.895193591895703,0.977029770306425,-6.25228869156097,0.0100922030337069,"CN37","sp|P09543|CN37_HUMAN",-0.0689645672423752,13.9413612129105,-0.440817924902953,0.667471429614271,0.94774808610711,-6.04983961587601,0.0233070839196867,"P09543"
"3043",-0.0147524809509839,21.1529164897939,-0.133870997411956,0.895738862920743,0.977125687606575,-6.2523874051631,0.0100495694202561,"GLU2B","sp|P14314|GLU2B_HUMAN",-0.131095551438015,21.232431815832,-1.3856435839798,0.191993833794342,0.752526853111309,-5.23122847277329,0.123477998126165,"P14314"
"3044",-0.0259144814167024,23.3096070521775,-0.133701161341321,0.895870282430494,0.977125687606575,-6.25241111803409,0.0100495694202561,"A1BG","sp|P04217|A1BG_HUMAN",0.193896293541747,23.0027943925011,1.15688747633629,0.270654195965007,0.7878411521707,-5.49420357306825,0.103561337954553,"P04217"
"3045",0.0236016441327198,16.8191242738067,0.132543345615448,0.896766288535961,0.977424696468278,-6.25257197506516,0.0099166919045381,"HMGB1","sp|P09429|HMGB1_HUMAN",0.102076447611358,17.2087644696527,0.314309965162461,0.75888279974909,0.967254997068829,-6.09877056483782,0.0144590179325773,"P09429"
"3046",-0.0311391982156358,12.8815558548973,-0.132058969524581,0.897141179924325,0.977424696468278,-6.25263885633506,0.0099166919045381,"KCNK6","sp|Q9Y257|KCNK6_HUMAN",-0.182926380361546,12.8169381768148,-0.796748978845061,0.441645738712211,0.877811536765436,-5.82946874064968,0.056598715675321,"Q9Y257"
"3047",0.0634761224962666,12.9480886990272,0.131125226394243,0.897863939993922,0.977424696468278,-6.25276709602104,0.0099166919045381,"DNER","sp|Q8NFT8|DNER_HUMAN",0.0653902826784279,13.0500759070326,0.228936119277101,0.822916555793883,0.977505666396101,-6.12267743089394,0.00988071641043172,"Q8NFT8"
"3048",-0.0251776151307197,12.3295837035443,-0.130670547886615,0.898215916760932,0.977424696468278,-6.25282921283216,0.0099166919045381,"SLMAP","sp|Q14BN4|SLMAP_HUMAN",0.386045553389282,12.4923454007015,1.35612357495089,0.200944657569189,0.755926708752107,-5.2671017377657,0.121520309693936,"Q14BN4"
"3049",0.0339546872950042,11.209433975754,0.130212893124596,0.898570220370553,0.977424696468278,-6.25289151900672,0.0099166919045381,"KVD17","sp|A0A075B6S4|KVD17_HUMAN",0.221199077404232,10.9218029101509,1.15516953352464,0.271329049603801,0.7878411521707,-5.49604198226744,0.103561337954553,"A0A075B6S4"
"3050",0.0222319474958427,17.6531609831105,0.130183126020522,0.898593266028451,0.977424696468278,-6.25289556401961,0.0099166919045381,"RAB6B","sp|Q9NRW1|RAB6B_HUMAN",-0.215070387837784,17.827067906554,-1.51235520194418,0.157277335582448,0.728883053370811,-5.07126753684974,0.137342147059245,"Q9NRW1"
"3051",0.0201432259780893,20.4147478910117,0.129866308386509,0.898838551863003,0.977424696468278,-6.25293855882056,0.0099166919045381,"LV316","sp|A0A075B6K0|LV316_HUMAN",0.0798258636328315,19.9876008019441,0.53997452992418,0.599457490879288,0.924268458929614,-6.00045142291532,0.0342018672020061,"A0A075B6K0"
"3052",0.0698618692317956,12.0767087320077,0.129862380249967,0.898841593164636,0.977424696468278,-6.25293909124595,0.0099166919045381,"NEUR1","sp|Q99519|NEUR1_HUMAN",0.0991370042236767,12.385246195822,0.236525926194345,0.817161556530138,0.976540152493457,-6.12085289908195,0.010309895081874,"Q99519"
"3053",-0.0310110825478259,11.8058336334656,-0.129633898547002,0.899018494632492,0.977424696468278,-6.25297003236044,0.0099166919045381,"NLGNY","sp|Q8NFZ3|NLGNY_HUMAN / sp|Q8NFZ4|NLGN2_HUMAN / sp|Q8N0W4|NLGNX_HUMAN / sp|Q8N2Q7|NLGN1_HUMAN",0.142614629687887,11.8345851483904,0.90746220614384,0.382680687080925,0.859930399743799,-5.73761062543891,0.0655366978615683,"Q8NFZ3"
"3054",0.0134264931833744,17.7585344835333,0.129542367734089,0.899089363759462,0.977424696468278,-6.25298241227092,0.0099166919045381,"CHST3","sp|Q7LGC8|CHST3_HUMAN",-0.0550556364924964,17.8624802328313,-0.468375761409604,0.648219530299998,0.941197234759129,-6.03707482878403,0.0263193574528965,"Q7LGC8"
"3055",0.0540012523302096,10.6529857273329,0.129100251919746,0.899431691462979,0.977476681062746,-6.2530420874455,0.00989359445032779,"EPHA1","sp|P21709|EPHA1_HUMAN",0.187136678162737,10.5470690967491,0.287611752971301,0.778732230552559,0.972583004796852,-6.10704298326159,0.0120733236917914,"P21709"
"3056",0.0410896267807273,12.1921759743761,0.127606238062964,0.900588653779027,0.97818927068777,-6.25324223874565,0.009577105066823,"GPC5B","sp|Q9NZH0|GPC5B_HUMAN",0.0945272209968805,12.1278047690436,0.527543714522329,0.607787825107303,0.928468578954848,-6.00716547797501,0.032232788981201,"Q9NZH0"
"3057",-0.0343720497487286,12.897605546751,-0.126750149021923,0.901251715765447,0.97818927068777,-6.25335588100491,0.009577105066823,"DDI2","sp|Q5TDH0|DDI2_HUMAN",-0.693309416358245,12.8314587245299,-2.48442883286663,0.029386000559124,0.562492530963683,-3.61070886528871,0.249883239941566,"Q5TDH0"
"3058",0.022458590112989,13.1833423027951,0.126580795761883,0.901382893268439,0.97818927068777,-6.25337827156671,0.009577105066823,"SMAD1","sp|Q15797|SMAD1_HUMAN / sp|Q99717|SMAD5_HUMAN",0.0386178360540145,13.375757299638,0.262159208442965,0.797809453868934,0.973599473204371,-6.11425586596393,0.0116196697661764,"Q15797"
"3059",-0.0225300236847752,16.8029490936592,-0.126511767594231,0.901436361920807,0.97818927068777,-6.25338738936656,0.009577105066823,"ANO6","sp|Q4KMQ2|ANO6_HUMAN",-0.0671023065013548,16.864883428669,-0.391788074539687,0.702337602417609,0.956136992772092,-6.07069818046571,0.0194798787044241,"Q4KMQ2"
"3060",0.0202791989930742,17.2079411588382,0.126350854253875,0.901561006036122,0.97818927068777,-6.25340862484781,0.009577105066823,"LVX54","sp|A0A075B6I4|LVX54_HUMAN",0.142348218077307,17.4567424176116,0.434343433725927,0.672031435892092,0.950755471323893,-6.05273028519503,0.0219311666695344,"A0A075B6I4"
"3061",-0.0176525464074923,22.7241412702007,-0.125757164653215,0.902020904073923,0.978368425039657,-6.25348673996885,0.00949757176522829,"GPX3","sp|P22352|GPX3_HUMAN",0.0116105654004525,22.7169346487019,0.0939914324418589,0.926724579314215,0.986613644973353,-6.14523117171014,0.00585288249271538,"P22352"
"3062",-0.0210138700651125,17.8910385420248,-0.124771521489886,0.902784508550896,0.978876767030521,-6.25361561644677,0.00927197905215333,"LSP1","sp|P33241|LSP1_HUMAN",-0.22681032091965,18.0352560214734,-1.29818225896521,0.219515140349275,0.757046932651169,-5.33589878528704,0.120877195850511,"P33241"
"3063",-0.0253387085712166,12.722215357121,-0.123987367575489,0.903392086496559,0.979054817777175,-6.25371742511076,0.00919299114717862,"AN13A","sp|Q8IZ07|AN13A_HUMAN",-0.140315158704318,12.8126358218787,-0.647455455390615,0.529979016892701,0.912613568562101,-5.93627703945922,0.0397130785089623,"Q8IZ07"
"3064",-0.0155448311971619,16.2344618625575,-0.123452430340942,0.903806603152036,0.979054817777175,-6.25378651004796,0.00919299114717862,"MET","sp|P08581|MET_HUMAN",-0.350890477301796,16.2916462180059,-2.27208817317413,0.0430474128187701,0.58079009408739,-3.95508046182043,0.235980799539148,"P08581"
"3065",0.0263498517086454,18.5229819256451,0.122980119801635,0.904172615745859,0.979054817777175,-6.25384725936269,0.00919299114717862,"CYFP1","sp|Q7L576|CYFP1_HUMAN",-0.0831604499503206,18.6388052606954,-0.442014131521195,0.666630452251169,0.947624621531316,-6.04930102479497,0.0233636638037777,"Q7L576"
"3066",-0.0253314118260319,13.1707515750936,-0.122860431187193,0.904265370966343,0.979054817777175,-6.25386261701334,0.00919299114717862,"GRAP1","sp|Q4V328|GRAP1_HUMAN",0.000265434932599898,13.1464764637629,0.00183829894178504,0.998564576463459,0.99998415467369,-6.14981252670839,6.88159230085131e-06,"Q4V328"
"3067",0.0182612575044471,23.3647768112461,0.122430646251543,0.904598454043146,0.979054817777175,-6.2539176412347,0.00919299114717862,"A0A0J9YY99","tr|A0A0J9YY99|A0A0J9YY99_HUMAN",0.17148176519342,23.1645572040483,1.30269087432584,0.218021533924162,0.757046932651169,-5.33062373166372,0.120877195850511,"A0A0J9YY99"
"3068",0.0459572484153483,12.7406182177886,0.122275589061327,0.904718627936907,0.979054817777175,-6.25393744558564,0.00919299114717862,"S43A3","sp|Q8NBI5|S43A3_HUMAN",-0.443010688287153,13.010619415224,-2.71866771614843,0.0191971795122305,0.518011697569861,-3.22199690223793,0.285660433048816,"Q8NBI5"
"3069",-0.0195449731295756,16.0566762895161,-0.121511154840608,0.905311122991469,0.979240757829961,-6.25403471540366,0.00911051867454662,"MYPT1","sp|O14974|MYPT1_HUMAN",-0.114639328399558,16.0584188632851,-0.983396724740361,0.345537101026057,0.842302006615039,-5.66868469501823,0.0745321646880175,"O14974"
"3070",-0.0311606409219174,12.4650814102133,-0.121292598290536,0.905480532021738,0.979240757829961,-6.25406241360906,0.00911051867454662,"DC1L1","sp|Q9Y6G9|DC1L1_HUMAN",-0.0826720272610816,12.8229517599145,-0.581188701032163,0.572265491106697,0.916271872807246,-5.97713361824538,0.0379756449553353,"Q9Y6G9"
"3071",0.0656881417946599,9.52538586175929,0.120809421540617,0.905855072492758,0.979326705408295,-6.25412347125489,0.00907240249041921,"NDUAA","sp|O95299|NDUAA_HUMAN",0.547054400447528,9.6671499184071,1.3678939976492,0.197335113477406,0.754702161522043,-5.25286352885826,0.122224406155744,"O95299"
"3072",-0.0121306534911967,16.8885298156887,-0.119798875046793,0.906638486593516,0.979854489418391,-6.25425038518732,0.00883841322044099,"PDLI7","sp|Q9NR12|PDLI7_HUMAN",0.0650957967267182,16.9056580857571,0.63589185031968,0.537226805358897,0.912613568562101,-5.94370229698876,0.0397130785089623,"Q9NR12"
"3073",-0.0324462900257015,12.4060663987609,-0.118812275343761,0.907403435299874,0.980353358135832,-6.25437326573514,0.00861735917647639,"DEOC","sp|Q9Y315|DEOC_HUMAN",-0.761174732129275,11.8160414638032,-2.80340129396346,0.0164458175537236,0.483041313812467,-3.07982162454129,0.316015723092241,"Q9Y315"
"3074",0.0240568363596673,12.8876795032109,0.118081303288065,0.907970248711364,0.980353358135832,-6.25446365423718,0.00861735917647639,"ACY1","sp|Q03154|ACY1_HUMAN",0.0301727688806023,13.2298995200633,0.103948839374309,0.918990678045689,0.986613644973353,-6.14420916856454,0.00585288249271538,"Q03154"
"3075",0.0161470215433803,15.2736751351352,0.118038008231226,0.908003822410358,0.980353358135832,-6.25446899044095,0.00861735917647639,"CPVL","sp|Q9H3G5|CPVL_HUMAN",-0.0811167167918911,15.4314416232308,-0.643471005575593,0.532469999899953,0.912613568562101,-5.93884956687261,0.0397130785089623,"Q9H3G5"
"3076",0.0349059436574965,15.3068045292091,0.117524126594205,0.908402332589014,0.980353358135832,-6.2545321782996,0.00861735917647639,"CSN1","sp|Q13098|CSN1_HUMAN",0.17544352407383,15.09561973451,0.67418921236865,0.513440704648642,0.907970131840623,-5.91863704603857,0.0419284375914184,"Q13098"
"3077",-0.0799740640287697,9.83516062045352,-0.117298954172274,0.90857695981495,0.980353358135832,-6.2545597792678,0.00861735917647639,"BLM","sp|P54132|BLM_HUMAN",0.471794804519316,9.57126556485166,1.1182956221158,0.2861304777485,0.803677098634372,-5.53498212512375,0.0949184070341135,"P54132"
"3078",-0.0219347749655991,15.4477285202183,-0.115639519759278,0.90986404890447,0.981298434060936,-6.25476155918432,0.00819889419442348,"ARRB1","sp|P49407|ARRB1_HUMAN",0.159215036558613,15.3732675548657,0.736963873193327,0.475828797168839,0.894435501170711,-5.87464803435252,0.0484509714695499,"P49407"
"3079",-0.0277039628822399,11.3128943935537,-0.11493304266392,0.910412087445835,0.981298434060936,-6.25484659320024,0.00819889419442348,"C2D1A","sp|Q6P1N0|C2D1A_HUMAN",0.327815195168362,11.2443754638498,1.58460734095926,0.140000432571206,0.724922900959771,-4.97596830894133,0.139708180281757,"Q6P1N0"
"3080",-0.0255395851086474,13.1840103026637,-0.114208708814437,0.910974028106467,0.981298434060936,-6.25493323674008,0.00819889419442348,"CAB39","sp|Q9Y376|CAB39_HUMAN",-0.305980947755798,13.3071272555961,-1.09182841347598,0.29713053453926,0.807673858820119,-5.56231233290505,0.0927639732705794,"Q9Y376"
"3081",-0.0319043444005516,10.4977176327656,-0.113736446508266,0.911340437934905,0.981298434060936,-6.25498943359179,0.00819889419442348,"ATX2L","sp|Q8WWM7|ATX2L_HUMAN",0.0131362188427664,10.3943822424927,0.0393860826199032,0.969254256102583,0.992240563594278,-6.14900925066614,0.00338302262832847,"Q8WWM7"
"3082",0.0183432799072363,17.7630143285009,0.113634335591859,0.911419664600957,0.981298434060936,-6.25500155373169,0.00819889419442348,"A0A075B7B6","tr|A0A075B7B6|A0A075B7B6_HUMAN",0.0215375135948155,17.6364800352272,0.135438299145126,0.89459390292479,0.986613644973353,-6.14030209543541,0.00585288249271538,"A0A075B7B6"
"3083",-0.0132757679573952,24.6347861959725,-0.112961805782025,0.911941497442279,0.981298434060936,-6.25508110885687,0.00819889419442348,"PON1","sp|P27169|PON1_HUMAN",-0.00906320722884184,24.7628338310959,-0.0955646099738012,0.925502150882433,0.986613644973353,-6.14507653237873,0.00585288249271538,"P27169"
"3084",0.0222035178309679,14.2213987276585,0.112929391421997,0.911966649648095,0.981298434060936,-6.25508493132509,0.00819889419442348,"DUS3","sp|P51452|DUS3_HUMAN",0.146201977859495,14.326908111275,0.940725960168846,0.366078689933158,0.853698223347517,-5.70799647611562,0.068695622398372,"P51452"
"3085",-0.0273673786186478,12.4633552695997,-0.112535846298984,0.912272032368356,0.981298434060936,-6.25513125287289,0.00819889419442348,"CSK23","sp|Q8NEV1|CSK23_HUMAN / sp|P68400|CSK21_HUMAN",-0.373920464691018,12.5054826656186,-1.43944635638977,0.1765356521906,0.73865676404082,-5.16446718714335,0.1315573208897,"Q8NEV1"
"3086",0.0385183949137273,14.6380555355855,0.112374511907801,0.912397228690499,0.981298434060936,-6.25515019582689,0.00819889419442348,"PRSR2","sp|Q86WR7|PRSR2_HUMAN",-0.0933983849667237,14.4356660385433,-0.294009802266027,0.773959889202047,0.971547984970345,-6.10512635116333,0.0125357446337403,"Q86WR7"
"3087",0.0128516928918192,21.8143801120159,0.112358761922302,0.912409450892452,0.981298434060936,-6.25515204364654,0.00819889419442348,"KVD29","sp|A0A075B6S2|KVD29_HUMAN",0.0984637050101856,21.6774289503369,0.977920879082489,0.348125739671837,0.844428376563205,-5.67381164060368,0.0734371808857621,"A0A075B6S2"
"3088",-0.0131076593452991,16.2192846156412,-0.111260748685543,0.91326158157295,0.981804138129664,-6.25528022770211,0.00797514175836249,"EPN4","sp|Q14677|EPN4_HUMAN",-0.488705925822357,16.0090073726111,-1.95642192308238,0.0749953997598851,0.613472142466134,-4.44573932981516,0.21220515363449,"Q14677"
"3089",-0.0182380536926433,13.5604192772398,-0.110990563952214,0.913471280067612,0.981804138129664,-6.2553115769872,0.00797514175836249,"PPA5","sp|P13686|PPA5_HUMAN",0.0672158196553568,13.5820551345496,0.290803832780051,0.776350042933965,0.972583004796852,-6.10609193857368,0.0120733236917914,"P13686"
"3090",0.0223816490290036,18.2367788550954,0.109045005114538,0.914981486830749,0.98297424748887,-6.25553507258043,0.00745785990945382,"CAPZB","sp|P47756|CAPZB_HUMAN",-0.140419891017983,18.3783297154449,-0.680976632916932,0.509290715862287,0.907970131840623,-5.91405374392822,0.0419284375914184,"P47756"
"3091",-0.0243857556558469,16.7808562211889,-0.108483965210088,0.915417049182372,0.98297424748887,-6.25559878923019,0.00745785990945382,"PCBP2","sp|Q15366|PCBP2_HUMAN",0.176042934530586,16.8407677166341,0.704560090833626,0.49502716163328,0.903151205766242,-5.89780138012713,0.0442395339250954,"Q15366"
"3092",0.0228823736926744,14.9862686799645,0.108443522368525,0.915448448022927,0.98297424748887,-6.25560336960262,0.00745785990945382,"A0A087WYE8","tr|A0A087WYE8|A0A087WYE8_HUMAN",0.203598904564367,14.276735370543,1.21387140394567,0.249002551746459,0.774544957119491,-5.43202672848714,0.110953369302749,"A0A087WYE8"
"3093",-0.0284087361912299,12.7964901044927,-0.105967896718259,0.917370745531063,0.984537348006077,-6.25588050219315,0.00676780443668524,"A0A0A0MT69","tr|A0A0A0MT69|A0A0A0MT69_HUMAN",0.0227427872192977,13.0914606004814,0.0763366289607904,0.94045584039513,0.988040648929326,-6.14679079054639,0.00522518775796543,"A0A0A0MT69"
"3094",0.0269012437703805,17.9624378307297,0.105804753028703,0.917497444225007,0.984537348006077,-6.25589854090522,0.00676780443668524,"ATPA","sp|P25705|ATPA_HUMAN",-0.162592716228392,18.0456506196115,-0.971316988602197,0.351266202047668,0.845081497853297,-5.67996275057444,0.0731014065991187,"P25705"
"3095",-0.0144784296462197,14.4784436173257,-0.105340667578424,0.917857869635505,0.984605775475191,-6.25594970290302,0.00673762108240857,"DIAC","sp|Q01459|DIAC_HUMAN",0.0359850712014047,14.6764793190325,0.148559320734158,0.884460025766129,0.986191942633613,-6.1383716957231,0.00603855005478495,"Q01459"
"3096",-0.0168115833446455,14.9797526355432,-0.104573110540475,0.91845402380647,0.984713677112508,-6.2560338277649,0.00669002993546669,"D19L2","sp|Q6NUT2|D19L2_HUMAN",-0.0225656643203661,14.929317041393,-0.144616586327879,0.887502988395662,0.986191942633613,-6.13897043860617,0.00603855005478495,"Q6NUT2"
"3097",-0.0158302488988003,15.8860335648952,-0.104447182069065,0.918551836197747,0.984713677112508,-6.25604757099058,0.00669002993546669,"PKD1","sp|P98161|PKD1_HUMAN",0.0835988584853707,15.9209656215767,0.685937919131774,0.506269908718175,0.906096656967774,-5.9106768681523,0.0428254719162299,"P98161"
"3098",0.0129994180750092,15.3530079946757,0.102746555069841,0.919872899572934,0.985213155315053,-6.2562315503612,0.00646979776412509,"LMAN2","sp|Q12907|LMAN2_HUMAN",-0.0801492623165966,15.3486214876513,-0.570467395831187,0.579274947031952,0.918681549222175,-5.98335512238586,0.0368350058969403,"Q12907"
"3099",0.0135624836800366,14.8099202132473,0.102468893929795,0.920088613261128,0.985213155315053,-6.256261302371,0.00646979776412509,"ASAP1","sp|Q9ULH1|ASAP1_HUMAN",-0.00411114801974158,14.7683773730668,-0.029944580900508,0.976621754142911,0.994976977877517,-6.14934893480769,0.00218696799440344,"Q9ULH1"
"3100",0.0380761441014771,10.5875897548266,0.10170002047186,0.920685982216244,0.985213155315053,-6.25634326949118,0.00646979776412509,"REEP5","sp|Q00765|REEP5_HUMAN",-0.873971475520257,10.8135407549845,-2.37164918170296,0.0360149807417365,0.564461874265568,-3.79476943367315,0.248365386520688,"Q00765"
"3101",0.0276641291737707,12.6220942876458,0.101598072849439,0.920765193263249,0.985213155315053,-6.25635409152649,0.00646979776412509,"LRP8","sp|Q14114|LRP8_HUMAN",-0.0399204598119602,13.0549082638315,-0.206521699169913,0.839974284691946,0.979576476069069,-6.12772136827445,0.00896165273889604,"Q14114"
"3102",0.0415616731105577,10.3919425241722,0.101227373760845,0.921053225736118,0.985213155315053,-6.25639335098516,0.00646979776412509,"SPD2A","sp|Q5TCZ1|SPD2A_HUMAN",0.130930605082795,10.3686082185121,0.366529844615207,0.720587038979143,0.962038770061052,-6.08051112176333,0.016807425587659,"Q5TCZ1"
"3103",0.0212310894154759,12.7831252903769,0.10113126015644,0.921127907732973,0.985213155315053,-6.25640350665879,0.00646979776412509,"FMN2","sp|Q9NZ56|FMN2_HUMAN",0.137644988992845,12.8519049368376,0.463563280615218,0.65156288580317,0.941197234759129,-6.03935765007745,0.0263193574528965,"Q9NZ56"
"3104",0.0165410674050915,15.3229268809466,0.101019161523421,0.921215011377264,0.985213155315053,-6.25641533919643,0.00646979776412509,"CPNE3","sp|O75131|CPNE3_HUMAN",-0.0441062193412489,15.4167923273318,-0.268468664423794,0.793067046930008,0.972723403089688,-6.11252929150522,0.0120106351572695,"O75131"
"3105",-0.0193094249341132,17.4794840248383,-0.100790774035987,0.92139247788428,0.985213155315053,-6.25643940603657,0.00646979776412509,"MYADM","sp|Q96S97|MYADM_HUMAN",-0.07289875789559,17.3828623676887,-0.561997964993605,0.584844313611018,0.922575226651601,-5.98819264512809,0.0349982114153286,"Q96S97"
"3106",-0.0347186403625045,13.3180497136451,-0.0997806554519756,0.92217743464894,0.985425240278421,-6.25654519743145,0.00637631807769758,"UFL1","sp|O94874|UFL1_HUMAN",0.298260615261069,13.2367704915393,1.15152906351844,0.27276343969925,0.789277991597045,-5.49993065868592,0.102770006989666,"O94874"
"3107",-0.0168596627827999,17.3386712481203,-0.0992209730487068,0.92261239725252,0.985425240278421,-6.25660335592064,0.00637631807769758,"Siltux_filtered","Siltux_filtered",3.77698915350044,18.9014590020023,12.6167803485734,4.09862234759573e-08,0.000136033275716702,7.75603495647089,3.86635484389094,NA
"3108",-0.0140077771616744,19.8996158872289,-0.0991035616248645,0.922703648002921,0.985425240278421,-6.25661551509739,0.00637631807769758,"ECM2","sp|O94769|ECM2_HUMAN",-0.172796193820557,19.9308306234913,-1.75171522222565,0.106265309292501,0.673352839571618,-4.74530120579117,0.171757304091438,"O94769"
"3109",-0.014675633685624,18.4420577514868,-0.0990073269014543,0.922778441333333,0.985425240278421,-6.25662547048833,0.00637631807769758,"VSIG4","sp|Q9Y279|VSIG4_HUMAN",0.0499151070447777,18.312832016958,0.355861910207502,0.728350153407168,0.964219667992726,-6.08446404956406,0.0158240140959132,"Q9Y279"
"3110",0.0323103290473013,10.957930041894,0.0983601701532456,0.923281429572991,0.985645244372068,-6.256692167451,0.00627936917099156,"IFM3","sp|Q01628|IFM3_HUMAN / sp|Q01629|IFM2_HUMAN / sp|P13164|IFM1_HUMAN",0.33072561410039,10.8072677277269,1.5335074868204,0.152038517120041,0.728883053370811,-5.04366313676251,0.137342147059245,"Q01628"
"3111",-0.0207600723594774,10.9476319513791,-0.0974917601583299,0.923956436442032,0.985949859443996,-6.25678098099998,0.00614517057652377,"TMM33","sp|P57088|TMM33_HUMAN",0.240607259432586,11.0368795685673,1.02512891319646,0.326265813119548,0.824106722788264,-5.62882858861875,0.0840165430155368,"P57088"
"3112",-0.0206666912827078,14.0782926507625,-0.0972287349682217,0.924160895670465,0.985949859443996,-6.25680772582351,0.00614517057652377,"GSTK1","sp|Q9Y2Q3|GSTK1_HUMAN",-0.231869816350846,14.3468049381039,-1.850010495866,0.0900109833921354,0.643850116117451,-4.60359171509787,0.191215221645184,"Q9Y2Q3"
"3113",-0.0107029267452241,23.5505944586389,-0.0953817133837674,0.92559681265847,0.986497047851288,-6.25699350208364,0.00590421006086634,"SPP24","sp|Q13103|SPP24_HUMAN",-0.021840631440491,23.6017504573737,-0.170089633600827,0.867878534946666,0.984019329631185,-6.13481930690465,0.00699637040025486,"Q13103"
"3114",0.0140747647011052,12.9514594741899,0.0950369645215953,0.925864858842601,0.986497047851288,-6.25702778349843,0.00590421006086634,"M2OM","sp|Q02978|M2OM_HUMAN",-0.236138910648867,12.867237411251,-1.69420332023065,0.116956544719232,0.694998681119888,-4.82621697771479,0.158016019557941,"Q02978"
"3115",0.0115799319626695,19.5349963633143,0.094860680606777,0.926001925280681,0.986497047851288,-6.25704526507049,0.00590421006086634,"PCS1N","sp|Q9UHG2|PCS1N_HUMAN",0.0327932400035199,19.5429816746209,0.320981453144939,0.753950095110082,0.966908951186384,-6.09659079438992,0.0146144192562034,"Q9UHG2"
"3116",0.0125648008124894,21.6878716805071,0.0947559340402127,0.92608337029581,0.986497047851288,-6.2570556371398,0.00590421006086634,"KV401","sp|P06312|KV401_HUMAN",0.0191376425028546,21.6404239168663,0.177993060949959,0.861807794771177,0.983382563387846,-6.13339544632674,0.00727749656607012,"P06312"
"3117",0.0151266872329476,16.3260554462227,0.0941684363867195,0.92654019149494,0.986497047851288,-6.25711359946681,0.00590421006086634,"THSD1","sp|Q9NS62|THSD1_HUMAN",0.134570641700299,16.4407267983932,1.1397595486322,0.277441006747253,0.792511383027922,-5.51243662865679,0.100994491191333,"Q9NS62"
"3118",-0.0172346964700217,15.4846064443981,-0.0940034068286726,0.926668518642657,0.986497047851288,-6.25712981647542,0.00590421006086634,"ITB5","sp|P18084|ITB5_HUMAN",-0.0702269077757754,15.6296440338528,-0.311756794819014,0.760773502538178,0.967484722891457,-6.09959286246393,0.0143558840003405,"P18084"
"3119",-0.0341824524828793,12.1101803991288,-0.0933909127147999,0.927144813494651,0.986497047851288,-6.25718975629941,0.00590421006086634,"EVI2B","sp|P34910|EVI2B_HUMAN",-0.17810312816486,12.0656656403822,-0.723129209124026,0.483968407987224,0.899237641029829,-5.88464910840506,0.0461255223383996,"P34910"
"3120",-0.0338638112751405,12.5263145724606,-0.0927773845107551,0.927621942072953,0.986497047851288,-6.25724940509777,0.00590421006086634,"BHE23","sp|Q8NDY6|BHE23_HUMAN",0.694821941243402,12.4269623934877,1.37609211446213,0.194852957830415,0.752526853111309,-5.24289520671983,0.123477998126165,"Q8NDY6"
"3121",-0.0171194900304533,13.5764681559629,-0.0927196671283,0.927666829240498,0.986497047851288,-6.25725499632876,0.00590421006086634,"HINT1","sp|P49773|HINT1_HUMAN",-0.00827828356267885,13.7393160417471,-0.049272207342902,0.961543005885575,0.99079827275201,-6.14855444669319,0.00401475918644791,"P49773"
"3122",-0.0160753782063037,15.7598752467752,-0.092557216389987,0.927793169586935,0.986497047851288,-6.25727071469822,0.00590421006086634,"IL6RB","sp|P40189|IL6RB_HUMAN",-0.351014233292563,15.9928043836896,-1.98313490659,0.0716072759401669,0.609740800734631,-4.40544594014525,0.214854743241087,"P40189"
"3123",0.01390923601333,23.3441078022973,0.0923641907404533,0.927943291169545,0.986497047851288,-6.25728935564724,0.00590421006086634,"HV330","sp|P01768|HV330_HUMAN / sp|P0DP03|HVC05_HUMAN",0.177756560151922,23.1483945839501,1.35052762824327,0.20267977900323,0.756686374028933,-5.27384023217503,0.121084086486147,"P01768"
"3124",-0.0219889465245755,17.0272504404077,-0.0911357672569859,0.928898739017621,0.987014057802354,-6.2574070768825,0.00567666173511264,"DEST","sp|P60981|DEST_HUMAN",-0.0378387387720636,17.211675536506,-0.176467325067706,0.862979027256149,0.983382563387846,-6.13367532731206,0.00727749656607012,"P60981"
"3125",0.0122830356436061,19.476901613933,0.090835474587154,0.929132319465836,0.987014057802354,-6.25743561488049,0.00567666173511264,"NRCAM","sp|Q92823|NRCAM_HUMAN",0.21056993113167,19.4875407714636,1.75675861308535,0.105370872734143,0.672549858855041,-4.73813296945199,0.172275514116677,"Q92823"
"3126",-0.0122328998086906,16.4700424974764,-0.090061886356178,0.929734081125866,0.987014057802354,-6.25750869878944,0.00567666173511264,"VDAC2","sp|P45880|VDAC2_HUMAN",-0.26389682309937,16.4874318630199,-1.90062907136534,0.0825543892166038,0.632405319477049,-4.52904925441261,0.199004485656633,"P45880"
"3127",0.0143596844734023,14.6644552406064,0.0899364071673933,0.9298316936298,0.987014057802354,-6.25752049446553,0.00567666173511264,"PPGB","sp|P10619|PPGB_HUMAN",-0.36770022911557,14.6296252361165,-2.41720657381646,0.0331791630523881,0.564461874265568,-3.72070846222084,0.248365386520688,"P10619"
"3128",-0.0145499165504823,23.875830714204,-0.0888722049078754,0.930659603398297,0.987014057802354,-6.25761987455232,0.00567666173511264,"HV374","sp|A0A0B4J1X5|HV374_HUMAN",0.149840143939002,23.7092298938851,1.28277009633362,0.224683783048798,0.758622050802604,-5.35382942329593,0.119974537849006,"A0A0B4J1X5"
"3129",-0.0133738142868816,17.1614508471748,-0.0888053722857781,0.930711599533203,0.987014057802354,-6.25762607626583,0.00567666173511264,"ECHA","sp|P40939|ECHA_HUMAN",0.0217947116438801,17.0073328220806,0.134760418360391,0.895118003803086,0.986613644973353,-6.14039699802235,0.00585288249271538,"P40939"
"3130",-0.0893170644962909,9.74085048944749,-0.0887843005114029,0.930727993554893,0.987014057802354,-6.25762803064887,0.00567666173511264,"PTN7","sp|P35236|PTN7_HUMAN",1.1098240353399,9.38739932931919,1.70957568944981,0.116506375024035,0.694998681119888,-4.76575315364535,0.158016019557941,"P35236"
"3131",-0.0109375694247952,18.501634224723,-0.0882037844800881,0.931179653057872,0.987014057802354,-6.25768169070546,0.00567666173511264,"MANS1","sp|Q9H8J5|MANS1_HUMAN",0.00145662791620568,18.5373690430624,0.0142651623596588,0.988861546197855,0.998674325310052,-6.14970867024036,0.000576115157713409,"Q9H8J5"
"3132",-0.0144560869963883,15.9550284369728,-0.0879296205351511,0.931392969841933,0.987014057802354,-6.2577069108632,0.00567666173511264,"MCP","sp|P15529|MCP_HUMAN",-0.0349015078164231,16.0549904652219,-0.257844393224187,0.801057513014256,0.973599473204371,-6.11541325918729,0.0116196697661764,"P15529"
"3133",0.0129920783937952,14.4606503379879,0.0874191023485142,0.931790199914701,0.987014057802354,-6.25775366415041,0.00567666173511264,"SIA4A","sp|Q11201|SIA4A_HUMAN",-0.0891739831923141,14.5720125978698,-0.550084151496438,0.592726168368592,0.924268458929614,-5.99488175176282,0.0342018672020061,"Q11201"
"3134",-0.013264494557116,23.3240036578422,-0.0871541927486167,0.931996331507114,0.987014057802354,-6.25777781744581,0.00567666173511264,"HV309","sp|P01782|HV309_HUMAN",0.166671024593596,23.2640868056288,1.51177103126413,0.157424192725371,0.728883053370811,-5.07202636065453,0.137342147059245,"P01782"
"3135",0.0303932067357855,10.1902017734189,0.087151779349228,0.931998209446393,0.987014057802354,-6.25777803715248,0.00567666173511264,"FMO5","sp|P49326|FMO5_HUMAN",0.49803781154475,10.4635941073993,1.31751097317828,0.21317022189579,0.757046932651169,-5.3131903660427,0.120877195850511,"P49326"
"3136",0.0162994844051625,13.3641305700098,0.0867259865974205,0.932329538389766,0.987049996145337,-6.25781670459843,0.00566084884999711,"PACS1","sp|Q6VY07|PACS1_HUMAN",-0.0786976823751358,13.489483358757,-0.378647160641283,0.71180870644048,0.959949889427839,-6.07588297593131,0.0177514370781252,"Q6VY07"
"3137",-0.0167210757483971,16.9916530906038,-0.0861586003100747,0.932771068368526,0.987202543340287,-6.25786793662435,0.00559373443195458,"PAPP2","sp|Q9BXP8|PAPP2_HUMAN",0.100740385894294,16.6288443811528,0.505146668928991,0.622943061244799,0.932637418833355,-6.01888659175447,0.0302871639760606,"Q9BXP8"
"3138",-0.0133992900328051,15.316839412211,-0.0854639958534597,0.93331162909539,0.987320221046545,-6.25793019855009,0.005541968223478,"BAX","sp|Q07812|BAX_HUMAN",-0.19539881072521,15.3326949917167,-1.2489213975564,0.236381000801354,0.766165792444393,-5.39265114554526,0.115677242178419,"Q07812"
"3139",-0.00771316821397779,19.4052020657178,-0.0849469050274037,0.933714066308792,0.987320221046545,-6.25797622194296,0.005541968223478,"HSP77","sp|P48741|HSP77_HUMAN",-0.0581535083323618,19.6095689088434,-0.694891376294858,0.500845500446762,0.903899750993912,-5.9045258238963,0.0438797332463046,"P48741"
"3140",-0.0124062047728327,17.8175308510045,-0.0846556289235835,0.933940766728392,0.987320221046545,-6.25800202399305,0.005541968223478,"PLIN1","sp|O60240|PLIN1_HUMAN",0.108598405347861,17.8091471066602,0.785974960971532,0.44768599617719,0.88223856545983,-5.83784382773,0.0544139617465481,"O60240"
"3141",0.0117269120757571,21.8421002663576,0.0844122894524252,0.934130162672808,0.987320221046545,-6.2580235118198,0.005541968223478,"HV349","sp|A0A0A0MS15|HV349_HUMAN",0.14944318493092,21.6241134330555,1.49239055564898,0.162363448806276,0.728883053370811,-5.0970921223276,0.137342147059245,"A0A0A0MS15"
"3142",-0.0258355974823872,13.8255807890994,-0.0841046203002525,0.934369633717143,0.987320221046545,-6.25805059177387,0.005541968223478,"RHOF","sp|Q9HBH0|RHOF_HUMAN",0.088799148661826,13.9927110271199,0.377125029174737,0.712909062919475,0.960286193112719,-6.07647240487114,0.0175993153287129,"Q9HBH0"
"3143",0.0120376852980439,14.4765080249155,0.0833683872638864,0.934942700152116,0.987611337302633,-6.25811499148313,0.00541393321994343,"CHMP6","sp|Q96FZ7|CHMP6_HUMAN",-0.20560947929359,14.3478169404335,-1.53713219790226,0.15115603881787,0.728883053370811,-5.03890792998054,0.137342147059245,"Q96FZ7"
"3144",0.0280876378876082,12.2761460272765,0.0796875065360056,0.937808375732459,0.9896683683428,-6.25842848291735,0.00451031037934117,"TA2R","sp|P21731|TA2R_HUMAN",-0.294569251639713,12.3261929134075,-1.10764111399904,0.290520599487618,0.804174755558491,-5.54604694842356,0.0946495642767864,"P21731"
"3145",-0.0296643598652877,9.96317954369349,-0.0795545992833566,0.937911865285131,0.9896683683428,-6.25843953784094,0.00451031037934117,"AT7L2","sp|Q5T6C5|AT7L2_HUMAN",0.091058525428707,10.1592108361093,0.232467765742871,0.820237304726944,0.976540152493457,-6.12183577984765,0.010309895081874,"Q5T6C5"
"3146",0.00899269710461227,18.1535262991231,0.0793351273016248,0.938082761918182,0.9896683683428,-6.25845775267052,0.00451031037934117,"HLAE","sp|P13747|HLAE_HUMAN",-0.107461110714132,18.1711262393589,-0.925293553225232,0.37371682898801,0.858429459099652,-5.72184911926338,0.0662953869124561,"P13747"
"3147",-0.0165628487370928,16.148173799919,-0.0781430350864162,0.939011066534578,0.990261971035235,-6.2585558110244,0.00424989881195944,"COTL1","sp|Q14019|COTL1_HUMAN",-0.0992726313990328,16.1276806126405,-0.515252863539429,0.616081547259405,0.930949474286698,-6.01365767401459,0.0310738889799154,"Q14019"
"3148",-0.0203739158371243,14.1764025817845,-0.0773542594257159,0.939625352561041,0.990261971035235,-6.25861987835085,0.00424989881195944,"BRPF1","sp|P55201|BRPF1_HUMAN",0.0527884134323537,13.7402628117327,0.235539533907981,0.817908868312794,0.976540152493457,-6.12109335111073,0.010309895081874,"P55201"
"3149",0.0107761332732851,15.3522739046568,0.0770853612094718,0.939834775546633,0.990261971035235,-6.25864157087089,0.00424989881195944,"SFXN3","sp|Q9BWM7|SFXN3_HUMAN",0.0443322025981911,15.2725644143752,0.253634179354885,0.80423059705605,0.974324183315953,-6.11652429933162,0.0112965178645011,"Q9BWM7"
"3150",-0.0116138001197984,18.4680665882667,-0.0762795697818416,0.940462369155238,0.990261971035235,-6.25870612368517,0.00424989881195944,"OAF","sp|Q86UD1|OAF_HUMAN",0.152297707682012,18.5135041131858,1.32773871662573,0.209873965308287,0.757046932651169,-5.30107571098241,0.120877195850511,"Q86UD1"
"3151",0.0159809182573735,16.5407579119952,0.0747944509472431,0.941619168580281,0.990261971035235,-6.25882332271901,0.00424989881195944,"CAD16","sp|O75309|CAD16_HUMAN",0.0614033410686167,16.2194165654084,0.380029481002365,0.710810009558017,0.959818517912726,-6.07534568293747,0.0178108754186703,"O75309"
"3152",-0.0102124100180026,24.2999311024866,-0.0746769486746699,0.941710700273362,0.990261971035235,-6.2588324972098,0.00424989881195944,"TSP1","sp|P07996|TSP1_HUMAN",-0.208583740619048,24.3594709753752,-1.83800129484827,0.0918679717915036,0.650368547620527,-4.62112513912946,0.18684046975891,"P07996"
"3153",0.01382566426171,12.4494194245458,0.0746567709522771,0.941726418364115,0.990261971035235,-6.25883407122171,0.00424989881195944,"CLAP1","sp|Q7Z460|CLAP1_HUMAN / sp|O75122|CLAP2_HUMAN",-0.00458722429046138,12.3230101321155,-0.020081537650784,0.984320599863411,0.996936243804291,-6.14960499324923,0.00133261485719963,"Q7Z460"
"3154",-0.0114320619118893,21.3167078138294,-0.0744059911197548,0.941921773580131,0.990261971035235,-6.25885359844641,0.00424989881195944,"HV118","sp|A0A0C4DH31|HV118_HUMAN",0.199202275600004,21.1494653880346,1.47383107886532,0.167217049632237,0.730218139886144,-5.12089556333435,0.136547382623484,"A0A0C4DH31"
"3155",0.0105805537234725,14.0813348567299,0.0740152133407457,0.942226193794169,0.990261971035235,-6.25888389591631,0.00424989881195944,"ARF6","sp|P62330|ARF6_HUMAN",0.229088398396924,13.9764809308087,0.962687340556145,0.355400606735292,0.846003487579491,-5.68794779307245,0.0726278466141605,"P62330"
"3156",0.0363488292728608,11.3636243087138,0.0740113878526881,0.94222917393893,0.990261971035235,-6.25888419172319,0.00424989881195944,"PDK1","sp|Q15118|PDK1_HUMAN",-0.422201968641041,11.0196930126836,-1.14117164447203,0.276876545588884,0.792511383027922,-5.51094151022039,0.100994491191333,"Q15118"
"3157",0.0337147165280759,16.1482970681843,0.0737606131660819,0.942424535282943,0.990261971035235,-6.25890354962203,0.00424989881195944,"PFD1","sp|O60925|PFD1_HUMAN",0.213789106196273,16.3361230311209,0.652695932230238,0.526713043224329,0.911686477091096,-5.93287116805059,0.0401544869775934,"O60925"
"3158",0.0117160464688821,13.7560657414142,0.0731785734764129,0.942877977517574,0.990261971035235,-6.25894822568657,0.00424989881195944,"OXSR1","sp|O95747|OXSR1_HUMAN",-0.103454596137467,13.8313456548285,-0.47330767810641,0.644801526915158,0.940765473701383,-6.03471184787665,0.0265186296779271,"O95747"
"3159",0.00968701382633412,18.878502903962,0.0729857359834902,0.943028213585705,0.990261971035235,-6.25896294947738,0.00424989881195944,"SPTB2","sp|Q01082|SPTB2_HUMAN",-0.0667216444854431,19.0184887981487,-0.647108065939264,0.530195929046324,0.912613568562101,-5.9365019144457,0.0397130785089623,"Q01082"
"3160",-0.00750057715503891,16.8450975839336,-0.0721945169670988,0.943644661376084,0.990261971035235,-6.25902295535429,0.00424989881195944,"FAS","sp|P49327|FAS_HUMAN",0.0405929699590077,16.8721233642371,0.417001590712046,0.684312554438005,0.953955901060617,-6.06026904899089,0.0204717011540782,"P49327"
"3161",0.0107968754624678,14.493631615824,0.0721691227319136,0.943664446949443,0.990261971035235,-6.25902487042457,0.00424989881195944,"AL1L2","sp|Q3SY69|AL1L2_HUMAN",-0.213130920600256,14.3820268811019,-1.50205219961652,0.159884768661203,0.728883053370811,-5.08462275386548,0.137342147059245,"Q3SY69"
"3162",-0.0109667335727549,18.0981113295211,-0.0718782872861517,0.943891050234042,0.990261971035235,-6.25904675536689,0.00424989881195944,"CFAD","sp|P00746|CFAD_HUMAN",-0.0214753198390836,18.1596729889446,-0.167852251184128,0.869598726306145,0.984019329631185,-6.13521070654891,0.00699637040025486,"P00746"
"3163",-0.00834315599512247,20.3399896124723,-0.0718003711906349,0.94395175912352,0.990261971035235,-6.25905260344365,0.00424989881195944,"DKK3","sp|Q9UBP4|DKK3_HUMAN",0.027979209023013,20.4309074952193,0.294906493112894,0.773291810794515,0.971076625057509,-6.10485441671142,0.0127464997246578,"Q9UBP4"
"3164",-0.0236655818962687,14.1188468651365,-0.0714062384065323,0.944258856163705,0.990261971035235,-6.25908208840198,0.00424989881195944,"PASK","sp|Q96RG2|PASK_HUMAN",0.01104696519114,13.3701933638902,0.0327401819588789,0.974439991570406,0.99421036951189,-6.14925799470871,0.0025217115266227,"Q96RG2"
"3165",-0.0156474499092009,13.6744460957706,-0.0706418851753123,0.944854445075821,0.990261971035235,-6.25913880727779,0.00424989881195944,"LSR","sp|Q86X29|LSR_HUMAN",-0.187608667516657,13.8638163345765,-1.25843978436561,0.233043292081271,0.766165792444393,-5.38181254942479,0.115677242178419,"Q86X29"
"3166",0.0231811720881714,12.4153635294582,0.0705085902500861,0.944958312910201,0.990261971035235,-6.25914863598439,0.00424989881195944,"MOB1B","sp|Q7L9L4|MOB1B_HUMAN / sp|Q9H8S9|MOB1A_HUMAN",-0.0168069675630391,12.4120573503184,-0.0543790913418081,0.957561144985813,0.989471316190957,-6.14827979518491,0.00459679104883991,"Q7L9L4"
"3167",0.0102858524976827,16.3792456693891,0.0704653921157169,0.944991974558758,0.990261971035235,-6.25915181728596,0.00424989881195944,"CBPQ","sp|Q9Y646|CBPQ_HUMAN",-0.0662831037919747,16.5728593579502,-0.622889443445864,0.54544345270043,0.912613568562101,-5.95190279750183,0.0397130785089623,"Q9Y646"
"3168",0.01016047135788,15.4814461701149,0.0699661084339906,0.945381043655467,0.990261971035235,-6.25918844537206,0.00424989881195944,"PCDH1","sp|Q08174|PCDH1_HUMAN",-0.123321699203223,15.3071560155763,-0.964391756921116,0.354581284057614,0.846003487579491,-5.68637545479462,0.0726278466141605,"Q08174"
"3169",-0.00816467879514109,19.2913656171032,-0.0698035270317926,0.945507739141507,0.990261971035235,-6.25920031638468,0.00424989881195944,"TXD15","sp|Q96J42|TXD15_HUMAN",-0.0294434154683105,19.3417617426515,-0.305055908311737,0.765743404650553,0.968090739314084,-6.10171965778314,0.0140839342861301,"Q96J42"
"3170",0.016425367121512,12.2394448964956,0.0664440812789399,0.948126011799004,0.992256908348536,-6.25943943294397,0.0033758687400692,"CRIP2","sp|P52943|CRIP2_HUMAN",0.0889452401001193,12.229396247476,0.333220592251828,0.744930520260834,0.965375638139256,-6.092475132075,0.0153036650731462,"P52943"
"3171",-0.0154583793754852,11.9056242167855,-0.0664018336510823,0.948158942701194,0.992256908348536,-6.25944236500095,0.0033758687400692,"HDHD2","sp|Q9H0R4|HDHD2_HUMAN",0.0846810015628925,12.0442548138847,0.613876060969841,0.551180580152636,0.912613568562101,-5.95749475982849,0.0397130785089623,"Q9H0R4"
"3172",0.0160249286905168,12.0312585963258,0.0662088053200251,0.948309404423488,0.992256908348536,-6.25945573778668,0.0033758687400692,"ITA7","sp|Q13683|ITA7_HUMAN",-0.18833730844206,11.8303659756787,-1.18639845099231,0.259264370743867,0.777929443098344,-5.46229150504867,0.109059791008534,"Q13683"
"3173",-0.0101083851279791,14.6051177527202,-0.0649816086979451,0.949266028117023,0.992322666166054,-6.25953984674155,0.00334708858162443,"AP2A1","sp|O95782|AP2A1_HUMAN",-0.18149240584562,14.788298868368,-0.802892555315245,0.438225245117886,0.876186499124255,-5.82464760432291,0.0574034430101715,"O95782"
"3174",-0.0189525489121905,11.8274863891927,-0.0644939169170625,0.949646216407813,0.992322666166054,-6.25957283529943,0.00334708858162443,"NMDZ1","sp|Q05586|NMDZ1_HUMAN",0.30564649440739,12.1173336078146,1.10651586274511,0.290987237074219,0.804174755558491,-5.54721059896377,0.0946495642767864,"Q05586"
"3175",-0.0151101243073264,15.1289964659807,-0.0644029918582617,0.949717099995304,0.992322666166054,-6.25957895820719,0.00334708858162443,"PLAK","sp|P14923|PLAK_HUMAN",0.191193903986391,14.7715137687877,0.704991295984436,0.494768632172514,0.903151205766242,-5.89749950441638,0.0442395339250954,"P14923"
"3176",-0.0095852770849222,15.8706280327872,-0.063633565364202,0.950316949392639,0.992322666166054,-6.25963042591512,0.00334708858162443,"DX39A","sp|O00148|DX39A_HUMAN",0.0258685069410147,15.8862624769402,0.203529244312046,0.842258265856639,0.979774508889009,-6.12835578727789,0.00887386391301568,"O00148"
"3177",-0.0069079045195847,14.4146627249564,-0.063552821833527,0.95037989937331,0.992322666166054,-6.25963579109296,0.00334708858162443,"TMED9","sp|Q9BVK6|TMED9_HUMAN",-0.0938296757902773,14.427791011198,-0.869426194030989,0.402296918979698,0.867111174600625,-5.77034524735525,0.0619252169179849,"Q9BVK6"
"3178",-0.0137378816404489,17.2056462001949,-0.0629719680747999,0.950832759972035,0.992322666166054,-6.25967418654322,0.00334708858162443,"PNPH","sp|P00491|PNPH_HUMAN",-0.248877709275959,17.3921042851096,-1.51153765882334,0.157482894112553,0.728883053370811,-5.07232945242491,0.137342147059245,"P00491"
"3179",0.0176707654223695,11.7448350683936,0.0627042328089864,0.951041504887682,0.992322666166054,-6.25969176569763,0.00334708858162443,"VATH","sp|Q9UI12|VATH_HUMAN",0.0657820032348955,11.9522373659844,0.277863574829943,0.786021619113313,0.972723403089688,-6.10988330589475,0.0120106351572695,"Q9UI12"
"3180",0.00643185934631801,23.3514881543204,0.0619063151066757,0.95166363912908,0.992322666166054,-6.25974371201611,0.00334708858162443,"ENPL","sp|P14625|ENPL_HUMAN",-0.021023199834114,23.374371061482,-0.243463499814777,0.811910869556914,0.975292137553166,-6.11913363837904,0.0108652768926266,"P14625"
"3181",-0.00906776957438578,18.6514173523642,-0.0611450946443886,0.952257191677307,0.992322666166054,-6.25979264960392,0.00334708858162443,"AMD","sp|P19021|AMD_HUMAN",-0.0746364851485136,18.7855646003309,-0.595409824185239,0.563038885085486,0.914734232457629,-5.96871322466336,0.0387050678382534,"P19021"
"3182",-0.0123467525027365,11.5777066795768,-0.0609883458858241,0.952379418375565,0.992322666166054,-6.25980265159219,0.00334708858162443,"TBCD","sp|Q9BTW9|TBCD_HUMAN",0.184114397244938,11.8502338585345,1.02897093220612,0.324532137396605,0.823872143869656,-5.62509033872866,0.0841401809245796,"Q9BTW9"
"3183",0.0101121005536614,13.0628346408574,0.0608835389699618,0.952461143514203,0.992322666166054,-6.2598093249085,0.00334708858162443,"RTCB","sp|Q9Y3I0|RTCB_HUMAN",-0.0824178256371064,12.8908754915421,-0.409716966560995,0.689500009448895,0.953955901060617,-6.06334702961642,0.0204717011540782,"Q9Y3I0"
"3184",0.00785366712501837,18.0411372950232,0.060219778583299,0.95297873608178,0.992322666166054,-6.25985132182162,0.00334708858162443,"THYG","sp|P01266|THYG_HUMAN",0.118144312194679,18.1682215486262,0.869400700314808,0.402310292747965,0.867111174600625,-5.7703667794995,0.0619252169179849,"P01266"
"3185",0.0272511285817686,11.8738623841652,0.0591712231688999,0.953796432884624,0.992322666166054,-6.25991672771182,0.00334708858162443,"PLRKT","sp|Q9HBL7|PLRKT_HUMAN",-0.219882088194647,11.754771179837,-0.553419995718933,0.590513700776684,0.923616858095106,-5.99302247878662,0.0345081488266848,"Q9HBL7"
"3186",0.0302528976501382,17.1796926027215,0.0589498769472448,0.95396905275601,0.992322666166054,-6.25993038788889,0.00334708858162443,"ATS5","sp|Q9UNA0|ATS5_HUMAN",0.468213952872916,17.1669798955677,1.63202906443211,0.129580599217042,0.706203626931632,-4.91191344025928,0.151070056310802,"Q9UNA0"
"3187",0.00555185364000513,17.0034959863208,0.0585397501756383,0.954288902159312,0.992322666166054,-6.25995556325414,0.00334708858162443,"NOTC1","sp|P46531|NOTC1_HUMAN",0.106713398475668,17.0257358241954,0.872061949221216,0.400915857579562,0.867111174600625,-5.76811610479032,0.0619252169179849,"P46531"
"3188",0.00599889748109257,18.206502172358,0.0574155194589531,0.955165708984466,0.992322666166054,-6.26002367271478,0.00334708858162443,"PLEC","sp|Q15149|PLEC_HUMAN",0.163377153649401,18.2231576668585,1.33362829857969,0.207994880768703,0.757046932651169,-5.29406887668078,0.120877195850511,"Q15149"
"3189",0.0125664550846875,19.0943983736314,0.0566757635886418,0.955742690810273,0.992322666166054,-6.26006776945033,0.00334708858162443,"EHD3","sp|Q9NZN3|EHD3_HUMAN",-0.0325513133664405,19.0888808139199,-0.176079165900878,0.863277052622839,0.983382563387846,-6.13374614892731,0.00727749656607012,"Q9NZN3"
"3190",-0.0113227202305933,13.8038886721814,-0.0566388052743938,0.955771517599219,0.992322666166054,-6.26006995754009,0.00334708858162443,"CD37","sp|P11049|CD37_HUMAN",0.0674407582936832,13.9282521303351,0.366766952265197,0.720414861084829,0.962038770061052,-6.08042196829843,0.016807425587659,"P11049"
"3191",-0.0220399903408887,17.3994550165581,-0.0564339739371321,0.955931283368246,0.992322666166054,-6.26008205856654,0.00334708858162443,"PPIP2","sp|Q9H939|PPIP2_HUMAN",0.0741694515517839,17.4380384397618,0.160906609543486,0.874943241631821,0.985371444578884,-6.13639289714745,0.00640002744928762,"Q9H939"
"3192",-0.0140626927444262,20.1624375394586,-0.0563183336603504,0.956021482158787,0.992322666166054,-6.2600888710112,0.00334708858162443,"SRC8","sp|Q14247|SRC8_HUMAN",0.0825723308805473,19.9971602629059,0.461291611747063,0.653143844257967,0.94139721281578,-6.04042734743153,0.0262270918383411,"Q14247"
"3193",-0.015728382429258,17.5965840273218,-0.0561623512244709,0.956143148623431,0.992322666166054,-6.26009803791458,0.00334708858162443,"VP13C","sp|Q709C8|VP13C_HUMAN",-0.120554366201481,17.2420155365857,-0.326584593964987,0.749816065223756,0.965663208308992,-6.0947253698514,0.0151743148645484,"Q709C8"
"3194",-0.0126585193950823,14.9290103674764,-0.0559806101703286,0.956284908294115,0.992322666166054,-6.2601086865702,0.00334708858162443,"RAX2","sp|Q96IS3|RAX2_HUMAN",0.191908951548065,14.773240549471,1.11584720087945,0.28713481452408,0.803677098634372,-5.5375323041755,0.0949184070341135,"Q96IS3"
"3195",0.00917168956103634,15.9937212683387,0.0557811227124591,0.956440512119737,0.992322666166054,-6.26012033531811,0.00334708858162443,"FCERG","sp|P30273|FCERG_HUMAN",-0.24197936749959,16.1123983580876,-1.45597783883976,0.172001968197162,0.737164200701138,-5.14360533476959,0.132435763815776,"P30273"
"3196",0.00850590310913261,17.187941003156,0.0555176942911267,0.956645993927205,0.992322666166054,-6.26013565411562,0.00334708858162443,"PTN6","sp|P29350|PTN6_HUMAN",-0.0525629553472782,17.3009141870144,-0.343700986272401,0.737238388675284,0.965161035653373,-6.08883095519523,0.0154002192355934,"P29350"
"3197",-0.00747782570235309,14.2253660797788,-0.05497634941096,0.957068268836774,0.992322666166054,-6.2601669067104,0.00334708858162443,"ACSL5","sp|Q9ULC5|ACSL5_HUMAN",0.118781236308287,14.1787107344836,1.02663711939139,0.325584436836994,0.823872143869656,-5.62736249275849,0.0841401809245796,"Q9ULC5"
"3198",0.0153176939729964,14.513469783572,0.0541221869280587,0.957734584089262,0.992322666166054,-6.26021559622924,0.00334708858162443,"SMG8","sp|Q8ND04|SMG8_HUMAN",0.352628006133125,14.5359291815633,1.19541132832999,0.255861783922532,0.777762235642709,-5.45242139586031,0.109153147907703,"Q8ND04"
"3199",0.0119837331163235,12.8062679641724,0.0540985069339812,0.957753056862069,0.992322666166054,-6.26021693519594,0.00334708858162443,"PPIC","sp|P45877|PPIC_HUMAN",-0.201073768993437,12.6662624781581,-1.10692272601551,0.290818446449328,0.804174755558491,-5.54678996052328,0.0946495642767864,"P45877"
"3200",0.00793636408091388,18.9652004033728,0.0540847323378785,0.957763802441771,0.992322666166054,-6.26021771380025,0.00334708858162443,"HCLS1","sp|P14317|HCLS1_HUMAN",-0.0122172655416051,19.029222885089,-0.0866472020456074,0.932433914758583,0.987021992313333,-6.14591917953156,0.00567317049762038,"P14317"
"3201",0.00847729226379602,15.4147677424293,0.0538144427959218,0.95797465740501,0.992322666166054,-6.26023295172746,0.00334708858162443,"LIRB2","sp|Q8N423|LIRB2_HUMAN",0.0158486782497255,15.1284433980835,0.0984663058677531,0.923247930734533,0.986613644973353,-6.14478458098962,0.00585288249271538,"Q8N423"
"3202",-0.0171721333299434,16.2115902481701,-0.0532047717115889,0.958450278713365,0.992322666166054,-6.2602670425646,0.00334708858162443,"KALRN","sp|O60229|KALRN_HUMAN",-0.252220336491776,16.3528923405135,-1.61299617272815,0.133678019103374,0.708220132409959,-4.9377613924,0.149831731813607,"O60229"
"3203",0.0195023121566959,11.7125783525273,0.0528195132810633,0.958750838124014,0.992322666166054,-6.26028838479551,0.00334708858162443,"NDUS5","sp|O43920|NDUS5_HUMAN",-0.0846843696975934,11.5347082479881,-0.462075179537783,0.652598323415944,0.94139721281578,-6.04005894739162,0.0262270918383411,"O43920"
"3204",-0.00584784745540145,19.2436943741161,-0.0526540388573615,0.958879935053028,0.992322666166054,-6.26029750401903,0.00334708858162443,"GPV","sp|P40197|GPV_HUMAN",-0.129972844905357,19.408331114725,-1.31788640523681,0.213048480683186,0.757046932651169,-5.31274687092021,0.120877195850511,"P40197"
"3205",0.00657709956593776,21.0787121107332,0.0521788588859018,0.959250659378367,0.992322666166054,-6.26032353199505,0.00334708858162443,"CSTN1","sp|O94985|CSTN1_HUMAN",-0.0273313327806489,21.0468771976938,-0.287400204106038,0.7788901890503,0.972583004796852,-6.10710564653889,0.0120733236917914,"O94985"
"3206",-0.00767489133094377,12.2757140091967,-0.0513369689119101,0.959907506691525,0.992322666166054,-6.2603690674166,0.00334708858162443,"THIK","sp|P09110|THIK_HUMAN",-0.13742352911714,12.3973896253846,-0.67344378704217,0.513897689618769,0.907970131840623,-5.91913782935344,0.0419284375914184,"P09110"
"3207",0.00970422961921651,11.6398338342827,0.0511529770869292,0.960051062266622,0.992322666166054,-6.26037892042961,0.00334708858162443,"DCK","sp|P27707|DCK_HUMAN",-0.495114466015093,11.8539155355312,-2.85532077160276,0.0149571801088004,0.472930236951508,-2.99241443989082,0.325202918335199,"P27707"
"3208",0.00590096489452762,14.7874503227342,0.0511289420958016,0.96006981514811,0.992322666166054,-6.26038020492485,0.00334708858162443,"VAMP3","sp|Q15836|VAMP3_HUMAN",0.126982425900393,14.7762316199422,0.867634268777239,0.403237682508023,0.867111174600625,-5.7718573777885,0.0619252169179849,"Q15836"
"3209",0.00970415619371573,12.3233824915702,0.0508021140173179,0.960324819514363,0.992322666166054,-6.26039761161611,0.00334708858162443,"M3K3","sp|Q99759|M3K3_HUMAN",-0.422193747662731,11.9212008780638,-1.74618835225736,0.107253313021893,0.673896571728268,-4.75314341873509,0.171406752981737,"Q99759"
"3210",0.00932878585697553,11.061798528719,0.0507524501149141,0.960363569683888,0.992322666166054,-6.26040024692395,0.00334708858162443,"JAG1","sp|P78504|JAG1_HUMAN",-0.14730064219912,11.0781182729267,-0.307144132457422,0.764702281907572,0.968090739314084,-6.05075047050327,0.0140839342861301,"P78504"
"3211",-0.0101834383114321,22.6529387993751,-0.0506395911254813,0.960451628098531,0.992322666166054,-6.26040622596314,0.00334708858162443,"ACTBL","sp|Q562R1|ACTBL_HUMAN",-0.15221850438489,22.8348575389711,-0.758776631148836,0.463169501795296,0.891538289314238,-5.85853144142059,0.0498600002387095,"Q562R1"
"3212",0.0145786576824666,15.390642494656,0.0500359268180306,0.960922647411204,0.992322666166054,-6.26043798096264,0.00334708858162443,"ULA1","sp|Q13564|ULA1_HUMAN",0.0403583975042527,15.4500474447407,0.176511723284108,0.862944940085165,0.983382563387846,-6.13366721674812,0.00727749656607012,"Q13564"
"3213",-0.0105559097773725,13.2532389847471,-0.0497467503639733,0.961148287716569,0.992322666166054,-6.26045305787847,0.00334708858162443,"BACH","sp|O00154|BACH_HUMAN",-0.122933370858902,13.3060708639655,-0.522970560687935,0.610867140581177,0.928468578954848,-6.00959809723759,0.032232788981201,"O00154"
"3214",0.00579707246613745,21.689390764897,0.0494950439173739,0.961344693568208,0.992322666166054,-6.26046611009868,0.00334708858162443,"KVD30","sp|A0A075B6S6|KVD30_HUMAN",0.0827611229731549,21.5610147185897,0.84036298119899,0.417739212188924,0.871380058403275,-5.79453335555709,0.0597923831477007,"A0A075B6S6"
"3215",-0.0181286455253973,10.5123287151086,-0.0486724357935093,0.961986590859581,0.992322666166054,-6.26050830481552,0.00334708858162443,"RS23","sp|P62266|RS23_HUMAN",0.111958068229389,10.4157440828791,0.590246554115806,0.566379372158443,0.914734232457629,-5.97179252147175,0.0387050678382534,"P62266"
"3216",0.0108578965892115,11.9478713556839,0.0486074011644089,0.962037339853412,0.992322666166054,-6.26051161053948,0.00334708858162443,"FAIM3","sp|O60667|FAIM3_HUMAN",0.687741546033725,12.095186712533,3.20160367052073,0.00794406004746507,0.397469758249259,-2.4064347746879,0.400695909334819,"O60667"
"3217",0.00810855460270688,12.9015746265499,0.0482720738584312,0.962299011254194,0.992322666166054,-6.26052858517717,0.00334708858162443,"STX4","sp|Q12846|STX4_HUMAN",-0.0952199188081158,13.2157221278179,-0.347664337204743,0.73433717825994,0.964602283830354,-6.08742405736633,0.0156517141602005,"Q12846"
"3218",0.0169654116054703,11.2194391631836,0.047834343454834,0.962640599428762,0.992322666166054,-6.26055056682895,0.00334708858162443,"DDX49","sp|Q9Y6V7|DDX49_HUMAN",-0.324709293115024,11.1593489009958,-1.16644904823121,0.266921969228252,0.78566784211862,-5.48393253985906,0.104761022438977,"Q9Y6V7"
"3219",0.00903664972052678,19.1968721417323,0.0477805637124338,0.96268256763235,0.992322666166054,-6.26055325369762,0.00334708858162443,"ACTN2","sp|P35609|ACTN2_HUMAN",-0.187905871207492,19.4506363136556,-1.10299933579328,0.292449210593281,0.804174755558491,-5.55084103179948,0.0946495642767864,"P35609"
"3220",-0.00726449853701183,23.309432412253,-0.0477282317222143,0.962723406162909,0.992322666166054,-6.26055586533529,0.00334708858162443,"HV43D","sp|P0DP04|HV43D_HUMAN",0.166946380715783,23.2528264713607,1.52388034121629,0.15440395602717,0.728883053370811,-5.05625767258116,0.137342147059245,"P0DP04"
"3221",-0.00702425051712301,17.2778665110653,-0.0466511523821716,0.963563955375141,0.992880710304282,-6.26060898179886,0.00310292669962593,"TCPH","sp|Q99832|TCPH_HUMAN",-0.160303650703947,17.3947433603688,-1.31144447072427,0.215145302666878,0.757046932651169,-5.32034395079802,0.120877195850511,"Q99832"
"3222",0.0216210054190767,10.3082950902968,0.0460886414614458,0.964002955328615,0.993024769936584,-6.26063624044644,0.00303991835999862,"H10","sp|P07305|H10_HUMAN",-0.18672527699254,10.9912720723233,-0.543182563328791,0.597317223105885,0.924268458929614,-5.9986946342182,0.0342018672020061,"P07305"
"3223",0.00618916378881151,12.9707873371649,0.0446261752070976,0.965144364057624,0.993559962634826,-6.26070556303784,0.00280591752689654,"THIL","sp|P24752|THIL_HUMAN",0.319886921429588,12.9947673225853,1.53684434166483,0.151225958843602,0.728883053370811,-5.03928582838265,0.137342147059245,"P24752"
"3224",0.00735171425604195,16.2743612523128,0.043676080936958,0.965885926059245,0.993559962634826,-6.26074940129637,0.00280591752689654,"CLCN6","sp|P51797|CLCN6_HUMAN",0.150319384523365,15.9375269772513,0.837531681236785,0.419264517284054,0.871380058403275,-5.79685114309193,0.0597923831477007,"P51797"
"3225",-0.00896556288220708,13.0267130240722,-0.0434878733855298,0.966032828692791,0.993559962634826,-6.26075797346401,0.00280591752689654,"GCYB1","sp|Q02153|GCYB1_HUMAN",-0.119794888192603,12.9228910671253,-0.548127863875509,0.594025660443697,0.924268458929614,-5.99596716185413,0.0342018672020061,"Q02153"
"3226",-0.00850461967871803,17.6112473358447,-0.0433613545991628,0.966131581801672,0.993559962634826,-6.26076371513343,0.00280591752689654,"LV214","sp|P01704|LV214_HUMAN",0.471262358895046,19.7931742459708,3.28489386455975,0.00682553665054626,0.383965358358696,-2.26532470371976,0.415707956237451,"P01704"
"3227",0.0093070149427747,14.6261706626099,0.0423123718805168,0.966950378349847,0.993559962634826,-6.2608106758914,0.00280591752689654,"CA198","sp|Q9H425|CA198_HUMAN",0.137253356962107,14.5775289085053,0.75643337008701,0.464519168290567,0.891538289314238,-5.8602831220588,0.0498600002387095,"Q9H425"
"3228",-0.00436600396037159,14.6323156548732,-0.0422109984295844,0.967029508764353,0.993559962634826,-6.26081515325126,0.00280591752689654,"GALT1","sp|Q10472|GALT1_HUMAN",0.0590161238037453,14.6894799084886,0.493300010875187,0.631033745600764,0.93751163905503,-6.02489002799332,0.0280233318711802,"Q10472"
"3229",0.00760617837598231,20.2346849820755,0.0421630838776041,0.967066910187274,0.993559962634826,-6.26081726575602,0.00280591752689654,"ALDOA","sp|P04075|ALDOA_HUMAN",-0.222452196855065,20.5045162600494,-1.16760700700196,0.266472711732659,0.78566784211862,-5.48268418666565,0.104761022438977,"P04075"
"3230",-0.00414927187062233,15.2157974628734,-0.0420989142640997,0.967117000210022,0.993559962634826,-6.26082009117305,0.00280591752689654,"NEK9","sp|Q8TD19|NEK9_HUMAN",0.00829165498451728,15.1720258172488,0.0700359922687867,0.945361354089651,0.988195249262353,-6.14726919001818,0.0051572383074646,"Q8TD19"
"3231",-0.00640240312494194,15.3313462756953,-0.0419711862229992,0.967216703607449,0.993559962634826,-6.26082570229236,0.00280591752689654,"STC2","sp|O76061|STC2_HUMAN",0.0391377934834495,15.3329971889168,0.270136539120745,0.791814854742387,0.972723403089688,-6.11206610648109,0.0120106351572695,"O76061"
"3232",0.0119797093831954,14.4582048251024,0.0411267226225154,0.967875899037974,0.99376129051656,-6.260862370885,0.00271792411541286,"CRIP1","sp|P50238|CRIP1_HUMAN",0.426143654085662,14.4399679643437,2.61504314498883,0.0231857540667646,0.538136487745398,-3.39486144956163,0.269107560101348,"P50238"
"3233",-0.00485523327198059,15.527857269689,-0.0408855654621014,0.968064152934333,0.99376129051656,-6.26087270573077,0.00271792411541286,"UN45A","sp|Q9H3U1|UN45A_HUMAN",0.0254640881485938,15.5216828990827,0.217437116954459,0.831656232000446,0.977505666396101,-6.1253293726324,0.00988071641043172,"Q9H3U1"
"3234",-0.0111507421423421,12.9773181094322,-0.0401947751834412,0.968603413873417,0.99376129051656,-6.26090197339888,0.00271792411541286,"ARHG4","sp|Q9NR80|ARHG4_HUMAN",0.046781291036215,13.018961091164,0.341758270903593,0.738662030756615,0.965162287770973,-6.08951480754035,0.0153996558193429,"Q9NR80"
"3235",-0.0128942846328171,10.9140198694677,-0.0401858812369216,0.968610356981341,0.99376129051656,-6.26090234697015,0.00271792411541286,"CTDSL","sp|O15194|CTDSL_HUMAN",0.562038478808888,10.9409937303601,2.09100490133288,0.0593224872536088,0.607868733149162,-4.24025418935455,0.216190194779748,"O15194"
"3236",0.00730031125007444,13.4230787413055,0.0388702587142907,0.969637434191454,0.99432826875771,-6.26095669656254,0.00247021341544206,"SRPRA","sp|P08240|SRPRA_HUMAN",-0.198495002578821,13.2512451940188,-1.49892269755475,0.160684066553647,0.728883053370811,-5.08866750168455,0.137342147059245,"P08240"
"3237",0.0060019154179094,16.1187243224517,0.0387104988500665,0.969762159074633,0.99432826875771,-6.26096317325509,0.00247021341544206,"TGBR3","sp|Q03167|TGBR3_HUMAN",-0.0796351146036,16.1615157784603,-0.476308332118893,0.642726112652784,0.940765473701383,-6.033262544869,0.0265186296779271,"Q03167"
"3238",-0.0118346543021121,16.3992538358293,-0.0378886931160856,0.970403757783695,0.994678836344683,-6.26099606798766,0.0023171223885249,"ICAM2","sp|P13598|ICAM2_HUMAN",-0.0332633151823303,16.5069259708932,-0.177263044888813,0.862368149421253,0.983382563387846,-6.13352965938976,0.00727749656607012,"P13598"
"3239",0.00571047947862695,23.0739018349159,0.0373191034854207,0.970848459517799,0.994827427335466,-6.26101845313412,0.00225224976293344,"HV323","sp|P01764|HV323_HUMAN",0.185814730427478,22.9000783094248,1.41842031253039,0.182447331406185,0.746661766876852,-5.19076609480323,0.126876086330135,"P01764"
"3240",-0.00617871309812122,15.07178246727,-0.0361822096879145,0.971736109109044,0.995429674732382,-6.2610621200361,0.00198941665566061,"COPG1","sp|Q9Y678|COPG1_HUMAN",-0.0219705725838221,15.3235909361591,-0.157841235999063,0.877304054448977,0.985955738831263,-6.13689882912891,0.00614258081213647,"Q9Y678"
"3241",-0.00643913128877394,12.6040318892427,-0.0348895966654089,0.972745387199002,0.995626012016465,-6.26111012725823,0.00190376541053169,"STRP2","sp|Q9ULQ0|STRP2_HUMAN",-0.415836342533019,12.7754365786826,-2.60257518738271,0.0237174613008105,0.539166123680754,-3.41557205518703,0.268277402749999,"Q9ULQ0"
"3242",-0.00664409223808334,17.2402463522841,-0.0346470768718923,0.97293475330112,0.995626012016465,-6.26111893985399,0.00190376541053169,"FCG3B","sp|O75015|FCG3B_HUMAN",0.0695641907699855,16.9618141235004,0.421670149273104,0.680996866004748,0.953955901060617,-6.0582688015903,0.0204717011540782,"O75015"
"3243",0.00526166730562362,20.0171713296639,0.0346317681288129,0.972946706845312,0.995626012016465,-6.26111949407535,0.00190376541053169,"HV64D","sp|A0A0J9YX35|HV64D_HUMAN",0.171910817846652,19.7940161724109,1.36205518104043,0.199118886139435,0.754702161522043,-5.25993742086451,0.122224406155744,"A0A0J9YX35"
"3244",0.00463203366621458,17.9073671297466,0.0343999942791679,0.973127683935346,0.995626012016465,-6.26112785504802,0.00190376541053169,"CADH6","sp|P55285|CADH6_HUMAN",-0.0330930015920364,17.8493008367247,-0.305247986365987,0.765600790910241,0.968090739314084,-6.10165932655544,0.0140839342861301,"P55285"
"3245",-0.00676234491365099,14.4680917749153,-0.0334912999061166,0.973837239120313,0.996044929627217,-6.26116009369456,0.00172107096477683,"AGAL","sp|P06280|AGAL_HUMAN",-0.281710891439045,14.5081785073559,-1.27776459492727,0.226383494279679,0.759377171347676,-5.35961888169552,0.119542462906989,"P06280"
"3246",0.00639542687899308,12.9854912124476,0.0325786164731924,0.974549932725714,0.996404565409648,-6.26119160534143,0.00156429124424688,"ATG7","sp|O95352|ATG7_HUMAN",0.176373821572413,13.086337564256,0.885963370581863,0.393685406848317,0.866783484471409,-5.7562622039975,0.0620893722383122,"O95352"
"3247",-0.00819361427612869,14.4166019391349,-0.0322721109291785,0.974789281074157,0.996404565409648,-6.26120199262231,0.00156429124424688,"MDN1","sp|Q9NU22|MDN1_HUMAN",0.394169413658369,14.2017539773011,1.03764942009492,0.320641099853273,0.820250808002062,-5.61660388205821,0.0860533331325101,"Q9NU22"
"3248",-0.0119431238261526,14.3070969725223,-0.0318699888347462,0.975103299703407,0.996418673557761,-6.26121547140465,0.00155814208785871,"PPME1","sp|Q9Y570|PPME1_HUMAN",-0.411313835844091,14.5713768587446,-1.9993601980361,0.0696192128098132,0.609740800734631,-4.38084854449,0.214854743241087,"Q9Y570"
"3249",0.00379835394422689,17.4892549693378,0.0303141990586083,0.976318262274954,0.996731939440544,-6.26126602857327,0.00142162491299562,"CD34","sp|P28906|CD34_HUMAN",0.0347171610748196,17.6251216072358,0.370402048587674,0.717777220699552,0.960820446915146,-6.07904811451031,0.0173577634237046,"P28906"
"3250",0.00554081247320954,14.8229086288533,0.030144581272086,0.976450725667867,0.996731939440544,-6.26127138758436,0.00142162491299562,"ATP5L","sp|O75964|ATP5L_HUMAN",0.0856688115969056,14.8552619230956,0.611357793554488,0.552789486276239,0.912613568562101,-5.95904350701761,0.0397130785089623,"O75964"
"3251",-0.00470172710404315,16.3111146151307,-0.0298417568621802,0.976687218896224,0.996731939440544,-6.26128088045691,0.00142162491299562,"6PGD","sp|P52209|6PGD_HUMAN",-0.0552714054751347,16.4772894462832,-0.326241155952272,0.750069222964923,0.965663208308992,-6.09484062000877,0.0151743148645484,"P52209"
"3252",0.0111192774822439,10.4430770739395,0.0282188788776242,0.977954657773508,0.996731939440544,-6.26133012115438,0.00142162491299562,"YI025","sp|Q8N1Y9|YI025_HUMAN",-0.329786199000341,10.4374125942869,-1.31256979828167,0.214777802846767,0.757046932651169,-5.31901878454975,0.120877195850511,"Q8N1Y9"
"3253",0.00395520798744445,16.2312644302145,0.0280409841795517,0.978093594263885,0.996731939440544,-6.2613353513771,0.00142162491299562,"MK14","sp|Q16539|MK14_HUMAN",-0.129341408024609,16.1686765313278,-1.11170147254209,0.288841529033491,0.804174755558491,-5.54184018013962,0.0946495642767864,"Q16539"
"3254",-0.00875942545781292,11.0648939564102,-0.0271191484007622,0.978813563721383,0.996731939440544,-6.26136192425042,0.00142162491299562,"PLPHP","sp|O94903|PLPHP_HUMAN",0.588854373486433,10.9407884480681,2.22801907041725,0.0465639194608932,0.589635363006715,-4.02529472176686,0.229416477831962,"O94903"
"3255",-0.00923357706889603,18.2716208600684,-0.0269601503374218,0.978937745910292,0.996731939440544,-6.26136641773922,0.00142162491299562,"ANXA3","sp|P12429|ANXA3_HUMAN",-0.0647595221510027,18.609622107491,-0.199500961478995,0.845335214290939,0.979774508889009,-6.12919529371275,0.00887386391301568,"P12429"
"3256",0.00410219620161851,23.6548192177333,0.026345643455171,0.979417699349271,0.996731939440544,-6.26138353612163,0.00142162491299562,"A0A0B4J2B5","tr|A0A0B4J2B5|A0A0B4J2B5_HUMAN",0.175206587092535,23.6216637061409,1.66590675296019,0.122560233503959,0.700133244405574,-4.86545423489363,0.154819300266761,"A0A0B4J2B5"
"3257",0.00514445192374099,13.0934248029962,0.0261508690304982,0.979569827410856,0.996731939440544,-6.26138887960857,0.00142162491299562,"ACSL1","sp|P33121|ACSL1_HUMAN",0.00318583330725185,13.1352858706849,0.0188427421659407,0.985287706615196,0.997313558705058,-6.14963001756286,0.00116827658714712,"P33121"
"3258",0.00683057658799928,11.7802097377046,0.0258115065673966,0.979834887589329,0.996731939440544,-6.26139809504051,0.00142162491299562,"PLXB3","sp|Q9ULL4|PLXB3_HUMAN",-0.0065433623507113,11.6422616778591,-0.0163772170605131,0.987212571900403,0.998342025026641,-6.14967508292874,0.000720646954589063,"Q9ULL4"
"3259",0.00429809878639226,18.4619902334489,0.0257377767503913,0.979892474841579,0.996731939440544,-6.26140008126845,0.00142162491299562,"IGF2","sp|P01344|IGF2_HUMAN",-0.0788178255700991,18.4544087626988,-0.377290014719747,0.712789761232518,0.960286193112719,-6.07640862780963,0.0175993153287129,"P01344"
"3260",0.00401965333015539,21.082410945177,0.025299402226335,0.980234873138373,0.996731939440544,-6.2614117734557,0.00142162491299562,"KV112","sp|A0A0C4DH73|KV112_HUMAN / sp|P01611|KVD12_HUMAN",0.0842688767448845,21.0356836753227,0.524290349398986,0.609977660538824,0.928468578954848,-6.00889812423655,0.032232788981201,"A0A0C4DH73"
"3261",0.00280783495067924,20.7329667971798,0.0252875652880187,0.980244118595064,0.996731939440544,-6.26141208638213,0.00142162491299562,"GANAB","sp|Q14697|GANAB_HUMAN",-0.0545908793825033,20.8362891291463,-0.611321762022967,0.552812525554324,0.912613568562101,-5.9590656234259,0.0397130785089623,"Q14697"
"3262",0.007955466666032,10.6848429514009,0.0251424258950754,0.980357482610098,0.996731939440544,-6.26141591144494,0.00142162491299562,"CY24A","sp|P13498|CY24A_HUMAN",0.372209424424429,10.6760431797178,0.848445836825663,0.413405167770469,0.871169366241389,-5.78787867084424,0.0598974044945152,"P13498"
"3263",-0.00279891186120797,19.156553803052,-0.0247106414431172,0.980694739101451,0.996731939440544,-6.26142716070106,0.00142162491299562,"CALU","sp|O43852|CALU_HUMAN",-0.200590289027092,19.2546056659696,-1.88318084169566,0.085058309601535,0.636087779974098,-4.55485891848512,0.196482947672635,"O43852"
"3264",0.00335391423908812,19.5413006548789,0.0246043297941972,0.980777777184548,0.996731939440544,-6.2614299005402,0.00142162491299562,"HLAA","sp|P04439|HLAA_HUMAN",-0.0739655539163786,19.5581524341711,-0.628787940739871,0.541707246672138,0.912613568562101,-5.94820220982193,0.0397130785089623,"P04439"
"3265",0.00368225972261172,12.4510494203723,0.0239798811418866,0.981265527316461,0.996731939440544,-6.26144575523854,0.00142162491299562,"DCTD","sp|P32321|DCTD_HUMAN",0.0714022333114922,12.2917577441947,0.293076082803054,0.774655757620826,0.971934782471684,-6.1054086485991,0.0123628755705539,"P32321"
"3266",0.00831796170582179,12.0173135236902,0.0231712858259115,0.981897124160563,0.996731939440544,-6.26146567990482,0.00142162491299562,"CIP4","sp|Q15642|CIP4_HUMAN",-0.0788036985574645,12.1697731658265,-0.387554006702535,0.705383614251848,0.957324731019672,-6.07238754601961,0.0189407216084595,"Q15642"
"3267",0.0057434796680914,13.7168321493973,0.023145951422967,0.981916913167599,0.996731939440544,-6.26146629313208,0.00142162491299562,"O11H4","sp|Q8NGC9|O11H4_HUMAN",-0.35980096046248,13.8869063693945,-2.09225740129374,0.0591921912328048,0.607868733149162,-4.23831398596431,0.216190194779748,"Q8NGC9"
"3268",0.00659309910845493,17.6697905050787,0.0228266829677997,0.98216629867371,0.996731939440544,-6.26147396363486,0.00142162491299562,"K2C3","sp|P12035|K2C3_HUMAN",-0.168656475423964,17.6015074334014,-1.14147157523424,0.27675676769114,0.792511383027922,-5.51062375761582,0.100994491191333,"P12035"
"3269",-0.00264024863054673,17.5980179768259,-0.0228265203273296,0.98216642571519,0.996731939440544,-6.26147396751519,0.00142162491299562,"PPM1F","sp|P49593|PPM1F_HUMAN",0.011930043174524,17.6755820707452,0.12541506586764,0.902348509123189,0.986613644973353,-6.14165695207886,0.00585288249271538,"P49593"
"3270",-0.00246486151332413,24.5376973056026,-0.0221236154906671,0.982715482411732,0.996731939440544,-6.26149047940735,0.00142162491299562,"SPRC","sp|P09486|SPRC_HUMAN",-0.100104131318152,24.6515055593895,-0.986641938552432,0.344009544819975,0.842302006615039,-5.66563492949044,0.0745321646880175,"P09486"
"3271",-0.00465330562508286,13.1056124484535,-0.0220544210504908,0.982769532439295,0.996731939440544,-6.26149207693199,0.00142162491299562,"KS6A1","sp|Q15418|KS6A1_HUMAN",-0.119289887422859,13.3488556030981,-0.500605566194544,0.626038392243569,0.933852325328721,-6.02120394353876,0.0297217954674678,"Q15418"
"3272",0.00347227009516534,16.1873925679454,0.0217467291181581,0.983009881693163,0.996731939440544,-6.26149912016236,0.00142162491299562,"FN3K","sp|Q9H479|FN3K_HUMAN",0.109780035303464,16.2172881397366,0.683631423687932,0.50767294745125,0.907359457507107,-5.91224957454356,0.0422206297143765,"Q9H479"
"3273",-0.0039767346033028,15.5786282057032,-0.021671010651187,0.98306902838391,0.996731939440544,-6.26150083822744,0.00142162491299562,"RASN","sp|P01111|RASN_HUMAN",-0.157902275268801,15.6864837479214,-1.32823632459451,0.209714665398359,0.757046932651169,-5.30048457203773,0.120877195850511,"P01111"
"3274",0.00239878880702223,16.2679226499092,0.0211543672040914,0.983472601812694,0.996731939440544,-6.26151240103224,0.00142162491299562,"NHRF1","sp|O14745|NHRF1_HUMAN",0.00983789036044799,16.3304511213851,0.079439011477006,0.93804133322961,0.988040648929326,-6.14654011397867,0.00522518775796543,"O14745"
"3275",0.0055687571285534,11.1170271106096,0.0210959185164632,0.983518259014095,0.996731939440544,-6.26151369158554,0.00142162491299562,"SC61B","sp|P60468|SC61B_HUMAN",0.0774194366649131,10.9914735940166,0.310295148947949,0.761856628074197,0.968056980052892,-6.1000606473684,0.01409907926779,"P60468"
"3276",-0.00430954269824851,14.4702103526048,-0.0203256938050873,0.984119925802821,0.997037250836253,-6.26153036469594,0.00128861547930432,"GNL1","sp|P36915|GNL1_HUMAN",-0.0852165653911398,14.4672040719549,-0.479621765594611,0.640438033105731,0.939874259186622,-6.03165195929322,0.0269302444791645,"P36915"
"3277",-0.00214714105178754,17.6192402423157,-0.0197397635884596,0.984577636427946,0.9971965747038,-6.26154263313256,0.00121922193500439,"NOTUM","sp|Q6P988|NOTUM_HUMAN",-0.0967840319628932,17.5356364033104,-0.729172236388792,0.480402498123674,0.899237641029829,-5.8803017709987,0.0461255223383996,"Q6P988"
"3278",0.00372878197996485,12.790715925808,0.0192479717614975,0.984961813480968,0.997281348060809,-6.26155265349302,0.00118230340032084,"HTAI2","sp|Q9BUP3|HTAI2_HUMAN",-0.370323493504887,12.9720575847007,-1.7573084950941,0.105273762185946,0.672549858855041,-4.73735072274143,0.172275514116677,"Q9BUP3"
"3279",0.00243776784125794,20.3964526766792,0.0187366869623675,0.985361222196582,0.997284944869283,-6.2615628030215,0.00118073707076024,"FA8","sp|P00451|FA8_HUMAN",-0.0479730347347099,20.2794744204697,-0.444997511968455,0.664535097287346,0.94692159707377,-6.04795162273316,0.023685978090514,"P00451"
"3280",0.00409368323886745,19.343305548059,0.0184741412699487,0.985566320931379,0.997284944869283,-6.26156790865388,0.00118073707076024,"CAVN2","sp|O95810|CAVN2_HUMAN",-0.0268979752498903,19.331583997698,-0.182403538690894,0.858424035453453,0.982790401403936,-6.13257291778584,0.00753909378501886,"O95810"
"3281",0.0029275194190175,13.4158563720635,0.0174685428398717,0.986351896757683,0.99777566148697,-6.26158679775391,0.000967093913395889,"ECHD2","sp|Q86YB7|ECHD2_HUMAN",0.069348831228921,13.3476821764499,0.382881718506253,0.708751109595594,0.959749054568656,-6.07423102159337,0.0178423070259448,"Q86YB7"
"3282",-0.00170400272523521,23.4220951654935,-0.0166377474035505,0.987000927400761,0.997790287622796,-6.26160160608025,0.000960727749367563,"BIP","sp|P11021|BIP_HUMAN",-0.0582572281583352,23.620455731041,-0.605155873373272,0.556762969088374,0.913137076706219,-5.96283233702089,0.0394640229163576,"P11021"
"3283",0.00368508123678886,12.4288023010399,0.0163812924566782,0.987201276081499,0.997790287622796,-6.2616060314912,0.000960727749367563,"EWS","sp|Q01844|EWS_HUMAN",-0.0423138966362957,12.4092491626116,-0.143589152178151,0.888296262882362,0.986191942633613,-6.1391238295122,0.00603855005478495,"Q01844"
"3284",0.00150870416063048,19.6564096773262,0.0158602171419657,0.987608355258124,0.997790287622796,-6.26161481148946,0.000960727749367563,"HSP76","sp|P17066|HSP76_HUMAN",-0.0726535669230298,19.8463149353664,-0.817978133096488,0.429899745570677,0.872187078027514,-5.81266978288572,0.0593903519470659,"P17066"
"3285",0.00269559914714037,20.8376325503234,0.0155898513564126,0.987819574310193,0.997790287622796,-6.26161925526758,0.000960727749367563,"CO2","sp|P06681|CO2_HUMAN",0.0144970607272371,20.6292027866163,0.091703646281406,0.928502639551089,0.9867756198111,-6.14545148190189,0.00578158912991695,"P06681"
"3286",0.002365624981068,15.1364733249397,0.0153356431539743,0.988018171383019,0.997790287622796,-6.26162336378906,0.000960727749367563,"RGS18","sp|Q9NS28|RGS18_HUMAN",0.177835927580227,15.1619097967465,1.2999727421934,0.2189209983467,0.757046932651169,-5.33380553290054,0.120877195850511,"Q9NS28"
"3287",0.00292933006520646,11.0304480893904,0.0146471730223043,0.988556034491625,0.997790287622796,-6.26163415170148,0.000960727749367563,"NEMO","sp|Q9Y6K9|NEMO_HUMAN",-0.233496002426598,11.0820106187575,-0.948501609407585,0.362272291609475,0.850954166069728,-5.70094291199024,0.070093831171655,"Q9Y6K9"
"3288",-0.0060609133092575,10.2686719055259,-0.0142213857309032,0.988888681186634,0.997790287622796,-6.26164057559458,0.000960727749367563,"EI2BE","sp|Q13144|EI2BE_HUMAN",0.258981044347758,9.55561057679985,0.602521623834481,0.559535919119559,0.914734232457629,-5.91404458102366,0.0387050678382534,"Q13144"
"3289",-0.00398552049712616,18.0676419228686,-0.0136497647676001,0.989335263987042,0.997790287622796,-6.26164890174178,0.000960727749367563,"COEA1","sp|Q05707|COEA1_HUMAN",0.0485601813389532,18.0963891749971,0.346977735176678,0.734839471021879,0.964602283830354,-6.08766891556584,0.0156517141602005,"Q05707"
"3290",-0.00215388442183173,14.893921754631,-0.0134813782929891,0.989466817803147,0.997790287622796,-6.26165128931513,0.000960727749367563,"K0513","sp|O60268|K0513_HUMAN",0.181869342968092,14.542141520793,1.22413628477068,0.24525190329898,0.772206478342405,-5.4205829802579,0.112266559230286,"O60268"
"3291",0.00138396954732091,27.6733697727451,0.0132356084779919,0.989658828799089,0.997790287622796,-6.261654720923,0.000960727749367563,"FA10","sp|P00742|FA10_HUMAN",-0.131144073092675,27.69973037107,-1.3091305622178,0.215902572418254,0.757046932651169,-5.32306616874615,0.120877195850511,"P00742"
"3292",0.0018092637614858,15.7112870824717,0.0130376834206744,0.989813460922958,0.997790287622796,-6.26165743859557,0.000960727749367563,"IL1AP","sp|Q9NPH3|IL1AP_HUMAN",0.207554085732166,15.7559136753806,1.64540617383982,0.126767237303132,0.702819239782118,-4.89363666216035,0.153156358137419,"Q9NPH3"
"3293",0.00160378808642247,18.8067077625225,0.0128323096018214,0.989973912968324,0.997790287622796,-6.26166021526033,0.000960727749367563,"PCYOX","sp|Q9UHG3|PCYOX_HUMAN",0.0980701568660227,18.6955892652482,0.957633414848912,0.357838014499125,0.848256894707053,-5.69259626340364,0.0714726016845444,"Q9UHG3"
"3294",0.00552114903237976,11.1117882454804,0.0121480572660402,0.990508500863922,0.997946203671128,-6.26166914826542,0.000892869612921205,"CASP6","sp|P55212|CASP6_HUMAN",-0.513563703239961,10.8276903674095,-0.974774784607944,0.34961932538944,0.844428376563205,-5.67674640152102,0.0734371808857621,"P55212"
"3295",-0.00571681934578744,9.95176627559571,-0.0115179654519209,0.991000778870748,0.997946203671128,-6.26167694140042,0.000892869612921205,"CUL5","sp|Q93034|CUL5_HUMAN",-0.355258294375816,10.3520745174807,-1.07117270725741,0.305935757829579,0.811757526274504,-5.58327547001492,0.0905736760874445,"Q93034"
"3296",0.00435692386058344,13.105513264426,0.0108389168937136,0.991531310122115,0.997946203671128,-6.2616848754649,0.000892869612921205,"NDUA5","sp|Q16718|NDUA5_HUMAN",-0.569258932170161,13.191522209665,-2.49277320141568,0.028945622059319,0.561815904180584,-3.5969988493499,0.250405970723439,"Q16718"
"3297",-0.00495031313554381,16.8950646934331,-0.0105554797674836,0.991752756897853,0.997946203671128,-6.26168804460058,0.000892869612921205,"MINK1","sp|Q8N4C8|MINK1_HUMAN",-0.466775269758798,16.423756035173,-0.87470461495886,0.399534420288915,0.867111174600625,-5.76587522023768,0.0619252169179849,"Q8N4C8"
"3298",0.0012742984577781,18.8379752932728,0.0104911098436667,0.991803048618036,0.997946203671128,-6.26168875262612,0.000892869612921205,"HLAH","sp|P01893|HLAH_HUMAN",-0.0734420272333499,18.8372339817961,-0.605101113528183,0.556798123164643,0.913137076706219,-5.96286562953602,0.0394640229163576,"P01893"
"3299",-0.00133138928728095,21.3682241385342,-0.00977644756531874,0.99236141111258,0.997946203671128,-6.26169632246723,0.000892869612921205,"CO8B","sp|P07358|CO8B_HUMAN",0.0139427789801396,21.4292791994462,0.117503879331267,0.908476617101918,0.986613644973353,-6.1426530015931,0.00585288249271538,"P07358"
"3300",-0.00120162424559383,18.5889419271501,-0.00943820741352567,0.992625678148564,0.997946203671128,-6.26169971905343,0.000892869612921205,"PIEZ2","sp|Q9H5I5|PIEZ2_HUMAN",0.000929166521049723,18.8891998454464,0.00844139032230045,0.993408677367132,0.999128303085306,-6.14977729913909,0.000378738256421108,"Q9H5I5"
"3301",0.00169041248039889,13.4537605308346,0.0093855065534863,0.99266685341452,0.997946203671128,-6.26170023750482,0.000892869612921205,"SNX3","sp|O60493|SNX3_HUMAN",-0.104426930944563,13.5443406298243,-0.75238020069372,0.466859554956648,0.891884320053894,-5.86330149418765,0.0496914712070623,"O60493"
"3302",0.0017857138340493,13.3063179867204,0.009170679244669,0.992834698560429,0.997946203671128,-6.26170232086004,0.000892869612921205,"KLH21","sp|Q9UJP4|KLH21_HUMAN",-0.153381975560462,13.2863953832558,-0.687626925164798,0.505243956579002,0.906096656967774,-5.90952211817393,0.0428254719162299,"Q9UJP4"
"3303",-0.00113898503794913,20.3312228650194,-0.00863668047698951,0.993251914748056,0.998063307613926,-6.26170729050274,0.000841910340495722,"DERM","sp|Q07507|DERM_HUMAN",-0.13014424761387,20.5206613841738,-1.27654295324566,0.226799900266331,0.759377171347676,-5.36102931355146,0.119542462906989,"Q07507"
"3304",-0.00116578499011959,17.4138333239861,-0.00785078383543283,0.993865943892919,0.998247612406922,-6.26171406231803,0.000761719871154185,"SELPL","sp|Q14242|SELPL_HUMAN",-0.050516268828127,17.4494161909824,-0.480263160891149,0.63999556640451,0.939874259186622,-6.03133895410133,0.0269302444791645,"Q14242"
"3305",-0.00100754063136514,14.9076023428386,-0.00758288403174344,0.994075257729431,0.998247612406922,-6.26171622318321,0.000761719871154185,"GLT10","sp|Q86SR1|GLT10_HUMAN",-0.027918837149457,15.1731686174084,-0.257378864085749,0.801408183427038,0.973599473204371,-6.11553699720365,0.0116196697661764,"Q86SR1"
"3306",-0.000870870025317199,24.6479028927059,-0.00724707093916082,0.994337633810571,0.998247612406922,-6.26171882588106,0.000761719871154185,"HV307","sp|P01780|HV307_HUMAN",-0.00490209880427022,24.5586273786023,-0.0378162926163852,0.97047902511212,0.992339678919344,-6.149072139074,0.0033396429373873,"P01780"
"3307",-0.00177500369876343,10.7351488424834,-0.0065271578665975,0.99490011557288,0.998510276258357,-6.26172400831687,0.000647461189539235,"NQO2","sp|P16083|NQO2_HUMAN",-0.231490673694166,10.5168078418772,-0.464944422732189,0.650602552862848,0.941197234759129,-6.03870481876159,0.0263193574528965,"P16083"
"3308",-0.000916822293491721,15.4153173433207,-0.00568576406809381,0.995557516142862,0.998725345291726,-6.26172937870713,0.000553928615041331,"LMAN1","sp|P49257|LMAN1_HUMAN",-0.026024487162555,15.4493730866602,-0.168737421120543,0.868918087132274,0.984019329631185,-6.13505647451345,0.00699637040025486,"P49257"
"3309",-0.000859726856603465,20.564312775815,-0.00548262998803798,0.995716230060356,0.998725345291726,-6.26173056436863,0.000553928615041331,"LV327","sp|P01718|LV327_HUMAN",0.0799028691118241,20.1571519250926,0.539328306219915,0.599889101083297,0.924268458929614,-6.00080411465937,0.0342018672020061,"P01718"
"3310",-0.000874271700384644,14.4327369796122,-0.00472498423261348,0.996308199943488,0.999017195049075,-6.26173460619663,0.000427036648230045,"FKBP9","sp|O95302|FKBP9_HUMAN",0.00394246600492977,14.6738428888327,0.0243985784909981,0.980950573539192,0.995345445911519,-6.14950534048891,0.00202616627319453,"O95302"
"3311",-0.00044516291814016,29.3738545040283,-0.00381499372664172,0.997019204057608,0.999256613121625,-6.26173866764829,0.00032296887949008,"APOA1","sp|P02647|APOA1_HUMAN",0.0722669122474239,29.320953318728,0.647484318514525,0.529960996878091,0.912613568562101,-5.93625835051234,0.0397130785089623,"P02647"
"3312",0.000893561930032171,15.7580948318907,0.00364872929474378,0.997149111979157,0.999256613121625,-6.26173931619717,0.00032296887949008,"UBS3B","sp|Q8TF42|UBS3B_HUMAN",0.0326267790268367,15.9332868301409,0.198327679694573,0.846231915415656,0.979774508889009,-6.12943667617438,0.00887386391301568,"Q8TF42"
"3313",0.000455005715858981,13.7540968699171,0.00322414397122815,0.997480854969476,0.999268584735228,-6.2617408412723,0.000317765837033771,"STXB5","sp|Q5T5C0|STXB5_HUMAN",-0.334174129940075,13.6559532753091,-2.45364365767928,0.031067759432793,0.564461874265568,-3.66118574407883,0.248365386520688,"Q5T5C0"
"3314",-0.000353280204510913,16.7818087068432,-0.00271538715679386,0.997878364658286,0.999268584735228,-6.26174242052069,0.000317765837033771,"AGRG2","sp|Q8IZP9|AGRG2_HUMAN",0.036106466332993,16.7766913262036,0.340402154584419,0.739656409990417,0.965162287770973,-6.08998992262333,0.0153996558193429,"Q8IZP9"
"3315",0.000229284253403819,20.7136764140389,0.002292288614597,0.99820894696822,0.999268584735228,-6.26174352782213,0.000317765837033771,"CSPG2","sp|P13611|CSPG2_HUMAN",-0.0961515588914942,20.6213567521594,-0.972755569351066,0.350580359845916,0.844428376563205,-5.67862578960766,0.0734371808857621,"P13611"
"3316",-0.000202158340624784,19.0105866126744,-0.00209210334604246,0.998365359138902,0.999268584735228,-6.26174398652312,0.000317765837033771,"ANGP1","sp|Q15389|ANGP1_HUMAN",-0.23564557602578,19.1298762474593,-2.3153098152717,0.0398461038217626,0.574673817068442,-3.88575993964481,0.240578589471024,"Q15389"
"3317",-0.000178333171200941,16.6573551968924,-0.00152028621005139,0.998812141430984,0.999414379683279,-6.26174506606624,0.000254406172026968,"DREB","sp|Q16643|DREB_HUMAN",0.0688451221427681,16.5736793363936,0.500726345949435,0.625955968504619,0.933852325328721,-6.02114256772681,0.0297217954674678,"Q16643"
"3318",9.71693540410586e-05,15.8066802942589,0.000756192696245784,0.999409157137396,0.999480577117402,-6.26174597513862,0.000225641098335936,"GRP2","sp|Q7LDG7|GRP2_HUMAN",0.195680424377988,15.772705414979,1.63562672502832,0.128818617707774,0.704650809113335,-4.9070069020009,0.152026045057714,"Q7LDG7"
"3319",-9.1172697532634e-05,18.7388496750786,-0.000664785522051726,0.999480577117402,0.999480577117402,-6.26174604302084,0.000225641098335936,"CAN1","sp|P07384|CAN1_HUMAN",-0.0753741992432444,18.9918220012649,-0.741060728617984,0.473434831285727,0.894435501170711,-5.87165344851318,0.0484509714695499,"P07384"
